Info: [VCS_SAVE_RESTORE_INFO] ASLR (Address Space Layout Randomization) is detected on the machine. To enable $save functionality, ASLR will be switched off and simv re-executed.
Please use '-no_save' simv switch to avoid re-execution or '-suppress=ASLR_DETECTED_INFO' to suppress this message.
Chronologic VCS simulator copyright 1991-2025
Contains Synopsys proprietary information.
Compiler version X-2025.06-SP2_Full64; Runtime version X-2025.06-SP2_Full64;  May 21 19:04 2026
FP_TRACE PC: 80000040 | Instr: 0001aa87 | rs1: 0000000000000000 | rs2: 0000000000000000 | rs3: 0000000000000000 | alu_res: ffffffff7fc00000 | fflags: 00000
FP_TRACE PC: 80000048 | Instr: 0001af87 | rs1: 0000000000000000 | rs2: 0000000000000000 | rs3: 0000000000000000 | alu_res: ffffffff7fc00000 | fflags: 00000
FP_TRACE PC: 80000050 | Instr: 0001a707 | rs1: 0000000000000000 | rs2: 0000000000000000 | rs3: 0000000000000000 | alu_res: ffffffff7fc00000 | fflags: 00000
FP_TRACE PC: 8000005c | Instr: 71fabb43 | rs1: ffffffffbfc00000 | rs2: ffffffff5a11d9b7 | rs3: ffffffffffffffff | alu_res: ffffffff7fc00000 | fflags: 00000
FP_TRACE PC: 80000080 | Instr: 0162a027 | rs1: 0000000000000000 | rs2: ffffffff7fc00000 | rs3: 0000000000000000 | alu_res: ffffffff7fc00000 | fflags: 00000
FP_TRACE PC: 800000bc | Instr: 0001a487 | rs1: 0000000000000000 | rs2: 0000000000000000 | rs3: 0000000000000000 | alu_res: ffffffff7fc00000 | fflags: 00000
FP_TRACE PC: 800000c4 | Instr: 0001a087 | rs1: 0000000000000000 | rs2: 0000000000000000 | rs3: 0000000000000000 | alu_res: ffffffff7fc00000 | fflags: 00000
FP_TRACE PC: 800000cc | Instr: 0001af07 | rs1: 0000000000000000 | rs2: 0000000000000000 | rs3: 0000000000000000 | alu_res: ffffffff7fc00000 | fflags: 00000
FP_TRACE PC: 800000dc | Instr: f014f8c3 | rs1: ffffffffbfc00000 | rs2: ffffffffadf15108 | rs3: ffffffff7f800001 | alu_res: ffffffff7fc00000 | fflags: 10000
FP_TRACE PC: 80000100 | Instr: 0112a027 | rs1: 0000000000000000 | rs2: ffffffff7fc00000 | rs3: 0000000000000000 | alu_res: ffffffff7fc00000 | fflags: 00000
FP_TRACE PC: 80000140 | Instr: 0001af87 | rs1: 0000000000000000 | rs2: 0000000000000000 | rs3: 0000000000000000 | alu_res: ffffffff7fc00000 | fflags: 00000
FP_TRACE PC: 80000148 | Instr: 0001aa87 | rs1: 0000000000000000 | rs2: 0000000000000000 | rs3: 0000000000000000 | alu_res: ffffffff7fc00000 | fflags: 00000
FP_TRACE PC: 80000150 | Instr: 0001ab07 | rs1: 0000000000000000 | rs2: 0000000000000000 | rs3: 0000000000000000 | alu_res: ffffffff7fc00000 | fflags: 00000
FP_TRACE PC: 8000015c | Instr: b15fa843 | rs1: ffffffffbfc00000 | rs2: ffffffff0a2afd05 | rs3: ffffffff7f800001 | alu_res: ffffffff7fc00000 | fflags: 10000
FP_TRACE PC: 80000180 | Instr: 0102a027 | rs1: 0000000000000000 | rs2: ffffffff7fc00000 | rs3: 0000000000000000 | alu_res: ffffffff7fc00000 | fflags: 00000
FP_TRACE PC: 800001bc | Instr: 0001a787 | rs1: 0000000000000000 | rs2: 0000000000000000 | rs3: 0000000000000000 | alu_res: ffffffff7fc00000 | fflags: 00000
FP_TRACE PC: 800001c4 | Instr: 0001a287 | rs1: 0000000000000000 | rs2: 0000000000000000 | rs3: 0000000000000000 | alu_res: ffffffff7fc00000 | fflags: 00000
FP_TRACE PC: 800001cc | Instr: 0001a587 | rs1: 0000000000000000 | rs2: 0000000000000000 | rs3: 0000000000000000 | alu_res: ffffffff7fc00000 | fflags: 00000
FP_TRACE PC: 800001d8 | Instr: 5857cec3 | rs1: ffffffffbfc00000 | rs2: ffffffff3d8b5569 | rs3: ffffffff7f800001 | alu_res: ffffffff7fc00000 | fflags: 10000
FP_TRACE PC: 80000200 | Instr: 01d2a027 | rs1: ffffffff3d8b5569 | rs2: ffffffff7fc00000 | rs3: 0000000000000000 | alu_res: ffffffff7fc00000 | fflags: 00000
FP_TRACE PC: 8000023c | Instr: 0001a387 | rs1: 0000000000000000 | rs2: 0000000000000000 | rs3: 0000000000000000 | alu_res: ffffffff7fc00000 | fflags: 00000
FP_TRACE PC: 80000244 | Instr: 0001a507 | rs1: 0000000000000000 | rs2: 0000000000000000 | rs3: 0000000000000000 | alu_res: ffffffff7fc00000 | fflags: 00000
FP_TRACE PC: 8000024c | Instr: 0001a607 | rs1: 0000000000000000 | rs2: 0000000000000000 | rs3: 0000000000000000 | alu_res: ffffffff7fc00000 | fflags: 00000
FP_TRACE PC: 80000258 | Instr: 60a38f43 | rs1: ffffffffbfc00000 | rs2: ffffffff74b7db39 | rs3: ffffffff7f800001 | alu_res: ffffffff7fc00000 | fflags: 10000
FP_TRACE PC: 80000280 | Instr: 01e2a027 | rs1: ffffffff3d8b5569 | rs2: ffffffff7fc00000 | rs3: 0000000000000000 | alu_res: ffffffff7fc00000 | fflags: 00000
FP_TRACE PC: 800002bc | Instr: 0001a787 | rs1: 0000000000000000 | rs2: 0000000000000000 | rs3: 0000000000000000 | alu_res: ffffffff7fc00000 | fflags: 00000
FP_TRACE PC: 800002c4 | Instr: 0001a807 | rs1: 0000000000000000 | rs2: 0000000000000000 | rs3: 0000000000000000 | alu_res: ffffffff7fc00000 | fflags: 00000
FP_TRACE PC: 800002cc | Instr: 0001ac87 | rs1: 0000000000000000 | rs2: 0000000000000000 | rs3: 0000000000000000 | alu_res: ffffffff7fc00000 | fflags: 00000
FP_TRACE PC: 800002d8 | Instr: c9079543 | rs1: ffffffffbfc00000 | rs2: fffffffffadea0b6 | rs3: ffffffff7f800001 | alu_res: ffffffff7fc00000 | fflags: 10000
FP_TRACE PC: 80000300 | Instr: 00a2a027 | rs1: ffffffff3d8b5569 | rs2: ffffffff7fc00000 | rs3: 0000000000000000 | alu_res: ffffffff7fc00000 | fflags: 00000
FP_TRACE PC: 8000033c | Instr: 0001a507 | rs1: 0000000000000000 | rs2: 0000000000000000 | rs3: 0000000000000000 | alu_res: ffffffff7fc00000 | fflags: 00000
FP_TRACE PC: 80000344 | Instr: 0001a787 | rs1: 0000000000000000 | rs2: 0000000000000000 | rs3: 0000000000000000 | alu_res: ffffffff7fc00000 | fflags: 00000
FP_TRACE PC: 8000034c | Instr: 0001ae07 | rs1: 0000000000000000 | rs2: 0000000000000000 | rs3: 0000000000000000 | alu_res: ffffffff7fc00000 | fflags: 00000
FP_TRACE PC: 80000358 | Instr: e0f53ec3 | rs1: ffffffffbfc00000 | rs2: ffffffff6da2e224 | rs3: ffffffff7f800001 | alu_res: ffffffff7fc00000 | fflags: 10000
FP_TRACE PC: 80000380 | Instr: 01d2a027 | rs1: ffffffff3d8b5569 | rs2: ffffffff7fc00000 | rs3: 0000000000000000 | alu_res: ffffffff7fc00000 | fflags: 00000
FP_TRACE PC: 800003bc | Instr: 0001ae07 | rs1: 0000000000000000 | rs2: 0000000000000000 | rs3: 0000000000000000 | alu_res: ffffffff7fc00000 | fflags: 00000
FP_TRACE PC: 800003c4 | Instr: 0001a507 | rs1: 0000000000000000 | rs2: 0000000000000000 | rs3: 0000000000000000 | alu_res: ffffffff7fc00000 | fflags: 00000
FP_TRACE PC: 800003cc | Instr: 0001ac07 | rs1: 0000000000000000 | rs2: 0000000000000000 | rs3: 0000000000000000 | alu_res: ffffffff7fc00000 | fflags: 00000
FP_TRACE PC: 800003dc | Instr: c0ae7343 | rs1: ffffffffbfc00000 | rs2: ffffffff464ff164 | rs3: ffffffff7fbfffff | alu_res: ffffffff7fc00000 | fflags: 10000
FP_TRACE PC: 80000400 | Instr: 0062a027 | rs1: ffffffff3d8b5569 | rs2: ffffffff7fc00000 | rs3: 0000000000000000 | alu_res: ffffffff7fc00000 | fflags: 00000
FP_TRACE PC: 80000440 | Instr: 0001a407 | rs1: 0000000000000000 | rs2: 0000000000000000 | rs3: 0000000000000000 | alu_res: ffffffff7fc00000 | fflags: 00000
FP_TRACE PC: 80000448 | Instr: 0001a687 | rs1: 0000000000000000 | rs2: 0000000000000000 | rs3: 0000000000000000 | alu_res: ffffffff7fc00000 | fflags: 00000
FP_TRACE PC: 80000450 | Instr: 0001a287 | rs1: 0000000000000000 | rs2: 0000000000000000 | rs3: 0000000000000000 | alu_res: ffffffff7fc00000 | fflags: 00000
FP_TRACE PC: 8000045c | Instr: 28d42ac3 | rs1: ffffffffbfc00000 | rs2: ffffffff636f3c51 | rs3: ffffffff7fbfffff | alu_res: ffffffff7fc00000 | fflags: 10000
FP_TRACE PC: 80000480 | Instr: 0152a027 | rs1: ffffffff7fbfffff | rs2: ffffffff7fc00000 | rs3: 0000000000000000 | alu_res: ffffffff7fc00000 | fflags: 10000
FP_TRACE PC: 800004bc | Instr: 0001ab07 | rs1: 0000000000000000 | rs2: 0000000000000000 | rs3: 0000000000000000 | alu_res: ffffffff7fc00000 | fflags: 00000
FP_TRACE PC: 800004c4 | Instr: 0001a707 | rs1: 0000000000000000 | rs2: 0000000000000000 | rs3: 0000000000000000 | alu_res: ffffffff7fc00000 | fflags: 00000
FP_TRACE PC: 800004cc | Instr: 0001a607 | rs1: 0000000000000000 | rs2: 0000000000000000 | rs3: 0000000000000000 | alu_res: ffffffff7fc00000 | fflags: 00000
FP_TRACE PC: 800004d8 | Instr: 60eb48c3 | rs1: ffffffffbfc00000 | rs2: ffffffff57b88fa6 | rs3: ffffffff7fbfffff | alu_res: ffffffff7fc00000 | fflags: 10000
FP_TRACE PC: 80000500 | Instr: 0112a027 | rs1: ffffffff7fbfffff | rs2: ffffffff7fc00000 | rs3: 0000000000000000 | alu_res: ffffffff7fc00000 | fflags: 10000
FP_TRACE PC: 8000053c | Instr: 0001ad87 | rs1: 0000000000000000 | rs2: 0000000000000000 | rs3: 0000000000000000 | alu_res: ffffffff7fc00000 | fflags: 00000
FP_TRACE PC: 80000544 | Instr: 0001a887 | rs1: 0000000000000000 | rs2: 0000000000000000 | rs3: 0000000000000000 | alu_res: ffffffff7fc00000 | fflags: 00000
FP_TRACE PC: 8000054c | Instr: 0001a487 | rs1: 0000000000000000 | rs2: 0000000000000000 | rs3: 0000000000000000 | alu_res: ffffffff7fc00000 | fflags: 00000
FP_TRACE PC: 80000558 | Instr: 491d8a43 | rs1: ffffffffbfc00000 | rs2: ffffffff38766cc9 | rs3: ffffffff7fbfffff | alu_res: ffffffff7fc00000 | fflags: 10000
FP_TRACE PC: 80000580 | Instr: 0142a027 | rs1: ffffffff7fbfffff | rs2: ffffffff7fc00000 | rs3: 0000000000000000 | alu_res: ffffffff7fc00000 | fflags: 10000
FP_TRACE PC: 800005bc | Instr: 0001a387 | rs1: 0000000000000000 | rs2: 0000000000000000 | rs3: 0000000000000000 | alu_res: ffffffff7fc00000 | fflags: 00000
FP_TRACE PC: 800005c4 | Instr: 0001a187 | rs1: 0000000000000000 | rs2: 0000000000000000 | rs3: 0000000000000000 | alu_res: ffffffff7fc00000 | fflags: 00000
FP_TRACE PC: 800005cc | Instr: 0001a607 | rs1: ffffffff7a40fc8d | rs2: 0000000000000000 | rs3: 0000000000000000 | alu_res: ffffffff7fc00000 | fflags: 00000
FP_TRACE PC: 800005d8 | Instr: 60339143 | rs1: ffffffffbfc00000 | rs2: ffffffff7a40fc8d | rs3: ffffffff7fbfffff | alu_res: ffffffff7fc00000 | fflags: 10000
FP_TRACE PC: 80000600 | Instr: 0022a027 | rs1: ffffffff7fbfffff | rs2: ffffffff7fc00000 | rs3: 0000000000000000 | alu_res: ffffffff7fc00000 | fflags: 10000
FP_TRACE PC: 8000063c | Instr: 0001a987 | rs1: ffffffff7a40fc8d | rs2: 0000000000000000 | rs3: 0000000000000000 | alu_res: ffffffff7fc00000 | fflags: 00000
FP_TRACE PC: 80000644 | Instr: 0001a687 | rs1: ffffffff7a40fc8d | rs2: 0000000000000000 | rs3: 0000000000000000 | alu_res: ffffffff7fc00000 | fflags: 00000
FP_TRACE PC: 8000064c | Instr: 0001a707 | rs1: ffffffff7a40fc8d | rs2: 0000000000000000 | rs3: 0000000000000000 | alu_res: ffffffff7fc00000 | fflags: 00000
FP_TRACE PC: 80000658 | Instr: 70d9bbc3 | rs1: ffffffffbfc00000 | rs2: ffffffffa999c8bd | rs3: ffffffff7fbfffff | alu_res: ffffffff7fc00000 | fflags: 10000
FP_TRACE PC: 80000680 | Instr: 0172a027 | rs1: ffffffff7fbfffff | rs2: ffffffff7fc00000 | rs3: 0000000000000000 | alu_res: ffffffff7fc00000 | fflags: 10000
FP_TRACE PC: 800006bc | Instr: 0001a607 | rs1: ffffffff7a40fc8d | rs2: 0000000000000000 | rs3: 0000000000000000 | alu_res: ffffffff7fc00000 | fflags: 00000
FP_TRACE PC: 800006c4 | Instr: 0001af87 | rs1: ffffffff7a40fc8d | rs2: 0000000000000000 | rs3: 0000000000000000 | alu_res: ffffffff7fc00000 | fflags: 00000
FP_TRACE PC: 800006cc | Instr: 0001ac87 | rs1: ffffffff7a40fc8d | rs2: 0000000000000000 | rs3: 0000000000000000 | alu_res: ffffffff7fc00000 | fflags: 00000
FP_TRACE PC: 800006dc | Instr: c9f679c3 | rs1: ffffffffbfc00000 | rs2: ffffffff47cfbcb7 | rs3: ffffffffffbfffff | alu_res: ffffffff7fc00000 | fflags: 10000
FP_TRACE PC: 80000700 | Instr: 0132a027 | rs1: ffffffff7fbfffff | rs2: ffffffff7fc00000 | rs3: 0000000000000000 | alu_res: ffffffff7fc00000 | fflags: 10000
FP_TRACE PC: 80000740 | Instr: 0001a107 | rs1: ffffffff7a40fc8d | rs2: 0000000000000000 | rs3: 0000000000000000 | alu_res: ffffffff7fc00000 | fflags: 00000
FP_TRACE PC: 80000748 | Instr: 0001a987 | rs1: ffffffff7a40fc8d | rs2: 0000000000000000 | rs3: 0000000000000000 | alu_res: ffffffff7fc00000 | fflags: 00000
FP_TRACE PC: 80000750 | Instr: 0001ac07 | rs1: ffffffff7a40fc8d | rs2: 0000000000000000 | rs3: 0000000000000000 | alu_res: ffffffff7fc00000 | fflags: 00000
FP_TRACE PC: 8000075c | Instr: c1312ac3 | rs1: ffffffffbfc00000 | rs2: ffffffff11f7bdf3 | rs3: ffffffffffbfffff | alu_res: ffffffff7fc00000 | fflags: 10000
FP_TRACE PC: 80000780 | Instr: 0152a027 | rs1: ffffffff7fbfffff | rs2: ffffffff7fc00000 | rs3: 0000000000000000 | alu_res: ffffffff7fc00000 | fflags: 10000
FP_TRACE PC: 800007bc | Instr: 0001ac87 | rs1: ffffffff7a40fc8d | rs2: 0000000000000000 | rs3: 0000000000000000 | alu_res: ffffffff7fc00000 | fflags: 00000
FP_TRACE PC: 800007c4 | Instr: 0001aa87 | rs1: ffffffff7a40fc8d | rs2: 0000000000000000 | rs3: 0000000000000000 | alu_res: ffffffff7fc00000 | fflags: 00000
FP_TRACE PC: 800007cc | Instr: 0001a407 | rs1: ffffffff7a40fc8d | rs2: 0000000000000000 | rs3: 0000000000000000 | alu_res: ffffffff7fc00000 | fflags: 00000
FP_TRACE PC: 800007d8 | Instr: 415cc9c3 | rs1: ffffffffbfc00000 | rs2: ffffffffd4de8e57 | rs3: ffffffffffbfffff | alu_res: ffffffff7fc00000 | fflags: 10000
FP_TRACE PC: 80000800 | Instr: 0132a027 | rs1: ffffffff7fbfffff | rs2: ffffffff7fc00000 | rs3: 0000000000000000 | alu_res: ffffffff7fc00000 | fflags: 10000
FP_TRACE PC: 8000083c | Instr: 0001a707 | rs1: ffffffff7a40fc8d | rs2: 0000000000000000 | rs3: 0000000000000000 | alu_res: ffffffff7fc00000 | fflags: 00000
FP_TRACE PC: 80000844 | Instr: 0001a187 | rs1: ffffffff7a40fc8d | rs2: 0000000000000000 | rs3: 0000000000000000 | alu_res: ffffffff7fc00000 | fflags: 00000
FP_TRACE PC: 8000084c | Instr: 0001aa87 | rs1: ffffffffa82f25e1 | rs2: 0000000000000000 | rs3: 0000000000000000 | alu_res: ffffffff7fc00000 | fflags: 00000
FP_TRACE PC: 80000858 | Instr: a83708c3 | rs1: ffffffffbfc00000 | rs2: ffffffffa82f25e1 | rs3: ffffffffffbfffff | alu_res: ffffffff7fc00000 | fflags: 10000
FP_TRACE PC: 80000880 | Instr: 0112a027 | rs1: ffffffff7fbfffff | rs2: ffffffff7fc00000 | rs3: 0000000000000000 | alu_res: ffffffff7fc00000 | fflags: 10000
FP_TRACE PC: 800008bc | Instr: 0001a907 | rs1: ffffffffa82f25e1 | rs2: 0000000000000000 | rs3: 0000000000000000 | alu_res: ffffffff7fc00000 | fflags: 00000
FP_TRACE PC: 800008c4 | Instr: 0001a987 | rs1: ffffffffa82f25e1 | rs2: 0000000000000000 | rs3: 0000000000000000 | alu_res: ffffffff7fc00000 | fflags: 00000
FP_TRACE PC: 800008cc | Instr: 0001af07 | rs1: ffffffffa82f25e1 | rs2: 0000000000000000 | rs3: 0000000000000000 | alu_res: ffffffff7fc00000 | fflags: 00000
FP_TRACE PC: 800008d8 | Instr: f1391e43 | rs1: ffffffffbfc00000 | rs2: ffffffff6ac28a6d | rs3: ffffffffffbfffff | alu_res: ffffffff7fc00000 | fflags: 10000
FP_TRACE PC: 80000900 | Instr: 01c2a027 | rs1: ffffffff7fbfffff | rs2: ffffffff7fc00000 | rs3: 0000000000000000 | alu_res: ffffffff7fc00000 | fflags: 10000
FP_TRACE PC: 8000093c | Instr: 0001af87 | rs1: ffffffffa82f25e1 | rs2: 0000000000000000 | rs3: 0000000000000000 | alu_res: ffffffff7fc00000 | fflags: 00000
FP_TRACE PC: 80000944 | Instr: 0001a687 | rs1: ffffffffa82f25e1 | rs2: 0000000000000000 | rs3: 0000000000000000 | alu_res: ffffffff7fc00000 | fflags: 00000
FP_TRACE PC: 8000094c | Instr: 0001af07 | rs1: ffffffffa82f25e1 | rs2: 0000000000000000 | rs3: 0000000000000000 | alu_res: ffffffff7fc00000 | fflags: 00000
FP_TRACE PC: 80000958 | Instr: f0dfb4c3 | rs1: ffffffffbfc00000 | rs2: ffffffff572d6e33 | rs3: ffffffffffbfffff | alu_res: ffffffff7fc00000 | fflags: 10000
FP_TRACE PC: 80000980 | Instr: 0092a027 | rs1: ffffffff7fbfffff | rs2: ffffffff7fc00000 | rs3: 0000000000000000 | alu_res: ffffffff7fc00000 | fflags: 10000
FP_TRACE PC: 800009bc | Instr: 0001a887 | rs1: ffffffffa82f25e1 | rs2: 0000000000000000 | rs3: 0000000000000000 | alu_res: ffffffff7fc00000 | fflags: 00000
FP_TRACE PC: 800009c4 | Instr: 0001ad87 | rs1: ffffffffa82f25e1 | rs2: 0000000000000000 | rs3: 0000000000000000 | alu_res: ffffffff7fc00000 | fflags: 00000
FP_TRACE PC: 800009cc | Instr: 0001a307 | rs1: ffffffffa82f25e1 | rs2: 0000000000000000 | rs3: 0000000000000000 | alu_res: ffffffff7fc00000 | fflags: 00000
FP_TRACE PC: 800009dc | Instr: 31b8fa43 | rs1: ffffffffbfc00000 | rs2: ffffffff21e10350 | rs3: ffffffff7ef8654f | alu_res: ffffffff7ef8654f | fflags: 00001
FP_TRACE PC: 80000a00 | Instr: 0142a027 | rs1: ffffffff7fbfffff | rs2: ffffffff7ef8654f | rs3: 0000000000000000 | alu_res: ffffffff7fc00000 | fflags: 10000
FP_TRACE PC: 80000a40 | Instr: 0001af07 | rs1: ffffffffa82f25e1 | rs2: 0000000000000000 | rs3: 0000000000000000 | alu_res: ffffffff7fc00000 | fflags: 00000
FP_TRACE PC: 80000a48 | Instr: 0001ad07 | rs1: ffffffffa82f25e1 | rs2: 0000000000000000 | rs3: 0000000000000000 | alu_res: ffffffff7fc00000 | fflags: 00000
FP_TRACE PC: 80000a50 | Instr: 0001a907 | rs1: ffffffffa82f25e1 | rs2: 0000000000000000 | rs3: 0000000000000000 | alu_res: ffffffff7fc00000 | fflags: 00000
FP_TRACE PC: 80000a5c | Instr: 91af2e43 | rs1: ffffffffbfc00000 | rs2: ffffffffb56c8626 | rs3: ffffffff7ef8654f | alu_res: ffffffff7ef8654f | fflags: 00001
FP_TRACE PC: 80000a80 | Instr: 01c2a027 | rs1: ffffffff7fbfffff | rs2: ffffffff7ef8654f | rs3: 0000000000000000 | alu_res: ffffffff7fc00000 | fflags: 10000
FP_TRACE PC: 80000abc | Instr: 0001a787 | rs1: ffffffffa82f25e1 | rs2: 0000000000000000 | rs3: 0000000000000000 | alu_res: ffffffff7fc00000 | fflags: 00000
FP_TRACE PC: 80000ac4 | Instr: 0001a407 | rs1: ffffffffa82f25e1 | rs2: 0000000000000000 | rs3: 0000000000000000 | alu_res: ffffffff7fc00000 | fflags: 00000
FP_TRACE PC: 80000acc | Instr: 0001a987 | rs1: ffffffffa82f25e1 | rs2: 0000000000000000 | rs3: 0000000000000000 | alu_res: ffffffff7fc00000 | fflags: 00000
FP_TRACE PC: 80000ad8 | Instr: 9887c4c3 | rs1: ffffffffbfc00000 | rs2: ffffffff6d2e81eb | rs3: ffffffff7ef8654f | alu_res: ffffffff7ef8654f | fflags: 00001
FP_TRACE PC: 80000b00 | Instr: 0092a027 | rs1: ffffffff7fbfffff | rs2: ffffffff7ef8654f | rs3: 0000000000000000 | alu_res: ffffffff7fc00000 | fflags: 10000
FP_TRACE PC: 80000b3c | Instr: 0001a807 | rs1: ffffffffa82f25e1 | rs2: 0000000000000000 | rs3: 0000000000000000 | alu_res: ffffffff7fc00000 | fflags: 00000
FP_TRACE PC: 80000b44 | Instr: 0001aa87 | rs1: ffffffffa82f25e1 | rs2: 0000000000000000 | rs3: 0000000000000000 | alu_res: ffffffff7fc00000 | fflags: 00000
FP_TRACE PC: 80000b4c | Instr: 0001aa07 | rs1: ffffffffa82f25e1 | rs2: 0000000000000000 | rs3: 0000000000000000 | alu_res: ffffffff7fc00000 | fflags: 00000
FP_TRACE PC: 80000b58 | Instr: a15802c3 | rs1: ffffffffbfc00000 | rs2: ffffffff086a5dbb | rs3: ffffffff7ef8654f | alu_res: ffffffff7ef8654f | fflags: 00001
FP_TRACE PC: 80000b80 | Instr: 0052a027 | rs1: ffffffff7ef8654f | rs2: ffffffff7ef8654f | rs3: 0000000000000000 | alu_res: ffffffff7f78654f | fflags: 00000
FP_TRACE PC: 80000bbc | Instr: 0001a087 | rs1: ffffffffa82f25e1 | rs2: 0000000000000000 | rs3: 0000000000000000 | alu_res: ffffffff7fc00000 | fflags: 00000
FP_TRACE PC: 80000bc4 | Instr: 0001ad87 | rs1: ffffffffa82f25e1 | rs2: 0000000000000000 | rs3: 0000000000000000 | alu_res: ffffffff7fc00000 | fflags: 00000
FP_TRACE PC: 80000bcc | Instr: 0001a807 | rs1: ffffffffa82f25e1 | rs2: 0000000000000000 | rs3: 0000000000000000 | alu_res: ffffffff7fc00000 | fflags: 00000
FP_TRACE PC: 80000bd8 | Instr: 81b09343 | rs1: ffffffffbfc00000 | rs2: ffffffff9c373a04 | rs3: ffffffff7ef8654f | alu_res: ffffffff7ef8654f | fflags: 00001
FP_TRACE PC: 80000c00 | Instr: 0062a027 | rs1: ffffffff7ef8654f | rs2: ffffffff7ef8654f | rs3: 0000000000000000 | alu_res: ffffffff7f78654f | fflags: 00000
FP_TRACE PC: 80000c3c | Instr: 0001a987 | rs1: ffffffffa82f25e1 | rs2: 0000000000000000 | rs3: 0000000000000000 | alu_res: ffffffff7fc00000 | fflags: 00000
FP_TRACE PC: 80000c44 | Instr: 0001ad07 | rs1: ffffffffa82f25e1 | rs2: 0000000000000000 | rs3: 0000000000000000 | alu_res: ffffffff7fc00000 | fflags: 00000
FP_TRACE PC: 80000c4c | Instr: 0001a387 | rs1: ffffffffa82f25e1 | rs2: 0000000000000000 | rs3: 0000000000000000 | alu_res: ffffffff7fc00000 | fflags: 00000
FP_TRACE PC: 80000c58 | Instr: 39a9b743 | rs1: ffffffffbfc00000 | rs2: ffffffff26e1cc0b | rs3: ffffffff7ef8654f | alu_res: ffffffff7ef8654f | fflags: 00001
FP_TRACE PC: 80000c80 | Instr: 00e2a027 | rs1: ffffffff7ef8654f | rs2: ffffffff7ef8654f | rs3: 0000000000000000 | alu_res: ffffffff7f78654f | fflags: 00000
FP_TRACE PC: 80000cbc | Instr: 0001a187 | rs1: ffffffffa82f25e1 | rs2: 0000000000000000 | rs3: 0000000000000000 | alu_res: ffffffff7fc00000 | fflags: 00000
FP_TRACE PC: 80000cc4 | Instr: 0001ac07 | rs1: ffffffffbfc00000 | rs2: 0000000000000000 | rs3: 0000000000000000 | alu_res: ffffffff7fc00000 | fflags: 00000
FP_TRACE PC: 80000ccc | Instr: 0001ad87 | rs1: ffffffffbfc00000 | rs2: 0000000000000000 | rs3: 0000000000000000 | alu_res: ffffffff7fc00000 | fflags: 00000
FP_TRACE PC: 80000cdc | Instr: d981fec3 | rs1: ffffffffbfc00000 | rs2: ffffffff3c63a65f | rs3: ffffffff813d9ab0 | alu_res: ffffffffbcaabcc7 | fflags: 00001
FP_TRACE PC: 80000d00 | Instr: 01d2a027 | rs1: ffffffff7ef8654f | rs2: ffffffffbcaabcc7 | rs3: 0000000000000000 | alu_res: ffffffff7ef8654f | fflags: 00001
FP_TRACE PC: 80000d40 | Instr: 0001a187 | rs1: ffffffffbfc00000 | rs2: 0000000000000000 | rs3: 0000000000000000 | alu_res: ffffffff7fc00000 | fflags: 00000
FP_TRACE PC: 80000d48 | Instr: 0001ad87 | rs1: ffffffffbfc00000 | rs2: 0000000000000000 | rs3: 0000000000000000 | alu_res: ffffffff7fc00000 | fflags: 00000
FP_TRACE PC: 80000d50 | Instr: 0001a087 | rs1: ffffffffbfc00000 | rs2: 0000000000000000 | rs3: 0000000000000000 | alu_res: ffffffff7fc00000 | fflags: 00000
FP_TRACE PC: 80000d5c | Instr: 09b1a843 | rs1: ffffffffbfc00000 | rs2: ffffffff4d47a80a | rs3: ffffffff813d9ab0 | alu_res: ffffffffcd95be08 | fflags: 00001
FP_TRACE PC: 80000d80 | Instr: 0102a027 | rs1: ffffffff7ef8654f | rs2: ffffffffcd95be08 | rs3: 0000000000000000 | alu_res: ffffffff7ef8654f | fflags: 00001
FP_TRACE PC: 80000dbc | Instr: 0001ae07 | rs1: ffffffffbfc00000 | rs2: 0000000000000000 | rs3: 0000000000000000 | alu_res: ffffffff7fc00000 | fflags: 00000
FP_TRACE PC: 80000dc4 | Instr: 0001a287 | rs1: ffffffffbfc00000 | rs2: 0000000000000000 | rs3: 0000000000000000 | alu_res: ffffffff7fc00000 | fflags: 00000
FP_TRACE PC: 80000dcc | Instr: 0001a307 | rs1: ffffffffbfc00000 | rs2: 0000000000000000 | rs3: 0000000000000000 | alu_res: ffffffff7fc00000 | fflags: 00000
FP_TRACE PC: 80000dd8 | Instr: 305e4cc3 | rs1: ffffffffbfc00000 | rs2: ffffffff6054846d | rs3: ffffffff813d9ab0 | alu_res: ffffffffe09f6352 | fflags: 00001
FP_TRACE PC: 80000e00 | Instr: 0192a027 | rs1: ffffffff6054846d | rs2: ffffffffe09f6352 | rs3: 0000000000000000 | alu_res: ffffffffdfd4846e | fflags: 00000
FP_TRACE PC: 80000e3c | Instr: 0001a307 | rs1: ffffffffbfc00000 | rs2: 0000000000000000 | rs3: 0000000000000000 | alu_res: ffffffff7fc00000 | fflags: 00000
FP_TRACE PC: 80000e44 | Instr: 0001ab07 | rs1: ffffffffbfc00000 | rs2: 0000000000000000 | rs3: 0000000000000000 | alu_res: ffffffff7fc00000 | fflags: 00000
FP_TRACE PC: 80000e4c | Instr: 0001a987 | rs1: ffffffffbfc00000 | rs2: 0000000000000000 | rs3: 0000000000000000 | alu_res: ffffffff7fc00000 | fflags: 00000
FP_TRACE PC: 80000e58 | Instr: 996307c3 | rs1: ffffffffbfc00000 | rs2: fffffffff0bd5ed2 | rs3: ffffffff813d9ab0 | alu_res: ffffffff710e071d | fflags: 00001
FP_TRACE PC: 80000e80 | Instr: 00f2a027 | rs1: ffffffff6054846d | rs2: ffffffff710e071d | rs3: 0000000000000000 | alu_res: ffffffff710e071d | fflags: 00001
FP_TRACE PC: 80000ebc | Instr: 0001a587 | rs1: ffffffffbfc00000 | rs2: 0000000000000000 | rs3: 0000000000000000 | alu_res: ffffffff7fc00000 | fflags: 00000
FP_TRACE PC: 80000ec4 | Instr: 0001a987 | rs1: ffffffffbfc00000 | rs2: 0000000000000000 | rs3: 0000000000000000 | alu_res: ffffffff7fc00000 | fflags: 00000
FP_TRACE PC: 80000ecc | Instr: 0001a287 | rs1: ffffffffbfc00000 | rs2: 0000000000000000 | rs3: 0000000000000000 | alu_res: ffffffff7fc00000 | fflags: 00000
FP_TRACE PC: 80000ed8 | Instr: 293596c3 | rs1: ffffffffbfc00000 | rs2: ffffffffb7dfc43f | rs3: ffffffff813d9ab0 | alu_res: ffffffff3827d32f | fflags: 00001
FP_TRACE PC: 80000f00 | Instr: 00d2a027 | rs1: ffffffff813d9ab0 | rs2: ffffffff3827d32f | rs3: 0000000000000000 | alu_res: ffffffff3827d32f | fflags: 00001
FP_TRACE PC: 80000f3c | Instr: 0001ad87 | rs1: ffffffffbfc00000 | rs2: 0000000000000000 | rs3: 0000000000000000 | alu_res: ffffffff7fc00000 | fflags: 00000
FP_TRACE PC: 80000f44 | Instr: 0001a387 | rs1: ffffffffbfc00000 | rs2: 0000000000000000 | rs3: 0000000000000000 | alu_res: ffffffff7fc00000 | fflags: 00000
FP_TRACE PC: 80000f4c | Instr: 0001a407 | rs1: ffffffffbfc00000 | rs2: 0000000000000000 | rs3: 0000000000000000 | alu_res: ffffffff7fc00000 | fflags: 00000
FP_TRACE PC: 80000f58 | Instr: 407dbd43 | rs1: ffffffffbfc00000 | rs2: ffffffff7d8ebe84 | rs3: ffffffff813d9ab0 | alu_res: fffffffffdd61dc6 | fflags: 00001
FP_TRACE PC: 80000f80 | Instr: 01a2a027 | rs1: ffffffff813d9ab0 | rs2: fffffffffdd61dc6 | rs3: 0000000000000000 | alu_res: fffffffffdd61dc6 | fflags: 00001
FP_TRACE PC: 80000fbc | Instr: 0001ab07 | rs1: ffffffffbfc00000 | rs2: 0000000000000000 | rs3: 0000000000000000 | alu_res: ffffffff7fc00000 | fflags: 00000
FP_TRACE PC: 80000fc4 | Instr: 0001a987 | rs1: ffffffffbfc00000 | rs2: 0000000000000000 | rs3: 0000000000000000 | alu_res: ffffffff7fc00000 | fflags: 00000
FP_TRACE PC: 80000fcc | Instr: 0001ae87 | rs1: ffffffffbfc00000 | rs2: 0000000000000000 | rs3: 0000000000000000 | alu_res: ffffffff7fc00000 | fflags: 00000
FP_TRACE PC: 80000fdc | Instr: e93b7d43 | rs1: ffffffff40000000 | rs2: ffffffff0aeb0933 | rs3: ffffffff00000000 | alu_res: ffffffff0b6b0933 | fflags: 00000
FP_TRACE PC: 80001000 | Instr: 01a2a027 | rs1: ffffffff813d9ab0 | rs2: ffffffff0b6b0933 | rs3: 0000000000000000 | alu_res: ffffffff0b6b0927 | fflags: 00001
FP_TRACE PC: 80001040 | Instr: 0001a487 | rs1: ffffffffbfc00000 | rs2: 0000000000000000 | rs3: 0000000000000000 | alu_res: ffffffff7fc00000 | fflags: 00000
FP_TRACE PC: 80001048 | Instr: 0001af87 | rs1: ffffffffbfc00000 | rs2: 0000000000000000 | rs3: 0000000000000000 | alu_res: ffffffff7fc00000 | fflags: 00000
FP_TRACE PC: 80001050 | Instr: 0001ad87 | rs1: ffffffffbfc00000 | rs2: 0000000000000000 | rs3: 0000000000000000 | alu_res: ffffffff7fc00000 | fflags: 00000
FP_TRACE PC: 8000105c | Instr: d9f4a0c3 | rs1: ffffffff40000000 | rs2: ffffffffdadff36d | rs3: ffffffff00000000 | alu_res: ffffffffdb5ff36d | fflags: 00000
FP_TRACE PC: 80001080 | Instr: 0012a027 | rs1: ffffffff813d9ab0 | rs2: ffffffffdb5ff36d | rs3: 0000000000000000 | alu_res: ffffffffdb5ff36d | fflags: 00001
FP_TRACE PC: 800010bc | Instr: 0001ae07 | rs1: ffffffffbfc00000 | rs2: 0000000000000000 | rs3: 0000000000000000 | alu_res: ffffffff7fc00000 | fflags: 00000
FP_TRACE PC: 800010c4 | Instr: 0001a187 | rs1: ffffffffbfc00000 | rs2: 0000000000000000 | rs3: 0000000000000000 | alu_res: ffffffff7fc00000 | fflags: 00000
FP_TRACE PC: 800010cc | Instr: 0001ad87 | rs1: ffffffff0a7f7ea5 | rs2: 0000000000000000 | rs3: 0000000000000000 | alu_res: ffffffff7fc00000 | fflags: 00000
FP_TRACE PC: 800010d8 | Instr: d83e4143 | rs1: ffffffff40000000 | rs2: ffffffff0a7f7ea5 | rs3: ffffffff00000000 | alu_res: ffffffff0aff7ea5 | fflags: 00000
FP_TRACE PC: 80001100 | Instr: 0022a027 | rs1: ffffffff813d9ab0 | rs2: ffffffff0aff7ea5 | rs3: 0000000000000000 | alu_res: ffffffff0aff7e8d | fflags: 00001
FP_TRACE PC: 8000113c | Instr: 0001a607 | rs1: ffffffff0a7f7ea5 | rs2: 0000000000000000 | rs3: 0000000000000000 | alu_res: ffffffff7fc00000 | fflags: 00000
FP_TRACE PC: 80001144 | Instr: 0001ad87 | rs1: ffffffff0a7f7ea5 | rs2: 0000000000000000 | rs3: 0000000000000000 | alu_res: ffffffff7fc00000 | fflags: 00000
FP_TRACE PC: 8000114c | Instr: 0001ab87 | rs1: ffffffff0a7f7ea5 | rs2: 0000000000000000 | rs3: 0000000000000000 | alu_res: ffffffff7fc00000 | fflags: 00000
FP_TRACE PC: 80001158 | Instr: b9b602c3 | rs1: ffffffff40000000 | rs2: ffffffff291ffa04 | rs3: ffffffff00000000 | alu_res: ffffffff299ffa04 | fflags: 00000
FP_TRACE PC: 80001180 | Instr: 0052a027 | rs1: ffffffff299ffa04 | rs2: ffffffff299ffa04 | rs3: 0000000000000000 | alu_res: ffffffff2a1ffa04 | fflags: 00000
FP_TRACE PC: 800011bc | Instr: 0001a287 | rs1: ffffffff0a7f7ea5 | rs2: 0000000000000000 | rs3: 0000000000000000 | alu_res: ffffffff7fc00000 | fflags: 00000
FP_TRACE PC: 800011c4 | Instr: 0001a807 | rs1: ffffffff0a7f7ea5 | rs2: 0000000000000000 | rs3: 0000000000000000 | alu_res: ffffffff7fc00000 | fflags: 00000
FP_TRACE PC: 800011cc | Instr: 0001af87 | rs1: ffffffff0a7f7ea5 | rs2: 0000000000000000 | rs3: 0000000000000000 | alu_res: ffffffff7fc00000 | fflags: 00000
FP_TRACE PC: 800011d8 | Instr: f9029b43 | rs1: ffffffff40000000 | rs2: ffffffff6af8e871 | rs3: ffffffff00000000 | alu_res: ffffffff6b78e871 | fflags: 00000
FP_TRACE PC: 80001200 | Instr: 0162a027 | rs1: ffffffff40000000 | rs2: ffffffff6b78e871 | rs3: 0000000000000000 | alu_res: ffffffff6b78e871 | fflags: 00001
FP_TRACE PC: 8000123c | Instr: 0001a687 | rs1: ffffffff0a7f7ea5 | rs2: 0000000000000000 | rs3: 0000000000000000 | alu_res: ffffffff7fc00000 | fflags: 00000
FP_TRACE PC: 80001244 | Instr: 0001a487 | rs1: ffffffff0a7f7ea5 | rs2: 0000000000000000 | rs3: 0000000000000000 | alu_res: ffffffff7fc00000 | fflags: 00000
FP_TRACE PC: 8000124c | Instr: 0001af07 | rs1: ffffffff0a7f7ea5 | rs2: 0000000000000000 | rs3: 0000000000000000 | alu_res: ffffffff7fc00000 | fflags: 00000
FP_TRACE PC: 80001258 | Instr: f096bbc3 | rs1: ffffffff40000000 | rs2: ffffffffc32e98a0 | rs3: ffffffff00000000 | alu_res: ffffffffc3ae98a0 | fflags: 00000
FP_TRACE PC: 80001280 | Instr: 0172a027 | rs1: ffffffff40000000 | rs2: ffffffffc3ae98a0 | rs3: 0000000000000000 | alu_res: ffffffffc3ad98a0 | fflags: 00000
FP_TRACE PC: 800012bc | Instr: 0001ac87 | rs1: ffffffff0a7f7ea5 | rs2: 0000000000000000 | rs3: 0000000000000000 | alu_res: ffffffff7fc00000 | fflags: 00000
FP_TRACE PC: 800012c4 | Instr: 0001ab07 | rs1: ffffffff0a7f7ea5 | rs2: 0000000000000000 | rs3: 0000000000000000 | alu_res: ffffffff7fc00000 | fflags: 00000
FP_TRACE PC: 800012cc | Instr: 0001a487 | rs1: ffffffff0a7f7ea5 | rs2: 0000000000000000 | rs3: 0000000000000000 | alu_res: ffffffff7fc00000 | fflags: 00000
FP_TRACE PC: 800012dc | Instr: 496cf2c3 | rs1: ffffffff40000000 | rs2: ffffffff57a90dd9 | rs3: ffffffff80000000 | alu_res: ffffffff58290dd9 | fflags: 00000
FP_TRACE PC: 80001300 | Instr: 0052a027 | rs1: ffffffff58290dd9 | rs2: ffffffff58290dd9 | rs3: 0000000000000000 | alu_res: ffffffff58a90dd9 | fflags: 00000
FP_TRACE PC: 80001340 | Instr: 0001a107 | rs1: ffffffff0a7f7ea5 | rs2: 0000000000000000 | rs3: 0000000000000000 | alu_res: ffffffff7fc00000 | fflags: 00000
FP_TRACE PC: 80001348 | Instr: 0001a407 | rs1: ffffffff0a7f7ea5 | rs2: 0000000000000000 | rs3: 0000000000000000 | alu_res: ffffffff7fc00000 | fflags: 00000
FP_TRACE PC: 80001350 | Instr: 0001ad07 | rs1: ffffffff0a7f7ea5 | rs2: 0000000000000000 | rs3: 0000000000000000 | alu_res: ffffffff7fc00000 | fflags: 00000
FP_TRACE PC: 8000135c | Instr: d0812543 | rs1: ffffffff40000000 | rs2: ffffffff679d9f9f | rs3: ffffffff80000000 | alu_res: ffffffff681d9f9f | fflags: 00000
FP_TRACE PC: 80001380 | Instr: 00a2a027 | rs1: ffffffff58290dd9 | rs2: ffffffff681d9f9f | rs3: 0000000000000000 | alu_res: ffffffff681d9f9f | fflags: 00001
FP_TRACE PC: 800013bc | Instr: 0001ab07 | rs1: ffffffff0a7f7ea5 | rs2: 0000000000000000 | rs3: 0000000000000000 | alu_res: ffffffff7fc00000 | fflags: 00000
FP_TRACE PC: 800013c4 | Instr: 0001ae87 | rs1: ffffffff0a7f7ea5 | rs2: 0000000000000000 | rs3: 0000000000000000 | alu_res: ffffffff7fc00000 | fflags: 00000
FP_TRACE PC: 800013cc | Instr: 0001aa87 | rs1: ffffffff0a7f7ea5 | rs2: 0000000000000000 | rs3: 0000000000000000 | alu_res: ffffffff7fc00000 | fflags: 00000
FP_TRACE PC: 800013d8 | Instr: a9db46c3 | rs1: ffffffff40000000 | rs2: ffffffff71220180 | rs3: ffffffff80000000 | alu_res: ffffffff71a20180 | fflags: 00000
FP_TRACE PC: 80001400 | Instr: 00d2a027 | rs1: ffffffff58290dd9 | rs2: ffffffff71a20180 | rs3: 0000000000000000 | alu_res: ffffffff71a20180 | fflags: 00001
FP_TRACE PC: 8000143c | Instr: 0001a387 | rs1: ffffffff0a7f7ea5 | rs2: 0000000000000000 | rs3: 0000000000000000 | alu_res: ffffffff7fc00000 | fflags: 00000
FP_TRACE PC: 80001444 | Instr: 0001a587 | rs1: ffffffff0a7f7ea5 | rs2: 0000000000000000 | rs3: 0000000000000000 | alu_res: ffffffff7fc00000 | fflags: 00000
FP_TRACE PC: 8000144c | Instr: 0001af87 | rs1: ffffffff0a7f7ea5 | rs2: 0000000000000000 | rs3: 0000000000000000 | alu_res: ffffffff7fc00000 | fflags: 00000
FP_TRACE PC: 80001458 | Instr: f8b38343 | rs1: ffffffff40000000 | rs2: fffffffff0ff2b3c | rs3: ffffffff80000000 | alu_res: fffffffff17f2b3c | fflags: 00000
FP_TRACE PC: 80001480 | Instr: 0062a027 | rs1: ffffffff58290dd9 | rs2: fffffffff17f2b3c | rs3: 0000000000000000 | alu_res: fffffffff17f2b3c | fflags: 00001
FP_TRACE PC: 800014bc | Instr: 0001a707 | rs1: ffffffff0a7f7ea5 | rs2: 0000000000000000 | rs3: 0000000000000000 | alu_res: ffffffff7fc00000 | fflags: 00000
FP_TRACE PC: 800014c4 | Instr: 0001ae07 | rs1: ffffffff0a7f7ea5 | rs2: 0000000000000000 | rs3: 0000000000000000 | alu_res: ffffffff7fc00000 | fflags: 00000
FP_TRACE PC: 800014cc | Instr: 0001af87 | rs1: ffffffff0a7f7ea5 | rs2: 0000000000000000 | rs3: 0000000000000000 | alu_res: ffffffff7fc00000 | fflags: 00000
FP_TRACE PC: 800014d8 | Instr: f9c71943 | rs1: ffffffff40000000 | rs2: ffffffffed22e7bc | rs3: ffffffff80000000 | alu_res: ffffffffeda2e7bc | fflags: 00000
FP_TRACE PC: 80001500 | Instr: 0122a027 | rs1: ffffffff58290dd9 | rs2: ffffffffeda2e7bc | rs3: 0000000000000000 | alu_res: ffffffffeda2e7bc | fflags: 00001
FP_TRACE PC: 8000153c | Instr: 0001ad87 | rs1: ffffffff0a7f7ea5 | rs2: 0000000000000000 | rs3: 0000000000000000 | alu_res: ffffffff7fc00000 | fflags: 00000
FP_TRACE PC: 80001544 | Instr: 0001a407 | rs1: ffffffff0a7f7ea5 | rs2: 0000000000000000 | rs3: 0000000000000000 | alu_res: ffffffff7fc00000 | fflags: 00000
FP_TRACE PC: 8000154c | Instr: 0001ac07 | rs1: ffffffff0a7f7ea5 | rs2: 0000000000000000 | rs3: 0000000000000000 | alu_res: ffffffff7fc00000 | fflags: 00000
FP_TRACE PC: 80001558 | Instr: c08dbec3 | rs1: ffffffff40000000 | rs2: fffffffffdcd70bb | rs3: ffffffff80000000 | alu_res: fffffffffe4d70bb | fflags: 00000
FP_TRACE PC: 80001580 | Instr: 01d2a027 | rs1: ffffffff58290dd9 | rs2: fffffffffe4d70bb | rs3: 0000000000000000 | alu_res: fffffffffe4d70bb | fflags: 00001
FP_TRACE PC: 800015bc | Instr: 0001ae07 | rs1: ffffffff0a7f7ea5 | rs2: 0000000000000000 | rs3: 0000000000000000 | alu_res: ffffffff7fc00000 | fflags: 00000
FP_TRACE PC: 800015c4 | Instr: 0001a887 | rs1: ffffffff0a7f7ea5 | rs2: 0000000000000000 | rs3: 0000000000000000 | alu_res: ffffffff7fc00000 | fflags: 00000
FP_TRACE PC: 800015cc | Instr: 0001a387 | rs1: ffffffff0a7f7ea5 | rs2: 0000000000000000 | rs3: 0000000000000000 | alu_res: ffffffff7fc00000 | fflags: 00000
FP_TRACE PC: 800015dc | Instr: 391e7443 | rs1: ffffffff40000000 | rs2: ffffffff041d8d31 | rs3: ffffffff3f800000 | alu_res: ffffffff3f800000 | fflags: 00001
FP_TRACE PC: 80001600 | Instr: 0082a027 | rs1: ffffffff58290dd9 | rs2: ffffffff3f800000 | rs3: 0000000000000000 | alu_res: ffffffff58290dd9 | fflags: 00001
FP_TRACE PC: 80001640 | Instr: 0001ae07 | rs1: ffffffff0a7f7ea5 | rs2: 0000000000000000 | rs3: 0000000000000000 | alu_res: ffffffff7fc00000 | fflags: 00000
FP_TRACE PC: 80001648 | Instr: 0001a287 | rs1: ffffffff0a7f7ea5 | rs2: 0000000000000000 | rs3: 0000000000000000 | alu_res: ffffffff7fc00000 | fflags: 00000
FP_TRACE PC: 80001650 | Instr: 0001ae87 | rs1: ffffffff0a7f7ea5 | rs2: 0000000000000000 | rs3: 0000000000000000 | alu_res: ffffffff7fc00000 | fflags: 00000
FP_TRACE PC: 8000165c | Instr: e85e23c3 | rs1: ffffffff40000000 | rs2: ffffffff63bb99a5 | rs3: ffffffff3f800000 | alu_res: ffffffff643b99a5 | fflags: 00001
FP_TRACE PC: 80001680 | Instr: 0072a027 | rs1: ffffffff63bb99a5 | rs2: ffffffff643b99a5 | rs3: 0000000000000000 | alu_res: ffffffff648cb33c | fflags: 00001
FP_TRACE PC: 800016bc | Instr: 0001a287 | rs1: ffffffff0a7f7ea5 | rs2: 0000000000000000 | rs3: 0000000000000000 | alu_res: ffffffff7fc00000 | fflags: 00000
FP_TRACE PC: 800016c4 | Instr: 0001a087 | rs1: ffffffff0a7f7ea5 | rs2: 0000000000000000 | rs3: 0000000000000000 | alu_res: ffffffff7fc00000 | fflags: 00000
FP_TRACE PC: 800016cc | Instr: 0001a407 | rs1: ffffffff0a7f7ea5 | rs2: 0000000000000000 | rs3: 0000000000000000 | alu_res: ffffffff7fc00000 | fflags: 00000
FP_TRACE PC: 800016d8 | Instr: 4012cfc3 | rs1: ffffffff40000000 | rs2: ffffffff97f1203f | rs3: ffffffff3f800000 | alu_res: ffffffff3f800000 | fflags: 00001
FP_TRACE PC: 80001700 | Instr: 01f2a027 | rs1: ffffffff40000000 | rs2: ffffffff3f800000 | rs3: 0000000000000000 | alu_res: ffffffff40400000 | fflags: 00000
FP_TRACE PC: 8000173c | Instr: 0001a107 | rs1: ffffffff0a7f7ea5 | rs2: 0000000000000000 | rs3: 0000000000000000 | alu_res: ffffffff7fc00000 | fflags: 00000
FP_TRACE PC: 80001744 | Instr: 0001ac07 | rs1: ffffffff0a7f7ea5 | rs2: 0000000000000000 | rs3: 0000000000000000 | alu_res: ffffffff7fc00000 | fflags: 00000
FP_TRACE PC: 8000174c | Instr: 0001a387 | rs1: ffffffff0a7f7ea5 | rs2: 0000000000000000 | rs3: 0000000000000000 | alu_res: ffffffff7fc00000 | fflags: 00000
FP_TRACE PC: 80001758 | Instr: 398107c3 | rs1: ffffffff40000000 | rs2: fffffffff7006365 | rs3: ffffffff3f800000 | alu_res: fffffffff7806365 | fflags: 00001
FP_TRACE PC: 80001780 | Instr: 00f2a027 | rs1: ffffffff40000000 | rs2: fffffffff7806365 | rs3: 0000000000000000 | alu_res: fffffffff7806365 | fflags: 00001
FP_TRACE PC: 800017bc | Instr: 0001a787 | rs1: ffffffff0a7f7ea5 | rs2: 0000000000000000 | rs3: 0000000000000000 | alu_res: ffffffff7fc00000 | fflags: 00000
FP_TRACE PC: 800017c4 | Instr: 0001a287 | rs1: ffffffff0a7f7ea5 | rs2: 0000000000000000 | rs3: 0000000000000000 | alu_res: ffffffff7fc00000 | fflags: 00000
FP_TRACE PC: 800017cc | Instr: 0001a887 | rs1: ffffffff0a7f7ea5 | rs2: 0000000000000000 | rs3: 0000000000000000 | alu_res: ffffffff7fc00000 | fflags: 00000
FP_TRACE PC: 800017d8 | Instr: 88579dc3 | rs1: ffffffff40000000 | rs2: ffffffffa113f39e | rs3: ffffffff3f800000 | alu_res: ffffffff3f7fffff | fflags: 00001
FP_TRACE PC: 80001800 | Instr: 01b2a027 | rs1: ffffffffa113f39e | rs2: ffffffff3f7fffff | rs3: 0000000000000000 | alu_res: ffffffff3f7fffff | fflags: 00001
FP_TRACE PC: 8000183c | Instr: 0001a707 | rs1: ffffffff0a7f7ea5 | rs2: 0000000000000000 | rs3: 0000000000000000 | alu_res: ffffffff7fc00000 | fflags: 00000
FP_TRACE PC: 80001844 | Instr: 0001ac87 | rs1: ffffffff0a7f7ea5 | rs2: 0000000000000000 | rs3: 0000000000000000 | alu_res: ffffffff7fc00000 | fflags: 00000
FP_TRACE PC: 8000184c | Instr: 0001ae07 | rs1: ffffffff0a7f7ea5 | rs2: 0000000000000000 | rs3: 0000000000000000 | alu_res: ffffffff7fc00000 | fflags: 00000
FP_TRACE PC: 80001858 | Instr: e1973343 | rs1: ffffffff40000000 | rs2: ffffffffacccb0c0 | rs3: ffffffff3f800000 | alu_res: ffffffff3f800000 | fflags: 00001
FP_TRACE PC: 80001880 | Instr: 0062a027 | rs1: ffffffffa113f39e | rs2: ffffffff3f800000 | rs3: 0000000000000000 | alu_res: ffffffff3f800000 | fflags: 00001
FP_TRACE PC: 800018bc | Instr: 0001a987 | rs1: ffffffff0a7f7ea5 | rs2: 0000000000000000 | rs3: 0000000000000000 | alu_res: ffffffff7fc00000 | fflags: 00000
FP_TRACE PC: 800018c4 | Instr: 0001a607 | rs1: ffffffff0a7f7ea5 | rs2: 0000000000000000 | rs3: 0000000000000000 | alu_res: ffffffff7fc00000 | fflags: 00000
FP_TRACE PC: 800018cc | Instr: 0001a407 | rs1: ffffffff0a7f7ea5 | rs2: 0000000000000000 | rs3: 0000000000000000 | alu_res: ffffffff7fc00000 | fflags: 00000
FP_TRACE PC: 800018dc | Instr: 40c9ff43 | rs1: ffffffff40000000 | rs2: ffffffff8fe4852c | rs3: ffffffffbf800000 | alu_res: ffffffffbf800000 | fflags: 00001
FP_TRACE PC: 80001900 | Instr: 01e2a027 | rs1: ffffffffa113f39e | rs2: ffffffffbf800000 | rs3: 0000000000000000 | alu_res: ffffffffbf800000 | fflags: 00001
FP_TRACE PC: 80001940 | Instr: 0001a707 | rs1: ffffffff0a7f7ea5 | rs2: 0000000000000000 | rs3: 0000000000000000 | alu_res: ffffffff7fc00000 | fflags: 00000
FP_TRACE PC: 80001948 | Instr: 0001af07 | rs1: ffffffff0a7f7ea5 | rs2: 0000000000000000 | rs3: 0000000000000000 | alu_res: ffffffff7fc00000 | fflags: 00000
FP_TRACE PC: 80001950 | Instr: 0001ae07 | rs1: ffffffff0a7f7ea5 | rs2: 0000000000000000 | rs3: 0000000000000000 | alu_res: ffffffff7fc00000 | fflags: 00000
FP_TRACE PC: 8000195c | Instr: e1e72a43 | rs1: ffffffff40000000 | rs2: ffffffffd5b0915e | rs3: ffffffffbf800000 | alu_res: ffffffffd630915f | fflags: 00001
FP_TRACE PC: 80001980 | Instr: 0142a027 | rs1: ffffffffa113f39e | rs2: ffffffffd630915f | rs3: 0000000000000000 | alu_res: ffffffffd630915f | fflags: 00001
FP_TRACE PC: 800019bc | Instr: 0001a707 | rs1: ffffffff0a7f7ea5 | rs2: 0000000000000000 | rs3: 0000000000000000 | alu_res: ffffffff7fc00000 | fflags: 00000
FP_TRACE PC: 800019c4 | Instr: 0001ad07 | rs1: ffffffff0a7f7ea5 | rs2: 0000000000000000 | rs3: 0000000000000000 | alu_res: ffffffff7fc00000 | fflags: 00000
FP_TRACE PC: 800019cc | Instr: 0001a907 | rs1: ffffffff0a7f7ea5 | rs2: 0000000000000000 | rs3: 0000000000000000 | alu_res: ffffffff7fc00000 | fflags: 00000
FP_TRACE PC: 800019d8 | Instr: 91a74ec3 | rs1: ffffffff40000000 | rs2: ffffffff05c5a69e | rs3: ffffffffbf800000 | alu_res: ffffffffbf800000 | fflags: 00001
FP_TRACE PC: 80001a00 | Instr: 01d2a027 | rs1: ffffffffa113f39e | rs2: ffffffffbf800000 | rs3: 0000000000000000 | alu_res: ffffffffbf800000 | fflags: 00001
FP_TRACE PC: 80001a3c | Instr: 0001ac07 | rs1: ffffffff0a7f7ea5 | rs2: 0000000000000000 | rs3: 0000000000000000 | alu_res: ffffffff7fc00000 | fflags: 00000
FP_TRACE PC: 80001a44 | Instr: 0001a707 | rs1: ffffffff0a7f7ea5 | rs2: 0000000000000000 | rs3: 0000000000000000 | alu_res: ffffffff7fc00000 | fflags: 00000
FP_TRACE PC: 80001a4c | Instr: 0001a407 | rs1: ffffffff0a7f7ea5 | rs2: 0000000000000000 | rs3: 0000000000000000 | alu_res: ffffffff7fc00000 | fflags: 00000
FP_TRACE PC: 80001a58 | Instr: 40ec0943 | rs1: ffffffff40000000 | rs2: ffffffff0dfd3785 | rs3: ffffffffbf800000 | alu_res: ffffffffbf800000 | fflags: 00001
FP_TRACE PC: 80001a80 | Instr: 0122a027 | rs1: ffffffffa113f39e | rs2: ffffffffbf800000 | rs3: 0000000000000000 | alu_res: ffffffffbf800000 | fflags: 00001
FP_TRACE PC: 80001abc | Instr: 0001ae07 | rs1: ffffffff0a7f7ea5 | rs2: 0000000000000000 | rs3: 0000000000000000 | alu_res: ffffffff7fc00000 | fflags: 00000
FP_TRACE PC: 80001ac4 | Instr: 0001aa87 | rs1: ffffffff0a7f7ea5 | rs2: 0000000000000000 | rs3: 0000000000000000 | alu_res: ffffffff7fc00000 | fflags: 00000
FP_TRACE PC: 80001acc | Instr: 0001a687 | rs1: ffffffff0a7f7ea5 | rs2: 0000000000000000 | rs3: 0000000000000000 | alu_res: ffffffff7fc00000 | fflags: 00000
FP_TRACE PC: 80001ad8 | Instr: 695e1343 | rs1: ffffffff40000000 | rs2: fffffffff8b42f45 | rs3: ffffffffbf800000 | alu_res: fffffffff9342f45 | fflags: 00001
FP_TRACE PC: 80001b00 | Instr: 0062a027 | rs1: ffffffffa113f39e | rs2: fffffffff9342f45 | rs3: 0000000000000000 | alu_res: fffffffff9342f45 | fflags: 00001
FP_TRACE PC: 80001b3c | Instr: 0001a507 | rs1: ffffffff0a7f7ea5 | rs2: 0000000000000000 | rs3: 0000000000000000 | alu_res: ffffffff7fc00000 | fflags: 00000
FP_TRACE PC: 80001b44 | Instr: 0001a407 | rs1: ffffffff0a7f7ea5 | rs2: 0000000000000000 | rs3: 0000000000000000 | alu_res: ffffffff7fc00000 | fflags: 00000
FP_TRACE PC: 80001b4c | Instr: 0001a387 | rs1: ffffffff0a7f7ea5 | rs2: 0000000000000000 | rs3: 0000000000000000 | alu_res: ffffffff7fc00000 | fflags: 00000
FP_TRACE PC: 80001b58 | Instr: 388531c3 | rs1: ffffffff40000000 | rs2: ffffffff86f7d3f8 | rs3: ffffffffbf800000 | alu_res: ffffffffbf800000 | fflags: 00001
FP_TRACE PC: 80001b80 | Instr: 0032a027 | rs1: ffffffffa113f39e | rs2: ffffffffbf800000 | rs3: 0000000000000000 | alu_res: ffffffffbf800000 | fflags: 00001
FP_TRACE PC: 80001bbc | Instr: 0001a907 | rs1: ffffffffbf800000 | rs2: 0000000000000000 | rs3: 0000000000000000 | alu_res: ffffffff7fc00000 | fflags: 00000
FP_TRACE PC: 80001bc4 | Instr: 0001a807 | rs1: ffffffffbf800000 | rs2: 0000000000000000 | rs3: 0000000000000000 | alu_res: ffffffff7fc00000 | fflags: 00000
FP_TRACE PC: 80001bcc | Instr: 0001a407 | rs1: ffffffffbf800000 | rs2: 0000000000000000 | rs3: 0000000000000000 | alu_res: ffffffff7fc00000 | fflags: 00000
FP_TRACE PC: 80001bdc | Instr: 41097343 | rs1: ffffffff40000000 | rs2: ffffffff563ef9a9 | rs3: ffffffff3fc00000 | alu_res: ffffffff56bef9a9 | fflags: 00001
FP_TRACE PC: 80001c00 | Instr: 0062a027 | rs1: ffffffffa113f39e | rs2: ffffffff56bef9a9 | rs3: 0000000000000000 | alu_res: ffffffff56bef9a9 | fflags: 00001
FP_TRACE PC: 80001c40 | Instr: 0001ac07 | rs1: ffffffffbf800000 | rs2: 0000000000000000 | rs3: 0000000000000000 | alu_res: ffffffff7fc00000 | fflags: 00000
FP_TRACE PC: 80001c48 | Instr: 0001a907 | rs1: ffffffffbf800000 | rs2: 0000000000000000 | rs3: 0000000000000000 | alu_res: ffffffff7fc00000 | fflags: 00000
FP_TRACE PC: 80001c50 | Instr: 0001af07 | rs1: ffffffffbf800000 | rs2: 0000000000000000 | rs3: 0000000000000000 | alu_res: ffffffff7fc00000 | fflags: 00000
FP_TRACE PC: 80001c5c | Instr: f12c2543 | rs1: ffffffff40000000 | rs2: ffffffff1a9b316c | rs3: ffffffff3fc00000 | alu_res: ffffffff3fc00000 | fflags: 00001
FP_TRACE PC: 80001c80 | Instr: 00a2a027 | rs1: ffffffffa113f39e | rs2: ffffffff3fc00000 | rs3: 0000000000000000 | alu_res: ffffffff3fc00000 | fflags: 00001
FP_TRACE PC: 80001cbc | Instr: 0001a887 | rs1: ffffffffbf800000 | rs2: 0000000000000000 | rs3: 0000000000000000 | alu_res: ffffffff7fc00000 | fflags: 00000
FP_TRACE PC: 80001cc4 | Instr: 0001aa87 | rs1: ffffffffbf800000 | rs2: 0000000000000000 | rs3: 0000000000000000 | alu_res: ffffffff7fc00000 | fflags: 00000
FP_TRACE PC: 80001ccc | Instr: 0001a087 | rs1: ffffffffbf800000 | rs2: 0000000000000000 | rs3: 0000000000000000 | alu_res: ffffffff7fc00000 | fflags: 00000
FP_TRACE PC: 80001cd8 | Instr: 0958c743 | rs1: ffffffff40000000 | rs2: ffffffff04bd066c | rs3: ffffffff3fc00000 | alu_res: ffffffff3fc00000 | fflags: 00001
FP_TRACE PC: 80001d00 | Instr: 00e2a027 | rs1: ffffffffa113f39e | rs2: ffffffff3fc00000 | rs3: 0000000000000000 | alu_res: ffffffff3fc00000 | fflags: 00001
FP_TRACE PC: 80001d3c | Instr: 0001a307 | rs1: ffffffffbf800000 | rs2: 0000000000000000 | rs3: 0000000000000000 | alu_res: ffffffff7fc00000 | fflags: 00000
FP_TRACE PC: 80001d44 | Instr: 0001a707 | rs1: ffffffffbf800000 | rs2: 0000000000000000 | rs3: 0000000000000000 | alu_res: ffffffff7fc00000 | fflags: 00000
FP_TRACE PC: 80001d4c | Instr: 0001ad07 | rs1: ffffffffbf800000 | rs2: 0000000000000000 | rs3: 0000000000000000 | alu_res: ffffffff7fc00000 | fflags: 00000
FP_TRACE PC: 80001d58 | Instr: d0e30e43 | rs1: ffffffff40000000 | rs2: ffffffff3246f29f | rs3: ffffffff3fc00000 | alu_res: ffffffff3fc00000 | fflags: 00001
FP_TRACE PC: 80001d80 | Instr: 01c2a027 | rs1: ffffffffa113f39e | rs2: ffffffff3fc00000 | rs3: 0000000000000000 | alu_res: ffffffff3fc00000 | fflags: 00001
FP_TRACE PC: 80001dbc | Instr: 0001a507 | rs1: ffffffffbf800000 | rs2: 0000000000000000 | rs3: 0000000000000000 | alu_res: ffffffff7fc00000 | fflags: 00000
FP_TRACE PC: 80001dc4 | Instr: 0001a987 | rs1: ffffffffbf800000 | rs2: 0000000000000000 | rs3: 0000000000000000 | alu_res: ffffffff7fc00000 | fflags: 00000
FP_TRACE PC: 80001dcc | Instr: 0001a807 | rs1: ffffffffbf800000 | rs2: 0000000000000000 | rs3: 0000000000000000 | alu_res: ffffffff7fc00000 | fflags: 00000
FP_TRACE PC: 80001dd8 | Instr: 81351fc3 | rs1: ffffffff40000000 | rs2: ffffffff5b070204 | rs3: ffffffff3fc00000 | alu_res: ffffffff5b870204 | fflags: 00001
FP_TRACE PC: 80001e00 | Instr: 01f2a027 | rs1: ffffffffa113f39e | rs2: ffffffff5b870204 | rs3: 0000000000000000 | alu_res: ffffffff5b870204 | fflags: 00001
FP_TRACE PC: 80001e3c | Instr: 0001a087 | rs1: ffffffffbf800000 | rs2: 0000000000000000 | rs3: 0000000000000000 | alu_res: ffffffff7fc00000 | fflags: 00000
FP_TRACE PC: 80001e44 | Instr: 0001ac07 | rs1: ffffffffbf800000 | rs2: 0000000000000000 | rs3: 0000000000000000 | alu_res: ffffffff7fc00000 | fflags: 00000
FP_TRACE PC: 80001e4c | Instr: 0001a187 | rs1: ffffffffbf800000 | rs2: 0000000000000000 | rs3: 0000000000000000 | alu_res: ffffffff7fc00000 | fflags: 00000
FP_TRACE PC: 80001e58 | Instr: 1980b2c3 | rs1: ffffffff40000000 | rs2: ffffffffe166eba3 | rs3: ffffffff3fc00000 | alu_res: ffffffffe1e6eba2 | fflags: 00001
FP_TRACE PC: 80001e80 | Instr: 0052a027 | rs1: ffffffffe1e6eba2 | rs2: ffffffffe1e6eba2 | rs3: 0000000000000000 | alu_res: ffffffffe266eba2 | fflags: 00000
FP_TRACE PC: 80001ebc | Instr: 0001a987 | rs1: ffffffff3fc00000 | rs2: 0000000000000000 | rs3: 0000000000000000 | alu_res: ffffffff7fc00000 | fflags: 00000
FP_TRACE PC: 80001ec4 | Instr: 0001a107 | rs1: ffffffff3fc00000 | rs2: 0000000000000000 | rs3: 0000000000000000 | alu_res: ffffffff7fc00000 | fflags: 00000
FP_TRACE PC: 80001ecc | Instr: 0001aa87 | rs1: ffffffff3fc00000 | rs2: 0000000000000000 | rs3: 0000000000000000 | alu_res: ffffffff7fc00000 | fflags: 00000
FP_TRACE PC: 80001edc | Instr: a829f943 | rs1: ffffffff40000000 | rs2: ffffffffa047c925 | rs3: ffffffffbfc00000 | alu_res: ffffffffbfc00001 | fflags: 00001
FP_TRACE PC: 80001f00 | Instr: 0122a027 | rs1: ffffffffe1e6eba2 | rs2: ffffffffbfc00001 | rs3: 0000000000000000 | alu_res: ffffffffe1e6eba2 | fflags: 00001
FP_TRACE PC: 80001f40 | Instr: 0001ab87 | rs1: ffffffff3fc00000 | rs2: 0000000000000000 | rs3: 0000000000000000 | alu_res: ffffffff7fc00000 | fflags: 00000
FP_TRACE PC: 80001f48 | Instr: 0001a507 | rs1: ffffffff3fc00000 | rs2: 0000000000000000 | rs3: 0000000000000000 | alu_res: ffffffff7fc00000 | fflags: 00000
FP_TRACE PC: 80001f50 | Instr: 0001ae07 | rs1: ffffffff3fc00000 | rs2: 0000000000000000 | rs3: 0000000000000000 | alu_res: ffffffff7fc00000 | fflags: 00000
FP_TRACE PC: 80001f5c | Instr: e0abadc3 | rs1: ffffffff40000000 | rs2: ffffffff40058780 | rs3: ffffffffbfc00000 | alu_res: ffffffff402b0f00 | fflags: 00000
FP_TRACE PC: 80001f80 | Instr: 01b2a027 | rs1: ffffffffe1e6eba2 | rs2: ffffffff402b0f00 | rs3: 0000000000000000 | alu_res: ffffffffe1e6eba2 | fflags: 00001
FP_TRACE PC: 80001fbc | Instr: 0001a287 | rs1: ffffffff3fc00000 | rs2: 0000000000000000 | rs3: 0000000000000000 | alu_res: ffffffff7fc00000 | fflags: 00000
FP_TRACE PC: 80001fc4 | Instr: 0001ab87 | rs1: ffffffff3fc00000 | rs2: 0000000000000000 | rs3: 0000000000000000 | alu_res: ffffffff7fc00000 | fflags: 00000
FP_TRACE PC: 80001fcc | Instr: 0001a607 | rs1: ffffffff3fc00000 | rs2: 0000000000000000 | rs3: 0000000000000000 | alu_res: ffffffff7fc00000 | fflags: 00000
FP_TRACE PC: 80001fd8 | Instr: 6172c543 | rs1: ffffffff40000000 | rs2: ffffffff93e5c088 | rs3: ffffffffbfc00000 | alu_res: ffffffffbfc00000 | fflags: 00001
FP_TRACE PC: 80002000 | Instr: 00a2a027 | rs1: ffffffff40000000 | rs2: ffffffffbfc00000 | rs3: 0000000000000000 | alu_res: ffffffff3f000000 | fflags: 00000
FP_TRACE PC: 8000203c | Instr: 0001ab87 | rs1: ffffffff3fc00000 | rs2: 0000000000000000 | rs3: 0000000000000000 | alu_res: ffffffff7fc00000 | fflags: 00000
FP_TRACE PC: 80002044 | Instr: 0001ae87 | rs1: ffffffff3fc00000 | rs2: 0000000000000000 | rs3: 0000000000000000 | alu_res: ffffffff7fc00000 | fflags: 00000
FP_TRACE PC: 8000204c | Instr: 0001ad07 | rs1: ffffffff3fc00000 | rs2: 0000000000000000 | rs3: 0000000000000000 | alu_res: ffffffff7fc00000 | fflags: 00000
FP_TRACE PC: 80002058 | Instr: d1db8743 | rs1: ffffffff40000000 | rs2: ffffffff84f64029 | rs3: ffffffffbfc00000 | alu_res: ffffffffbfc00000 | fflags: 00001
FP_TRACE PC: 80002080 | Instr: 00e2a027 | rs1: ffffffff40000000 | rs2: ffffffffbfc00000 | rs3: 0000000000000000 | alu_res: ffffffff3f000000 | fflags: 00000
FP_TRACE PC: 800020bc | Instr: 0001ac07 | rs1: ffffffff3fc00000 | rs2: 0000000000000000 | rs3: 0000000000000000 | alu_res: ffffffff7fc00000 | fflags: 00000
FP_TRACE PC: 800020c4 | Instr: 0001a987 | rs1: ffffffff3fc00000 | rs2: 0000000000000000 | rs3: 0000000000000000 | alu_res: ffffffff7fc00000 | fflags: 00000
FP_TRACE PC: 800020cc | Instr: 0001aa07 | rs1: ffffffff3fc00000 | rs2: 0000000000000000 | rs3: 0000000000000000 | alu_res: ffffffff7fc00000 | fflags: 00000
FP_TRACE PC: 800020d8 | Instr: a13c1ac3 | rs1: ffffffff40000000 | rs2: ffffffff506d1d22 | rs3: ffffffffbfc00000 | alu_res: ffffffff50ed1d21 | fflags: 00001
FP_TRACE PC: 80002100 | Instr: 0152a027 | rs1: ffffffff40000000 | rs2: ffffffff50ed1d21 | rs3: 0000000000000000 | alu_res: ffffffff50ed1d21 | fflags: 00001
FP_TRACE PC: 8000213c | Instr: 0001a107 | rs1: ffffffff3fc00000 | rs2: 0000000000000000 | rs3: 0000000000000000 | alu_res: ffffffff7fc00000 | fflags: 00000
FP_TRACE PC: 80002144 | Instr: 0001a687 | rs1: ffffffff3fc00000 | rs2: 0000000000000000 | rs3: 0000000000000000 | alu_res: ffffffff7fc00000 | fflags: 00000
FP_TRACE PC: 8000214c | Instr: 0001a487 | rs1: ffffffff3fc00000 | rs2: 0000000000000000 | rs3: 0000000000000000 | alu_res: ffffffff7fc00000 | fflags: 00000
FP_TRACE PC: 80002158 | Instr: 48d13d43 | rs1: ffffffff40000000 | rs2: ffffffff89a0ab7b | rs3: ffffffffbfc00000 | alu_res: ffffffffbfc00000 | fflags: 00001
FP_TRACE PC: 80002180 | Instr: 01a2a027 | rs1: ffffffff40000000 | rs2: ffffffffbfc00000 | rs3: 0000000000000000 | alu_res: ffffffff3f000000 | fflags: 00000
FP_TRACE PC: 800021bc | Instr: 0001ab87 | rs1: ffffffff3fc00000 | rs2: 0000000000000000 | rs3: 0000000000000000 | alu_res: ffffffff7fc00000 | fflags: 00000
FP_TRACE PC: 800021c4 | Instr: 0001a407 | rs1: ffffffff3fc00000 | rs2: 0000000000000000 | rs3: 0000000000000000 | alu_res: ffffffff7fc00000 | fflags: 00000
FP_TRACE PC: 800021cc | Instr: 0001a687 | rs1: ffffffff3fc00000 | rs2: 0000000000000000 | rs3: 0000000000000000 | alu_res: ffffffff7fc00000 | fflags: 00000
FP_TRACE PC: 800021dc | Instr: 688bf0c3 | rs1: ffffffff40000000 | rs2: ffffffff52e6abb9 | rs3: ffffffff40000000 | alu_res: ffffffff5366abb9 | fflags: 00001
FP_TRACE PC: 80002200 | Instr: 0012a027 | rs1: ffffffff40000000 | rs2: ffffffff5366abb9 | rs3: 0000000000000000 | alu_res: ffffffff5366abb9 | fflags: 00001
FP_TRACE PC: 80002240 | Instr: 0001a107 | rs1: ffffffff3fc00000 | rs2: 0000000000000000 | rs3: 0000000000000000 | alu_res: ffffffff7fc00000 | fflags: 00000
FP_TRACE PC: 80002248 | Instr: 0001aa87 | rs1: ffffffff3fc00000 | rs2: 0000000000000000 | rs3: 0000000000000000 | alu_res: ffffffff7fc00000 | fflags: 00000
FP_TRACE PC: 80002250 | Instr: 0001a907 | rs1: ffffffff3fc00000 | rs2: 0000000000000000 | rs3: 0000000000000000 | alu_res: ffffffff7fc00000 | fflags: 00000
FP_TRACE PC: 8000225c | Instr: 915124c3 | rs1: ffffffff40000000 | rs2: ffffffff2f81ec66 | rs3: ffffffff40000000 | alu_res: ffffffff40000000 | fflags: 00001
FP_TRACE PC: 80002280 | Instr: 0092a027 | rs1: ffffffff40000000 | rs2: ffffffff40000000 | rs3: 0000000000000000 | alu_res: ffffffff40800000 | fflags: 00000
FP_TRACE PC: 800022bc | Instr: 0001a907 | rs1: ffffffff3fc00000 | rs2: 0000000000000000 | rs3: 0000000000000000 | alu_res: ffffffff7fc00000 | fflags: 00000
FP_TRACE PC: 800022c4 | Instr: 0001a707 | rs1: ffffffff3fc00000 | rs2: 0000000000000000 | rs3: 0000000000000000 | alu_res: ffffffff7fc00000 | fflags: 00000
FP_TRACE PC: 800022cc | Instr: 0001a787 | rs1: ffffffff3fc00000 | rs2: 0000000000000000 | rs3: 0000000000000000 | alu_res: ffffffff7fc00000 | fflags: 00000
FP_TRACE PC: 800022d8 | Instr: 78e94143 | rs1: ffffffff40000000 | rs2: ffffffff93316c55 | rs3: ffffffff40000000 | alu_res: ffffffff40000000 | fflags: 00001
FP_TRACE PC: 80002300 | Instr: 0022a027 | rs1: ffffffff40000000 | rs2: ffffffff40000000 | rs3: 0000000000000000 | alu_res: ffffffff40800000 | fflags: 00000
FP_TRACE PC: 8000233c | Instr: 0001a687 | rs1: ffffffff3fc00000 | rs2: 0000000000000000 | rs3: 0000000000000000 | alu_res: ffffffff7fc00000 | fflags: 00000
FP_TRACE PC: 80002344 | Instr: 0001ad07 | rs1: ffffffff3fc00000 | rs2: 0000000000000000 | rs3: 0000000000000000 | alu_res: ffffffff7fc00000 | fflags: 00000
FP_TRACE PC: 8000234c | Instr: 0001ae87 | rs1: ffffffff3fc00000 | rs2: 0000000000000000 | rs3: 0000000000000000 | alu_res: ffffffff7fc00000 | fflags: 00000
FP_TRACE PC: 80002358 | Instr: e9a68543 | rs1: ffffffff40000000 | rs2: ffffffff71a3226f | rs3: ffffffff40000000 | alu_res: ffffffff7223226f | fflags: 00001
FP_TRACE PC: 80002380 | Instr: 00a2a027 | rs1: ffffffff40000000 | rs2: ffffffff7223226f | rs3: 0000000000000000 | alu_res: ffffffff7223226f | fflags: 00001
FP_TRACE PC: 800023bc | Instr: 0001a807 | rs1: ffffffff3fc00000 | rs2: 0000000000000000 | rs3: 0000000000000000 | alu_res: ffffffff7fc00000 | fflags: 00000
FP_TRACE PC: 800023c4 | Instr: 0001ad07 | rs1: ffffffff3fc00000 | rs2: 0000000000000000 | rs3: 0000000000000000 | alu_res: ffffffff7fc00000 | fflags: 00000
FP_TRACE PC: 800023cc | Instr: 0001ae87 | rs1: ffffffff3fc00000 | rs2: 0000000000000000 | rs3: 0000000000000000 | alu_res: ffffffff7fc00000 | fflags: 00000
FP_TRACE PC: 800023d8 | Instr: e9a81743 | rs1: ffffffff40000000 | rs2: fffffffff9f77e02 | rs3: ffffffff40000000 | alu_res: fffffffffa777e01 | fflags: 00001
FP_TRACE PC: 80002400 | Instr: 00e2a027 | rs1: ffffffff40000000 | rs2: fffffffffa777e01 | rs3: 0000000000000000 | alu_res: fffffffffa777e01 | fflags: 00001
FP_TRACE PC: 8000243c | Instr: 0001a187 | rs1: ffffffff3fc00000 | rs2: 0000000000000000 | rs3: 0000000000000000 | alu_res: ffffffff7fc00000 | fflags: 00000
FP_TRACE PC: 80002444 | Instr: 0001ab07 | rs1: ffffffff40000000 | rs2: 0000000000000000 | rs3: 0000000000000000 | alu_res: ffffffff7fc00000 | fflags: 00000
FP_TRACE PC: 8000244c | Instr: 0001a687 | rs1: ffffffff40000000 | rs2: 0000000000000000 | rs3: 0000000000000000 | alu_res: ffffffff7fc00000 | fflags: 00000
FP_TRACE PC: 80002458 | Instr: 6961bfc3 | rs1: ffffffff40000000 | rs2: ffffffff4395ba8f | rs3: ffffffff40000000 | alu_res: ffffffff44163a8f | fflags: 00000
FP_TRACE PC: 80002480 | Instr: 01f2a027 | rs1: ffffffff40000000 | rs2: ffffffff44163a8f | rs3: 0000000000000000 | alu_res: ffffffff4416ba8f | fflags: 00000
FP_TRACE PC: 800024bc | Instr: 0001a807 | rs1: ffffffff40000000 | rs2: 0000000000000000 | rs3: 0000000000000000 | alu_res: ffffffff7fc00000 | fflags: 00000
FP_TRACE PC: 800024c4 | Instr: 0001a907 | rs1: ffffffff40000000 | rs2: 0000000000000000 | rs3: 0000000000000000 | alu_res: ffffffff7fc00000 | fflags: 00000
FP_TRACE PC: 800024cc | Instr: 0001ad07 | rs1: ffffffff40000000 | rs2: 0000000000000000 | rs3: 0000000000000000 | alu_res: ffffffff7fc00000 | fflags: 00000
FP_TRACE PC: 800024dc | Instr: d1287543 | rs1: ffffffff40000000 | rs2: ffffffff7d20df9f | rs3: ffffffffc0000000 | alu_res: ffffffff7da0df9f | fflags: 00001
FP_TRACE PC: 80002500 | Instr: 00a2a027 | rs1: ffffffff40000000 | rs2: ffffffff7da0df9f | rs3: 0000000000000000 | alu_res: ffffffff7da0df9f | fflags: 00001
FP_TRACE PC: 80002540 | Instr: 0001a107 | rs1: ffffffff40000000 | rs2: 0000000000000000 | rs3: 0000000000000000 | alu_res: ffffffff7fc00000 | fflags: 00000
FP_TRACE PC: 80002548 | Instr: 0001a087 | rs1: ffffffff40000000 | rs2: 0000000000000000 | rs3: 0000000000000000 | alu_res: ffffffff7fc00000 | fflags: 00000
FP_TRACE PC: 80002550 | Instr: 0001a907 | rs1: ffffffff40000000 | rs2: 0000000000000000 | rs3: 0000000000000000 | alu_res: ffffffff7fc00000 | fflags: 00000
FP_TRACE PC: 8000255c | Instr: 90112ec3 | rs1: ffffffff40000000 | rs2: ffffffff610030b8 | rs3: ffffffffc0000000 | alu_res: ffffffff618030b7 | fflags: 00001
FP_TRACE PC: 80002580 | Instr: 01d2a027 | rs1: ffffffff40000000 | rs2: ffffffff618030b7 | rs3: 0000000000000000 | alu_res: ffffffff618030b7 | fflags: 00001
FP_TRACE PC: 800025bc | Instr: 0001a307 | rs1: ffffffff40000000 | rs2: 0000000000000000 | rs3: 0000000000000000 | alu_res: ffffffff7fc00000 | fflags: 00000
FP_TRACE PC: 800025c4 | Instr: 0001ae07 | rs1: ffffffff40000000 | rs2: 0000000000000000 | rs3: 0000000000000000 | alu_res: ffffffff7fc00000 | fflags: 00000
FP_TRACE PC: 800025cc | Instr: 0001a487 | rs1: ffffffff40000000 | rs2: 0000000000000000 | rs3: 0000000000000000 | alu_res: ffffffff7fc00000 | fflags: 00000
FP_TRACE PC: 800025d8 | Instr: 49c340c3 | rs1: ffffffff40000000 | rs2: ffffffff1ab9f7a5 | rs3: ffffffffc0000000 | alu_res: ffffffffc0000000 | fflags: 00001
FP_TRACE PC: 80002600 | Instr: 0012a027 | rs1: ffffffff40000000 | rs2: ffffffffc0000000 | rs3: 0000000000000000 | alu_res: ffffffff00000000 | fflags: 00000
FP_TRACE PC: 8000263c | Instr: 0001a587 | rs1: ffffffff40000000 | rs2: 0000000000000000 | rs3: 0000000000000000 | alu_res: ffffffff7fc00000 | fflags: 00000
FP_TRACE PC: 80002644 | Instr: 0001a507 | rs1: ffffffff40000000 | rs2: 0000000000000000 | rs3: 0000000000000000 | alu_res: ffffffff7fc00000 | fflags: 00000
FP_TRACE PC: 8000264c | Instr: 0001ae87 | rs1: ffffffff40000000 | rs2: 0000000000000000 | rs3: 0000000000000000 | alu_res: ffffffff7fc00000 | fflags: 00000
FP_TRACE PC: 80002658 | Instr: e8a58843 | rs1: ffffffff40000000 | rs2: ffffffff9bb7ed57 | rs3: ffffffffc0000000 | alu_res: ffffffffc0000000 | fflags: 00001
FP_TRACE PC: 80002680 | Instr: 0102a027 | rs1: ffffffff40000000 | rs2: ffffffffc0000000 | rs3: 0000000000000000 | alu_res: ffffffff00000000 | fflags: 00000
FP_TRACE PC: 800026bc | Instr: 0001ac07 | rs1: ffffffff40000000 | rs2: 0000000000000000 | rs3: 0000000000000000 | alu_res: ffffffff7fc00000 | fflags: 00000
FP_TRACE PC: 800026c4 | Instr: 0001ae07 | rs1: ffffffff40000000 | rs2: 0000000000000000 | rs3: 0000000000000000 | alu_res: ffffffff7fc00000 | fflags: 00000
FP_TRACE PC: 800026cc | Instr: 0001a787 | rs1: ffffffff40000000 | rs2: 0000000000000000 | rs3: 0000000000000000 | alu_res: ffffffff7fc00000 | fflags: 00000
FP_TRACE PC: 800026d8 | Instr: 79cc1443 | rs1: ffffffff40000000 | rs2: ffffffff6ce9e2e2 | rs3: ffffffffc0000000 | alu_res: ffffffff6d69e2e1 | fflags: 00001
FP_TRACE PC: 80002700 | Instr: 0082a027 | rs1: ffffffff40000000 | rs2: ffffffff6d69e2e1 | rs3: 0000000000000000 | alu_res: ffffffff6d69e2e1 | fflags: 00001
FP_TRACE PC: 8000273c | Instr: 0001ab87 | rs1: ffffffff40000000 | rs2: 0000000000000000 | rs3: 0000000000000000 | alu_res: ffffffff7fc00000 | fflags: 00000
FP_TRACE PC: 80002744 | Instr: 0001a307 | rs1: ffffffff40000000 | rs2: 0000000000000000 | rs3: 0000000000000000 | alu_res: ffffffff7fc00000 | fflags: 00000
FP_TRACE PC: 8000274c | Instr: 0001a487 | rs1: ffffffff40000000 | rs2: 0000000000000000 | rs3: 0000000000000000 | alu_res: ffffffff7fc00000 | fflags: 00000
FP_TRACE PC: 80002758 | Instr: 486bb9c3 | rs1: ffffffff40000000 | rs2: ffffffff646a180e | rs3: ffffffffc0000000 | alu_res: ffffffff64ea180e | fflags: 00001
FP_TRACE PC: 80002780 | Instr: 0132a027 | rs1: ffffffff40000000 | rs2: ffffffff64ea180e | rs3: 0000000000000000 | alu_res: ffffffff64ea180e | fflags: 00001
FP_TRACE PC: 800027bc | Instr: 0001ab87 | rs1: ffffffff40000000 | rs2: 0000000000000000 | rs3: 0000000000000000 | alu_res: ffffffff7fc00000 | fflags: 00000
FP_TRACE PC: 800027c4 | Instr: 0001a107 | rs1: ffffffff40000000 | rs2: 0000000000000000 | rs3: 0000000000000000 | alu_res: ffffffff7fc00000 | fflags: 00000
FP_TRACE PC: 800027cc | Instr: 0001a807 | rs1: ffffffff40000000 | rs2: 0000000000000000 | rs3: 0000000000000000 | alu_res: ffffffff7fc00000 | fflags: 00000
FP_TRACE PC: 800027dc | Instr: 802bf743 | rs1: ffffffff40000000 | rs2: ffffffff03a4b71f | rs3: ffffffff00800000 | alu_res: ffffffff0425b71f | fflags: 00000
FP_TRACE PC: 80002800 | Instr: 00e2a027 | rs1: ffffffff40000000 | rs2: ffffffff0425b71f | rs3: 0000000000000000 | alu_res: ffffffff40000000 | fflags: 00001
FP_TRACE PC: 80002840 | Instr: 0001ad07 | rs1: ffffffff40000000 | rs2: 0000000000000000 | rs3: 0000000000000000 | alu_res: ffffffff7fc00000 | fflags: 00000
FP_TRACE PC: 80002848 | Instr: 0001ab87 | rs1: ffffffff40000000 | rs2: 0000000000000000 | rs3: 0000000000000000 | alu_res: ffffffff7fc00000 | fflags: 00000
FP_TRACE PC: 80002850 | Instr: 0001a787 | rs1: ffffffff40000000 | rs2: 0000000000000000 | rs3: 0000000000000000 | alu_res: ffffffff7fc00000 | fflags: 00000
FP_TRACE PC: 8000285c | Instr: 797d2ec3 | rs1: ffffffff40000000 | rs2: ffffffffe6552e5c | rs3: ffffffff00800000 | alu_res: ffffffffe6d52e5c | fflags: 00001
FP_TRACE PC: 80002880 | Instr: 01d2a027 | rs1: ffffffff40000000 | rs2: ffffffffe6d52e5c | rs3: 0000000000000000 | alu_res: ffffffffe6d52e5c | fflags: 00001
FP_TRACE PC: 800028bc | Instr: 0001ab87 | rs1: ffffffff40000000 | rs2: 0000000000000000 | rs3: 0000000000000000 | alu_res: ffffffff7fc00000 | fflags: 00000
FP_TRACE PC: 800028c4 | Instr: 0001ac87 | rs1: ffffffff40000000 | rs2: 0000000000000000 | rs3: 0000000000000000 | alu_res: ffffffff7fc00000 | fflags: 00000
FP_TRACE PC: 800028cc | Instr: 0001a787 | rs1: ffffffff40000000 | rs2: 0000000000000000 | rs3: 0000000000000000 | alu_res: ffffffff7fc00000 | fflags: 00000
FP_TRACE PC: 800028d8 | Instr: 799bcc43 | rs1: ffffffff40000000 | rs2: ffffffffaf646d3e | rs3: ffffffff00800000 | alu_res: ffffffffafe46d3e | fflags: 00001
FP_TRACE PC: 80002900 | Instr: 0182a027 | rs1: ffffffff40000000 | rs2: ffffffffafe46d3e | rs3: 0000000000000000 | alu_res: ffffffff40000000 | fflags: 00001
FP_TRACE PC: 8000293c | Instr: 0001aa07 | rs1: ffffffff40000000 | rs2: 0000000000000000 | rs3: 0000000000000000 | alu_res: ffffffff7fc00000 | fflags: 00000
FP_TRACE PC: 80002944 | Instr: 0001ab07 | rs1: ffffffff40000000 | rs2: 0000000000000000 | rs3: 0000000000000000 | alu_res: ffffffff7fc00000 | fflags: 00000
FP_TRACE PC: 8000294c | Instr: 0001ae87 | rs1: ffffffff40000000 | rs2: 0000000000000000 | rs3: 0000000000000000 | alu_res: ffffffff7fc00000 | fflags: 00000
FP_TRACE PC: 80002958 | Instr: e96a0e43 | rs1: ffffffff40000000 | rs2: ffffffff96f7b95e | rs3: ffffffff00800000 | alu_res: ffffffff9777b95e | fflags: 00001
FP_TRACE PC: 80002980 | Instr: 01c2a027 | rs1: ffffffff40000000 | rs2: ffffffff9777b95e | rs3: 0000000000000000 | alu_res: ffffffff40000000 | fflags: 00001
FP_TRACE PC: 800029bc | Instr: 0001a107 | rs1: ffffffff40000000 | rs2: 0000000000000000 | rs3: 0000000000000000 | alu_res: ffffffff7fc00000 | fflags: 00000
FP_TRACE PC: 800029c4 | Instr: 0001a787 | rs1: ffffffff40000000 | rs2: 0000000000000000 | rs3: 0000000000000000 | alu_res: ffffffff7fc00000 | fflags: 00000
FP_TRACE PC: 800029cc | Instr: 0001a307 | rs1: ffffffff40000000 | rs2: 0000000000000000 | rs3: 0000000000000000 | alu_res: ffffffff7fc00000 | fflags: 00000
FP_TRACE PC: 800029d8 | Instr: 30f11a43 | rs1: ffffffff40000000 | rs2: ffffffff297bff1c | rs3: ffffffff00800000 | alu_res: ffffffff29fbff1c | fflags: 00001
FP_TRACE PC: 80002a00 | Instr: 0142a027 | rs1: ffffffff40000000 | rs2: ffffffff29fbff1c | rs3: 0000000000000000 | alu_res: ffffffff40000000 | fflags: 00001
FP_TRACE PC: 80002a3c | Instr: 0001ab87 | rs1: ffffffff40000000 | rs2: 0000000000000000 | rs3: 0000000000000000 | alu_res: ffffffff7fc00000 | fflags: 00000
FP_TRACE PC: 80002a44 | Instr: 0001ae07 | rs1: ffffffff40000000 | rs2: 0000000000000000 | rs3: 0000000000000000 | alu_res: ffffffff7fc00000 | fflags: 00000
FP_TRACE PC: 80002a4c | Instr: 0001a307 | rs1: ffffffff40000000 | rs2: 0000000000000000 | rs3: 0000000000000000 | alu_res: ffffffff7fc00000 | fflags: 00000
FP_TRACE PC: 80002a58 | Instr: 31cbb643 | rs1: ffffffff40000000 | rs2: ffffffff3f0900bc | rs3: ffffffff00800000 | alu_res: ffffffff3f8900bd | fflags: 00001
FP_TRACE PC: 80002a80 | Instr: 00c2a027 | rs1: ffffffff40000000 | rs2: ffffffff3f8900bd | rs3: 0000000000000000 | alu_res: ffffffff4044805e | fflags: 00001
FP_TRACE PC: 80002abc | Instr: 0001a707 | rs1: ffffffff40000000 | rs2: 0000000000000000 | rs3: 0000000000000000 | alu_res: ffffffff7fc00000 | fflags: 00000
FP_TRACE PC: 80002ac4 | Instr: 0001a787 | rs1: ffffffff40000000 | rs2: 0000000000000000 | rs3: 0000000000000000 | alu_res: ffffffff7fc00000 | fflags: 00000
FP_TRACE PC: 80002acc | Instr: 0001a087 | rs1: ffffffff40000000 | rs2: 0000000000000000 | rs3: 0000000000000000 | alu_res: ffffffff7fc00000 | fflags: 00000
FP_TRACE PC: 80002adc | Instr: 08f77f43 | rs1: ffffffff40000000 | rs2: ffffffff8cefbf84 | rs3: ffffffff80800000 | alu_res: ffffffff8d6fbf84 | fflags: 00001
FP_TRACE PC: 80002b00 | Instr: 01e2a027 | rs1: ffffffff40000000 | rs2: ffffffff8d6fbf84 | rs3: 0000000000000000 | alu_res: ffffffff40000000 | fflags: 00001
FP_TRACE PC: 80002b40 | Instr: 0001a407 | rs1: ffffffff40000000 | rs2: 0000000000000000 | rs3: 0000000000000000 | alu_res: ffffffff7fc00000 | fflags: 00000
FP_TRACE PC: 80002b48 | Instr: 0001aa07 | rs1: ffffffff40000000 | rs2: 0000000000000000 | rs3: 0000000000000000 | alu_res: ffffffff7fc00000 | fflags: 00000
FP_TRACE PC: 80002b50 | Instr: 0001ad07 | rs1: ffffffff40000000 | rs2: 0000000000000000 | rs3: 0000000000000000 | alu_res: ffffffff7fc00000 | fflags: 00000
FP_TRACE PC: 80002b5c | Instr: d14424c3 | rs1: ffffffff40000000 | rs2: ffffffff1df0bff0 | rs3: ffffffff80800000 | alu_res: ffffffff1e70bfef | fflags: 00001
FP_TRACE PC: 80002b80 | Instr: 0092a027 | rs1: ffffffff40000000 | rs2: ffffffff1e70bfef | rs3: 0000000000000000 | alu_res: ffffffff40000000 | fflags: 00001
FP_TRACE PC: 80002bbc | Instr: 0001ae87 | rs1: ffffffff40000000 | rs2: 0000000000000000 | rs3: 0000000000000000 | alu_res: ffffffff7fc00000 | fflags: 00000
FP_TRACE PC: 80002bc4 | Instr: 0001a987 | rs1: ffffffff40000000 | rs2: 0000000000000000 | rs3: 0000000000000000 | alu_res: ffffffff7fc00000 | fflags: 00000
FP_TRACE PC: 80002bcc | Instr: 0001ae07 | rs1: ffffffff40000000 | rs2: 0000000000000000 | rs3: 0000000000000000 | alu_res: ffffffff7fc00000 | fflags: 00000
FP_TRACE PC: 80002bd8 | Instr: e13eccc3 | rs1: ffffffff40000000 | rs2: ffffffffa8902d02 | rs3: ffffffff80800000 | alu_res: ffffffffa9102d02 | fflags: 00001
FP_TRACE PC: 80002c00 | Instr: 0192a027 | rs1: ffffffff40000000 | rs2: ffffffffa9102d02 | rs3: 0000000000000000 | alu_res: ffffffff40000000 | fflags: 00001
FP_TRACE PC: 80002c3c | Instr: 0001aa87 | rs1: ffffffff40000000 | rs2: 0000000000000000 | rs3: 0000000000000000 | alu_res: ffffffff7fc00000 | fflags: 00000
FP_TRACE PC: 80002c44 | Instr: 0001a187 | rs1: ffffffff40000000 | rs2: 0000000000000000 | rs3: 0000000000000000 | alu_res: ffffffff7fc00000 | fflags: 00000
FP_TRACE PC: 80002c4c | Instr: 0001ae07 | rs1: ffffffff2de9bf0e | rs2: 0000000000000000 | rs3: 0000000000000000 | alu_res: ffffffff7fc00000 | fflags: 00000
FP_TRACE PC: 80002c58 | Instr: e03a8d43 | rs1: ffffffff40000000 | rs2: ffffffff2de9bf0e | rs3: ffffffff80800000 | alu_res: ffffffff2e69bf0e | fflags: 00001
FP_TRACE PC: 80002c80 | Instr: 01a2a027 | rs1: ffffffff40000000 | rs2: ffffffff2e69bf0e | rs3: 0000000000000000 | alu_res: ffffffff40000000 | fflags: 00001
FP_TRACE PC: 80002cbc | Instr: 0001ad07 | rs1: ffffffff2de9bf0e | rs2: 0000000000000000 | rs3: 0000000000000000 | alu_res: ffffffff7fc00000 | fflags: 00000
FP_TRACE PC: 80002cc4 | Instr: 0001a287 | rs1: ffffffff2de9bf0e | rs2: 0000000000000000 | rs3: 0000000000000000 | alu_res: ffffffff7fc00000 | fflags: 00000
FP_TRACE PC: 80002ccc | Instr: 0001ae07 | rs1: ffffffff2de9bf0e | rs2: 0000000000000000 | rs3: 0000000000000000 | alu_res: ffffffff7fc00000 | fflags: 00000
FP_TRACE PC: 80002cd8 | Instr: e05d13c3 | rs1: ffffffff40000000 | rs2: ffffffff6423d414 | rs3: ffffffff80800000 | alu_res: ffffffff64a3d413 | fflags: 00001
FP_TRACE PC: 80002d00 | Instr: 0072a027 | rs1: ffffffff6423d414 | rs2: ffffffff64a3d413 | rs3: 0000000000000000 | alu_res: ffffffff64f5be1d | fflags: 00000
FP_TRACE PC: 80002d3c | Instr: 0001a707 | rs1: ffffffff2de9bf0e | rs2: 0000000000000000 | rs3: 0000000000000000 | alu_res: ffffffff7fc00000 | fflags: 00000
FP_TRACE PC: 80002d44 | Instr: 0001a887 | rs1: ffffffff2de9bf0e | rs2: 0000000000000000 | rs3: 0000000000000000 | alu_res: ffffffff7fc00000 | fflags: 00000
FP_TRACE PC: 80002d4c | Instr: 0001a687 | rs1: ffffffff2de9bf0e | rs2: 0000000000000000 | rs3: 0000000000000000 | alu_res: ffffffff7fc00000 | fflags: 00000
FP_TRACE PC: 80002d58 | Instr: 691733c3 | rs1: ffffffff40000000 | rs2: ffffffff21daa009 | rs3: ffffffff80800000 | alu_res: ffffffff225aa009 | fflags: 00001
FP_TRACE PC: 80002d80 | Instr: 0072a027 | rs1: ffffffff6423d414 | rs2: ffffffff225aa009 | rs3: 0000000000000000 | alu_res: ffffffff6423d414 | fflags: 00001
FP_TRACE PC: 80002dbc | Instr: 0001ac07 | rs1: ffffffff2de9bf0e | rs2: 0000000000000000 | rs3: 0000000000000000 | alu_res: ffffffff7fc00000 | fflags: 00000
FP_TRACE PC: 80002dc4 | Instr: 0001a687 | rs1: ffffffff2de9bf0e | rs2: 0000000000000000 | rs3: 0000000000000000 | alu_res: ffffffff7fc00000 | fflags: 00000
FP_TRACE PC: 80002dcc | Instr: 0001af87 | rs1: ffffffff2de9bf0e | rs2: 0000000000000000 | rs3: 0000000000000000 | alu_res: ffffffff7fc00000 | fflags: 00000
FP_TRACE PC: 80002ddc | Instr: f8dc7843 | rs1: ffffffff40000000 | rs2: ffffffffb3bc6d3b | rs3: ffffffff7f7fffff | alu_res: ffffffff7f7ffffe | fflags: 00001
FP_TRACE PC: 80002e00 | Instr: 0102a027 | rs1: ffffffff6423d414 | rs2: ffffffff7f7ffffe | rs3: 0000000000000000 | alu_res: ffffffff7f7ffffe | fflags: 00001
FP_TRACE PC: 80002e40 | Instr: 0001af07 | rs1: ffffffff2de9bf0e | rs2: 0000000000000000 | rs3: 0000000000000000 | alu_res: ffffffff7fc00000 | fflags: 00000
FP_TRACE PC: 80002e48 | Instr: 0001ab87 | rs1: ffffffff2de9bf0e | rs2: 0000000000000000 | rs3: 0000000000000000 | alu_res: ffffffff7fc00000 | fflags: 00000
FP_TRACE PC: 80002e50 | Instr: 0001a507 | rs1: ffffffff2de9bf0e | rs2: 0000000000000000 | rs3: 0000000000000000 | alu_res: ffffffff7fc00000 | fflags: 00000
FP_TRACE PC: 80002e5c | Instr: 517f26c3 | rs1: ffffffff40000000 | rs2: ffffffffae149ddf | rs3: ffffffff7f7fffff | alu_res: ffffffff7f7ffffe | fflags: 00001
FP_TRACE PC: 80002e80 | Instr: 00d2a027 | rs1: ffffffff6423d414 | rs2: ffffffff7f7ffffe | rs3: 0000000000000000 | alu_res: ffffffff7f7ffffe | fflags: 00001
FP_TRACE PC: 80002ebc | Instr: 0001a687 | rs1: ffffffff2de9bf0e | rs2: 0000000000000000 | rs3: 0000000000000000 | alu_res: ffffffff7fc00000 | fflags: 00000
FP_TRACE PC: 80002ec4 | Instr: 0001a907 | rs1: ffffffff2de9bf0e | rs2: 0000000000000000 | rs3: 0000000000000000 | alu_res: ffffffff7fc00000 | fflags: 00000
FP_TRACE PC: 80002ecc | Instr: 0001a587 | rs1: ffffffff2de9bf0e | rs2: 0000000000000000 | rs3: 0000000000000000 | alu_res: ffffffff7fc00000 | fflags: 00000
FP_TRACE PC: 80002ed8 | Instr: 5926c9c3 | rs1: ffffffff40000000 | rs2: ffffffff24bf842c | rs3: ffffffff7f7fffff | alu_res: ffffffff7f7fffff | fflags: 00001
FP_TRACE PC: 80002f00 | Instr: 0132a027 | rs1: ffffffff6423d414 | rs2: ffffffff7f7fffff | rs3: 0000000000000000 | alu_res: ffffffff7f7fffff | fflags: 00001
FP_TRACE PC: 80002f3c | Instr: 0001ad07 | rs1: ffffffff2de9bf0e | rs2: 0000000000000000 | rs3: 0000000000000000 | alu_res: ffffffff7fc00000 | fflags: 00000
FP_TRACE PC: 80002f44 | Instr: 0001a807 | rs1: ffffffff2de9bf0e | rs2: 0000000000000000 | rs3: 0000000000000000 | alu_res: ffffffff7fc00000 | fflags: 00000
FP_TRACE PC: 80002f4c | Instr: 0001ad87 | rs1: ffffffff2de9bf0e | rs2: 0000000000000000 | rs3: 0000000000000000 | alu_res: ffffffff7fc00000 | fflags: 00000
FP_TRACE PC: 80002f58 | Instr: d90d0f43 | rs1: ffffffff40000000 | rs2: ffffffff50f6bdf9 | rs3: ffffffff7f7fffff | alu_res: ffffffff7f7fffff | fflags: 00001
FP_TRACE PC: 80002f80 | Instr: 01e2a027 | rs1: ffffffff6423d414 | rs2: ffffffff7f7fffff | rs3: 0000000000000000 | alu_res: ffffffff7f7fffff | fflags: 00001
FP_TRACE PC: 80002fbc | Instr: 0001a487 | rs1: ffffffff2de9bf0e | rs2: 0000000000000000 | rs3: 0000000000000000 | alu_res: ffffffff7fc00000 | fflags: 00000
FP_TRACE PC: 80002fc4 | Instr: 0001a787 | rs1: ffffffff2de9bf0e | rs2: 0000000000000000 | rs3: 0000000000000000 | alu_res: ffffffff7fc00000 | fflags: 00000
FP_TRACE PC: 80002fcc | Instr: 0001a387 | rs1: ffffffff2de9bf0e | rs2: 0000000000000000 | rs3: 0000000000000000 | alu_res: ffffffff7fc00000 | fflags: 00000
FP_TRACE PC: 80002fd8 | Instr: 38f49943 | rs1: ffffffff40000000 | rs2: ffffffff212cc88f | rs3: ffffffff7f7fffff | alu_res: ffffffff7f7fffff | fflags: 00001
FP_TRACE PC: 80003000 | Instr: 0122a027 | rs1: ffffffff6423d414 | rs2: ffffffff7f7fffff | rs3: 0000000000000000 | alu_res: ffffffff7f7fffff | fflags: 00001
FP_TRACE PC: 8000303c | Instr: 0001a387 | rs1: ffffffff2de9bf0e | rs2: 0000000000000000 | rs3: 0000000000000000 | alu_res: ffffffff7fc00000 | fflags: 00000
FP_TRACE PC: 80003044 | Instr: 0001a907 | rs1: ffffffff2de9bf0e | rs2: 0000000000000000 | rs3: 0000000000000000 | alu_res: ffffffff7fc00000 | fflags: 00000
FP_TRACE PC: 8000304c | Instr: 0001ae87 | rs1: ffffffff2de9bf0e | rs2: 0000000000000000 | rs3: 0000000000000000 | alu_res: ffffffff7fc00000 | fflags: 00000
FP_TRACE PC: 80003058 | Instr: e923b4c3 | rs1: ffffffff40000000 | rs2: ffffffff0ed7ce50 | rs3: ffffffff7f7fffff | alu_res: ffffffff7f800000 | fflags: 00101
FP_TRACE PC: 80003080 | Instr: 0092a027 | rs1: ffffffff6423d414 | rs2: ffffffff7f800000 | rs3: 0000000000000000 | alu_res: ffffffff7f800000 | fflags: 00000
FP_TRACE PC: 800030bc | Instr: 0001a287 | rs1: ffffffff2de9bf0e | rs2: 0000000000000000 | rs3: 0000000000000000 | alu_res: ffffffff7fc00000 | fflags: 00000
FP_TRACE PC: 800030c4 | Instr: 0001a387 | rs1: ffffffff2de9bf0e | rs2: 0000000000000000 | rs3: 0000000000000000 | alu_res: ffffffff7fc00000 | fflags: 00000
FP_TRACE PC: 800030cc | Instr: 0001a407 | rs1: ffffffff2de9bf0e | rs2: 0000000000000000 | rs3: 0000000000000000 | alu_res: ffffffff7fc00000 | fflags: 00000
FP_TRACE PC: 800030dc | Instr: 4072fb43 | rs1: ffffffff40000000 | rs2: ffffffff7ad85edf | rs3: ffffffffff7fffff | alu_res: ffffffffff7f27a0 | fflags: 00001
FP_TRACE PC: 80003100 | Instr: 0162a027 | rs1: ffffffff40000000 | rs2: ffffffffff7f27a0 | rs3: 0000000000000000 | alu_res: ffffffffff7f27a0 | fflags: 00001
FP_TRACE PC: 80003140 | Instr: 0001a607 | rs1: ffffffff2de9bf0e | rs2: 0000000000000000 | rs3: 0000000000000000 | alu_res: ffffffff7fc00000 | fflags: 00000
FP_TRACE PC: 80003148 | Instr: 0001a287 | rs1: ffffffff2de9bf0e | rs2: 0000000000000000 | rs3: 0000000000000000 | alu_res: ffffffff7fc00000 | fflags: 00000
FP_TRACE PC: 80003150 | Instr: 0001a387 | rs1: ffffffff2de9bf0e | rs2: 0000000000000000 | rs3: 0000000000000000 | alu_res: ffffffff7fc00000 | fflags: 00000
FP_TRACE PC: 8000315c | Instr: 38562ec3 | rs1: ffffffff40000000 | rs2: ffffffffb98ea2ce | rs3: ffffffffff7fffff | alu_res: ffffffffff800000 | fflags: 00101
FP_TRACE PC: 80003180 | Instr: 01d2a027 | rs1: ffffffffb98ea2ce | rs2: ffffffffff800000 | rs3: 0000000000000000 | alu_res: ffffffffff800000 | fflags: 00000
FP_TRACE PC: 800031bc | Instr: 0001ab87 | rs1: ffffffff2de9bf0e | rs2: 0000000000000000 | rs3: 0000000000000000 | alu_res: ffffffff7fc00000 | fflags: 00000
FP_TRACE PC: 800031c4 | Instr: 0001a987 | rs1: ffffffff2de9bf0e | rs2: 0000000000000000 | rs3: 0000000000000000 | alu_res: ffffffff7fc00000 | fflags: 00000
FP_TRACE PC: 800031cc | Instr: 0001a587 | rs1: ffffffff2de9bf0e | rs2: 0000000000000000 | rs3: 0000000000000000 | alu_res: ffffffff7fc00000 | fflags: 00000
FP_TRACE PC: 800031d8 | Instr: 593bc543 | rs1: ffffffff40000000 | rs2: ffffffff28a37860 | rs3: ffffffffff7fffff | alu_res: ffffffffff7fffff | fflags: 00001
FP_TRACE PC: 80003200 | Instr: 00a2a027 | rs1: ffffffffb98ea2ce | rs2: ffffffffff7fffff | rs3: 0000000000000000 | alu_res: ffffffffff7fffff | fflags: 00001
FP_TRACE PC: 8000323c | Instr: 0001a307 | rs1: ffffffff2de9bf0e | rs2: 0000000000000000 | rs3: 0000000000000000 | alu_res: ffffffff7fc00000 | fflags: 00000
FP_TRACE PC: 80003244 | Instr: 0001a287 | rs1: ffffffff2de9bf0e | rs2: 0000000000000000 | rs3: 0000000000000000 | alu_res: ffffffff7fc00000 | fflags: 00000
FP_TRACE PC: 8000324c | Instr: 0001ac87 | rs1: ffffffff2de9bf0e | rs2: 0000000000000000 | rs3: 0000000000000000 | alu_res: ffffffff7fc00000 | fflags: 00000
FP_TRACE PC: 80003258 | Instr: c85307c3 | rs1: ffffffff40000000 | rs2: ffffffffc0ab8e48 | rs3: ffffffffff7fffff | alu_res: ffffffffff7fffff | fflags: 00001
FP_TRACE PC: 80003280 | Instr: 00f2a027 | rs1: ffffffffc0ab8e48 | rs2: ffffffffff7fffff | rs3: 0000000000000000 | alu_res: ffffffffff7fffff | fflags: 00001
FP_TRACE PC: 800032bc | Instr: 0001a707 | rs1: ffffffff2de9bf0e | rs2: 0000000000000000 | rs3: 0000000000000000 | alu_res: ffffffff7fc00000 | fflags: 00000
FP_TRACE PC: 800032c4 | Instr: 0001a487 | rs1: ffffffff2de9bf0e | rs2: 0000000000000000 | rs3: 0000000000000000 | alu_res: ffffffff7fc00000 | fflags: 00000
FP_TRACE PC: 800032cc | Instr: 0001aa87 | rs1: ffffffff2de9bf0e | rs2: 0000000000000000 | rs3: 0000000000000000 | alu_res: ffffffff7fc00000 | fflags: 00000
FP_TRACE PC: 800032d8 | Instr: a8971c43 | rs1: ffffffff40000000 | rs2: ffffffffa16da8c4 | rs3: ffffffffff7fffff | alu_res: ffffffffff7fffff | fflags: 00001
FP_TRACE PC: 80003300 | Instr: 0182a027 | rs1: ffffffffc0ab8e48 | rs2: ffffffffff7fffff | rs3: 0000000000000000 | alu_res: ffffffffff7fffff | fflags: 00001
FP_TRACE PC: 8000333c | Instr: 0001ad07 | rs1: ffffffff2de9bf0e | rs2: 0000000000000000 | rs3: 0000000000000000 | alu_res: ffffffff7fc00000 | fflags: 00000
FP_TRACE PC: 80003344 | Instr: 0001a487 | rs1: ffffffff2de9bf0e | rs2: 0000000000000000 | rs3: 0000000000000000 | alu_res: ffffffff7fc00000 | fflags: 00000
FP_TRACE PC: 8000334c | Instr: 0001a507 | rs1: ffffffff2de9bf0e | rs2: 0000000000000000 | rs3: 0000000000000000 | alu_res: ffffffff7fc00000 | fflags: 00000
FP_TRACE PC: 80003358 | Instr: 509d3f43 | rs1: ffffffff40000000 | rs2: ffffffff61e9fdd9 | rs3: ffffffffff7fffff | alu_res: ffffffffff7ffffe | fflags: 00001
FP_TRACE PC: 80003380 | Instr: 01e2a027 | rs1: ffffffffc0ab8e48 | rs2: ffffffffff7ffffe | rs3: 0000000000000000 | alu_res: ffffffffff7ffffe | fflags: 00001
FP_TRACE PC: 800033bc | Instr: 0001aa87 | rs1: ffffffff2de9bf0e | rs2: 0000000000000000 | rs3: 0000000000000000 | alu_res: ffffffff7fc00000 | fflags: 00000
FP_TRACE PC: 800033c4 | Instr: 0001a787 | rs1: ffffffff2de9bf0e | rs2: 0000000000000000 | rs3: 0000000000000000 | alu_res: ffffffff7fc00000 | fflags: 00000
FP_TRACE PC: 800033cc | Instr: 0001a487 | rs1: ffffffff2de9bf0e | rs2: 0000000000000000 | rs3: 0000000000000000 | alu_res: ffffffff7fc00000 | fflags: 00000
FP_TRACE PC: 800033dc | Instr: 48faffc3 | rs1: ffffffff40000000 | rs2: fffffffff3c329cf | rs3: ffffffff007fffff | alu_res: fffffffff44329cf | fflags: 00001
FP_TRACE PC: 80003400 | Instr: 01f2a027 | rs1: ffffffffc0ab8e48 | rs2: fffffffff44329cf | rs3: 0000000000000000 | alu_res: fffffffff44329cf | fflags: 00001
FP_TRACE PC: 80003440 | Instr: 0001a607 | rs1: ffffffff2de9bf0e | rs2: 0000000000000000 | rs3: 0000000000000000 | alu_res: ffffffff7fc00000 | fflags: 00000
FP_TRACE PC: 80003448 | Instr: 0001ab87 | rs1: ffffffff2de9bf0e | rs2: 0000000000000000 | rs3: 0000000000000000 | alu_res: ffffffff7fc00000 | fflags: 00000
FP_TRACE PC: 80003450 | Instr: 0001a387 | rs1: ffffffff2de9bf0e | rs2: 0000000000000000 | rs3: 0000000000000000 | alu_res: ffffffff7fc00000 | fflags: 00000
FP_TRACE PC: 8000345c | Instr: 39762943 | rs1: ffffffff40000000 | rs2: ffffffff941e8de7 | rs3: ffffffff007fffff | alu_res: ffffffff949e8de7 | fflags: 00001
FP_TRACE PC: 80003480 | Instr: 0122a027 | rs1: ffffffffc0ab8e48 | rs2: ffffffff949e8de7 | rs3: 0000000000000000 | alu_res: ffffffffc0ab8e48 | fflags: 00001
FP_TRACE PC: 800034bc | Instr: 0001ac07 | rs1: ffffffff2de9bf0e | rs2: 0000000000000000 | rs3: 0000000000000000 | alu_res: ffffffff7fc00000 | fflags: 00000
FP_TRACE PC: 800034c4 | Instr: 0001af87 | rs1: ffffffff2de9bf0e | rs2: 0000000000000000 | rs3: 0000000000000000 | alu_res: ffffffff7fc00000 | fflags: 00000
FP_TRACE PC: 800034cc | Instr: 0001a807 | rs1: ffffffff2de9bf0e | rs2: 0000000000000000 | rs3: 0000000000000000 | alu_res: ffffffff7fc00000 | fflags: 00000
FP_TRACE PC: 800034d8 | Instr: 81fc4643 | rs1: ffffffff40000000 | rs2: ffffffff9630efe1 | rs3: ffffffff007fffff | alu_res: ffffffff96b0efe1 | fflags: 00001
FP_TRACE PC: 80003500 | Instr: 00c2a027 | rs1: ffffffffc0ab8e48 | rs2: ffffffff96b0efe1 | rs3: 0000000000000000 | alu_res: ffffffffc0ab8e48 | fflags: 00001
FP_TRACE PC: 8000353c | Instr: 0001ab07 | rs1: ffffffff2de9bf0e | rs2: 0000000000000000 | rs3: 0000000000000000 | alu_res: ffffffff7fc00000 | fflags: 00000
FP_TRACE PC: 80003544 | Instr: 0001a607 | rs1: ffffffff2de9bf0e | rs2: 0000000000000000 | rs3: 0000000000000000 | alu_res: ffffffff7fc00000 | fflags: 00000
FP_TRACE PC: 8000354c | Instr: 0001ac87 | rs1: ffffffff2de9bf0e | rs2: 0000000000000000 | rs3: 0000000000000000 | alu_res: ffffffff7fc00000 | fflags: 00000
FP_TRACE PC: 80003558 | Instr: c8cb0ec3 | rs1: ffffffff40000000 | rs2: ffffffffd402b376 | rs3: ffffffff007fffff | alu_res: ffffffffd482b376 | fflags: 00001
FP_TRACE PC: 80003580 | Instr: 01d2a027 | rs1: ffffffffc0ab8e48 | rs2: ffffffffd482b376 | rs3: 0000000000000000 | alu_res: ffffffffd482b376 | fflags: 00001
FP_TRACE PC: 800035bc | Instr: 0001aa07 | rs1: ffffffff2de9bf0e | rs2: 0000000000000000 | rs3: 0000000000000000 | alu_res: ffffffff7fc00000 | fflags: 00000
FP_TRACE PC: 800035c4 | Instr: 0001a407 | rs1: ffffffff2de9bf0e | rs2: 0000000000000000 | rs3: 0000000000000000 | alu_res: ffffffff7fc00000 | fflags: 00000
FP_TRACE PC: 800035cc | Instr: 0001a607 | rs1: ffffffff2de9bf0e | rs2: 0000000000000000 | rs3: 0000000000000000 | alu_res: ffffffff7fc00000 | fflags: 00000
FP_TRACE PC: 800035d8 | Instr: 608a1c43 | rs1: ffffffff40000000 | rs2: ffffffffd9c0b03c | rs3: ffffffff007fffff | alu_res: ffffffffda40b03b | fflags: 00001
FP_TRACE PC: 80003600 | Instr: 0182a027 | rs1: ffffffffc0ab8e48 | rs2: ffffffffda40b03b | rs3: 0000000000000000 | alu_res: ffffffffda40b03b | fflags: 00001
FP_TRACE PC: 8000363c | Instr: 0001a887 | rs1: ffffffff2de9bf0e | rs2: 0000000000000000 | rs3: 0000000000000000 | alu_res: ffffffff7fc00000 | fflags: 00000
FP_TRACE PC: 80003644 | Instr: 0001ad87 | rs1: ffffffff2de9bf0e | rs2: 0000000000000000 | rs3: 0000000000000000 | alu_res: ffffffff7fc00000 | fflags: 00000
FP_TRACE PC: 8000364c | Instr: 0001a507 | rs1: ffffffff2de9bf0e | rs2: 0000000000000000 | rs3: 0000000000000000 | alu_res: ffffffff7fc00000 | fflags: 00000
FP_TRACE PC: 80003658 | Instr: 51b8be43 | rs1: ffffffff40000000 | rs2: ffffffffab178dc2 | rs3: ffffffff007fffff | alu_res: ffffffffab978dc1 | fflags: 00001
FP_TRACE PC: 80003680 | Instr: 01c2a027 | rs1: ffffffffc0ab8e48 | rs2: ffffffffab978dc1 | rs3: 0000000000000000 | alu_res: ffffffffc0ab8e48 | fflags: 00001
FP_TRACE PC: 800036bc | Instr: 0001ac07 | rs1: ffffffff2de9bf0e | rs2: 0000000000000000 | rs3: 0000000000000000 | alu_res: ffffffff7fc00000 | fflags: 00000
FP_TRACE PC: 800036c4 | Instr: 0001ad87 | rs1: ffffffff2de9bf0e | rs2: 0000000000000000 | rs3: 0000000000000000 | alu_res: ffffffff7fc00000 | fflags: 00000
FP_TRACE PC: 800036cc | Instr: 0001a607 | rs1: ffffffff2de9bf0e | rs2: 0000000000000000 | rs3: 0000000000000000 | alu_res: ffffffff7fc00000 | fflags: 00000
FP_TRACE PC: 800036dc | Instr: 61bc7343 | rs1: ffffffff40000000 | rs2: ffffffff077060d0 | rs3: ffffffff807fffff | alu_res: ffffffff07f05ed0 | fflags: 00001
FP_TRACE PC: 80003700 | Instr: 0062a027 | rs1: ffffffffc0ab8e48 | rs2: ffffffff07f05ed0 | rs3: 0000000000000000 | alu_res: ffffffffc0ab8e48 | fflags: 00001
FP_TRACE PC: 80003740 | Instr: 0001a507 | rs1: ffffffff2de9bf0e | rs2: 0000000000000000 | rs3: 0000000000000000 | alu_res: ffffffff7fc00000 | fflags: 00000
FP_TRACE PC: 80003748 | Instr: 0001ab87 | rs1: ffffffff2de9bf0e | rs2: 0000000000000000 | rs3: 0000000000000000 | alu_res: ffffffff7fc00000 | fflags: 00000
FP_TRACE PC: 80003750 | Instr: 0001a307 | rs1: ffffffff2de9bf0e | rs2: 0000000000000000 | rs3: 0000000000000000 | alu_res: ffffffff7fc00000 | fflags: 00000
FP_TRACE PC: 8000375c | Instr: 31752b43 | rs1: ffffffff40000000 | rs2: ffffffffb68fe275 | rs3: ffffffff807fffff | alu_res: ffffffffb70fe276 | fflags: 00001
FP_TRACE PC: 80003780 | Instr: 0162a027 | rs1: ffffffffc0ab8e48 | rs2: ffffffffb70fe276 | rs3: 0000000000000000 | alu_res: ffffffffc0ab8e5a | fflags: 00001
FP_TRACE PC: 800037bc | Instr: 0001ae07 | rs1: ffffffff2de9bf0e | rs2: 0000000000000000 | rs3: 0000000000000000 | alu_res: ffffffff7fc00000 | fflags: 00000
FP_TRACE PC: 800037c4 | Instr: 0001af07 | rs1: ffffffff2de9bf0e | rs2: 0000000000000000 | rs3: 0000000000000000 | alu_res: ffffffff7fc00000 | fflags: 00000
FP_TRACE PC: 800037cc | Instr: 0001a987 | rs1: ffffffff2de9bf0e | rs2: 0000000000000000 | rs3: 0000000000000000 | alu_res: ffffffff7fc00000 | fflags: 00000
FP_TRACE PC: 800037d8 | Instr: 99ee47c3 | rs1: ffffffff40000000 | rs2: ffffffff84076fc8 | rs3: ffffffff807fffff | alu_res: ffffffff8487efc8 | fflags: 00001
FP_TRACE PC: 80003800 | Instr: 00f2a027 | rs1: ffffffffc0ab8e48 | rs2: ffffffff8487efc8 | rs3: 0000000000000000 | alu_res: ffffffffc0ab8e48 | fflags: 00001
FP_TRACE PC: 8000383c | Instr: 0001a907 | rs1: ffffffff2de9bf0e | rs2: 0000000000000000 | rs3: 0000000000000000 | alu_res: ffffffff7fc00000 | fflags: 00000
FP_TRACE PC: 80003844 | Instr: 0001a887 | rs1: ffffffff2de9bf0e | rs2: 0000000000000000 | rs3: 0000000000000000 | alu_res: ffffffff7fc00000 | fflags: 00000
FP_TRACE PC: 8000384c | Instr: 0001a587 | rs1: ffffffff2de9bf0e | rs2: 0000000000000000 | rs3: 0000000000000000 | alu_res: ffffffff7fc00000 | fflags: 00000
FP_TRACE PC: 80003858 | Instr: 59190ec3 | rs1: ffffffff40000000 | rs2: ffffffff3a658752 | rs3: ffffffff807fffff | alu_res: ffffffff3ae58752 | fflags: 00001
FP_TRACE PC: 80003880 | Instr: 01d2a027 | rs1: ffffffffc0ab8e48 | rs2: ffffffff3ae58752 | rs3: 0000000000000000 | alu_res: ffffffffc0ab7ff0 | fflags: 00001
FP_TRACE PC: 800038bc | Instr: 0001a607 | rs1: ffffffff2de9bf0e | rs2: 0000000000000000 | rs3: 0000000000000000 | alu_res: ffffffff7fc00000 | fflags: 00000
FP_TRACE PC: 800038c4 | Instr: 0001a307 | rs1: ffffffff2de9bf0e | rs2: 0000000000000000 | rs3: 0000000000000000 | alu_res: ffffffff7fc00000 | fflags: 00000
FP_TRACE PC: 800038cc | Instr: 0001a487 | rs1: ffffffff2de9bf0e | rs2: 0000000000000000 | rs3: 0000000000000000 | alu_res: ffffffff7fc00000 | fflags: 00000
FP_TRACE PC: 800038d8 | Instr: 48661443 | rs1: ffffffff40000000 | rs2: ffffffff6b60092b | rs3: ffffffff807fffff | alu_res: ffffffff6be0092a | fflags: 00001
FP_TRACE PC: 80003900 | Instr: 0082a027 | rs1: ffffffffc0ab8e48 | rs2: ffffffff6be0092a | rs3: 0000000000000000 | alu_res: ffffffff6be0092a | fflags: 00001
FP_TRACE PC: 8000393c | Instr: 0001ab87 | rs1: ffffffff2de9bf0e | rs2: 0000000000000000 | rs3: 0000000000000000 | alu_res: ffffffff7fc00000 | fflags: 00000
FP_TRACE PC: 80003944 | Instr: 0001a107 | rs1: ffffffff2de9bf0e | rs2: 0000000000000000 | rs3: 0000000000000000 | alu_res: ffffffff7fc00000 | fflags: 00000
FP_TRACE PC: 8000394c | Instr: 0001a507 | rs1: ffffffff2de9bf0e | rs2: 0000000000000000 | rs3: 0000000000000000 | alu_res: ffffffff7fc00000 | fflags: 00000
FP_TRACE PC: 80003958 | Instr: 502bb643 | rs1: ffffffff40000000 | rs2: ffffffff785692f1 | rs3: ffffffff807fffff | alu_res: ffffffff78d692f1 | fflags: 00001
FP_TRACE PC: 80003980 | Instr: 00c2a027 | rs1: ffffffffc0ab8e48 | rs2: ffffffff78d692f1 | rs3: 0000000000000000 | alu_res: ffffffff78d692f1 | fflags: 00001
FP_TRACE PC: 800039bc | Instr: 0001a087 | rs1: ffffffff2de9bf0e | rs2: 0000000000000000 | rs3: 0000000000000000 | alu_res: ffffffff7fc00000 | fflags: 00000
FP_TRACE PC: 800039c4 | Instr: 0001ab87 | rs1: ffffffff2de9bf0e | rs2: 0000000000000000 | rs3: 0000000000000000 | alu_res: ffffffff7fc00000 | fflags: 00000
FP_TRACE PC: 800039cc | Instr: 0001a787 | rs1: ffffffff2de9bf0e | rs2: 0000000000000000 | rs3: 0000000000000000 | alu_res: ffffffff7fc00000 | fflags: 00000
FP_TRACE PC: 800039dc | Instr: 7970f9c3 | rs1: ffffffff40000000 | rs2: ffffffff43bd77aa | rs3: ffffffff00400000 | alu_res: ffffffff443d77aa | fflags: 00001
FP_TRACE PC: 80003a00 | Instr: 0132a027 | rs1: ffffffffc0ab8e48 | rs2: ffffffff443d77aa | rs3: 0000000000000000 | alu_res: ffffffff443c208d | fflags: 00001
FP_TRACE PC: 80003a40 | Instr: 0001a307 | rs1: ffffffff2de9bf0e | rs2: 0000000000000000 | rs3: 0000000000000000 | alu_res: ffffffff7fc00000 | fflags: 00000
FP_TRACE PC: 80003a48 | Instr: 0001a507 | rs1: ffffffff2de9bf0e | rs2: 0000000000000000 | rs3: 0000000000000000 | alu_res: ffffffff7fc00000 | fflags: 00000
FP_TRACE PC: 80003a50 | Instr: 0001a587 | rs1: ffffffff2de9bf0e | rs2: 0000000000000000 | rs3: 0000000000000000 | alu_res: ffffffff7fc00000 | fflags: 00000
FP_TRACE PC: 80003a5c | Instr: 58a326c3 | rs1: ffffffff40000000 | rs2: ffffffffe2a6ba2a | rs3: ffffffff00400000 | alu_res: ffffffffe326ba2a | fflags: 00001
FP_TRACE PC: 80003a80 | Instr: 00d2a027 | rs1: ffffffffc0ab8e48 | rs2: ffffffffe326ba2a | rs3: 0000000000000000 | alu_res: ffffffffe326ba2a | fflags: 00001
FP_TRACE PC: 80003abc | Instr: 0001a607 | rs1: ffffffff2de9bf0e | rs2: 0000000000000000 | rs3: 0000000000000000 | alu_res: ffffffff7fc00000 | fflags: 00000
FP_TRACE PC: 80003ac4 | Instr: 0001ab87 | rs1: ffffffff2de9bf0e | rs2: 0000000000000000 | rs3: 0000000000000000 | alu_res: ffffffff7fc00000 | fflags: 00000
FP_TRACE PC: 80003acc | Instr: 0001a107 | rs1: ffffffff2de9bf0e | rs2: 0000000000000000 | rs3: 0000000000000000 | alu_res: ffffffff7fc00000 | fflags: 00000
FP_TRACE PC: 80003ad8 | Instr: 11764fc3 | rs1: ffffffff40000000 | rs2: ffffffffca23f54a | rs3: ffffffff00400000 | alu_res: ffffffffcaa3f54a | fflags: 00001
FP_TRACE PC: 80003b00 | Instr: 01f2a027 | rs1: ffffffffc0ab8e48 | rs2: ffffffffcaa3f54a | rs3: 0000000000000000 | alu_res: ffffffffcaa3f555 | fflags: 00001
FP_TRACE PC: 80003b3c | Instr: 0001a907 | rs1: ffffffff2de9bf0e | rs2: 0000000000000000 | rs3: 0000000000000000 | alu_res: ffffffff7fc00000 | fflags: 00000
FP_TRACE PC: 80003b44 | Instr: 0001ad07 | rs1: ffffffff2de9bf0e | rs2: 0000000000000000 | rs3: 0000000000000000 | alu_res: ffffffff7fc00000 | fflags: 00000
FP_TRACE PC: 80003b4c | Instr: 0001a687 | rs1: ffffffff2de9bf0e | rs2: 0000000000000000 | rs3: 0000000000000000 | alu_res: ffffffff7fc00000 | fflags: 00000
FP_TRACE PC: 80003b58 | Instr: 69a90dc3 | rs1: ffffffff40000000 | rs2: ffffffff46fc8e8d | rs3: ffffffff00400000 | alu_res: ffffffff477c8e8d | fflags: 00001
FP_TRACE PC: 80003b80 | Instr: 01b2a027 | rs1: ffffffffc0ab8e48 | rs2: ffffffff477c8e8d | rs3: 0000000000000000 | alu_res: ffffffff477c8931 | fflags: 00001
FP_TRACE PC: 80003bbc | Instr: 0001a487 | rs1: ffffffff2de9bf0e | rs2: 0000000000000000 | rs3: 0000000000000000 | alu_res: ffffffff7fc00000 | fflags: 00000
FP_TRACE PC: 80003bc4 | Instr: 0001ae87 | rs1: ffffffff2de9bf0e | rs2: 0000000000000000 | rs3: 0000000000000000 | alu_res: ffffffff7fc00000 | fflags: 00000
FP_TRACE PC: 80003bcc | Instr: 0001ab07 | rs1: ffffffff2de9bf0e | rs2: 0000000000000000 | rs3: 0000000000000000 | alu_res: ffffffff7fc00000 | fflags: 00000
FP_TRACE PC: 80003bd8 | Instr: b1d490c3 | rs1: ffffffff40000000 | rs2: ffffffff2b633fd5 | rs3: ffffffff00400000 | alu_res: ffffffff2be33fd5 | fflags: 00001
FP_TRACE PC: 80003c00 | Instr: 0012a027 | rs1: ffffffffc0ab8e48 | rs2: ffffffff2be33fd5 | rs3: 0000000000000000 | alu_res: ffffffffc0ab8e48 | fflags: 00001
FP_TRACE PC: 80003c3c | Instr: 0001aa87 | rs1: ffffffff2de9bf0e | rs2: 0000000000000000 | rs3: 0000000000000000 | alu_res: ffffffff7fc00000 | fflags: 00000
FP_TRACE PC: 80003c44 | Instr: 0001ac87 | rs1: ffffffff2de9bf0e | rs2: 0000000000000000 | rs3: 0000000000000000 | alu_res: ffffffff7fc00000 | fflags: 00000
FP_TRACE PC: 80003c4c | Instr: 0001a907 | rs1: ffffffff2de9bf0e | rs2: 0000000000000000 | rs3: 0000000000000000 | alu_res: ffffffff7fc00000 | fflags: 00000
FP_TRACE PC: 80003c58 | Instr: 919abdc3 | rs1: ffffffff40000000 | rs2: fffffffff12f3297 | rs3: ffffffff00400000 | alu_res: fffffffff1af3296 | fflags: 00001
FP_TRACE PC: 80003c80 | Instr: 01b2a027 | rs1: ffffffffc0ab8e48 | rs2: fffffffff1af3296 | rs3: 0000000000000000 | alu_res: fffffffff1af3296 | fflags: 00001
FP_TRACE PC: 80003cbc | Instr: 0001ac07 | rs1: ffffffff2de9bf0e | rs2: 0000000000000000 | rs3: 0000000000000000 | alu_res: ffffffff7fc00000 | fflags: 00000
FP_TRACE PC: 80003cc4 | Instr: 0001a607 | rs1: ffffffff2de9bf0e | rs2: 0000000000000000 | rs3: 0000000000000000 | alu_res: ffffffff7fc00000 | fflags: 00000
FP_TRACE PC: 80003ccc | Instr: 0001a087 | rs1: ffffffff2de9bf0e | rs2: 0000000000000000 | rs3: 0000000000000000 | alu_res: ffffffff7fc00000 | fflags: 00000
FP_TRACE PC: 80003cdc | Instr: 08cc75c3 | rs1: ffffffff40000000 | rs2: ffffffff0a6d7a3d | rs3: ffffffff80400000 | alu_res: ffffffff0aed7a39 | fflags: 00000
FP_TRACE PC: 80003d00 | Instr: 00b2a027 | rs1: ffffffffc0ab8e48 | rs2: ffffffff0aed7a39 | rs3: 0000000000000000 | alu_res: ffffffffc0ab8e48 | fflags: 00001
FP_TRACE PC: 80003d40 | Instr: 0001a607 | rs1: ffffffff2de9bf0e | rs2: 0000000000000000 | rs3: 0000000000000000 | alu_res: ffffffff7fc00000 | fflags: 00000
FP_TRACE PC: 80003d48 | Instr: 0001aa87 | rs1: ffffffff2de9bf0e | rs2: 0000000000000000 | rs3: 0000000000000000 | alu_res: ffffffff7fc00000 | fflags: 00000
FP_TRACE PC: 80003d50 | Instr: 0001a407 | rs1: ffffffff2de9bf0e | rs2: 0000000000000000 | rs3: 0000000000000000 | alu_res: ffffffff7fc00000 | fflags: 00000
FP_TRACE PC: 80003d5c | Instr: 415622c3 | rs1: ffffffff40000000 | rs2: ffffffff88a4194d | rs3: ffffffff80400000 | alu_res: ffffffff8924196d | fflags: 00000
FP_TRACE PC: 80003d80 | Instr: 0052a027 | rs1: ffffffff8924196d | rs2: ffffffff8924196d | rs3: 0000000000000000 | alu_res: ffffffff89a4196d | fflags: 00000
FP_TRACE PC: 80003dbc | Instr: 0001a187 | rs1: ffffffff2de9bf0e | rs2: 0000000000000000 | rs3: 0000000000000000 | alu_res: ffffffff7fc00000 | fflags: 00000
FP_TRACE PC: 80003dc4 | Instr: 0001a787 | rs1: ffffffff40000000 | rs2: 0000000000000000 | rs3: 0000000000000000 | alu_res: ffffffff7fc00000 | fflags: 00000
FP_TRACE PC: 80003dcc | Instr: 0001ad07 | rs1: ffffffff40000000 | rs2: 0000000000000000 | rs3: 0000000000000000 | alu_res: ffffffff7fc00000 | fflags: 00000
FP_TRACE PC: 80003dd8 | Instr: d0f1c443 | rs1: ffffffff40000000 | rs2: ffffffff1007ea7e | rs3: ffffffff80400000 | alu_res: ffffffff1087ea7e | fflags: 00001
FP_TRACE PC: 80003e00 | Instr: 0082a027 | rs1: ffffffff8924196d | rs2: ffffffff1087ea7e | rs3: 0000000000000000 | alu_res: ffffffff1087e936 | fflags: 00001
FP_TRACE PC: 80003e3c | Instr: 0001ac87 | rs1: ffffffff40000000 | rs2: 0000000000000000 | rs3: 0000000000000000 | alu_res: ffffffff7fc00000 | fflags: 00000
FP_TRACE PC: 80003e44 | Instr: 0001ae87 | rs1: ffffffff40000000 | rs2: 0000000000000000 | rs3: 0000000000000000 | alu_res: ffffffff7fc00000 | fflags: 00000
FP_TRACE PC: 80003e4c | Instr: 0001a087 | rs1: ffffffff40000000 | rs2: 0000000000000000 | rs3: 0000000000000000 | alu_res: ffffffff7fc00000 | fflags: 00000
FP_TRACE PC: 80003e58 | Instr: 09dc8743 | rs1: ffffffff40000000 | rs2: ffffffffcc36902d | rs3: ffffffff80400000 | alu_res: ffffffffccb6902d | fflags: 00001
FP_TRACE PC: 80003e80 | Instr: 00e2a027 | rs1: ffffffff8924196d | rs2: ffffffffccb6902d | rs3: 0000000000000000 | alu_res: ffffffffccb6902d | fflags: 00001
FP_TRACE PC: 80003ebc | Instr: 0001ae87 | rs1: ffffffff40000000 | rs2: 0000000000000000 | rs3: 0000000000000000 | alu_res: ffffffff7fc00000 | fflags: 00000
FP_TRACE PC: 80003ec4 | Instr: 0001a587 | rs1: ffffffff40000000 | rs2: 0000000000000000 | rs3: 0000000000000000 | alu_res: ffffffff7fc00000 | fflags: 00000
FP_TRACE PC: 80003ecc | Instr: 0001a107 | rs1: ffffffff40000000 | rs2: 0000000000000000 | rs3: 0000000000000000 | alu_res: ffffffff7fc00000 | fflags: 00000
FP_TRACE PC: 80003ed8 | Instr: 10be98c3 | rs1: ffffffff40000000 | rs2: ffffffffdf7dffee | rs3: ffffffff80400000 | alu_res: ffffffffdffdffee | fflags: 00001
FP_TRACE PC: 80003f00 | Instr: 0112a027 | rs1: ffffffff8924196d | rs2: ffffffffdffdffee | rs3: 0000000000000000 | alu_res: ffffffffdffdffee | fflags: 00001
FP_TRACE PC: 80003f3c | Instr: 0001a087 | rs1: ffffffff40000000 | rs2: 0000000000000000 | rs3: 0000000000000000 | alu_res: ffffffff7fc00000 | fflags: 00000
FP_TRACE PC: 80003f44 | Instr: 0001a787 | rs1: ffffffff40000000 | rs2: 0000000000000000 | rs3: 0000000000000000 | alu_res: ffffffff7fc00000 | fflags: 00000
FP_TRACE PC: 80003f4c | Instr: 0001af87 | rs1: ffffffff40000000 | rs2: 0000000000000000 | rs3: 0000000000000000 | alu_res: ffffffff7fc00000 | fflags: 00000
FP_TRACE PC: 80003f58 | Instr: f8f0bbc3 | rs1: ffffffff40000000 | rs2: fffffffffaf3b3da | rs3: ffffffff80400000 | alu_res: fffffffffb73b3da | fflags: 00001
FP_TRACE PC: 80003f80 | Instr: 0172a027 | rs1: ffffffff8924196d | rs2: fffffffffb73b3da | rs3: 0000000000000000 | alu_res: fffffffffb73b3da | fflags: 00001
FP_TRACE PC: 80003fbc | Instr: 0001ac07 | rs1: ffffffff40000000 | rs2: 0000000000000000 | rs3: 0000000000000000 | alu_res: ffffffff7fc00000 | fflags: 00000
FP_TRACE PC: 80003fc4 | Instr: 0001a187 | rs1: ffffffff40000000 | rs2: 0000000000000000 | rs3: 0000000000000000 | alu_res: ffffffff7fc00000 | fflags: 00000
FP_TRACE PC: 80003fcc | Instr: 0001a907 | rs1: ffffffff9be8df4c | rs2: 0000000000000000 | rs3: 0000000000000000 | alu_res: ffffffff7fc00000 | fflags: 00000
FP_TRACE PC: 80003fdc | Instr: 903c7143 | rs1: ffffffff40000000 | rs2: ffffffff9be8df4c | rs3: ffffffff00000001 | alu_res: ffffffff9c68df4b | fflags: 00001
FP_TRACE PC: 80004000 | Instr: 0022a027 | rs1: ffffffff8924196d | rs2: ffffffff9c68df4b | rs3: 0000000000000000 | alu_res: ffffffff9c68df4b | fflags: 00001
FP_TRACE PC: 80004040 | Instr: 0001a187 | rs1: ffffffff9be8df4c | rs2: 0000000000000000 | rs3: 0000000000000000 | alu_res: ffffffff7fc00000 | fflags: 00000
FP_TRACE PC: 80004048 | Instr: 0001a407 | rs1: ffffffff40000000 | rs2: 0000000000000000 | rs3: 0000000000000000 | alu_res: ffffffff7fc00000 | fflags: 00000
FP_TRACE PC: 80004050 | Instr: 0001aa07 | rs1: ffffffff40000000 | rs2: 0000000000000000 | rs3: 0000000000000000 | alu_res: ffffffff7fc00000 | fflags: 00000
FP_TRACE PC: 8000405c | Instr: a081a8c3 | rs1: ffffffff40000000 | rs2: ffffffff0e23b008 | rs3: ffffffff00000001 | alu_res: ffffffff0ea3b008 | fflags: 00001
FP_TRACE PC: 80004080 | Instr: 0112a027 | rs1: ffffffff8924196d | rs2: ffffffff0ea3b008 | rs3: 0000000000000000 | alu_res: ffffffff0ea39b85 | fflags: 00001
FP_TRACE PC: 800040bc | Instr: 0001a787 | rs1: ffffffff40000000 | rs2: 0000000000000000 | rs3: 0000000000000000 | alu_res: ffffffff7fc00000 | fflags: 00000
FP_TRACE PC: 800040c4 | Instr: 0001a687 | rs1: ffffffff40000000 | rs2: 0000000000000000 | rs3: 0000000000000000 | alu_res: ffffffff7fc00000 | fflags: 00000
FP_TRACE PC: 800040cc | Instr: 0001a307 | rs1: ffffffff40000000 | rs2: 0000000000000000 | rs3: 0000000000000000 | alu_res: ffffffff7fc00000 | fflags: 00000
FP_TRACE PC: 800040d8 | Instr: 30d7c1c3 | rs1: ffffffff40000000 | rs2: ffffffffa1b39f47 | rs3: ffffffff00000001 | alu_res: ffffffffa2339f47 | fflags: 00001
FP_TRACE PC: 80004100 | Instr: 0032a027 | rs1: ffffffff8924196d | rs2: ffffffffa2339f47 | rs3: 0000000000000000 | alu_res: ffffffffa2339f47 | fflags: 00001
FP_TRACE PC: 8000413c | Instr: 0001a287 | rs1: ffffffffa2339f47 | rs2: 0000000000000000 | rs3: 0000000000000000 | alu_res: ffffffff7fc00000 | fflags: 00000
FP_TRACE PC: 80004144 | Instr: 0001af07 | rs1: ffffffffa2339f47 | rs2: 0000000000000000 | rs3: 0000000000000000 | alu_res: ffffffff7fc00000 | fflags: 00000
FP_TRACE PC: 8000414c | Instr: 0001a387 | rs1: ffffffffa2339f47 | rs2: 0000000000000000 | rs3: 0000000000000000 | alu_res: ffffffff7fc00000 | fflags: 00000
FP_TRACE PC: 80004158 | Instr: 39e286c3 | rs1: ffffffff40000000 | rs2: ffffffff2a00abd5 | rs3: ffffffff00000001 | alu_res: ffffffff2a80abd5 | fflags: 00001
FP_TRACE PC: 80004180 | Instr: 00d2a027 | rs1: ffffffff40000000 | rs2: ffffffff2a80abd5 | rs3: 0000000000000000 | alu_res: ffffffff40000000 | fflags: 00001
FP_TRACE PC: 800041bc | Instr: 0001a607 | rs1: ffffffffa2339f47 | rs2: 0000000000000000 | rs3: 0000000000000000 | alu_res: ffffffff7fc00000 | fflags: 00000
FP_TRACE PC: 800041c4 | Instr: 0001a487 | rs1: ffffffffa2339f47 | rs2: 0000000000000000 | rs3: 0000000000000000 | alu_res: ffffffff7fc00000 | fflags: 00000
FP_TRACE PC: 800041cc | Instr: 0001aa87 | rs1: ffffffffa2339f47 | rs2: 0000000000000000 | rs3: 0000000000000000 | alu_res: ffffffff7fc00000 | fflags: 00000
FP_TRACE PC: 800041d8 | Instr: a89612c3 | rs1: ffffffff40000000 | rs2: ffffffff705d39b8 | rs3: ffffffff00000001 | alu_res: ffffffff70dd39b8 | fflags: 00001
FP_TRACE PC: 80004200 | Instr: 0052a027 | rs1: ffffffff70dd39b8 | rs2: ffffffff70dd39b8 | rs3: 0000000000000000 | alu_res: ffffffff715d39b8 | fflags: 00000
FP_TRACE PC: 8000423c | Instr: 0001a587 | rs1: ffffffffa2339f47 | rs2: 0000000000000000 | rs3: 0000000000000000 | alu_res: ffffffff7fc00000 | fflags: 00000
FP_TRACE PC: 80004244 | Instr: 0001a507 | rs1: ffffffffa2339f47 | rs2: 0000000000000000 | rs3: 0000000000000000 | alu_res: ffffffff7fc00000 | fflags: 00000
FP_TRACE PC: 8000424c | Instr: 0001a887 | rs1: ffffffffa2339f47 | rs2: 0000000000000000 | rs3: 0000000000000000 | alu_res: ffffffff7fc00000 | fflags: 00000
FP_TRACE PC: 80004258 | Instr: 88a5b843 | rs1: ffffffff40000000 | rs2: ffffffffed8654c3 | rs3: ffffffff00000001 | alu_res: ffffffffee0654c2 | fflags: 00001
FP_TRACE PC: 80004280 | Instr: 0102a027 | rs1: ffffffff70dd39b8 | rs2: ffffffffee0654c2 | rs3: 0000000000000000 | alu_res: ffffffff70d90712 | fflags: 00001
FP_TRACE PC: 800042bc | Instr: 0001af87 | rs1: ffffffffa2339f47 | rs2: 0000000000000000 | rs3: 0000000000000000 | alu_res: ffffffff7fc00000 | fflags: 00000
FP_TRACE PC: 800042c4 | Instr: 0001a987 | rs1: ffffffffa2339f47 | rs2: 0000000000000000 | rs3: 0000000000000000 | alu_res: ffffffff7fc00000 | fflags: 00000
FP_TRACE PC: 800042cc | Instr: 0001a407 | rs1: ffffffffa2339f47 | rs2: 0000000000000000 | rs3: 0000000000000000 | alu_res: ffffffff7fc00000 | fflags: 00000
FP_TRACE PC: 800042dc | Instr: 413ff543 | rs1: ffffffff40000000 | rs2: ffffffff8c2b7b22 | rs3: ffffffff80000001 | alu_res: ffffffff8cab7b22 | fflags: 00001
FP_TRACE PC: 80004300 | Instr: 00a2a027 | rs1: ffffffff70dd39b8 | rs2: ffffffff8cab7b22 | rs3: 0000000000000000 | alu_res: ffffffff70dd39b8 | fflags: 00001
FP_TRACE PC: 80004340 | Instr: 0001ad07 | rs1: ffffffffa2339f47 | rs2: 0000000000000000 | rs3: 0000000000000000 | alu_res: ffffffff7fc00000 | fflags: 00000
FP_TRACE PC: 80004348 | Instr: 0001a487 | rs1: ffffffffa2339f47 | rs2: 0000000000000000 | rs3: 0000000000000000 | alu_res: ffffffff7fc00000 | fflags: 00000
FP_TRACE PC: 80004350 | Instr: 0001a387 | rs1: ffffffffa2339f47 | rs2: 0000000000000000 | rs3: 0000000000000000 | alu_res: ffffffff7fc00000 | fflags: 00000
FP_TRACE PC: 8000435c | Instr: 389d2543 | rs1: ffffffff40000000 | rs2: ffffffff1e1f0aee | rs3: ffffffff80000001 | alu_res: ffffffff1e9f0aed | fflags: 00001
FP_TRACE PC: 80004380 | Instr: 00a2a027 | rs1: ffffffff70dd39b8 | rs2: ffffffff1e9f0aed | rs3: 0000000000000000 | alu_res: ffffffff70dd39b8 | fflags: 00001
FP_TRACE PC: 800043bc | Instr: 0001a787 | rs1: ffffffffa2339f47 | rs2: 0000000000000000 | rs3: 0000000000000000 | alu_res: ffffffff7fc00000 | fflags: 00000
FP_TRACE PC: 800043c4 | Instr: 0001a687 | rs1: ffffffffa2339f47 | rs2: 0000000000000000 | rs3: 0000000000000000 | alu_res: ffffffff7fc00000 | fflags: 00000
FP_TRACE PC: 800043cc | Instr: 0001a807 | rs1: ffffffffa2339f47 | rs2: 0000000000000000 | rs3: 0000000000000000 | alu_res: ffffffff7fc00000 | fflags: 00000
FP_TRACE PC: 800043d8 | Instr: 80d7c8c3 | rs1: ffffffff40000000 | rs2: ffffffff1c6a470a | rs3: ffffffff80000001 | alu_res: ffffffff1cea470a | fflags: 00001
FP_TRACE PC: 80004400 | Instr: 0112a027 | rs1: ffffffff70dd39b8 | rs2: ffffffff1cea470a | rs3: 0000000000000000 | alu_res: ffffffff70dd39b8 | fflags: 00001
FP_TRACE PC: 8000443c | Instr: 0001a307 | rs1: ffffffffa2339f47 | rs2: 0000000000000000 | rs3: 0000000000000000 | alu_res: ffffffff7fc00000 | fflags: 00000
FP_TRACE PC: 80004444 | Instr: 0001ae87 | rs1: ffffffffa2339f47 | rs2: 0000000000000000 | rs3: 0000000000000000 | alu_res: ffffffff7fc00000 | fflags: 00000
FP_TRACE PC: 8000444c | Instr: 0001a587 | rs1: ffffffffa2339f47 | rs2: 0000000000000000 | rs3: 0000000000000000 | alu_res: ffffffff7fc00000 | fflags: 00000
FP_TRACE PC: 80004458 | Instr: 59d30843 | rs1: ffffffff40000000 | rs2: ffffffff988700e6 | rs3: ffffffff80000001 | alu_res: ffffffff990700e6 | fflags: 00001
FP_TRACE PC: 80004480 | Instr: 0102a027 | rs1: ffffffff70dd39b8 | rs2: ffffffff990700e6 | rs3: 0000000000000000 | alu_res: ffffffff70dd39b8 | fflags: 00001
FP_TRACE PC: 800044bc | Instr: 0001a307 | rs1: ffffffffa2339f47 | rs2: 0000000000000000 | rs3: 0000000000000000 | alu_res: ffffffff7fc00000 | fflags: 00000
FP_TRACE PC: 800044c4 | Instr: 0001ae87 | rs1: ffffffffa2339f47 | rs2: 0000000000000000 | rs3: 0000000000000000 | alu_res: ffffffff7fc00000 | fflags: 00000
FP_TRACE PC: 800044cc | Instr: 0001a187 | rs1: ffffffffa2339f47 | rs2: 0000000000000000 | rs3: 0000000000000000 | alu_res: ffffffff7fc00000 | fflags: 00000
FP_TRACE PC: 800044d8 | Instr: 19d31d43 | rs1: ffffffff40000000 | rs2: ffffffffebe5b988 | rs3: ffffffff80000001 | alu_res: ffffffffec65b988 | fflags: 00001
FP_TRACE PC: 80004500 | Instr: 01a2a027 | rs1: ffffffff70dd39b8 | rs2: ffffffffec65b988 | rs3: 0000000000000000 | alu_res: ffffffff70dcc6db | fflags: 00001
FP_TRACE PC: 8000453c | Instr: 0001a507 | rs1: ffffffff80000001 | rs2: 0000000000000000 | rs3: 0000000000000000 | alu_res: ffffffff7fc00000 | fflags: 00000
FP_TRACE PC: 80004544 | Instr: 0001a187 | rs1: ffffffff80000001 | rs2: 0000000000000000 | rs3: 0000000000000000 | alu_res: ffffffff7fc00000 | fflags: 00000
FP_TRACE PC: 8000454c | Instr: 0001ab87 | rs1: ffffffff75c39a77 | rs2: 0000000000000000 | rs3: 0000000000000000 | alu_res: ffffffff7fc00000 | fflags: 00000
FP_TRACE PC: 80004558 | Instr: b8353b43 | rs1: ffffffff40000000 | rs2: ffffffff75c39a77 | rs3: ffffffff80000001 | alu_res: ffffffff76439a77 | fflags: 00001
FP_TRACE PC: 80004580 | Instr: 0162a027 | rs1: ffffffff70dd39b8 | rs2: ffffffff76439a77 | rs3: 0000000000000000 | alu_res: ffffffff7643b61e | fflags: 00001
FP_TRACE PC: 800045bc | Instr: 0001ac07 | rs1: ffffffff75c39a77 | rs2: 0000000000000000 | rs3: 0000000000000000 | alu_res: ffffffff7fc00000 | fflags: 00000
FP_TRACE PC: 800045c4 | Instr: 0001a707 | rs1: ffffffff75c39a77 | rs2: 0000000000000000 | rs3: 0000000000000000 | alu_res: ffffffff7fc00000 | fflags: 00000
FP_TRACE PC: 800045cc | Instr: 0001ab87 | rs1: ffffffff75c39a77 | rs2: 0000000000000000 | rs3: 0000000000000000 | alu_res: ffffffff7fc00000 | fflags: 00000
FP_TRACE PC: 800045dc | Instr: b8ec78c3 | rs1: ffffffff40000000 | rs2: ffffffffa3fb56d4 | rs3: ffffffff7f800000 | alu_res: ffffffff7f800000 | fflags: 00000
FP_TRACE PC: 80004600 | Instr: 0112a027 | rs1: ffffffff70dd39b8 | rs2: ffffffff7f800000 | rs3: 0000000000000000 | alu_res: ffffffff7f800000 | fflags: 00000
FP_TRACE PC: 80004640 | Instr: 0001a987 | rs1: ffffffff75c39a77 | rs2: 0000000000000000 | rs3: 0000000000000000 | alu_res: ffffffff7fc00000 | fflags: 00000
FP_TRACE PC: 80004648 | Instr: 0001ab07 | rs1: ffffffff75c39a77 | rs2: 0000000000000000 | rs3: 0000000000000000 | alu_res: ffffffff7fc00000 | fflags: 00000
FP_TRACE PC: 80004650 | Instr: 0001a307 | rs1: ffffffff75c39a77 | rs2: 0000000000000000 | rs3: 0000000000000000 | alu_res: ffffffff7fc00000 | fflags: 00000
FP_TRACE PC: 8000465c | Instr: 3169afc3 | rs1: ffffffff40000000 | rs2: ffffffffdcd83311 | rs3: ffffffff7f800000 | alu_res: ffffffff7f800000 | fflags: 00000
FP_TRACE PC: 80004680 | Instr: 01f2a027 | rs1: ffffffff70dd39b8 | rs2: ffffffff7f800000 | rs3: 0000000000000000 | alu_res: ffffffff7f800000 | fflags: 00000
FP_TRACE PC: 800046bc | Instr: 0001ab87 | rs1: ffffffff75c39a77 | rs2: 0000000000000000 | rs3: 0000000000000000 | alu_res: ffffffff7fc00000 | fflags: 00000
FP_TRACE PC: 800046c4 | Instr: 0001a787 | rs1: ffffffff75c39a77 | rs2: 0000000000000000 | rs3: 0000000000000000 | alu_res: ffffffff7fc00000 | fflags: 00000
FP_TRACE PC: 800046cc | Instr: 0001a487 | rs1: ffffffff75c39a77 | rs2: 0000000000000000 | rs3: 0000000000000000 | alu_res: ffffffff7fc00000 | fflags: 00000
FP_TRACE PC: 800046d8 | Instr: 48fbcb43 | rs1: ffffffff40000000 | rs2: ffffffffb7d81a90 | rs3: ffffffff7f800000 | alu_res: ffffffff7f800000 | fflags: 00000
FP_TRACE PC: 80004700 | Instr: 0162a027 | rs1: ffffffff70dd39b8 | rs2: ffffffff7f800000 | rs3: 0000000000000000 | alu_res: ffffffff7f800000 | fflags: 00000
FP_TRACE PC: 8000473c | Instr: 0001a107 | rs1: ffffffff75c39a77 | rs2: 0000000000000000 | rs3: 0000000000000000 | alu_res: ffffffff7fc00000 | fflags: 00000
FP_TRACE PC: 80004744 | Instr: 0001a987 | rs1: ffffffff75c39a77 | rs2: 0000000000000000 | rs3: 0000000000000000 | alu_res: ffffffff7fc00000 | fflags: 00000
FP_TRACE PC: 8000474c | Instr: 0001a187 | rs1: ffffffff75c39a77 | rs2: 0000000000000000 | rs3: 0000000000000000 | alu_res: ffffffff7fc00000 | fflags: 00000
FP_TRACE PC: 80004758 | Instr: 19310f43 | rs1: ffffffff40000000 | rs2: ffffffff7ede9d69 | rs3: ffffffff7f800000 | alu_res: ffffffff7f800000 | fflags: 00000
FP_TRACE PC: 80004780 | Instr: 01e2a027 | rs1: ffffffff70dd39b8 | rs2: ffffffff7f800000 | rs3: 0000000000000000 | alu_res: ffffffff7f800000 | fflags: 00000
FP_TRACE PC: 800047bc | Instr: 0001aa87 | rs1: ffffffff7f800000 | rs2: 0000000000000000 | rs3: 0000000000000000 | alu_res: ffffffff7fc00000 | fflags: 00000
FP_TRACE PC: 800047c4 | Instr: 0001aa07 | rs1: ffffffff7f800000 | rs2: 0000000000000000 | rs3: 0000000000000000 | alu_res: ffffffff7fc00000 | fflags: 00000
FP_TRACE PC: 800047cc | Instr: 0001a587 | rs1: ffffffff7f800000 | rs2: 0000000000000000 | rs3: 0000000000000000 | alu_res: ffffffff7fc00000 | fflags: 00000
FP_TRACE PC: 800047d8 | Instr: 594a9643 | rs1: ffffffff40000000 | rs2: ffffffffd5adb84b | rs3: ffffffff7f800000 | alu_res: ffffffff7f800000 | fflags: 00000
FP_TRACE PC: 80004800 | Instr: 00c2a027 | rs1: ffffffff70dd39b8 | rs2: ffffffff7f800000 | rs3: 0000000000000000 | alu_res: ffffffff7f800000 | fflags: 00000
FP_TRACE PC: 8000483c | Instr: 0001a787 | rs1: ffffffff7f800000 | rs2: 0000000000000000 | rs3: 0000000000000000 | alu_res: ffffffff7fc00000 | fflags: 00000
FP_TRACE PC: 80004844 | Instr: 0001aa07 | rs1: ffffffff7f800000 | rs2: 0000000000000000 | rs3: 0000000000000000 | alu_res: ffffffff7fc00000 | fflags: 00000
FP_TRACE PC: 8000484c | Instr: 0001a407 | rs1: ffffffff7f800000 | rs2: 0000000000000000 | rs3: 0000000000000000 | alu_res: ffffffff7fc00000 | fflags: 00000
FP_TRACE PC: 80004858 | Instr: 4147b943 | rs1: ffffffff40000000 | rs2: ffffffff67d4a743 | rs3: ffffffff7f800000 | alu_res: ffffffff7f800000 | fflags: 00000
FP_TRACE PC: 80004880 | Instr: 0122a027 | rs1: ffffffff70dd39b8 | rs2: ffffffff7f800000 | rs3: 0000000000000000 | alu_res: ffffffff7f800000 | fflags: 00000
FP_TRACE PC: 800048bc | Instr: 0001a607 | rs1: ffffffff7f800000 | rs2: 0000000000000000 | rs3: 0000000000000000 | alu_res: ffffffff7fc00000 | fflags: 00000
FP_TRACE PC: 800048c4 | Instr: 0001a687 | rs1: ffffffff7f800000 | rs2: 0000000000000000 | rs3: 0000000000000000 | alu_res: ffffffff7fc00000 | fflags: 00000
FP_TRACE PC: 800048cc | Instr: 0001a787 | rs1: ffffffff7f800000 | rs2: 0000000000000000 | rs3: 0000000000000000 | alu_res: ffffffff7fc00000 | fflags: 00000
FP_TRACE PC: 800048dc | Instr: 78d67843 | rs1: ffffffff40000000 | rs2: ffffffffda8b74ea | rs3: ffffffffff800000 | alu_res: ffffffffff800000 | fflags: 00000
FP_TRACE PC: 80004900 | Instr: 0102a027 | rs1: ffffffff70dd39b8 | rs2: ffffffffff800000 | rs3: 0000000000000000 | alu_res: ffffffffff800000 | fflags: 00000
FP_TRACE PC: 80004940 | Instr: 0001a107 | rs1: ffffffff7f800000 | rs2: 0000000000000000 | rs3: 0000000000000000 | alu_res: ffffffff7fc00000 | fflags: 00000
FP_TRACE PC: 80004948 | Instr: 0001a407 | rs1: ffffffff7f800000 | rs2: 0000000000000000 | rs3: 0000000000000000 | alu_res: ffffffff7fc00000 | fflags: 00000
FP_TRACE PC: 80004950 | Instr: 0001a607 | rs1: ffffffff7f800000 | rs2: 0000000000000000 | rs3: 0000000000000000 | alu_res: ffffffff7fc00000 | fflags: 00000
FP_TRACE PC: 8000495c | Instr: 60812a43 | rs1: ffffffff40000000 | rs2: ffffffff6928b537 | rs3: ffffffffff800000 | alu_res: ffffffffff800000 | fflags: 00000
FP_TRACE PC: 80004980 | Instr: 0142a027 | rs1: ffffffff70dd39b8 | rs2: ffffffffff800000 | rs3: 0000000000000000 | alu_res: ffffffffff800000 | fflags: 00000
FP_TRACE PC: 800049bc | Instr: 0001a387 | rs1: ffffffff7f800000 | rs2: 0000000000000000 | rs3: 0000000000000000 | alu_res: ffffffff7fc00000 | fflags: 00000
FP_TRACE PC: 800049c4 | Instr: 0001af87 | rs1: ffffffff7f800000 | rs2: 0000000000000000 | rs3: 0000000000000000 | alu_res: ffffffff7fc00000 | fflags: 00000
FP_TRACE PC: 800049cc | Instr: 0001a787 | rs1: ffffffff7f800000 | rs2: 0000000000000000 | rs3: 0000000000000000 | alu_res: ffffffff7fc00000 | fflags: 00000
FP_TRACE PC: 800049d8 | Instr: 79f3cb43 | rs1: ffffffff40000000 | rs2: ffffffff9f4f3cd7 | rs3: ffffffffff800000 | alu_res: ffffffffff800000 | fflags: 00000
FP_TRACE PC: 80004a00 | Instr: 0162a027 | rs1: ffffffff70dd39b8 | rs2: ffffffffff800000 | rs3: 0000000000000000 | alu_res: ffffffffff800000 | fflags: 00000
FP_TRACE PC: 80004a3c | Instr: 0001a787 | rs1: ffffffff7f800000 | rs2: 0000000000000000 | rs3: 0000000000000000 | alu_res: ffffffff7fc00000 | fflags: 00000
FP_TRACE PC: 80004a44 | Instr: 0001a807 | rs1: ffffffff7f800000 | rs2: 0000000000000000 | rs3: 0000000000000000 | alu_res: ffffffff7fc00000 | fflags: 00000
FP_TRACE PC: 80004a4c | Instr: 0001ad87 | rs1: ffffffff7f800000 | rs2: 0000000000000000 | rs3: 0000000000000000 | alu_res: ffffffff7fc00000 | fflags: 00000
FP_TRACE PC: 80004a58 | Instr: d9078643 | rs1: ffffffff40000000 | rs2: ffffffff7fee8df5 | rs3: ffffffffff800000 | alu_res: ffffffff7fc00000 | fflags: 00000
FP_TRACE PC: 80004a80 | Instr: 00c2a027 | rs1: ffffffff70dd39b8 | rs2: ffffffff7fc00000 | rs3: 0000000000000000 | alu_res: ffffffff7fc00000 | fflags: 00000
FP_TRACE PC: 80004abc | Instr: 0001a107 | rs1: ffffffff7f800000 | rs2: 0000000000000000 | rs3: 0000000000000000 | alu_res: ffffffff7fc00000 | fflags: 00000
FP_TRACE PC: 80004ac4 | Instr: 0001aa87 | rs1: ffffffff7f800000 | rs2: 0000000000000000 | rs3: 0000000000000000 | alu_res: ffffffff7fc00000 | fflags: 00000
FP_TRACE PC: 80004acc | Instr: 0001a087 | rs1: ffffffff7f800000 | rs2: 0000000000000000 | rs3: 0000000000000000 | alu_res: ffffffff7fc00000 | fflags: 00000
FP_TRACE PC: 80004ad8 | Instr: 095118c3 | rs1: ffffffff40000000 | rs2: ffffffff4b63fd31 | rs3: ffffffffff800000 | alu_res: ffffffffff800000 | fflags: 00000
FP_TRACE PC: 80004b00 | Instr: 0112a027 | rs1: ffffffff70dd39b8 | rs2: ffffffffff800000 | rs3: 0000000000000000 | alu_res: ffffffffff800000 | fflags: 00000
FP_TRACE PC: 80004b3c | Instr: 0001a087 | rs1: ffffffff7f800000 | rs2: 0000000000000000 | rs3: 0000000000000000 | alu_res: ffffffff7fc00000 | fflags: 00000
FP_TRACE PC: 80004b44 | Instr: 0001aa07 | rs1: ffffffff7f800000 | rs2: 0000000000000000 | rs3: 0000000000000000 | alu_res: ffffffff7fc00000 | fflags: 00000
FP_TRACE PC: 80004b4c | Instr: 0001a307 | rs1: ffffffff7f800000 | rs2: 0000000000000000 | rs3: 0000000000000000 | alu_res: ffffffff7fc00000 | fflags: 00000
FP_TRACE PC: 80004b58 | Instr: 3140bdc3 | rs1: ffffffff40000000 | rs2: ffffffff508383a2 | rs3: ffffffffff800000 | alu_res: ffffffffff800000 | fflags: 00000
FP_TRACE PC: 80004b80 | Instr: 01b2a027 | rs1: ffffffff70dd39b8 | rs2: ffffffffff800000 | rs3: 0000000000000000 | alu_res: ffffffffff800000 | fflags: 00000
FP_TRACE PC: 80004bbc | Instr: 0001a507 | rs1: ffffffff7f800000 | rs2: 0000000000000000 | rs3: 0000000000000000 | alu_res: ffffffff7fc00000 | fflags: 00000
FP_TRACE PC: 80004bc4 | Instr: 0001a707 | rs1: ffffffff7f800000 | rs2: 0000000000000000 | rs3: 0000000000000000 | alu_res: ffffffff7fc00000 | fflags: 00000
FP_TRACE PC: 80004bcc | Instr: 0001ab07 | rs1: ffffffff7f800000 | rs2: 0000000000000000 | rs3: 0000000000000000 | alu_res: ffffffff7fc00000 | fflags: 00000
FP_TRACE PC: 80004bdc | Instr: b0e570c3 | rs1: ffffffff40000000 | rs2: ffffffff4f90da0a | rs3: ffffffff7fc00000 | alu_res: ffffffff7fc00000 | fflags: 00000
FP_TRACE PC: 80004c00 | Instr: 0012a027 | rs1: ffffffff70dd39b8 | rs2: ffffffff7fc00000 | rs3: 0000000000000000 | alu_res: ffffffff7fc00000 | fflags: 00000
FP_TRACE PC: 80004c40 | Instr: 0001a587 | rs1: ffffffff7f800000 | rs2: 0000000000000000 | rs3: 0000000000000000 | alu_res: ffffffff7fc00000 | fflags: 00000
FP_TRACE PC: 80004c48 | Instr: 0001a087 | rs1: ffffffff7f800000 | rs2: 0000000000000000 | rs3: 0000000000000000 | alu_res: ffffffff7fc00000 | fflags: 00000
FP_TRACE PC: 80004c50 | Instr: 0001af07 | rs1: ffffffff7f800000 | rs2: 0000000000000000 | rs3: 0000000000000000 | alu_res: ffffffff7fc00000 | fflags: 00000
FP_TRACE PC: 80004c5c | Instr: f015abc3 | rs1: ffffffff40000000 | rs2: ffffffff4b5e2b59 | rs3: ffffffff7fc00000 | alu_res: ffffffff7fc00000 | fflags: 00000
FP_TRACE PC: 80004c80 | Instr: 0172a027 | rs1: ffffffff70dd39b8 | rs2: ffffffff7fc00000 | rs3: 0000000000000000 | alu_res: ffffffff7fc00000 | fflags: 00000
FP_TRACE PC: 80004cbc | Instr: 0001a307 | rs1: ffffffff7f800000 | rs2: 0000000000000000 | rs3: 0000000000000000 | alu_res: ffffffff7fc00000 | fflags: 00000
FP_TRACE PC: 80004cc4 | Instr: 0001a987 | rs1: ffffffff7f800000 | rs2: 0000000000000000 | rs3: 0000000000000000 | alu_res: ffffffff7fc00000 | fflags: 00000
FP_TRACE PC: 80004ccc | Instr: 0001ad87 | rs1: ffffffff7f800000 | rs2: 0000000000000000 | rs3: 0000000000000000 | alu_res: ffffffff7fc00000 | fflags: 00000
FP_TRACE PC: 80004cd8 | Instr: d9334543 | rs1: ffffffff40000000 | rs2: ffffffffa3d82dc6 | rs3: ffffffff7fc00000 | alu_res: ffffffff7fc00000 | fflags: 00000
FP_TRACE PC: 80004d00 | Instr: 00a2a027 | rs1: ffffffff70dd39b8 | rs2: ffffffff7fc00000 | rs3: 0000000000000000 | alu_res: ffffffff7fc00000 | fflags: 00000
FP_TRACE PC: 80004d3c | Instr: 0001a287 | rs1: ffffffff7f800000 | rs2: 0000000000000000 | rs3: 0000000000000000 | alu_res: ffffffff7fc00000 | fflags: 00000
FP_TRACE PC: 80004d44 | Instr: 0001aa87 | rs1: ffffffff7f800000 | rs2: 0000000000000000 | rs3: 0000000000000000 | alu_res: ffffffff7fc00000 | fflags: 00000
FP_TRACE PC: 80004d4c | Instr: 0001a307 | rs1: ffffffff7f800000 | rs2: 0000000000000000 | rs3: 0000000000000000 | alu_res: ffffffff7fc00000 | fflags: 00000
FP_TRACE PC: 80004d58 | Instr: 31528fc3 | rs1: ffffffff40000000 | rs2: ffffffff1dc41831 | rs3: ffffffff7fc00000 | alu_res: ffffffff7fc00000 | fflags: 00000
FP_TRACE PC: 80004d80 | Instr: 01f2a027 | rs1: ffffffff40000000 | rs2: ffffffff7fc00000 | rs3: 0000000000000000 | alu_res: ffffffff7fc00000 | fflags: 00000
FP_TRACE PC: 80004dbc | Instr: 0001af87 | rs1: ffffffff7f800000 | rs2: 0000000000000000 | rs3: 0000000000000000 | alu_res: ffffffff7fc00000 | fflags: 00000
FP_TRACE PC: 80004dc4 | Instr: 0001af07 | rs1: ffffffff7f800000 | rs2: 0000000000000000 | rs3: 0000000000000000 | alu_res: ffffffff7fc00000 | fflags: 00000
FP_TRACE PC: 80004dcc | Instr: 0001a687 | rs1: ffffffff7f800000 | rs2: 0000000000000000 | rs3: 0000000000000000 | alu_res: ffffffff7fc00000 | fflags: 00000
FP_TRACE PC: 80004dd8 | Instr: 69ef9143 | rs1: ffffffff40000000 | rs2: ffffffff9a2036c0 | rs3: ffffffff7fc00000 | alu_res: ffffffff7fc00000 | fflags: 00000
FP_TRACE PC: 80004e00 | Instr: 0022a027 | rs1: ffffffff40000000 | rs2: ffffffff7fc00000 | rs3: 0000000000000000 | alu_res: ffffffff7fc00000 | fflags: 00000
FP_TRACE PC: 80004e3c | Instr: 0001a607 | rs1: ffffffff7f800000 | rs2: 0000000000000000 | rs3: 0000000000000000 | alu_res: ffffffff7fc00000 | fflags: 00000
FP_TRACE PC: 80004e44 | Instr: 0001a907 | rs1: ffffffff7f800000 | rs2: 0000000000000000 | rs3: 0000000000000000 | alu_res: ffffffff7fc00000 | fflags: 00000
FP_TRACE PC: 80004e4c | Instr: 0001a587 | rs1: ffffffff7f800000 | rs2: 0000000000000000 | rs3: 0000000000000000 | alu_res: ffffffff7fc00000 | fflags: 00000
FP_TRACE PC: 80004e58 | Instr: 592632c3 | rs1: ffffffff40000000 | rs2: ffffffff5af394dc | rs3: ffffffff7fc00000 | alu_res: ffffffff7fc00000 | fflags: 00000
FP_TRACE PC: 80004e80 | Instr: 0052a027 | rs1: ffffffff7fc00000 | rs2: ffffffff7fc00000 | rs3: 0000000000000000 | alu_res: ffffffff7fc00000 | fflags: 00000
FP_TRACE PC: 80004ebc | Instr: 0001a707 | rs1: ffffffff7f800000 | rs2: 0000000000000000 | rs3: 0000000000000000 | alu_res: ffffffff7fc00000 | fflags: 00000
FP_TRACE PC: 80004ec4 | Instr: 0001a187 | rs1: ffffffff7f800000 | rs2: 0000000000000000 | rs3: 0000000000000000 | alu_res: ffffffff7fc00000 | fflags: 00000
FP_TRACE PC: 80004ecc | Instr: 0001a107 | rs1: ffffffff9b9402b5 | rs2: 0000000000000000 | rs3: 0000000000000000 | alu_res: ffffffff7fc00000 | fflags: 00000
FP_TRACE PC: 80004edc | Instr: 103773c3 | rs1: ffffffff40000000 | rs2: ffffffff9b9402b5 | rs3: ffffffff7fffffff | alu_res: ffffffff7fc00000 | fflags: 00000
FP_TRACE PC: 80004f00 | Instr: 0072a027 | rs1: ffffffff7fc00000 | rs2: ffffffff7fc00000 | rs3: 0000000000000000 | alu_res: ffffffff7fc00000 | fflags: 00000
FP_TRACE PC: 80004f40 | Instr: 0001a687 | rs1: ffffffff9b9402b5 | rs2: 0000000000000000 | rs3: 0000000000000000 | alu_res: ffffffff7fc00000 | fflags: 00000
FP_TRACE PC: 80004f48 | Instr: 0001a607 | rs1: ffffffff9b9402b5 | rs2: 0000000000000000 | rs3: 0000000000000000 | alu_res: ffffffff7fc00000 | fflags: 00000
FP_TRACE PC: 80004f50 | Instr: 0001ae87 | rs1: ffffffff9b9402b5 | rs2: 0000000000000000 | rs3: 0000000000000000 | alu_res: ffffffff7fc00000 | fflags: 00000
FP_TRACE PC: 80004f5c | Instr: e8c6a943 | rs1: ffffffff40000000 | rs2: ffffffffd63ae184 | rs3: ffffffff7fffffff | alu_res: ffffffff7fc00000 | fflags: 00000
FP_TRACE PC: 80004f80 | Instr: 0122a027 | rs1: ffffffff7fc00000 | rs2: ffffffff7fc00000 | rs3: 0000000000000000 | alu_res: ffffffff7fc00000 | fflags: 00000
FP_TRACE PC: 80004fbc | Instr: 0001a387 | rs1: ffffffff9b9402b5 | rs2: 0000000000000000 | rs3: 0000000000000000 | alu_res: ffffffff7fc00000 | fflags: 00000
FP_TRACE PC: 80004fc4 | Instr: 0001ae07 | rs1: ffffffff9b9402b5 | rs2: 0000000000000000 | rs3: 0000000000000000 | alu_res: ffffffff7fc00000 | fflags: 00000
FP_TRACE PC: 80004fcc | Instr: 0001aa87 | rs1: ffffffff9b9402b5 | rs2: 0000000000000000 | rs3: 0000000000000000 | alu_res: ffffffff7fc00000 | fflags: 00000
FP_TRACE PC: 80004fd8 | Instr: a9c3cdc3 | rs1: ffffffff40000000 | rs2: ffffffff9302b415 | rs3: ffffffff7fffffff | alu_res: ffffffff7fc00000 | fflags: 00000
FP_TRACE PC: 80005000 | Instr: 01b2a027 | rs1: ffffffff7fc00000 | rs2: ffffffff7fc00000 | rs3: 0000000000000000 | alu_res: ffffffff7fc00000 | fflags: 00000
FP_TRACE PC: 8000503c | Instr: 0001ac07 | rs1: ffffffff9b9402b5 | rs2: 0000000000000000 | rs3: 0000000000000000 | alu_res: ffffffff7fc00000 | fflags: 00000
FP_TRACE PC: 80005044 | Instr: 0001a287 | rs1: ffffffff9b9402b5 | rs2: 0000000000000000 | rs3: 0000000000000000 | alu_res: ffffffff7fc00000 | fflags: 00000
FP_TRACE PC: 8000504c | Instr: 0001a587 | rs1: ffffffff9b9402b5 | rs2: 0000000000000000 | rs3: 0000000000000000 | alu_res: ffffffff7fc00000 | fflags: 00000
FP_TRACE PC: 80005058 | Instr: 585c0d43 | rs1: ffffffff40000000 | rs2: ffffffff785eccf9 | rs3: ffffffff7fffffff | alu_res: ffffffff7fc00000 | fflags: 00000
FP_TRACE PC: 80005080 | Instr: 01a2a027 | rs1: ffffffff785eccf9 | rs2: ffffffff7fc00000 | rs3: 0000000000000000 | alu_res: ffffffff7fc00000 | fflags: 00000
FP_TRACE PC: 800050bc | Instr: 0001a387 | rs1: ffffffff9b9402b5 | rs2: 0000000000000000 | rs3: 0000000000000000 | alu_res: ffffffff7fc00000 | fflags: 00000
FP_TRACE PC: 800050c4 | Instr: 0001a787 | rs1: ffffffff9b9402b5 | rs2: 0000000000000000 | rs3: 0000000000000000 | alu_res: ffffffff7fc00000 | fflags: 00000
FP_TRACE PC: 800050cc | Instr: 0001ab07 | rs1: ffffffff9b9402b5 | rs2: 0000000000000000 | rs3: 0000000000000000 | alu_res: ffffffff7fc00000 | fflags: 00000
FP_TRACE PC: 800050d8 | Instr: b0f39943 | rs1: ffffffff40000000 | rs2: ffffffffe85baf91 | rs3: ffffffff7fffffff | alu_res: ffffffff7fc00000 | fflags: 00000
FP_TRACE PC: 80005100 | Instr: 0122a027 | rs1: ffffffff785eccf9 | rs2: ffffffff7fc00000 | rs3: 0000000000000000 | alu_res: ffffffff7fc00000 | fflags: 00000
FP_TRACE PC: 8000513c | Instr: 0001aa87 | rs1: ffffffff9b9402b5 | rs2: 0000000000000000 | rs3: 0000000000000000 | alu_res: ffffffff7fc00000 | fflags: 00000
FP_TRACE PC: 80005144 | Instr: 0001a387 | rs1: ffffffff9b9402b5 | rs2: 0000000000000000 | rs3: 0000000000000000 | alu_res: ffffffff7fc00000 | fflags: 00000
FP_TRACE PC: 8000514c | Instr: 0001a107 | rs1: ffffffff9b9402b5 | rs2: 0000000000000000 | rs3: 0000000000000000 | alu_res: ffffffff7fc00000 | fflags: 00000
FP_TRACE PC: 80005158 | Instr: 107ab5c3 | rs1: ffffffff40000000 | rs2: ffffffff3f8f7c5e | rs3: ffffffff7fffffff | alu_res: ffffffff7fc00000 | fflags: 00000
FP_TRACE PC: 80005180 | Instr: 00b2a027 | rs1: ffffffff785eccf9 | rs2: ffffffff7fc00000 | rs3: 0000000000000000 | alu_res: ffffffff7fc00000 | fflags: 00000
FP_TRACE PC: 800051bc | Instr: 0001ac87 | rs1: ffffffff9b9402b5 | rs2: 0000000000000000 | rs3: 0000000000000000 | alu_res: ffffffff7fc00000 | fflags: 00000
FP_TRACE PC: 800051c4 | Instr: 0001a487 | rs1: ffffffff9b9402b5 | rs2: 0000000000000000 | rs3: 0000000000000000 | alu_res: ffffffff7fc00000 | fflags: 00000
FP_TRACE PC: 800051cc | Instr: 0001ad87 | rs1: ffffffff9b9402b5 | rs2: 0000000000000000 | rs3: 0000000000000000 | alu_res: ffffffff7fc00000 | fflags: 00000
FP_TRACE PC: 800051dc | Instr: d89cf9c3 | rs1: ffffffff40000000 | rs2: ffffffff0f3007db | rs3: ffffffffffffffff | alu_res: ffffffff7fc00000 | fflags: 00000
FP_TRACE PC: 80005200 | Instr: 0132a027 | rs1: ffffffff785eccf9 | rs2: ffffffff7fc00000 | rs3: 0000000000000000 | alu_res: ffffffff7fc00000 | fflags: 00000
FP_TRACE PC: 80005240 | Instr: 0001ac87 | rs1: ffffffff9b9402b5 | rs2: 0000000000000000 | rs3: 0000000000000000 | alu_res: ffffffff7fc00000 | fflags: 00000
FP_TRACE PC: 80005248 | Instr: 0001a987 | rs1: ffffffff9b9402b5 | rs2: 0000000000000000 | rs3: 0000000000000000 | alu_res: ffffffff7fc00000 | fflags: 00000
FP_TRACE PC: 80005250 | Instr: 0001a307 | rs1: ffffffff9b9402b5 | rs2: 0000000000000000 | rs3: 0000000000000000 | alu_res: ffffffff7fc00000 | fflags: 00000
FP_TRACE PC: 8000525c | Instr: 313ca843 | rs1: ffffffff40000000 | rs2: ffffffffec73222c | rs3: ffffffffffffffff | alu_res: ffffffff7fc00000 | fflags: 00000
FP_TRACE PC: 80005280 | Instr: 0102a027 | rs1: ffffffff785eccf9 | rs2: ffffffff7fc00000 | rs3: 0000000000000000 | alu_res: ffffffff7fc00000 | fflags: 00000
FP_TRACE PC: 800052bc | Instr: 0001a507 | rs1: ffffffff9b9402b5 | rs2: 0000000000000000 | rs3: 0000000000000000 | alu_res: ffffffff7fc00000 | fflags: 00000
FP_TRACE PC: 800052c4 | Instr: 0001a307 | rs1: ffffffff9b9402b5 | rs2: 0000000000000000 | rs3: 0000000000000000 | alu_res: ffffffff7fc00000 | fflags: 00000
FP_TRACE PC: 800052cc | Instr: 0001ad07 | rs1: ffffffff9b9402b5 | rs2: 0000000000000000 | rs3: 0000000000000000 | alu_res: ffffffff7fc00000 | fflags: 00000
FP_TRACE PC: 800052d8 | Instr: d0654a43 | rs1: ffffffff40000000 | rs2: ffffffff76bf7ee9 | rs3: ffffffffffffffff | alu_res: ffffffff7fc00000 | fflags: 00000
FP_TRACE PC: 80005300 | Instr: 0142a027 | rs1: ffffffff785eccf9 | rs2: ffffffff7fc00000 | rs3: 0000000000000000 | alu_res: ffffffff7fc00000 | fflags: 00000
FP_TRACE PC: 8000533c | Instr: 0001a687 | rs1: ffffffff9b9402b5 | rs2: 0000000000000000 | rs3: 0000000000000000 | alu_res: ffffffff7fc00000 | fflags: 00000
FP_TRACE PC: 80005344 | Instr: 0001a107 | rs1: ffffffff9b9402b5 | rs2: 0000000000000000 | rs3: 0000000000000000 | alu_res: ffffffff7fc00000 | fflags: 00000
FP_TRACE PC: 8000534c | Instr: 0001aa87 | rs1: ffffffff9b9402b5 | rs2: 0000000000000000 | rs3: 0000000000000000 | alu_res: ffffffff7fc00000 | fflags: 00000
FP_TRACE PC: 80005358 | Instr: a8268b43 | rs1: ffffffff40000000 | rs2: ffffffffa8ef0332 | rs3: ffffffffffffffff | alu_res: ffffffff7fc00000 | fflags: 00000
FP_TRACE PC: 80005380 | Instr: 0162a027 | rs1: ffffffff785eccf9 | rs2: ffffffff7fc00000 | rs3: 0000000000000000 | alu_res: ffffffff7fc00000 | fflags: 00000
FP_TRACE PC: 800053bc | Instr: 0001af87 | rs1: ffffffff9b9402b5 | rs2: 0000000000000000 | rs3: 0000000000000000 | alu_res: ffffffff7fc00000 | fflags: 00000
FP_TRACE PC: 800053c4 | Instr: 0001a307 | rs1: ffffffff9b9402b5 | rs2: 0000000000000000 | rs3: 0000000000000000 | alu_res: ffffffff7fc00000 | fflags: 00000
FP_TRACE PC: 800053cc | Instr: 0001a487 | rs1: ffffffff9b9402b5 | rs2: 0000000000000000 | rs3: 0000000000000000 | alu_res: ffffffff7fc00000 | fflags: 00000
FP_TRACE PC: 800053d8 | Instr: 486f9cc3 | rs1: ffffffff40000000 | rs2: ffffffffb7b6aff5 | rs3: ffffffffffffffff | alu_res: ffffffff7fc00000 | fflags: 00000
FP_TRACE PC: 80005400 | Instr: 0192a027 | rs1: ffffffff785eccf9 | rs2: ffffffff7fc00000 | rs3: 0000000000000000 | alu_res: ffffffff7fc00000 | fflags: 00000
FP_TRACE PC: 8000543c | Instr: 0001ab87 | rs1: ffffffff9b9402b5 | rs2: 0000000000000000 | rs3: 0000000000000000 | alu_res: ffffffff7fc00000 | fflags: 00000
FP_TRACE PC: 80005444 | Instr: 0001a987 | rs1: ffffffff9b9402b5 | rs2: 0000000000000000 | rs3: 0000000000000000 | alu_res: ffffffff7fc00000 | fflags: 00000
FP_TRACE PC: 8000544c | Instr: 0001a607 | rs1: ffffffff9b9402b5 | rs2: 0000000000000000 | rs3: 0000000000000000 | alu_res: ffffffff7fc00000 | fflags: 00000
FP_TRACE PC: 80005458 | Instr: 613bb943 | rs1: ffffffff40000000 | rs2: ffffffff0c9dcc15 | rs3: ffffffffffffffff | alu_res: ffffffff7fc00000 | fflags: 00000
FP_TRACE PC: 80005480 | Instr: 0122a027 | rs1: ffffffff785eccf9 | rs2: ffffffff7fc00000 | rs3: 0000000000000000 | alu_res: ffffffff7fc00000 | fflags: 00000
FP_TRACE PC: 800054bc | Instr: 0001a987 | rs1: ffffffff9b9402b5 | rs2: 0000000000000000 | rs3: 0000000000000000 | alu_res: ffffffff7fc00000 | fflags: 00000
FP_TRACE PC: 800054c4 | Instr: 0001a907 | rs1: ffffffff9b9402b5 | rs2: 0000000000000000 | rs3: 0000000000000000 | alu_res: ffffffff7fc00000 | fflags: 00000
FP_TRACE PC: 800054cc | Instr: 0001aa07 | rs1: ffffffff9b9402b5 | rs2: 0000000000000000 | rs3: 0000000000000000 | alu_res: ffffffff7fc00000 | fflags: 00000
FP_TRACE PC: 800054dc | Instr: a129f143 | rs1: ffffffff40000000 | rs2: ffffffff85ffaf43 | rs3: ffffffff7f800001 | alu_res: ffffffff7fc00000 | fflags: 10000
FP_TRACE PC: 80005500 | Instr: 0022a027 | rs1: ffffffff785eccf9 | rs2: ffffffff7fc00000 | rs3: 0000000000000000 | alu_res: ffffffff7fc00000 | fflags: 00000
FP_TRACE PC: 80005540 | Instr: 0001a507 | rs1: ffffffff9b9402b5 | rs2: 0000000000000000 | rs3: 0000000000000000 | alu_res: ffffffff7fc00000 | fflags: 00000
FP_TRACE PC: 80005548 | Instr: 0001aa87 | rs1: ffffffff9b9402b5 | rs2: 0000000000000000 | rs3: 0000000000000000 | alu_res: ffffffff7fc00000 | fflags: 00000
FP_TRACE PC: 80005550 | Instr: 0001a907 | rs1: ffffffff9b9402b5 | rs2: 0000000000000000 | rs3: 0000000000000000 | alu_res: ffffffff7fc00000 | fflags: 00000
FP_TRACE PC: 8000555c | Instr: 915523c3 | rs1: ffffffff40000000 | rs2: fffffffff405bda8 | rs3: ffffffff7f800001 | alu_res: ffffffff7fc00000 | fflags: 10000
FP_TRACE PC: 80005580 | Instr: 0072a027 | rs1: ffffffff785eccf9 | rs2: ffffffff7fc00000 | rs3: 0000000000000000 | alu_res: ffffffff7fc00000 | fflags: 00000
FP_TRACE PC: 800055bc | Instr: 0001aa07 | rs1: ffffffff9b9402b5 | rs2: 0000000000000000 | rs3: 0000000000000000 | alu_res: ffffffff7fc00000 | fflags: 00000
FP_TRACE PC: 800055c4 | Instr: 0001a707 | rs1: ffffffff9b9402b5 | rs2: 0000000000000000 | rs3: 0000000000000000 | alu_res: ffffffff7fc00000 | fflags: 00000
FP_TRACE PC: 800055cc | Instr: 0001a287 | rs1: ffffffff9b9402b5 | rs2: 0000000000000000 | rs3: 0000000000000000 | alu_res: ffffffff7fc00000 | fflags: 00000
FP_TRACE PC: 800055d8 | Instr: 28ea45c3 | rs1: ffffffff40000000 | rs2: ffffffff9226e664 | rs3: ffffffff7f800001 | alu_res: ffffffff7fc00000 | fflags: 10000
FP_TRACE PC: 80005600 | Instr: 00b2a027 | rs1: ffffffff7f800001 | rs2: ffffffff7fc00000 | rs3: 0000000000000000 | alu_res: ffffffff7fc00000 | fflags: 10000
FP_TRACE PC: 8000563c | Instr: 0001a887 | rs1: ffffffff9b9402b5 | rs2: 0000000000000000 | rs3: 0000000000000000 | alu_res: ffffffff7fc00000 | fflags: 00000
FP_TRACE PC: 80005644 | Instr: 0001a307 | rs1: ffffffff9b9402b5 | rs2: 0000000000000000 | rs3: 0000000000000000 | alu_res: ffffffff7fc00000 | fflags: 00000
FP_TRACE PC: 8000564c | Instr: 0001a487 | rs1: ffffffff9b9402b5 | rs2: 0000000000000000 | rs3: 0000000000000000 | alu_res: ffffffff7fc00000 | fflags: 00000
FP_TRACE PC: 80005658 | Instr: 48688cc3 | rs1: ffffffff40000000 | rs2: ffffffffa0528e35 | rs3: ffffffff7f800001 | alu_res: ffffffff7fc00000 | fflags: 10000
FP_TRACE PC: 80005680 | Instr: 0192a027 | rs1: ffffffff7f800001 | rs2: ffffffff7fc00000 | rs3: 0000000000000000 | alu_res: ffffffff7fc00000 | fflags: 10000
FP_TRACE PC: 800056bc | Instr: 0001a987 | rs1: ffffffff9b9402b5 | rs2: 0000000000000000 | rs3: 0000000000000000 | alu_res: ffffffff7fc00000 | fflags: 00000
FP_TRACE PC: 800056c4 | Instr: 0001a587 | rs1: ffffffff9b9402b5 | rs2: 0000000000000000 | rs3: 0000000000000000 | alu_res: ffffffff7fc00000 | fflags: 00000
FP_TRACE PC: 800056cc | Instr: 0001a787 | rs1: ffffffff9b9402b5 | rs2: 0000000000000000 | rs3: 0000000000000000 | alu_res: ffffffff7fc00000 | fflags: 00000
FP_TRACE PC: 800056d8 | Instr: 78b991c3 | rs1: ffffffff40000000 | rs2: ffffffff4024e536 | rs3: ffffffff7f800001 | alu_res: ffffffff7fc00000 | fflags: 10000
FP_TRACE PC: 80005700 | Instr: 0032a027 | rs1: ffffffff7f800001 | rs2: ffffffff7fc00000 | rs3: 0000000000000000 | alu_res: ffffffff7fc00000 | fflags: 10000
FP_TRACE PC: 8000573c | Instr: 0001af07 | rs1: ffffffff7fc00000 | rs2: 0000000000000000 | rs3: 0000000000000000 | alu_res: ffffffff7fc00000 | fflags: 00000
FP_TRACE PC: 80005744 | Instr: 0001a787 | rs1: ffffffff7fc00000 | rs2: 0000000000000000 | rs3: 0000000000000000 | alu_res: ffffffff7fc00000 | fflags: 00000
FP_TRACE PC: 8000574c | Instr: 0001a387 | rs1: ffffffff7fc00000 | rs2: 0000000000000000 | rs3: 0000000000000000 | alu_res: ffffffff7fc00000 | fflags: 00000
FP_TRACE PC: 80005758 | Instr: 38ff34c3 | rs1: ffffffff40000000 | rs2: ffffffff5ccf7c11 | rs3: ffffffff7f800001 | alu_res: ffffffff7fc00000 | fflags: 10000
FP_TRACE PC: 80005780 | Instr: 0092a027 | rs1: ffffffff7f800001 | rs2: ffffffff7fc00000 | rs3: 0000000000000000 | alu_res: ffffffff7fc00000 | fflags: 10000
FP_TRACE PC: 800057bc | Instr: 0001af07 | rs1: ffffffff7fc00000 | rs2: 0000000000000000 | rs3: 0000000000000000 | alu_res: ffffffff7fc00000 | fflags: 00000
FP_TRACE PC: 800057c4 | Instr: 0001a307 | rs1: ffffffff7fc00000 | rs2: 0000000000000000 | rs3: 0000000000000000 | alu_res: ffffffff7fc00000 | fflags: 00000
FP_TRACE PC: 800057cc | Instr: 0001a787 | rs1: ffffffff7fc00000 | rs2: 0000000000000000 | rs3: 0000000000000000 | alu_res: ffffffff7fc00000 | fflags: 00000
FP_TRACE PC: 800057dc | Instr: 786f7bc3 | rs1: ffffffff40000000 | rs2: ffffffff16a17fba | rs3: ffffffff7fbfffff | alu_res: ffffffff7fc00000 | fflags: 10000
FP_TRACE PC: 80005800 | Instr: 0172a027 | rs1: ffffffff7f800001 | rs2: ffffffff7fc00000 | rs3: 0000000000000000 | alu_res: ffffffff7fc00000 | fflags: 10000
FP_TRACE PC: 80005840 | Instr: 0001a487 | rs1: ffffffff7fc00000 | rs2: 0000000000000000 | rs3: 0000000000000000 | alu_res: ffffffff7fc00000 | fflags: 00000
FP_TRACE PC: 80005848 | Instr: 0001a507 | rs1: ffffffff7fc00000 | rs2: 0000000000000000 | rs3: 0000000000000000 | alu_res: ffffffff7fc00000 | fflags: 00000
FP_TRACE PC: 80005850 | Instr: 0001ad07 | rs1: ffffffff7fc00000 | rs2: 0000000000000000 | rs3: 0000000000000000 | alu_res: ffffffff7fc00000 | fflags: 00000
FP_TRACE PC: 8000585c | Instr: d0a4a143 | rs1: ffffffff40000000 | rs2: ffffffffc5aab9ea | rs3: ffffffff7fbfffff | alu_res: ffffffff7fc00000 | fflags: 10000
FP_TRACE PC: 80005880 | Instr: 0022a027 | rs1: ffffffff7f800001 | rs2: ffffffff7fc00000 | rs3: 0000000000000000 | alu_res: ffffffff7fc00000 | fflags: 10000
FP_TRACE PC: 800058bc | Instr: 0001a587 | rs1: ffffffff7fc00000 | rs2: 0000000000000000 | rs3: 0000000000000000 | alu_res: ffffffff7fc00000 | fflags: 00000
FP_TRACE PC: 800058c4 | Instr: 0001a787 | rs1: ffffffff7fc00000 | rs2: 0000000000000000 | rs3: 0000000000000000 | alu_res: ffffffff7fc00000 | fflags: 00000
FP_TRACE PC: 800058cc | Instr: 0001a087 | rs1: ffffffff7fc00000 | rs2: 0000000000000000 | rs3: 0000000000000000 | alu_res: ffffffff7fc00000 | fflags: 00000
FP_TRACE PC: 800058d8 | Instr: 08f5c643 | rs1: ffffffff40000000 | rs2: ffffffffdd874c5e | rs3: ffffffff7fbfffff | alu_res: ffffffff7fc00000 | fflags: 10000
FP_TRACE PC: 80005900 | Instr: 00c2a027 | rs1: ffffffff7f800001 | rs2: ffffffff7fc00000 | rs3: 0000000000000000 | alu_res: ffffffff7fc00000 | fflags: 10000
FP_TRACE PC: 8000593c | Instr: 0001a887 | rs1: ffffffff7fc00000 | rs2: 0000000000000000 | rs3: 0000000000000000 | alu_res: ffffffff7fc00000 | fflags: 00000
FP_TRACE PC: 80005944 | Instr: 0001a807 | rs1: ffffffff7fc00000 | rs2: 0000000000000000 | rs3: 0000000000000000 | alu_res: ffffffff7fc00000 | fflags: 00000
FP_TRACE PC: 8000594c | Instr: 0001a087 | rs1: ffffffff7fc00000 | rs2: 0000000000000000 | rs3: 0000000000000000 | alu_res: ffffffff7fc00000 | fflags: 00000
FP_TRACE PC: 80005958 | Instr: 09088143 | rs1: ffffffff40000000 | rs2: ffffffff7015cfb1 | rs3: ffffffff7fbfffff | alu_res: ffffffff7fc00000 | fflags: 10000
FP_TRACE PC: 80005980 | Instr: 0022a027 | rs1: ffffffff7f800001 | rs2: ffffffff7fc00000 | rs3: 0000000000000000 | alu_res: ffffffff7fc00000 | fflags: 10000
FP_TRACE PC: 800059bc | Instr: 0001a087 | rs1: ffffffff7fc00000 | rs2: 0000000000000000 | rs3: 0000000000000000 | alu_res: ffffffff7fc00000 | fflags: 00000
FP_TRACE PC: 800059c4 | Instr: 0001ab87 | rs1: ffffffff7fc00000 | rs2: 0000000000000000 | rs3: 0000000000000000 | alu_res: ffffffff7fc00000 | fflags: 00000
FP_TRACE PC: 800059cc | Instr: 0001ad07 | rs1: ffffffff7fc00000 | rs2: 0000000000000000 | rs3: 0000000000000000 | alu_res: ffffffff7fc00000 | fflags: 00000
FP_TRACE PC: 800059d8 | Instr: d1709cc3 | rs1: ffffffff40000000 | rs2: ffffffffbabfb4fa | rs3: ffffffff7fbfffff | alu_res: ffffffff7fc00000 | fflags: 10000
FP_TRACE PC: 80005a00 | Instr: 0192a027 | rs1: ffffffff7f800001 | rs2: ffffffff7fc00000 | rs3: 0000000000000000 | alu_res: ffffffff7fc00000 | fflags: 10000
FP_TRACE PC: 80005a3c | Instr: 0001a907 | rs1: ffffffff7fc00000 | rs2: 0000000000000000 | rs3: 0000000000000000 | alu_res: ffffffff7fc00000 | fflags: 00000
FP_TRACE PC: 80005a44 | Instr: 0001a387 | rs1: ffffffff7fc00000 | rs2: 0000000000000000 | rs3: 0000000000000000 | alu_res: ffffffff7fc00000 | fflags: 00000
FP_TRACE PC: 80005a4c | Instr: 0001af07 | rs1: ffffffff7fc00000 | rs2: 0000000000000000 | rs3: 0000000000000000 | alu_res: ffffffff7fc00000 | fflags: 00000
FP_TRACE PC: 80005a58 | Instr: f07931c3 | rs1: ffffffff40000000 | rs2: ffffffffc1a8d622 | rs3: ffffffff7fbfffff | alu_res: ffffffff7fc00000 | fflags: 10000
FP_TRACE PC: 80005a80 | Instr: 0032a027 | rs1: ffffffff7f800001 | rs2: ffffffff7fc00000 | rs3: 0000000000000000 | alu_res: ffffffff7fc00000 | fflags: 10000
FP_TRACE PC: 80005abc | Instr: 0001ab07 | rs1: ffffffff7fc00000 | rs2: 0000000000000000 | rs3: 0000000000000000 | alu_res: ffffffff7fc00000 | fflags: 00000
FP_TRACE PC: 80005ac4 | Instr: 0001ac07 | rs1: ffffffff7fc00000 | rs2: 0000000000000000 | rs3: 0000000000000000 | alu_res: ffffffff7fc00000 | fflags: 00000
FP_TRACE PC: 80005acc | Instr: 0001a087 | rs1: ffffffff7fc00000 | rs2: 0000000000000000 | rs3: 0000000000000000 | alu_res: ffffffff7fc00000 | fflags: 00000
FP_TRACE PC: 80005adc | Instr: 098b7fc3 | rs1: ffffffff40000000 | rs2: fffffffff34e8806 | rs3: ffffffffffbfffff | alu_res: ffffffff7fc00000 | fflags: 10000
FP_TRACE PC: 80005b00 | Instr: 01f2a027 | rs1: ffffffff7f800001 | rs2: ffffffff7fc00000 | rs3: 0000000000000000 | alu_res: ffffffff7fc00000 | fflags: 10000
FP_TRACE PC: 80005b40 | Instr: 0001af87 | rs1: ffffffff7fc00000 | rs2: 0000000000000000 | rs3: 0000000000000000 | alu_res: ffffffff7fc00000 | fflags: 00000
FP_TRACE PC: 80005b48 | Instr: 0001af07 | rs1: ffffffff7fc00000 | rs2: 0000000000000000 | rs3: 0000000000000000 | alu_res: ffffffff7fc00000 | fflags: 00000
FP_TRACE PC: 80005b50 | Instr: 0001ad07 | rs1: ffffffff7fc00000 | rs2: 0000000000000000 | rs3: 0000000000000000 | alu_res: ffffffff7fc00000 | fflags: 00000
FP_TRACE PC: 80005b5c | Instr: d1efa1c3 | rs1: ffffffff40000000 | rs2: fffffffff5d61d91 | rs3: ffffffffffbfffff | alu_res: ffffffff7fc00000 | fflags: 10000
FP_TRACE PC: 80005b80 | Instr: 0032a027 | rs1: ffffffff7f800001 | rs2: ffffffff7fc00000 | rs3: 0000000000000000 | alu_res: ffffffff7fc00000 | fflags: 10000
FP_TRACE PC: 80005bbc | Instr: 0001af07 | rs1: ffffffff7fc00000 | rs2: 0000000000000000 | rs3: 0000000000000000 | alu_res: ffffffff7fc00000 | fflags: 00000
FP_TRACE PC: 80005bc4 | Instr: 0001a587 | rs1: ffffffff7fc00000 | rs2: 0000000000000000 | rs3: 0000000000000000 | alu_res: ffffffff7fc00000 | fflags: 00000
FP_TRACE PC: 80005bcc | Instr: 0001aa87 | rs1: ffffffff7fc00000 | rs2: 0000000000000000 | rs3: 0000000000000000 | alu_res: ffffffff7fc00000 | fflags: 00000
FP_TRACE PC: 80005bd8 | Instr: a8bf4ec3 | rs1: ffffffff40000000 | rs2: ffffffff80835e09 | rs3: ffffffffffbfffff | alu_res: ffffffff7fc00000 | fflags: 10000
FP_TRACE PC: 80005c00 | Instr: 01d2a027 | rs1: ffffffff7f800001 | rs2: ffffffff7fc00000 | rs3: 0000000000000000 | alu_res: ffffffff7fc00000 | fflags: 10000
FP_TRACE PC: 80005c3c | Instr: 0001a487 | rs1: ffffffff7fc00000 | rs2: 0000000000000000 | rs3: 0000000000000000 | alu_res: ffffffff7fc00000 | fflags: 00000
FP_TRACE PC: 80005c44 | Instr: 0001a507 | rs1: ffffffff7fc00000 | rs2: 0000000000000000 | rs3: 0000000000000000 | alu_res: ffffffff7fc00000 | fflags: 00000
FP_TRACE PC: 80005c4c | Instr: 0001a307 | rs1: ffffffff7fc00000 | rs2: 0000000000000000 | rs3: 0000000000000000 | alu_res: ffffffff7fc00000 | fflags: 00000
FP_TRACE PC: 80005c58 | Instr: 30a48a43 | rs1: ffffffff40000000 | rs2: ffffffff57772b5d | rs3: ffffffffffbfffff | alu_res: ffffffff7fc00000 | fflags: 10000
FP_TRACE PC: 80005c80 | Instr: 0142a027 | rs1: ffffffff7f800001 | rs2: ffffffff7fc00000 | rs3: 0000000000000000 | alu_res: ffffffff7fc00000 | fflags: 10000
FP_TRACE PC: 80005cbc | Instr: 0001ac87 | rs1: ffffffff7fc00000 | rs2: 0000000000000000 | rs3: 0000000000000000 | alu_res: ffffffff7fc00000 | fflags: 00000
FP_TRACE PC: 80005cc4 | Instr: 0001a907 | rs1: ffffffff7fc00000 | rs2: 0000000000000000 | rs3: 0000000000000000 | alu_res: ffffffff7fc00000 | fflags: 00000
FP_TRACE PC: 80005ccc | Instr: 0001ad07 | rs1: ffffffff7fc00000 | rs2: 0000000000000000 | rs3: 0000000000000000 | alu_res: ffffffff7fc00000 | fflags: 00000
FP_TRACE PC: 80005cd8 | Instr: d12c9f43 | rs1: ffffffff40000000 | rs2: ffffffffc05c446f | rs3: ffffffffffbfffff | alu_res: ffffffff7fc00000 | fflags: 10000
FP_TRACE PC: 80005d00 | Instr: 01e2a027 | rs1: ffffffff7f800001 | rs2: ffffffff7fc00000 | rs3: 0000000000000000 | alu_res: ffffffff7fc00000 | fflags: 10000
FP_TRACE PC: 80005d3c | Instr: 0001a187 | rs1: ffffffff7fc00000 | rs2: 0000000000000000 | rs3: 0000000000000000 | alu_res: ffffffff7fc00000 | fflags: 00000
FP_TRACE PC: 80005d44 | Instr: 0001a707 | rs1: ffffffff40000000 | rs2: 0000000000000000 | rs3: 0000000000000000 | alu_res: ffffffff7fc00000 | fflags: 00000
FP_TRACE PC: 80005d4c | Instr: 0001a507 | rs1: ffffffff40000000 | rs2: 0000000000000000 | rs3: 0000000000000000 | alu_res: ffffffff7fc00000 | fflags: 00000
FP_TRACE PC: 80005d58 | Instr: 50e1b7c3 | rs1: ffffffff40000000 | rs2: ffffffffc6fe510f | rs3: ffffffffffbfffff | alu_res: ffffffff7fc00000 | fflags: 10000
FP_TRACE PC: 80005d80 | Instr: 00f2a027 | rs1: ffffffff7f800001 | rs2: ffffffff7fc00000 | rs3: 0000000000000000 | alu_res: ffffffff7fc00000 | fflags: 10000
FP_TRACE PC: 80005dbc | Instr: 0001a907 | rs1: ffffffff40000000 | rs2: 0000000000000000 | rs3: 0000000000000000 | alu_res: ffffffff7fc00000 | fflags: 00000
FP_TRACE PC: 80005dc4 | Instr: 0001ad07 | rs1: ffffffff40000000 | rs2: 0000000000000000 | rs3: 0000000000000000 | alu_res: ffffffff7fc00000 | fflags: 00000
FP_TRACE PC: 80005dcc | Instr: 0001a807 | rs1: ffffffff40000000 | rs2: 0000000000000000 | rs3: 0000000000000000 | alu_res: ffffffff7fc00000 | fflags: 00000
FP_TRACE PC: 80005ddc | Instr: 81a974c3 | rs1: ffffffff40000000 | rs2: ffffffff1ba3775b | rs3: ffffffff7ef8654f | alu_res: ffffffff7ef8654f | fflags: 00001
FP_TRACE PC: 80005e00 | Instr: 0092a027 | rs1: ffffffff7f800001 | rs2: ffffffff7ef8654f | rs3: 0000000000000000 | alu_res: ffffffff7fc00000 | fflags: 10000
FP_TRACE PC: 80005e40 | Instr: 0001af87 | rs1: ffffffff40000000 | rs2: 0000000000000000 | rs3: 0000000000000000 | alu_res: ffffffff7fc00000 | fflags: 00000
FP_TRACE PC: 80005e48 | Instr: 0001ad87 | rs1: ffffffff40000000 | rs2: 0000000000000000 | rs3: 0000000000000000 | alu_res: ffffffff7fc00000 | fflags: 00000
FP_TRACE PC: 80005e50 | Instr: 0001aa87 | rs1: ffffffff40000000 | rs2: 0000000000000000 | rs3: 0000000000000000 | alu_res: ffffffff7fc00000 | fflags: 00000
FP_TRACE PC: 80005e5c | Instr: a9bfacc3 | rs1: ffffffff40000000 | rs2: ffffffff96e6105b | rs3: ffffffff7ef8654f | alu_res: ffffffff7ef8654e | fflags: 00001
FP_TRACE PC: 80005e80 | Instr: 0192a027 | rs1: ffffffff7f800001 | rs2: ffffffff7ef8654e | rs3: 0000000000000000 | alu_res: ffffffff7fc00000 | fflags: 10000
FP_TRACE PC: 80005ebc | Instr: 0001a607 | rs1: ffffffff40000000 | rs2: 0000000000000000 | rs3: 0000000000000000 | alu_res: ffffffff7fc00000 | fflags: 00000
FP_TRACE PC: 80005ec4 | Instr: 0001ac07 | rs1: ffffffff40000000 | rs2: 0000000000000000 | rs3: 0000000000000000 | alu_res: ffffffff7fc00000 | fflags: 00000
FP_TRACE PC: 80005ecc | Instr: 0001a507 | rs1: ffffffff40000000 | rs2: 0000000000000000 | rs3: 0000000000000000 | alu_res: ffffffff7fc00000 | fflags: 00000
FP_TRACE PC: 80005ed8 | Instr: 518647c3 | rs1: ffffffff40000000 | rs2: ffffffff6f3a90c5 | rs3: ffffffff7ef8654f | alu_res: ffffffff7ef8654f | fflags: 00001
FP_TRACE PC: 80005f00 | Instr: 00f2a027 | rs1: ffffffff7f800001 | rs2: ffffffff7ef8654f | rs3: 0000000000000000 | alu_res: ffffffff7fc00000 | fflags: 10000
FP_TRACE PC: 80005f3c | Instr: 0001ad07 | rs1: ffffffff40000000 | rs2: 0000000000000000 | rs3: 0000000000000000 | alu_res: ffffffff7fc00000 | fflags: 00000
FP_TRACE PC: 80005f44 | Instr: 0001ab07 | rs1: ffffffff40000000 | rs2: 0000000000000000 | rs3: 0000000000000000 | alu_res: ffffffff7fc00000 | fflags: 00000
FP_TRACE PC: 80005f4c | Instr: 0001a107 | rs1: ffffffff40000000 | rs2: 0000000000000000 | rs3: 0000000000000000 | alu_res: ffffffff7fc00000 | fflags: 00000
FP_TRACE PC: 80005f58 | Instr: 116d03c3 | rs1: ffffffff40000000 | rs2: ffffffff64240c02 | rs3: ffffffff7ef8654f | alu_res: ffffffff7ef8654f | fflags: 00001
FP_TRACE PC: 80005f80 | Instr: 0072a027 | rs1: ffffffff7f800001 | rs2: ffffffff7ef8654f | rs3: 0000000000000000 | alu_res: ffffffff7fc00000 | fflags: 10000
FP_TRACE PC: 80005fbc | Instr: 0001a587 | rs1: ffffffff40000000 | rs2: 0000000000000000 | rs3: 0000000000000000 | alu_res: ffffffff7fc00000 | fflags: 00000
FP_TRACE PC: 80005fc4 | Instr: 0001aa87 | rs1: ffffffff40000000 | rs2: 0000000000000000 | rs3: 0000000000000000 | alu_res: ffffffff7fc00000 | fflags: 00000
FP_TRACE PC: 80005fcc | Instr: 0001a687 | rs1: ffffffff40000000 | rs2: 0000000000000000 | rs3: 0000000000000000 | alu_res: ffffffff7fc00000 | fflags: 00000
FP_TRACE PC: 80005fd8 | Instr: 69559bc3 | rs1: ffffffff40000000 | rs2: ffffffff3f2e4a15 | rs3: ffffffff7ef8654f | alu_res: ffffffff7ef8654f | fflags: 00001
FP_TRACE PC: 80006000 | Instr: 0172a027 | rs1: ffffffff7f800001 | rs2: ffffffff7ef8654f | rs3: 0000000000000000 | alu_res: ffffffff7fc00000 | fflags: 10000
FP_TRACE PC: 8000603c | Instr: 0001ac07 | rs1: ffffffff40000000 | rs2: 0000000000000000 | rs3: 0000000000000000 | alu_res: ffffffff7fc00000 | fflags: 00000
FP_TRACE PC: 80006044 | Instr: 0001a407 | rs1: ffffffff40000000 | rs2: 0000000000000000 | rs3: 0000000000000000 | alu_res: ffffffff7fc00000 | fflags: 00000
FP_TRACE PC: 8000604c | Instr: 0001a607 | rs1: ffffffff40000000 | rs2: 0000000000000000 | rs3: 0000000000000000 | alu_res: ffffffff7fc00000 | fflags: 00000
FP_TRACE PC: 80006058 | Instr: 608c3fc3 | rs1: ffffffff40000000 | rs2: ffffffff835965bb | rs3: ffffffff7ef8654f | alu_res: ffffffff7ef8654f | fflags: 00001
FP_TRACE PC: 80006080 | Instr: 01f2a027 | rs1: ffffffff7f800001 | rs2: ffffffff7ef8654f | rs3: 0000000000000000 | alu_res: ffffffff7fc00000 | fflags: 10000
FP_TRACE PC: 800060bc | Instr: 0001a087 | rs1: ffffffff40000000 | rs2: 0000000000000000 | rs3: 0000000000000000 | alu_res: ffffffff7fc00000 | fflags: 00000
FP_TRACE PC: 800060c4 | Instr: 0001a107 | rs1: ffffffff40000000 | rs2: 0000000000000000 | rs3: 0000000000000000 | alu_res: ffffffff7fc00000 | fflags: 00000
FP_TRACE PC: 800060cc | Instr: 0001ae07 | rs1: ffffffff40000000 | rs2: 0000000000000000 | rs3: 0000000000000000 | alu_res: ffffffff7fc00000 | fflags: 00000
FP_TRACE PC: 800060dc | Instr: e020fb43 | rs1: ffffffff40000000 | rs2: ffffffffc0fe24f3 | rs3: ffffffff813d9ab0 | alu_res: ffffffffc17e24f3 | fflags: 00001
FP_TRACE PC: 80006100 | Instr: 0162a027 | rs1: ffffffff7f800001 | rs2: ffffffffc17e24f3 | rs3: 0000000000000000 | alu_res: ffffffff7fc00000 | fflags: 10000
FP_TRACE PC: 80006140 | Instr: 0001a107 | rs1: ffffffff40000000 | rs2: 0000000000000000 | rs3: 0000000000000000 | alu_res: ffffffff7fc00000 | fflags: 00000
FP_TRACE PC: 80006148 | Instr: 0001a587 | rs1: ffffffff40000000 | rs2: 0000000000000000 | rs3: 0000000000000000 | alu_res: ffffffff7fc00000 | fflags: 00000
FP_TRACE PC: 80006150 | Instr: 0001aa07 | rs1: ffffffff40000000 | rs2: 0000000000000000 | rs3: 0000000000000000 | alu_res: ffffffff7fc00000 | fflags: 00000
FP_TRACE PC: 8000615c | Instr: a0b12843 | rs1: ffffffff40000000 | rs2: ffffffff8c36e66d | rs3: ffffffff813d9ab0 | alu_res: ffffffff8cb6e66f | fflags: 00001
FP_TRACE PC: 80006180 | Instr: 0102a027 | rs1: ffffffff7f800001 | rs2: ffffffff8cb6e66f | rs3: 0000000000000000 | alu_res: ffffffff7fc00000 | fflags: 10000
FP_TRACE PC: 800061bc | Instr: 0001a707 | rs1: ffffffff40000000 | rs2: 0000000000000000 | rs3: 0000000000000000 | alu_res: ffffffff7fc00000 | fflags: 00000
FP_TRACE PC: 800061c4 | Instr: 0001aa87 | rs1: ffffffff40000000 | rs2: 0000000000000000 | rs3: 0000000000000000 | alu_res: ffffffff7fc00000 | fflags: 00000
FP_TRACE PC: 800061cc | Instr: 0001a407 | rs1: ffffffff40000000 | rs2: 0000000000000000 | rs3: 0000000000000000 | alu_res: ffffffff7fc00000 | fflags: 00000
FP_TRACE PC: 800061d8 | Instr: 41574543 | rs1: ffffffff40000000 | rs2: ffffffff7b680294 | rs3: ffffffff813d9ab0 | alu_res: ffffffff7be80294 | fflags: 00001
FP_TRACE PC: 80006200 | Instr: 00a2a027 | rs1: ffffffff7f800001 | rs2: ffffffff7be80294 | rs3: 0000000000000000 | alu_res: ffffffff7fc00000 | fflags: 10000
FP_TRACE PC: 8000623c | Instr: 0001a087 | rs1: ffffffff40000000 | rs2: 0000000000000000 | rs3: 0000000000000000 | alu_res: ffffffff7fc00000 | fflags: 00000
FP_TRACE PC: 80006244 | Instr: 0001a187 | rs1: ffffffff40000000 | rs2: 0000000000000000 | rs3: 0000000000000000 | alu_res: ffffffff7fc00000 | fflags: 00000
FP_TRACE PC: 8000624c | Instr: 0001a807 | rs1: ffffffffabb84920 | rs2: 0000000000000000 | rs3: 0000000000000000 | alu_res: ffffffff7fc00000 | fflags: 00000
FP_TRACE PC: 80006258 | Instr: 80308b43 | rs1: ffffffff40000000 | rs2: ffffffffabb84920 | rs3: ffffffff813d9ab0 | alu_res: ffffffffac384920 | fflags: 00001
FP_TRACE PC: 80006280 | Instr: 0162a027 | rs1: ffffffff7f800001 | rs2: ffffffffac384920 | rs3: 0000000000000000 | alu_res: ffffffff7fc00000 | fflags: 10000
FP_TRACE PC: 800062bc | Instr: 0001a307 | rs1: ffffffffabb84920 | rs2: 0000000000000000 | rs3: 0000000000000000 | alu_res: ffffffff7fc00000 | fflags: 00000
FP_TRACE PC: 800062c4 | Instr: 0001ae07 | rs1: ffffffffabb84920 | rs2: 0000000000000000 | rs3: 0000000000000000 | alu_res: ffffffff7fc00000 | fflags: 00000
FP_TRACE PC: 800062cc | Instr: 0001a087 | rs1: ffffffffabb84920 | rs2: 0000000000000000 | rs3: 0000000000000000 | alu_res: ffffffff7fc00000 | fflags: 00000
FP_TRACE PC: 800062d8 | Instr: 09c313c3 | rs1: ffffffff40000000 | rs2: ffffffff25d95342 | rs3: ffffffff813d9ab0 | alu_res: ffffffff26595341 | fflags: 00001
FP_TRACE PC: 80006300 | Instr: 0072a027 | rs1: ffffffff7f800001 | rs2: ffffffff26595341 | rs3: 0000000000000000 | alu_res: ffffffff7fc00000 | fflags: 10000
FP_TRACE PC: 8000633c | Instr: 0001a987 | rs1: ffffffffabb84920 | rs2: 0000000000000000 | rs3: 0000000000000000 | alu_res: ffffffff7fc00000 | fflags: 00000
FP_TRACE PC: 80006344 | Instr: 0001a107 | rs1: ffffffffabb84920 | rs2: 0000000000000000 | rs3: 0000000000000000 | alu_res: ffffffff7fc00000 | fflags: 00000
FP_TRACE PC: 8000634c | Instr: 0001a807 | rs1: ffffffffabb84920 | rs2: 0000000000000000 | rs3: 0000000000000000 | alu_res: ffffffff7fc00000 | fflags: 00000
FP_TRACE PC: 80006358 | Instr: 8029bcc3 | rs1: ffffffff40000000 | rs2: ffffffff2027f0eb | rs3: ffffffff813d9ab0 | alu_res: ffffffff20a7f0eb | fflags: 00001
FP_TRACE PC: 80006380 | Instr: 0192a027 | rs1: ffffffff7f800001 | rs2: ffffffff20a7f0eb | rs3: 0000000000000000 | alu_res: ffffffff7fc00000 | fflags: 10000
FP_TRACE PC: 800063bc | Instr: 0001a487 | rs1: ffffffffabb84920 | rs2: 0000000000000000 | rs3: 0000000000000000 | alu_res: ffffffff7fc00000 | fflags: 00000
FP_TRACE PC: 800063c4 | Instr: 0001a407 | rs1: ffffffffabb84920 | rs2: 0000000000000000 | rs3: 0000000000000000 | alu_res: ffffffff7fc00000 | fflags: 00000
FP_TRACE PC: 800063cc | Instr: 0001a387 | rs1: ffffffffabb84920 | rs2: 0000000000000000 | rs3: 0000000000000000 | alu_res: ffffffff7fc00000 | fflags: 00000
FP_TRACE PC: 800063dc | Instr: 3884f8c3 | rs1: ffffffffc0000000 | rs2: fffffffff1049137 | rs3: ffffffff00000000 | alu_res: ffffffff71849137 | fflags: 00000
FP_TRACE PC: 80006400 | Instr: 0112a027 | rs1: ffffffff7f800001 | rs2: ffffffff71849137 | rs3: 0000000000000000 | alu_res: ffffffff7fc00000 | fflags: 10000
FP_TRACE PC: 80006440 | Instr: 0001a407 | rs1: ffffffffabb84920 | rs2: 0000000000000000 | rs3: 0000000000000000 | alu_res: ffffffff7fc00000 | fflags: 00000
FP_TRACE PC: 80006448 | Instr: 0001a087 | rs1: ffffffffabb84920 | rs2: 0000000000000000 | rs3: 0000000000000000 | alu_res: ffffffff7fc00000 | fflags: 00000
FP_TRACE PC: 80006450 | Instr: 0001ae07 | rs1: ffffffffabb84920 | rs2: 0000000000000000 | rs3: 0000000000000000 | alu_res: ffffffff7fc00000 | fflags: 00000
FP_TRACE PC: 8000645c | Instr: e0142143 | rs1: ffffffffc0000000 | rs2: fffffffff7abebf7 | rs3: ffffffff00000000 | alu_res: ffffffff782bebf7 | fflags: 00000
FP_TRACE PC: 80006480 | Instr: 0022a027 | rs1: ffffffff7f800001 | rs2: ffffffff782bebf7 | rs3: 0000000000000000 | alu_res: ffffffff7fc00000 | fflags: 10000
FP_TRACE PC: 800064bc | Instr: 0001ad87 | rs1: ffffffffabb84920 | rs2: 0000000000000000 | rs3: 0000000000000000 | alu_res: ffffffff7fc00000 | fflags: 00000
FP_TRACE PC: 800064c4 | Instr: 0001af07 | rs1: ffffffffabb84920 | rs2: 0000000000000000 | rs3: 0000000000000000 | alu_res: ffffffff7fc00000 | fflags: 00000
FP_TRACE PC: 800064cc | Instr: 0001a907 | rs1: ffffffffabb84920 | rs2: 0000000000000000 | rs3: 0000000000000000 | alu_res: ffffffff7fc00000 | fflags: 00000
FP_TRACE PC: 800064d8 | Instr: 91edc443 | rs1: ffffffffc0000000 | rs2: ffffffffcca53926 | rs3: ffffffff00000000 | alu_res: ffffffff4d253926 | fflags: 00000
FP_TRACE PC: 80006500 | Instr: 0082a027 | rs1: ffffffff7f800001 | rs2: ffffffff4d253926 | rs3: 0000000000000000 | alu_res: ffffffff7fc00000 | fflags: 10000
FP_TRACE PC: 8000653c | Instr: 0001ad07 | rs1: ffffffffabb84920 | rs2: 0000000000000000 | rs3: 0000000000000000 | alu_res: ffffffff7fc00000 | fflags: 00000
FP_TRACE PC: 80006544 | Instr: 0001a607 | rs1: ffffffffabb84920 | rs2: 0000000000000000 | rs3: 0000000000000000 | alu_res: ffffffff7fc00000 | fflags: 00000
FP_TRACE PC: 8000654c | Instr: 0001a987 | rs1: ffffffffabb84920 | rs2: 0000000000000000 | rs3: 0000000000000000 | alu_res: ffffffff7fc00000 | fflags: 00000
FP_TRACE PC: 80006558 | Instr: 98cd0943 | rs1: ffffffffc0000000 | rs2: ffffffff1bfd9e30 | rs3: ffffffff00000000 | alu_res: ffffffff9c7d9e30 | fflags: 00000
FP_TRACE PC: 80006580 | Instr: 0122a027 | rs1: ffffffff7f800001 | rs2: ffffffff9c7d9e30 | rs3: 0000000000000000 | alu_res: ffffffff7fc00000 | fflags: 10000
FP_TRACE PC: 800065bc | Instr: 0001a187 | rs1: ffffffffabb84920 | rs2: 0000000000000000 | rs3: 0000000000000000 | alu_res: ffffffff7fc00000 | fflags: 00000
FP_TRACE PC: 800065c4 | Instr: 0001a507 | rs1: ffffffffc0000000 | rs2: 0000000000000000 | rs3: 0000000000000000 | alu_res: ffffffff7fc00000 | fflags: 00000
FP_TRACE PC: 800065cc | Instr: 0001a807 | rs1: ffffffffc0000000 | rs2: 0000000000000000 | rs3: 0000000000000000 | alu_res: ffffffff7fc00000 | fflags: 00000
FP_TRACE PC: 800065d8 | Instr: 80a193c3 | rs1: ffffffffc0000000 | rs2: ffffffffa040770c | rs3: ffffffff00000000 | alu_res: ffffffff20c0770c | fflags: 00000
FP_TRACE PC: 80006600 | Instr: 0072a027 | rs1: ffffffff7f800001 | rs2: ffffffff20c0770c | rs3: 0000000000000000 | alu_res: ffffffff7fc00000 | fflags: 10000
FP_TRACE PC: 8000663c | Instr: 0001a707 | rs1: ffffffffc0000000 | rs2: 0000000000000000 | rs3: 0000000000000000 | alu_res: ffffffff7fc00000 | fflags: 00000
FP_TRACE PC: 80006644 | Instr: 0001a507 | rs1: ffffffffc0000000 | rs2: 0000000000000000 | rs3: 0000000000000000 | alu_res: ffffffff7fc00000 | fflags: 00000
FP_TRACE PC: 8000664c | Instr: 0001a787 | rs1: ffffffffc0000000 | rs2: 0000000000000000 | rs3: 0000000000000000 | alu_res: ffffffff7fc00000 | fflags: 00000
FP_TRACE PC: 80006658 | Instr: 78a73ec3 | rs1: ffffffffc0000000 | rs2: ffffffff76312e88 | rs3: ffffffff00000000 | alu_res: fffffffff6b12e88 | fflags: 00000
FP_TRACE PC: 80006680 | Instr: 01d2a027 | rs1: ffffffff7f800001 | rs2: fffffffff6b12e88 | rs3: 0000000000000000 | alu_res: ffffffff7fc00000 | fflags: 10000
FP_TRACE PC: 800066bc | Instr: 0001a407 | rs1: ffffffffc0000000 | rs2: 0000000000000000 | rs3: 0000000000000000 | alu_res: ffffffff7fc00000 | fflags: 00000
FP_TRACE PC: 800066c4 | Instr: 0001a907 | rs1: ffffffffc0000000 | rs2: 0000000000000000 | rs3: 0000000000000000 | alu_res: ffffffff7fc00000 | fflags: 00000
FP_TRACE PC: 800066cc | Instr: 0001ac87 | rs1: ffffffffc0000000 | rs2: 0000000000000000 | rs3: 0000000000000000 | alu_res: ffffffff7fc00000 | fflags: 00000
FP_TRACE PC: 800066dc | Instr: c92477c3 | rs1: ffffffffc0000000 | rs2: ffffffff0eded2db | rs3: ffffffff80000000 | alu_res: ffffffff8f5ed2db | fflags: 00000
FP_TRACE PC: 80006700 | Instr: 00f2a027 | rs1: ffffffff7f800001 | rs2: ffffffff8f5ed2db | rs3: 0000000000000000 | alu_res: ffffffff7fc00000 | fflags: 10000
FP_TRACE PC: 80006740 | Instr: 0001ad87 | rs1: ffffffffc0000000 | rs2: 0000000000000000 | rs3: 0000000000000000 | alu_res: ffffffff7fc00000 | fflags: 00000
FP_TRACE PC: 80006748 | Instr: 0001ad07 | rs1: ffffffffc0000000 | rs2: 0000000000000000 | rs3: 0000000000000000 | alu_res: ffffffff7fc00000 | fflags: 00000
FP_TRACE PC: 80006750 | Instr: 0001ae87 | rs1: ffffffffc0000000 | rs2: 0000000000000000 | rs3: 0000000000000000 | alu_res: ffffffff7fc00000 | fflags: 00000
FP_TRACE PC: 8000675c | Instr: e9ada6c3 | rs1: ffffffffc0000000 | rs2: ffffffff163527ea | rs3: ffffffff80000000 | alu_res: ffffffff96b527ea | fflags: 00000
FP_TRACE PC: 80006780 | Instr: 00d2a027 | rs1: ffffffff7f800001 | rs2: ffffffff96b527ea | rs3: 0000000000000000 | alu_res: ffffffff7fc00000 | fflags: 10000
FP_TRACE PC: 800067bc | Instr: 0001a687 | rs1: ffffffffc0000000 | rs2: 0000000000000000 | rs3: 0000000000000000 | alu_res: ffffffff7fc00000 | fflags: 00000
FP_TRACE PC: 800067c4 | Instr: 0001a387 | rs1: ffffffffc0000000 | rs2: 0000000000000000 | rs3: 0000000000000000 | alu_res: ffffffff7fc00000 | fflags: 00000
FP_TRACE PC: 800067cc | Instr: 0001a887 | rs1: ffffffffc0000000 | rs2: 0000000000000000 | rs3: 0000000000000000 | alu_res: ffffffff7fc00000 | fflags: 00000
FP_TRACE PC: 800067d8 | Instr: 8876c743 | rs1: ffffffffc0000000 | rs2: ffffffff843070bb | rs3: ffffffff80000000 | alu_res: ffffffff04b070bb | fflags: 00000
FP_TRACE PC: 80006800 | Instr: 00e2a027 | rs1: ffffffff7f800001 | rs2: ffffffff04b070bb | rs3: 0000000000000000 | alu_res: ffffffff7fc00000 | fflags: 10000
FP_TRACE PC: 8000683c | Instr: 0001ab07 | rs1: ffffffffc0000000 | rs2: 0000000000000000 | rs3: 0000000000000000 | alu_res: ffffffff7fc00000 | fflags: 00000
FP_TRACE PC: 80006844 | Instr: 0001a887 | rs1: ffffffffc0000000 | rs2: 0000000000000000 | rs3: 0000000000000000 | alu_res: ffffffff7fc00000 | fflags: 00000
FP_TRACE PC: 8000684c | Instr: 0001af87 | rs1: ffffffffc0000000 | rs2: 0000000000000000 | rs3: 0000000000000000 | alu_res: ffffffff7fc00000 | fflags: 00000
FP_TRACE PC: 80006858 | Instr: f91b0d43 | rs1: ffffffffc0000000 | rs2: ffffffff18bcfbb7 | rs3: ffffffff80000000 | alu_res: ffffffff993cfbb7 | fflags: 00000
FP_TRACE PC: 80006880 | Instr: 01a2a027 | rs1: ffffffff7f800001 | rs2: ffffffff993cfbb7 | rs3: 0000000000000000 | alu_res: ffffffff7fc00000 | fflags: 10000
FP_TRACE PC: 800068bc | Instr: 0001ab87 | rs1: ffffffffc0000000 | rs2: 0000000000000000 | rs3: 0000000000000000 | alu_res: ffffffff7fc00000 | fflags: 00000
FP_TRACE PC: 800068c4 | Instr: 0001a587 | rs1: ffffffffc0000000 | rs2: 0000000000000000 | rs3: 0000000000000000 | alu_res: ffffffff7fc00000 | fflags: 00000
FP_TRACE PC: 800068cc | Instr: 0001a707 | rs1: ffffffffc0000000 | rs2: 0000000000000000 | rs3: 0000000000000000 | alu_res: ffffffff7fc00000 | fflags: 00000
FP_TRACE PC: 800068d8 | Instr: 70bb93c3 | rs1: ffffffffc0000000 | rs2: ffffffff47ff14fc | rs3: ffffffff80000000 | alu_res: ffffffffc87f14fc | fflags: 00000
FP_TRACE PC: 80006900 | Instr: 0072a027 | rs1: ffffffff7f800001 | rs2: ffffffffc87f14fc | rs3: 0000000000000000 | alu_res: ffffffff7fc00000 | fflags: 10000
FP_TRACE PC: 8000693c | Instr: 0001a887 | rs1: ffffffffc0000000 | rs2: 0000000000000000 | rs3: 0000000000000000 | alu_res: ffffffff7fc00000 | fflags: 00000
FP_TRACE PC: 80006944 | Instr: 0001ab87 | rs1: ffffffffc0000000 | rs2: 0000000000000000 | rs3: 0000000000000000 | alu_res: ffffffff7fc00000 | fflags: 00000
FP_TRACE PC: 8000694c | Instr: 0001af87 | rs1: ffffffffc0000000 | rs2: 0000000000000000 | rs3: 0000000000000000 | alu_res: ffffffff7fc00000 | fflags: 00000
FP_TRACE PC: 80006958 | Instr: f978bd43 | rs1: ffffffffc0000000 | rs2: ffffffff187dd9a3 | rs3: ffffffff80000000 | alu_res: ffffffff98fdd9a3 | fflags: 00000
FP_TRACE PC: 80006980 | Instr: 01a2a027 | rs1: ffffffff7f800001 | rs2: ffffffff98fdd9a3 | rs3: 0000000000000000 | alu_res: ffffffff7fc00000 | fflags: 10000
FP_TRACE PC: 800069bc | Instr: 0001a107 | rs1: ffffffffc0000000 | rs2: 0000000000000000 | rs3: 0000000000000000 | alu_res: ffffffff7fc00000 | fflags: 00000
FP_TRACE PC: 800069c4 | Instr: 0001a887 | rs1: ffffffffc0000000 | rs2: 0000000000000000 | rs3: 0000000000000000 | alu_res: ffffffff7fc00000 | fflags: 00000
FP_TRACE PC: 800069cc | Instr: 0001a087 | rs1: ffffffffc0000000 | rs2: 0000000000000000 | rs3: 0000000000000000 | alu_res: ffffffff7fc00000 | fflags: 00000
FP_TRACE PC: 800069dc | Instr: 09117543 | rs1: ffffffffc0000000 | rs2: ffffffffeaf30304 | rs3: ffffffff3f800000 | alu_res: ffffffff6b730304 | fflags: 00001
FP_TRACE PC: 80006a00 | Instr: 00a2a027 | rs1: ffffffff7f800001 | rs2: ffffffff6b730304 | rs3: 0000000000000000 | alu_res: ffffffff7fc00000 | fflags: 10000
FP_TRACE PC: 80006a40 | Instr: 0001aa07 | rs1: ffffffffc0000000 | rs2: 0000000000000000 | rs3: 0000000000000000 | alu_res: ffffffff7fc00000 | fflags: 00000
FP_TRACE PC: 80006a48 | Instr: 0001af87 | rs1: ffffffffc0000000 | rs2: 0000000000000000 | rs3: 0000000000000000 | alu_res: ffffffff7fc00000 | fflags: 00000
FP_TRACE PC: 80006a50 | Instr: 0001a707 | rs1: ffffffffc0000000 | rs2: 0000000000000000 | rs3: 0000000000000000 | alu_res: ffffffff7fc00000 | fflags: 00000
FP_TRACE PC: 80006a5c | Instr: 71fa2843 | rs1: ffffffffc0000000 | rs2: ffffffff8a6aac6c | rs3: ffffffff3f800000 | alu_res: ffffffff3f800000 | fflags: 00001
FP_TRACE PC: 80006a80 | Instr: 0102a027 | rs1: ffffffff7f800001 | rs2: ffffffff3f800000 | rs3: 0000000000000000 | alu_res: ffffffff7fc00000 | fflags: 10000
FP_TRACE PC: 80006abc | Instr: 0001ad07 | rs1: ffffffffc0000000 | rs2: 0000000000000000 | rs3: 0000000000000000 | alu_res: ffffffff7fc00000 | fflags: 00000
FP_TRACE PC: 80006ac4 | Instr: 0001a107 | rs1: ffffffffc0000000 | rs2: 0000000000000000 | rs3: 0000000000000000 | alu_res: ffffffff7fc00000 | fflags: 00000
FP_TRACE PC: 80006acc | Instr: 0001ab87 | rs1: ffffffffc0000000 | rs2: 0000000000000000 | rs3: 0000000000000000 | alu_res: ffffffff7fc00000 | fflags: 00000
FP_TRACE PC: 80006ad8 | Instr: b82d4dc3 | rs1: ffffffffc0000000 | rs2: ffffffffe4d33705 | rs3: ffffffff3f800000 | alu_res: ffffffff65533705 | fflags: 00001
FP_TRACE PC: 80006b00 | Instr: 01b2a027 | rs1: ffffffff7f800001 | rs2: ffffffff65533705 | rs3: 0000000000000000 | alu_res: ffffffff7fc00000 | fflags: 10000
FP_TRACE PC: 80006b3c | Instr: 0001a487 | rs1: ffffffffc0000000 | rs2: 0000000000000000 | rs3: 0000000000000000 | alu_res: ffffffff7fc00000 | fflags: 00000
FP_TRACE PC: 80006b44 | Instr: 0001a807 | rs1: ffffffffc0000000 | rs2: 0000000000000000 | rs3: 0000000000000000 | alu_res: ffffffff7fc00000 | fflags: 00000
FP_TRACE PC: 80006b4c | Instr: 0001a107 | rs1: ffffffffc0000000 | rs2: 0000000000000000 | rs3: 0000000000000000 | alu_res: ffffffff7fc00000 | fflags: 00000
FP_TRACE PC: 80006b58 | Instr: 11048443 | rs1: ffffffffc0000000 | rs2: ffffffff8d88b7dc | rs3: ffffffff3f800000 | alu_res: ffffffff3f800000 | fflags: 00001
FP_TRACE PC: 80006b80 | Instr: 0082a027 | rs1: ffffffff7f800001 | rs2: ffffffff3f800000 | rs3: 0000000000000000 | alu_res: ffffffff7fc00000 | fflags: 10000
FP_TRACE PC: 80006bbc | Instr: 0001ab87 | rs1: ffffffffc0000000 | rs2: 0000000000000000 | rs3: 0000000000000000 | alu_res: ffffffff7fc00000 | fflags: 00000
FP_TRACE PC: 80006bc4 | Instr: 0001ab07 | rs1: ffffffffc0000000 | rs2: 0000000000000000 | rs3: 0000000000000000 | alu_res: ffffffff7fc00000 | fflags: 00000
FP_TRACE PC: 80006bcc | Instr: 0001a887 | rs1: ffffffffc0000000 | rs2: 0000000000000000 | rs3: 0000000000000000 | alu_res: ffffffff7fc00000 | fflags: 00000
FP_TRACE PC: 80006bd8 | Instr: 896b90c3 | rs1: ffffffffc0000000 | rs2: ffffffff68ed25ae | rs3: ffffffff3f800000 | alu_res: ffffffffe96d25ad | fflags: 00001
FP_TRACE PC: 80006c00 | Instr: 0012a027 | rs1: ffffffff7f800001 | rs2: ffffffffe96d25ad | rs3: 0000000000000000 | alu_res: ffffffff7fc00000 | fflags: 10000
FP_TRACE PC: 80006c3c | Instr: 0001a087 | rs1: ffffffffc0000000 | rs2: 0000000000000000 | rs3: 0000000000000000 | alu_res: ffffffff7fc00000 | fflags: 00000
FP_TRACE PC: 80006c44 | Instr: 0001ac87 | rs1: ffffffffc0000000 | rs2: 0000000000000000 | rs3: 0000000000000000 | alu_res: ffffffff7fc00000 | fflags: 00000
FP_TRACE PC: 80006c4c | Instr: 0001a787 | rs1: ffffffffc0000000 | rs2: 0000000000000000 | rs3: 0000000000000000 | alu_res: ffffffff7fc00000 | fflags: 00000
FP_TRACE PC: 80006c58 | Instr: 7990b4c3 | rs1: ffffffffc0000000 | rs2: ffffffff25de7d02 | rs3: ffffffff3f800000 | alu_res: ffffffff3f800000 | fflags: 00001
FP_TRACE PC: 80006c80 | Instr: 0092a027 | rs1: ffffffff7f800001 | rs2: ffffffff3f800000 | rs3: 0000000000000000 | alu_res: ffffffff7fc00000 | fflags: 10000
FP_TRACE PC: 80006cbc | Instr: 0001ac87 | rs1: ffffffffc0000000 | rs2: 0000000000000000 | rs3: 0000000000000000 | alu_res: ffffffff7fc00000 | fflags: 00000
FP_TRACE PC: 80006cc4 | Instr: 0001ab87 | rs1: ffffffffc0000000 | rs2: 0000000000000000 | rs3: 0000000000000000 | alu_res: ffffffff7fc00000 | fflags: 00000
FP_TRACE PC: 80006ccc | Instr: 0001a387 | rs1: ffffffffc0000000 | rs2: 0000000000000000 | rs3: 0000000000000000 | alu_res: ffffffff7fc00000 | fflags: 00000
FP_TRACE PC: 80006cdc | Instr: 397cfd43 | rs1: ffffffffc0000000 | rs2: ffffffffa7e5ee16 | rs3: ffffffffbf800000 | alu_res: ffffffffbf800000 | fflags: 00001
FP_TRACE PC: 80006d00 | Instr: 01a2a027 | rs1: ffffffff7f800001 | rs2: ffffffffbf800000 | rs3: 0000000000000000 | alu_res: ffffffff7fc00000 | fflags: 10000
FP_TRACE PC: 80006d40 | Instr: 0001a607 | rs1: ffffffffc0000000 | rs2: 0000000000000000 | rs3: 0000000000000000 | alu_res: ffffffff7fc00000 | fflags: 00000
FP_TRACE PC: 80006d48 | Instr: 0001aa87 | rs1: ffffffffc0000000 | rs2: 0000000000000000 | rs3: 0000000000000000 | alu_res: ffffffff7fc00000 | fflags: 00000
FP_TRACE PC: 80006d50 | Instr: 0001ad87 | rs1: ffffffffc0000000 | rs2: 0000000000000000 | rs3: 0000000000000000 | alu_res: ffffffff7fc00000 | fflags: 00000
FP_TRACE PC: 80006d5c | Instr: d95629c3 | rs1: ffffffffc0000000 | rs2: ffffffff04ef87e5 | rs3: ffffffffbf800000 | alu_res: ffffffffbf800001 | fflags: 00001
FP_TRACE PC: 80006d80 | Instr: 0132a027 | rs1: ffffffff7f800001 | rs2: ffffffffbf800001 | rs3: 0000000000000000 | alu_res: ffffffff7fc00000 | fflags: 10000
FP_TRACE PC: 80006dbc | Instr: 0001a307 | rs1: ffffffffc0000000 | rs2: 0000000000000000 | rs3: 0000000000000000 | alu_res: ffffffff7fc00000 | fflags: 00000
FP_TRACE PC: 80006dc4 | Instr: 0001a907 | rs1: ffffffffc0000000 | rs2: 0000000000000000 | rs3: 0000000000000000 | alu_res: ffffffff7fc00000 | fflags: 00000
FP_TRACE PC: 80006dcc | Instr: 0001a407 | rs1: ffffffffc0000000 | rs2: 0000000000000000 | rs3: 0000000000000000 | alu_res: ffffffff7fc00000 | fflags: 00000
FP_TRACE PC: 80006dd8 | Instr: 41234a43 | rs1: ffffffffc0000000 | rs2: ffffffff9f43b7a7 | rs3: ffffffffbf800000 | alu_res: ffffffffbf800000 | fflags: 00001
FP_TRACE PC: 80006e00 | Instr: 0142a027 | rs1: ffffffff7f800001 | rs2: ffffffffbf800000 | rs3: 0000000000000000 | alu_res: ffffffff7fc00000 | fflags: 10000
FP_TRACE PC: 80006e3c | Instr: 0001a407 | rs1: ffffffffc0000000 | rs2: 0000000000000000 | rs3: 0000000000000000 | alu_res: ffffffff7fc00000 | fflags: 00000
FP_TRACE PC: 80006e44 | Instr: 0001a687 | rs1: ffffffffc0000000 | rs2: 0000000000000000 | rs3: 0000000000000000 | alu_res: ffffffff7fc00000 | fflags: 00000
FP_TRACE PC: 80006e4c | Instr: 0001a707 | rs1: ffffffffc0000000 | rs2: 0000000000000000 | rs3: 0000000000000000 | alu_res: ffffffff7fc00000 | fflags: 00000
FP_TRACE PC: 80006e58 | Instr: 70d40bc3 | rs1: ffffffffc0000000 | rs2: ffffffffc83bd11e | rs3: ffffffffbf800000 | alu_res: ffffffff48bbd0fe | fflags: 00000
FP_TRACE PC: 80006e80 | Instr: 0172a027 | rs1: ffffffff7f800001 | rs2: ffffffff48bbd0fe | rs3: 0000000000000000 | alu_res: ffffffff7fc00000 | fflags: 10000
FP_TRACE PC: 80006ebc | Instr: 0001a687 | rs1: ffffffffc0000000 | rs2: 0000000000000000 | rs3: 0000000000000000 | alu_res: ffffffff7fc00000 | fflags: 00000
FP_TRACE PC: 80006ec4 | Instr: 0001ae07 | rs1: ffffffffc0000000 | rs2: 0000000000000000 | rs3: 0000000000000000 | alu_res: ffffffff7fc00000 | fflags: 00000
FP_TRACE PC: 80006ecc | Instr: 0001a107 | rs1: ffffffffc0000000 | rs2: 0000000000000000 | rs3: 0000000000000000 | alu_res: ffffffff7fc00000 | fflags: 00000
FP_TRACE PC: 80006ed8 | Instr: 11c69643 | rs1: ffffffffc0000000 | rs2: ffffffff5be0bb4d | rs3: ffffffffbf800000 | alu_res: ffffffffdc60bb4d | fflags: 00001
FP_TRACE PC: 80006f00 | Instr: 00c2a027 | rs1: ffffffff7f800001 | rs2: ffffffffdc60bb4d | rs3: 0000000000000000 | alu_res: ffffffff7fc00000 | fflags: 10000
FP_TRACE PC: 80006f3c | Instr: 0001ac07 | rs1: ffffffffc0000000 | rs2: 0000000000000000 | rs3: 0000000000000000 | alu_res: ffffffff7fc00000 | fflags: 00000
FP_TRACE PC: 80006f44 | Instr: 0001ae07 | rs1: ffffffffc0000000 | rs2: 0000000000000000 | rs3: 0000000000000000 | alu_res: ffffffff7fc00000 | fflags: 00000
FP_TRACE PC: 80006f4c | Instr: 0001a707 | rs1: ffffffffc0000000 | rs2: 0000000000000000 | rs3: 0000000000000000 | alu_res: ffffffff7fc00000 | fflags: 00000
FP_TRACE PC: 80006f58 | Instr: 71cc32c3 | rs1: ffffffffc0000000 | rs2: ffffffff5226526e | rs3: ffffffffbf800000 | alu_res: ffffffffd2a6526e | fflags: 00001
FP_TRACE PC: 80006f80 | Instr: 0052a027 | rs1: ffffffffd2a6526e | rs2: ffffffffd2a6526e | rs3: 0000000000000000 | alu_res: ffffffffd326526e | fflags: 00000
FP_TRACE PC: 80006fbc | Instr: 0001a487 | rs1: ffffffffc0000000 | rs2: 0000000000000000 | rs3: 0000000000000000 | alu_res: ffffffff7fc00000 | fflags: 00000
FP_TRACE PC: 80006fc4 | Instr: 0001a107 | rs1: ffffffffc0000000 | rs2: 0000000000000000 | rs3: 0000000000000000 | alu_res: ffffffff7fc00000 | fflags: 00000
FP_TRACE PC: 80006fcc | Instr: 0001a807 | rs1: ffffffffc0000000 | rs2: 0000000000000000 | rs3: 0000000000000000 | alu_res: ffffffff7fc00000 | fflags: 00000
FP_TRACE PC: 80006fdc | Instr: 8024fc43 | rs1: ffffffffc0000000 | rs2: ffffffff0fc895f3 | rs3: ffffffff3fc00000 | alu_res: ffffffff3fc00000 | fflags: 00001
FP_TRACE PC: 80007000 | Instr: 0182a027 | rs1: ffffffffd2a6526e | rs2: ffffffff3fc00000 | rs3: 0000000000000000 | alu_res: ffffffffd2a6526e | fflags: 00001
FP_TRACE PC: 80007040 | Instr: 0001af87 | rs1: ffffffffc0000000 | rs2: 0000000000000000 | rs3: 0000000000000000 | alu_res: ffffffff7fc00000 | fflags: 00000
FP_TRACE PC: 80007048 | Instr: 0001a787 | rs1: ffffffffc0000000 | rs2: 0000000000000000 | rs3: 0000000000000000 | alu_res: ffffffff7fc00000 | fflags: 00000
FP_TRACE PC: 80007050 | Instr: 0001ab87 | rs1: ffffffffc0000000 | rs2: 0000000000000000 | rs3: 0000000000000000 | alu_res: ffffffff7fc00000 | fflags: 00000
FP_TRACE PC: 8000705c | Instr: b8ffaa43 | rs1: ffffffffc0000000 | rs2: ffffffff89269941 | rs3: ffffffff3fc00000 | alu_res: ffffffff3fc00000 | fflags: 00001
FP_TRACE PC: 80007080 | Instr: 0142a027 | rs1: ffffffffd2a6526e | rs2: ffffffff3fc00000 | rs3: 0000000000000000 | alu_res: ffffffffd2a6526e | fflags: 00001
FP_TRACE PC: 800070bc | Instr: 0001aa87 | rs1: ffffffffc0000000 | rs2: 0000000000000000 | rs3: 0000000000000000 | alu_res: ffffffff7fc00000 | fflags: 00000
FP_TRACE PC: 800070c4 | Instr: 0001a987 | rs1: ffffffffc0000000 | rs2: 0000000000000000 | rs3: 0000000000000000 | alu_res: ffffffff7fc00000 | fflags: 00000
FP_TRACE PC: 800070cc | Instr: 0001a807 | rs1: ffffffffc0000000 | rs2: 0000000000000000 | rs3: 0000000000000000 | alu_res: ffffffff7fc00000 | fflags: 00000
FP_TRACE PC: 800070d8 | Instr: 813acfc3 | rs1: ffffffffc0000000 | rs2: ffffffff152b10b8 | rs3: ffffffff3fc00000 | alu_res: ffffffff3fc00000 | fflags: 00001
FP_TRACE PC: 80007100 | Instr: 01f2a027 | rs1: ffffffffd2a6526e | rs2: ffffffff3fc00000 | rs3: 0000000000000000 | alu_res: ffffffffd2a6526e | fflags: 00001
FP_TRACE PC: 8000713c | Instr: 0001aa07 | rs1: ffffffffc0000000 | rs2: 0000000000000000 | rs3: 0000000000000000 | alu_res: ffffffff7fc00000 | fflags: 00000
FP_TRACE PC: 80007144 | Instr: 0001a287 | rs1: ffffffffc0000000 | rs2: 0000000000000000 | rs3: 0000000000000000 | alu_res: ffffffff7fc00000 | fflags: 00000
FP_TRACE PC: 8000714c | Instr: 0001a587 | rs1: ffffffffc0000000 | rs2: 0000000000000000 | rs3: 0000000000000000 | alu_res: ffffffff7fc00000 | fflags: 00000
FP_TRACE PC: 80007158 | Instr: 585a0543 | rs1: ffffffffc0000000 | rs2: ffffffffbb596927 | rs3: ffffffff3fc00000 | alu_res: ffffffff3fc0d969 | fflags: 00001
FP_TRACE PC: 80007180 | Instr: 00a2a027 | rs1: ffffffffbb596927 | rs2: ffffffff3fc0d969 | rs3: 0000000000000000 | alu_res: ffffffff3fc06cb4 | fflags: 00001
FP_TRACE PC: 800071bc | Instr: 0001ad87 | rs1: ffffffffc0000000 | rs2: 0000000000000000 | rs3: 0000000000000000 | alu_res: ffffffff7fc00000 | fflags: 00000
FP_TRACE PC: 800071c4 | Instr: 0001ab87 | rs1: ffffffffc0000000 | rs2: 0000000000000000 | rs3: 0000000000000000 | alu_res: ffffffff7fc00000 | fflags: 00000
FP_TRACE PC: 800071cc | Instr: 0001aa07 | rs1: ffffffffc0000000 | rs2: 0000000000000000 | rs3: 0000000000000000 | alu_res: ffffffff7fc00000 | fflags: 00000
FP_TRACE PC: 800071d8 | Instr: a17d9843 | rs1: ffffffffc0000000 | rs2: ffffffff29231ba8 | rs3: ffffffff3fc00000 | alu_res: ffffffff3fbfffff | fflags: 00001
FP_TRACE PC: 80007200 | Instr: 0102a027 | rs1: ffffffffbb596927 | rs2: ffffffff3fbfffff | rs3: 0000000000000000 | alu_res: ffffffff3fbf934a | fflags: 00001
FP_TRACE PC: 8000723c | Instr: 0001a887 | rs1: ffffffffc0000000 | rs2: 0000000000000000 | rs3: 0000000000000000 | alu_res: ffffffff7fc00000 | fflags: 00000
FP_TRACE PC: 80007244 | Instr: 0001ab87 | rs1: ffffffffc0000000 | rs2: 0000000000000000 | rs3: 0000000000000000 | alu_res: ffffffff7fc00000 | fflags: 00000
FP_TRACE PC: 8000724c | Instr: 0001a587 | rs1: ffffffffc0000000 | rs2: 0000000000000000 | rs3: 0000000000000000 | alu_res: ffffffff7fc00000 | fflags: 00000
FP_TRACE PC: 80007258 | Instr: 5978bac3 | rs1: ffffffffc0000000 | rs2: ffffffff2df86242 | rs3: ffffffff3fc00000 | alu_res: ffffffff3fc00000 | fflags: 00001
FP_TRACE PC: 80007280 | Instr: 0152a027 | rs1: ffffffffbb596927 | rs2: ffffffff3fc00000 | rs3: 0000000000000000 | alu_res: ffffffff3fbf934b | fflags: 00001
FP_TRACE PC: 800072bc | Instr: 0001af87 | rs1: ffffffffc0000000 | rs2: 0000000000000000 | rs3: 0000000000000000 | alu_res: ffffffff7fc00000 | fflags: 00000
FP_TRACE PC: 800072c4 | Instr: 0001aa87 | rs1: ffffffffc0000000 | rs2: 0000000000000000 | rs3: 0000000000000000 | alu_res: ffffffff7fc00000 | fflags: 00000
FP_TRACE PC: 800072cc | Instr: 0001a487 | rs1: ffffffffc0000000 | rs2: 0000000000000000 | rs3: 0000000000000000 | alu_res: ffffffff7fc00000 | fflags: 00000
FP_TRACE PC: 800072dc | Instr: 495ff943 | rs1: ffffffffc0000000 | rs2: ffffffffa699cbc9 | rs3: ffffffffbfc00000 | alu_res: ffffffffbfc00000 | fflags: 00001
FP_TRACE PC: 80007300 | Instr: 0122a027 | rs1: ffffffffbb596927 | rs2: ffffffffbfc00000 | rs3: 0000000000000000 | alu_res: ffffffffbfc06cb5 | fflags: 00001
FP_TRACE PC: 80007340 | Instr: 0001a407 | rs1: ffffffffc0000000 | rs2: 0000000000000000 | rs3: 0000000000000000 | alu_res: ffffffff7fc00000 | fflags: 00000
FP_TRACE PC: 80007348 | Instr: 0001a907 | rs1: ffffffffc0000000 | rs2: 0000000000000000 | rs3: 0000000000000000 | alu_res: ffffffff7fc00000 | fflags: 00000
FP_TRACE PC: 80007350 | Instr: 0001ac87 | rs1: ffffffffc0000000 | rs2: 0000000000000000 | rs3: 0000000000000000 | alu_res: ffffffff7fc00000 | fflags: 00000
FP_TRACE PC: 8000735c | Instr: c9242f43 | rs1: ffffffffc0000000 | rs2: ffffffffa2a7a5e7 | rs3: ffffffffbfc00000 | alu_res: ffffffffbfc00000 | fflags: 00001
FP_TRACE PC: 80007380 | Instr: 01e2a027 | rs1: ffffffffbb596927 | rs2: ffffffffbfc00000 | rs3: 0000000000000000 | alu_res: ffffffffbfc06cb5 | fflags: 00001
FP_TRACE PC: 800073bc | Instr: 0001ae07 | rs1: ffffffffc0000000 | rs2: 0000000000000000 | rs3: 0000000000000000 | alu_res: ffffffff7fc00000 | fflags: 00000
FP_TRACE PC: 800073c4 | Instr: 0001af87 | rs1: ffffffffc0000000 | rs2: 0000000000000000 | rs3: 0000000000000000 | alu_res: ffffffff7fc00000 | fflags: 00000
FP_TRACE PC: 800073cc | Instr: 0001a287 | rs1: ffffffffc0000000 | rs2: 0000000000000000 | rs3: 0000000000000000 | alu_res: ffffffff7fc00000 | fflags: 00000
FP_TRACE PC: 800073d8 | Instr: 29fe47c3 | rs1: ffffffffc0000000 | rs2: ffffffffedd86a5d | rs3: ffffffffbfc00000 | alu_res: ffffffff6e586a5d | fflags: 00001
FP_TRACE PC: 80007400 | Instr: 00f2a027 | rs1: ffffffffbfc00000 | rs2: ffffffff6e586a5d | rs3: 0000000000000000 | alu_res: ffffffff6e586a5d | fflags: 00001
FP_TRACE PC: 8000743c | Instr: 0001ac07 | rs1: ffffffffc0000000 | rs2: 0000000000000000 | rs3: 0000000000000000 | alu_res: ffffffff7fc00000 | fflags: 00000
FP_TRACE PC: 80007444 | Instr: 0001a307 | rs1: ffffffffc0000000 | rs2: 0000000000000000 | rs3: 0000000000000000 | alu_res: ffffffff7fc00000 | fflags: 00000
FP_TRACE PC: 8000744c | Instr: 0001a107 | rs1: ffffffffc0000000 | rs2: 0000000000000000 | rs3: 0000000000000000 | alu_res: ffffffff7fc00000 | fflags: 00000
FP_TRACE PC: 80007458 | Instr: 106c0ac3 | rs1: ffffffffc0000000 | rs2: ffffffff92c0e1a8 | rs3: ffffffffbfc00000 | alu_res: ffffffffbfc00000 | fflags: 00001
FP_TRACE PC: 80007480 | Instr: 0152a027 | rs1: ffffffffbfc00000 | rs2: ffffffffbfc00000 | rs3: 0000000000000000 | alu_res: ffffffffc0400000 | fflags: 00000
FP_TRACE PC: 800074bc | Instr: 0001a607 | rs1: ffffffffc0000000 | rs2: 0000000000000000 | rs3: 0000000000000000 | alu_res: ffffffff7fc00000 | fflags: 00000
FP_TRACE PC: 800074c4 | Instr: 0001ad07 | rs1: ffffffffc0000000 | rs2: 0000000000000000 | rs3: 0000000000000000 | alu_res: ffffffff7fc00000 | fflags: 00000
FP_TRACE PC: 800074cc | Instr: 0001a707 | rs1: ffffffffc0000000 | rs2: 0000000000000000 | rs3: 0000000000000000 | alu_res: ffffffff7fc00000 | fflags: 00000
FP_TRACE PC: 800074d8 | Instr: 71a610c3 | rs1: ffffffffc0000000 | rs2: ffffffffcc8782ca | rs3: ffffffffbfc00000 | alu_res: ffffffff4d0782c9 | fflags: 00001
FP_TRACE PC: 80007500 | Instr: 0012a027 | rs1: ffffffffbfc00000 | rs2: ffffffff4d0782c9 | rs3: 0000000000000000 | alu_res: ffffffff4d0782c9 | fflags: 00001
FP_TRACE PC: 8000753c | Instr: 0001a887 | rs1: ffffffffc0000000 | rs2: 0000000000000000 | rs3: 0000000000000000 | alu_res: ffffffff7fc00000 | fflags: 00000
FP_TRACE PC: 80007544 | Instr: 0001a607 | rs1: ffffffffc0000000 | rs2: 0000000000000000 | rs3: 0000000000000000 | alu_res: ffffffff7fc00000 | fflags: 00000
FP_TRACE PC: 8000754c | Instr: 0001ad07 | rs1: ffffffffc0000000 | rs2: 0000000000000000 | rs3: 0000000000000000 | alu_res: ffffffff7fc00000 | fflags: 00000
FP_TRACE PC: 80007558 | Instr: d0c8bdc3 | rs1: ffffffffc0000000 | rs2: ffffffff8596d91c | rs3: ffffffffbfc00000 | alu_res: ffffffffbfbfffff | fflags: 00001
FP_TRACE PC: 80007580 | Instr: 01b2a027 | rs1: ffffffffbfc00000 | rs2: ffffffffbfbfffff | rs3: 0000000000000000 | alu_res: ffffffffc0400000 | fflags: 00001
FP_TRACE PC: 800075bc | Instr: 0001a907 | rs1: ffffffffc0000000 | rs2: 0000000000000000 | rs3: 0000000000000000 | alu_res: ffffffff7fc00000 | fflags: 00000
FP_TRACE PC: 800075c4 | Instr: 0001a787 | rs1: ffffffffc0000000 | rs2: 0000000000000000 | rs3: 0000000000000000 | alu_res: ffffffff7fc00000 | fflags: 00000
FP_TRACE PC: 800075cc | Instr: 0001a087 | rs1: ffffffffc0000000 | rs2: 0000000000000000 | rs3: 0000000000000000 | alu_res: ffffffff7fc00000 | fflags: 00000
FP_TRACE PC: 800075dc | Instr: 08f97843 | rs1: ffffffffc0000000 | rs2: ffffffff4774520d | rs3: ffffffff40000000 | alu_res: ffffffffc7f4510d | fflags: 00000
FP_TRACE PC: 80007600 | Instr: 0102a027 | rs1: ffffffffbfc00000 | rs2: ffffffffc7f4510d | rs3: 0000000000000000 | alu_res: ffffffffc7f451cd | fflags: 00000
FP_TRACE PC: 80007640 | Instr: 0001ad07 | rs1: ffffffffc0000000 | rs2: 0000000000000000 | rs3: 0000000000000000 | alu_res: ffffffff7fc00000 | fflags: 00000
FP_TRACE PC: 80007648 | Instr: 0001a687 | rs1: ffffffffc0000000 | rs2: 0000000000000000 | rs3: 0000000000000000 | alu_res: ffffffff7fc00000 | fflags: 00000
FP_TRACE PC: 80007650 | Instr: 0001af07 | rs1: ffffffffc0000000 | rs2: 0000000000000000 | rs3: 0000000000000000 | alu_res: ffffffff7fc00000 | fflags: 00000
FP_TRACE PC: 8000765c | Instr: f0dd2b43 | rs1: ffffffffc0000000 | rs2: ffffffff68181e5c | rs3: ffffffff40000000 | alu_res: ffffffffe8981e5c | fflags: 00001
FP_TRACE PC: 80007680 | Instr: 0162a027 | rs1: ffffffffbfc00000 | rs2: ffffffffe8981e5c | rs3: 0000000000000000 | alu_res: ffffffffe8981e5c | fflags: 00001
FP_TRACE PC: 800076bc | Instr: 0001a107 | rs1: ffffffffc0000000 | rs2: 0000000000000000 | rs3: 0000000000000000 | alu_res: ffffffff7fc00000 | fflags: 00000
FP_TRACE PC: 800076c4 | Instr: 0001a807 | rs1: ffffffffc0000000 | rs2: 0000000000000000 | rs3: 0000000000000000 | alu_res: ffffffff7fc00000 | fflags: 00000
FP_TRACE PC: 800076cc | Instr: 0001a387 | rs1: ffffffffc0000000 | rs2: 0000000000000000 | rs3: 0000000000000000 | alu_res: ffffffff7fc00000 | fflags: 00000
FP_TRACE PC: 800076d8 | Instr: 390148c3 | rs1: ffffffffc0000000 | rs2: ffffffffcc2258ce | rs3: ffffffff40000000 | alu_res: ffffffff4ca258ce | fflags: 00001
FP_TRACE PC: 80007700 | Instr: 0112a027 | rs1: ffffffffbfc00000 | rs2: ffffffff4ca258ce | rs3: 0000000000000000 | alu_res: ffffffff4ca258ce | fflags: 00001
FP_TRACE PC: 8000773c | Instr: 0001a687 | rs1: ffffffffc0000000 | rs2: 0000000000000000 | rs3: 0000000000000000 | alu_res: ffffffff7fc00000 | fflags: 00000
FP_TRACE PC: 80007744 | Instr: 0001a087 | rs1: ffffffffc0000000 | rs2: 0000000000000000 | rs3: 0000000000000000 | alu_res: ffffffff7fc00000 | fflags: 00000
FP_TRACE PC: 8000774c | Instr: 0001aa07 | rs1: ffffffffc0000000 | rs2: 0000000000000000 | rs3: 0000000000000000 | alu_res: ffffffff7fc00000 | fflags: 00000
FP_TRACE PC: 80007758 | Instr: a0168543 | rs1: ffffffffc0000000 | rs2: ffffffff4610d5cc | rs3: ffffffff40000000 | alu_res: ffffffffc690d1cc | fflags: 00000
FP_TRACE PC: 80007780 | Instr: 00a2a027 | rs1: ffffffffbfc00000 | rs2: ffffffffc690d1cc | rs3: 0000000000000000 | alu_res: ffffffffc690d4cc | fflags: 00000
FP_TRACE PC: 800077bc | Instr: 0001a807 | rs1: ffffffffc0000000 | rs2: 0000000000000000 | rs3: 0000000000000000 | alu_res: ffffffff7fc00000 | fflags: 00000
FP_TRACE PC: 800077c4 | Instr: 0001af07 | rs1: ffffffffc0000000 | rs2: 0000000000000000 | rs3: 0000000000000000 | alu_res: ffffffff7fc00000 | fflags: 00000
FP_TRACE PC: 800077cc | Instr: 0001ab87 | rs1: ffffffffc0000000 | rs2: 0000000000000000 | rs3: 0000000000000000 | alu_res: ffffffff7fc00000 | fflags: 00000
FP_TRACE PC: 800077d8 | Instr: b9e81fc3 | rs1: ffffffffc0000000 | rs2: ffffffff574df8f5 | rs3: ffffffff40000000 | alu_res: ffffffffd7cdf8f4 | fflags: 00001
FP_TRACE PC: 80007800 | Instr: 01f2a027 | rs1: ffffffffbfc00000 | rs2: ffffffffd7cdf8f4 | rs3: 0000000000000000 | alu_res: ffffffffd7cdf8f4 | fflags: 00001
FP_TRACE PC: 8000783c | Instr: 0001a987 | rs1: ffffffffc0000000 | rs2: 0000000000000000 | rs3: 0000000000000000 | alu_res: ffffffff7fc00000 | fflags: 00000
FP_TRACE PC: 80007844 | Instr: 0001a807 | rs1: ffffffffc0000000 | rs2: 0000000000000000 | rs3: 0000000000000000 | alu_res: ffffffff7fc00000 | fflags: 00000
FP_TRACE PC: 8000784c | Instr: 0001ad07 | rs1: ffffffffc0000000 | rs2: 0000000000000000 | rs3: 0000000000000000 | alu_res: ffffffff7fc00000 | fflags: 00000
FP_TRACE PC: 80007858 | Instr: d109bf43 | rs1: ffffffffc0000000 | rs2: ffffffffa6ffbff9 | rs3: ffffffff40000000 | alu_res: ffffffff40000001 | fflags: 00001
FP_TRACE PC: 80007880 | Instr: 01e2a027 | rs1: ffffffffbfc00000 | rs2: ffffffff40000001 | rs3: 0000000000000000 | alu_res: ffffffff3f000004 | fflags: 00000
FP_TRACE PC: 800078bc | Instr: 0001ac07 | rs1: ffffffffc0000000 | rs2: 0000000000000000 | rs3: 0000000000000000 | alu_res: ffffffff7fc00000 | fflags: 00000
FP_TRACE PC: 800078c4 | Instr: 0001a307 | rs1: ffffffffc0000000 | rs2: 0000000000000000 | rs3: 0000000000000000 | alu_res: ffffffff7fc00000 | fflags: 00000
FP_TRACE PC: 800078cc | Instr: 0001a507 | rs1: ffffffffc0000000 | rs2: 0000000000000000 | rs3: 0000000000000000 | alu_res: ffffffff7fc00000 | fflags: 00000
FP_TRACE PC: 800078dc | Instr: 506c73c3 | rs1: ffffffffc0000000 | rs2: ffffffff3e622d89 | rs3: ffffffffc0000000 | alu_res: ffffffffc01c45b1 | fflags: 00001
FP_TRACE PC: 80007900 | Instr: 0072a027 | rs1: ffffffffbfc00000 | rs2: ffffffffc01c45b1 | rs3: 0000000000000000 | alu_res: ffffffffc07c45b1 | fflags: 00000
FP_TRACE PC: 80007940 | Instr: 0001ae87 | rs1: ffffffffc0000000 | rs2: 0000000000000000 | rs3: 0000000000000000 | alu_res: ffffffff7fc00000 | fflags: 00000
FP_TRACE PC: 80007948 | Instr: 0001ac07 | rs1: ffffffffc0000000 | rs2: 0000000000000000 | rs3: 0000000000000000 | alu_res: ffffffff7fc00000 | fflags: 00000
FP_TRACE PC: 80007950 | Instr: 0001a287 | rs1: ffffffffc0000000 | rs2: 0000000000000000 | rs3: 0000000000000000 | alu_res: ffffffff7fc00000 | fflags: 00000
FP_TRACE PC: 8000795c | Instr: 298ead43 | rs1: ffffffffc0000000 | rs2: ffffffffff36f0d5 | rs3: ffffffffc0000000 | alu_res: ffffffff7f7fffff | fflags: 00101
FP_TRACE PC: 80007980 | Instr: 01a2a027 | rs1: ffffffffc0000000 | rs2: ffffffff7f7fffff | rs3: 0000000000000000 | alu_res: ffffffff7f7fffff | fflags: 00001
FP_TRACE PC: 800079bc | Instr: 0001a587 | rs1: ffffffffc0000000 | rs2: 0000000000000000 | rs3: 0000000000000000 | alu_res: ffffffff7fc00000 | fflags: 00000
FP_TRACE PC: 800079c4 | Instr: 0001aa87 | rs1: ffffffffc0000000 | rs2: 0000000000000000 | rs3: 0000000000000000 | alu_res: ffffffff7fc00000 | fflags: 00000
FP_TRACE PC: 800079cc | Instr: 0001a187 | rs1: ffffffffc0000000 | rs2: 0000000000000000 | rs3: 0000000000000000 | alu_res: ffffffff7fc00000 | fflags: 00000
FP_TRACE PC: 800079d8 | Instr: 1955c943 | rs1: ffffffffc0000000 | rs2: ffffffffd1eb08b4 | rs3: ffffffffc0000000 | alu_res: ffffffff526b08b4 | fflags: 00001
FP_TRACE PC: 80007a00 | Instr: 0122a027 | rs1: ffffffffc0000000 | rs2: ffffffff526b08b4 | rs3: 0000000000000000 | alu_res: ffffffff526b08b4 | fflags: 00001
FP_TRACE PC: 80007a3c | Instr: 0001a287 | rs1: ffffffffc0000000 | rs2: 0000000000000000 | rs3: 0000000000000000 | alu_res: ffffffff7fc00000 | fflags: 00000
FP_TRACE PC: 80007a44 | Instr: 0001a887 | rs1: ffffffffc0000000 | rs2: 0000000000000000 | rs3: 0000000000000000 | alu_res: ffffffff7fc00000 | fflags: 00000
FP_TRACE PC: 80007a4c | Instr: 0001a787 | rs1: ffffffffc0000000 | rs2: 0000000000000000 | rs3: 0000000000000000 | alu_res: ffffffff7fc00000 | fflags: 00000
FP_TRACE PC: 80007a58 | Instr: 79128d43 | rs1: ffffffffc0000000 | rs2: ffffffff97ac77e1 | rs3: ffffffffc0000000 | alu_res: ffffffffc0000000 | fflags: 00001
FP_TRACE PC: 80007a80 | Instr: 01a2a027 | rs1: ffffffffc0000000 | rs2: ffffffffc0000000 | rs3: 0000000000000000 | alu_res: ffffffffc0800000 | fflags: 00000
FP_TRACE PC: 80007abc | Instr: 0001a107 | rs1: ffffffffc0000000 | rs2: 0000000000000000 | rs3: 0000000000000000 | alu_res: ffffffff7fc00000 | fflags: 00000
FP_TRACE PC: 80007ac4 | Instr: 0001ae07 | rs1: ffffffffc0000000 | rs2: 0000000000000000 | rs3: 0000000000000000 | alu_res: ffffffff7fc00000 | fflags: 00000
FP_TRACE PC: 80007acc | Instr: 0001aa87 | rs1: ffffffffc0000000 | rs2: 0000000000000000 | rs3: 0000000000000000 | alu_res: ffffffff7fc00000 | fflags: 00000
FP_TRACE PC: 80007ad8 | Instr: a9c111c3 | rs1: ffffffffc0000000 | rs2: ffffffff46861fa0 | rs3: ffffffffc0000000 | alu_res: ffffffffc70621a0 | fflags: 00000
FP_TRACE PC: 80007b00 | Instr: 0032a027 | rs1: ffffffffc0000000 | rs2: ffffffffc70621a0 | rs3: 0000000000000000 | alu_res: ffffffffc70623a0 | fflags: 00000
FP_TRACE PC: 80007b3c | Instr: 0001a907 | rs1: ffffffffc70621a0 | rs2: 0000000000000000 | rs3: 0000000000000000 | alu_res: ffffffff7fc00000 | fflags: 00000
FP_TRACE PC: 80007b44 | Instr: 0001a287 | rs1: ffffffffc70621a0 | rs2: 0000000000000000 | rs3: 0000000000000000 | alu_res: ffffffff7fc00000 | fflags: 00000
FP_TRACE PC: 80007b4c | Instr: 0001a687 | rs1: ffffffffc70621a0 | rs2: 0000000000000000 | rs3: 0000000000000000 | alu_res: ffffffff7fc00000 | fflags: 00000
FP_TRACE PC: 80007b58 | Instr: 68593c43 | rs1: ffffffffc0000000 | rs2: ffffffff713bdc95 | rs3: ffffffffc0000000 | alu_res: fffffffff1bbdc95 | fflags: 00001
FP_TRACE PC: 80007b80 | Instr: 0182a027 | rs1: ffffffff713bdc95 | rs2: fffffffff1bbdc95 | rs3: 0000000000000000 | alu_res: fffffffff13bdc95 | fflags: 00000
FP_TRACE PC: 80007bbc | Instr: 0001a587 | rs1: ffffffffc70621a0 | rs2: 0000000000000000 | rs3: 0000000000000000 | alu_res: ffffffff7fc00000 | fflags: 00000
FP_TRACE PC: 80007bc4 | Instr: 0001a807 | rs1: ffffffffc70621a0 | rs2: 0000000000000000 | rs3: 0000000000000000 | alu_res: ffffffff7fc00000 | fflags: 00000
FP_TRACE PC: 80007bcc | Instr: 0001a507 | rs1: ffffffffc70621a0 | rs2: 0000000000000000 | rs3: 0000000000000000 | alu_res: ffffffff7fc00000 | fflags: 00000
FP_TRACE PC: 80007bdc | Instr: 5105fd43 | rs1: ffffffffc0000000 | rs2: ffffffff5551f5de | rs3: ffffffff00800000 | alu_res: ffffffffd5d1f5de | fflags: 00001
FP_TRACE PC: 80007c00 | Instr: 01a2a027 | rs1: ffffffff713bdc95 | rs2: ffffffffd5d1f5de | rs3: 0000000000000000 | alu_res: ffffffff713bdc95 | fflags: 00001
FP_TRACE PC: 80007c40 | Instr: 0001ae07 | rs1: ffffffffc70621a0 | rs2: 0000000000000000 | rs3: 0000000000000000 | alu_res: ffffffff7fc00000 | fflags: 00000
FP_TRACE PC: 80007c48 | Instr: 0001a707 | rs1: ffffffffc70621a0 | rs2: 0000000000000000 | rs3: 0000000000000000 | alu_res: ffffffff7fc00000 | fflags: 00000
FP_TRACE PC: 80007c50 | Instr: 0001a187 | rs1: ffffffffc70621a0 | rs2: 0000000000000000 | rs3: 0000000000000000 | alu_res: ffffffff7fc00000 | fflags: 00000
FP_TRACE PC: 80007c5c | Instr: 18ee2b43 | rs1: ffffffffc0000000 | rs2: ffffffffef0ed903 | rs3: ffffffff00800000 | alu_res: ffffffff6f8ed903 | fflags: 00001
FP_TRACE PC: 80007c80 | Instr: 0162a027 | rs1: ffffffff713bdc95 | rs2: ffffffff6f8ed903 | rs3: 0000000000000000 | alu_res: ffffffff714db7b5 | fflags: 00001
FP_TRACE PC: 80007cbc | Instr: 0001a787 | rs1: ffffffff00800000 | rs2: 0000000000000000 | rs3: 0000000000000000 | alu_res: ffffffff7fc00000 | fflags: 00000
FP_TRACE PC: 80007cc4 | Instr: 0001ad07 | rs1: ffffffff00800000 | rs2: 0000000000000000 | rs3: 0000000000000000 | alu_res: ffffffff7fc00000 | fflags: 00000
FP_TRACE PC: 80007ccc | Instr: 0001a087 | rs1: ffffffff00800000 | rs2: 0000000000000000 | rs3: 0000000000000000 | alu_res: ffffffff7fc00000 | fflags: 00000
FP_TRACE PC: 80007cd8 | Instr: 09a7c743 | rs1: ffffffffc0000000 | rs2: ffffffff9afb6397 | rs3: ffffffff00800000 | alu_res: ffffffff1b7b6397 | fflags: 00001
FP_TRACE PC: 80007d00 | Instr: 00e2a027 | rs1: ffffffff713bdc95 | rs2: ffffffff1b7b6397 | rs3: 0000000000000000 | alu_res: ffffffff713bdc95 | fflags: 00001
FP_TRACE PC: 80007d3c | Instr: 0001a607 | rs1: ffffffff00800000 | rs2: 0000000000000000 | rs3: 0000000000000000 | alu_res: ffffffff7fc00000 | fflags: 00000
FP_TRACE PC: 80007d44 | Instr: 0001a507 | rs1: ffffffff00800000 | rs2: 0000000000000000 | rs3: 0000000000000000 | alu_res: ffffffff7fc00000 | fflags: 00000
FP_TRACE PC: 80007d4c | Instr: 0001ad87 | rs1: ffffffff00800000 | rs2: 0000000000000000 | rs3: 0000000000000000 | alu_res: ffffffff7fc00000 | fflags: 00000
FP_TRACE PC: 80007d58 | Instr: d8a60143 | rs1: ffffffffc0000000 | rs2: fffffffff88f0af0 | rs3: ffffffff00800000 | alu_res: ffffffff790f0af0 | fflags: 00001
FP_TRACE PC: 80007d80 | Instr: 0022a027 | rs1: ffffffff713bdc95 | rs2: ffffffff790f0af0 | rs3: 0000000000000000 | alu_res: ffffffff790f0bac | fflags: 00001
FP_TRACE PC: 80007dbc | Instr: 0001a307 | rs1: ffffffff00800000 | rs2: 0000000000000000 | rs3: 0000000000000000 | alu_res: ffffffff7fc00000 | fflags: 00000
FP_TRACE PC: 80007dc4 | Instr: 0001af07 | rs1: ffffffff00800000 | rs2: 0000000000000000 | rs3: 0000000000000000 | alu_res: ffffffff7fc00000 | fflags: 00000
FP_TRACE PC: 80007dcc | Instr: 0001a287 | rs1: ffffffff00800000 | rs2: 0000000000000000 | rs3: 0000000000000000 | alu_res: ffffffff7fc00000 | fflags: 00000
FP_TRACE PC: 80007dd8 | Instr: 29e313c3 | rs1: ffffffffc0000000 | rs2: ffffffff774c4c35 | rs3: ffffffff00800000 | alu_res: fffffffff7cc4c34 | fflags: 00001
FP_TRACE PC: 80007e00 | Instr: 0072a027 | rs1: ffffffff00800000 | rs2: fffffffff7cc4c34 | rs3: 0000000000000000 | alu_res: fffffffff7cc4c34 | fflags: 00001
FP_TRACE PC: 80007e3c | Instr: 0001aa07 | rs1: ffffffff00800000 | rs2: 0000000000000000 | rs3: 0000000000000000 | alu_res: ffffffff7fc00000 | fflags: 00000
FP_TRACE PC: 80007e44 | Instr: 0001af87 | rs1: ffffffff00800000 | rs2: 0000000000000000 | rs3: 0000000000000000 | alu_res: ffffffff7fc00000 | fflags: 00000
FP_TRACE PC: 80007e4c | Instr: 0001a107 | rs1: ffffffff00800000 | rs2: 0000000000000000 | rs3: 0000000000000000 | alu_res: ffffffff7fc00000 | fflags: 00000
FP_TRACE PC: 80007e58 | Instr: 11fa3f43 | rs1: ffffffffc0000000 | rs2: ffffffff07ccc900 | rs3: ffffffff00800000 | alu_res: ffffffff884cc800 | fflags: 00000
FP_TRACE PC: 80007e80 | Instr: 01e2a027 | rs1: ffffffff00800000 | rs2: ffffffff884cc800 | rs3: 0000000000000000 | alu_res: ffffffff884cc700 | fflags: 00000
FP_TRACE PC: 80007ebc | Instr: 0001a287 | rs1: ffffffff00800000 | rs2: 0000000000000000 | rs3: 0000000000000000 | alu_res: ffffffff7fc00000 | fflags: 00000
FP_TRACE PC: 80007ec4 | Instr: 0001ac87 | rs1: ffffffff00800000 | rs2: 0000000000000000 | rs3: 0000000000000000 | alu_res: ffffffff7fc00000 | fflags: 00000
FP_TRACE PC: 80007ecc | Instr: 0001a507 | rs1: ffffffff00800000 | rs2: 0000000000000000 | rs3: 0000000000000000 | alu_res: ffffffff7fc00000 | fflags: 00000
FP_TRACE PC: 80007edc | Instr: 5192f5c3 | rs1: ffffffffc0000000 | rs2: fffffffff8f26975 | rs3: ffffffff80800000 | alu_res: ffffffff79726975 | fflags: 00001
FP_TRACE PC: 80007f00 | Instr: 00b2a027 | rs1: ffffffffc0000000 | rs2: ffffffff79726975 | rs3: 0000000000000000 | alu_res: ffffffff79726975 | fflags: 00001
FP_TRACE PC: 80007f40 | Instr: 0001a607 | rs1: ffffffff00800000 | rs2: 0000000000000000 | rs3: 0000000000000000 | alu_res: ffffffff7fc00000 | fflags: 00000
FP_TRACE PC: 80007f48 | Instr: 0001a187 | rs1: ffffffff00800000 | rs2: 0000000000000000 | rs3: 0000000000000000 | alu_res: ffffffff7fc00000 | fflags: 00000
FP_TRACE PC: 80007f50 | Instr: 0001af87 | rs1: ffffffff6d9427c2 | rs2: 0000000000000000 | rs3: 0000000000000000 | alu_res: ffffffff7fc00000 | fflags: 00000
FP_TRACE PC: 80007f5c | Instr: f83620c3 | rs1: ffffffffc0000000 | rs2: ffffffff6d9427c2 | rs3: ffffffff80800000 | alu_res: ffffffffee1427c3 | fflags: 00001
FP_TRACE PC: 80007f80 | Instr: 0012a027 | rs1: ffffffffc0000000 | rs2: ffffffffee1427c3 | rs3: 0000000000000000 | alu_res: ffffffffee1427c3 | fflags: 00001
FP_TRACE PC: 80007fbc | Instr: 0001af87 | rs1: ffffffff6d9427c2 | rs2: 0000000000000000 | rs3: 0000000000000000 | alu_res: ffffffff7fc00000 | fflags: 00000
FP_TRACE PC: 80007fc4 | Instr: 0001a387 | rs1: ffffffff6d9427c2 | rs2: 0000000000000000 | rs3: 0000000000000000 | alu_res: ffffffff7fc00000 | fflags: 00000
FP_TRACE PC: 80007fcc | Instr: 0001ab07 | rs1: ffffffff6d9427c2 | rs2: 0000000000000000 | rs3: 0000000000000000 | alu_res: ffffffff7fc00000 | fflags: 00000
FP_TRACE PC: 80007fd8 | Instr: b07fc743 | rs1: ffffffffc0000000 | rs2: ffffffff1fc913c3 | rs3: ffffffff80800000 | alu_res: ffffffffa04913c3 | fflags: 00001
FP_TRACE PC: 80008000 | Instr: 00e2a027 | rs1: ffffffffc0000000 | rs2: ffffffffa04913c3 | rs3: 0000000000000000 | alu_res: ffffffffc0000000 | fflags: 00001
FP_TRACE PC: 8000803c | Instr: 0001aa87 | rs1: ffffffff6d9427c2 | rs2: 0000000000000000 | rs3: 0000000000000000 | alu_res: ffffffff7fc00000 | fflags: 00000
FP_TRACE PC: 80008044 | Instr: 0001ab87 | rs1: ffffffff6d9427c2 | rs2: 0000000000000000 | rs3: 0000000000000000 | alu_res: ffffffff7fc00000 | fflags: 00000
FP_TRACE PC: 8000804c | Instr: 0001ad07 | rs1: ffffffff6d9427c2 | rs2: 0000000000000000 | rs3: 0000000000000000 | alu_res: ffffffff7fc00000 | fflags: 00000
FP_TRACE PC: 80008058 | Instr: d17a87c3 | rs1: ffffffffc0000000 | rs2: fffffffff6242483 | rs3: ffffffff80800000 | alu_res: ffffffff76a42483 | fflags: 00001
FP_TRACE PC: 80008080 | Instr: 00f2a027 | rs1: ffffffffc0000000 | rs2: ffffffff76a42483 | rs3: 0000000000000000 | alu_res: ffffffff76a42483 | fflags: 00001
FP_TRACE PC: 800080bc | Instr: 0001a907 | rs1: ffffffff6d9427c2 | rs2: 0000000000000000 | rs3: 0000000000000000 | alu_res: ffffffff7fc00000 | fflags: 00000
FP_TRACE PC: 800080c4 | Instr: 0001ad87 | rs1: ffffffff6d9427c2 | rs2: 0000000000000000 | rs3: 0000000000000000 | alu_res: ffffffff7fc00000 | fflags: 00000
FP_TRACE PC: 800080cc | Instr: 0001a287 | rs1: ffffffff6d9427c2 | rs2: 0000000000000000 | rs3: 0000000000000000 | alu_res: ffffffff7fc00000 | fflags: 00000
FP_TRACE PC: 800080d8 | Instr: 29b914c3 | rs1: ffffffffc0000000 | rs2: ffffffff427de7f1 | rs3: ffffffff80800000 | alu_res: ffffffffc2fde7f1 | fflags: 00001
FP_TRACE PC: 80008100 | Instr: 0092a027 | rs1: ffffffff80800000 | rs2: ffffffffc2fde7f1 | rs3: 0000000000000000 | alu_res: ffffffffc2fde7f1 | fflags: 00001
FP_TRACE PC: 8000813c | Instr: 0001a787 | rs1: ffffffff6d9427c2 | rs2: 0000000000000000 | rs3: 0000000000000000 | alu_res: ffffffff7fc00000 | fflags: 00000
FP_TRACE PC: 80008144 | Instr: 0001af87 | rs1: ffffffff6d9427c2 | rs2: 0000000000000000 | rs3: 0000000000000000 | alu_res: ffffffff7fc00000 | fflags: 00000
FP_TRACE PC: 8000814c | Instr: 0001ad87 | rs1: ffffffff6d9427c2 | rs2: 0000000000000000 | rs3: 0000000000000000 | alu_res: ffffffff7fc00000 | fflags: 00000
FP_TRACE PC: 80008158 | Instr: d9f7bc43 | rs1: ffffffffc0000000 | rs2: ffffffff563013ab | rs3: ffffffff80800000 | alu_res: ffffffffd6b013ab | fflags: 00001
FP_TRACE PC: 80008180 | Instr: 0182a027 | rs1: ffffffff80800000 | rs2: ffffffffd6b013ab | rs3: 0000000000000000 | alu_res: ffffffffd6b013ab | fflags: 00001
FP_TRACE PC: 800081bc | Instr: 0001a807 | rs1: ffffffff6d9427c2 | rs2: 0000000000000000 | rs3: 0000000000000000 | alu_res: ffffffff7fc00000 | fflags: 00000
FP_TRACE PC: 800081c4 | Instr: 0001a287 | rs1: ffffffff6d9427c2 | rs2: 0000000000000000 | rs3: 0000000000000000 | alu_res: ffffffff7fc00000 | fflags: 00000
FP_TRACE PC: 800081cc | Instr: 0001ab07 | rs1: ffffffff6d9427c2 | rs2: 0000000000000000 | rs3: 0000000000000000 | alu_res: ffffffff7fc00000 | fflags: 00000
FP_TRACE PC: 800081dc | Instr: b05877c3 | rs1: ffffffffc0000000 | rs2: ffffffff4f669b24 | rs3: ffffffff7f7fffff | alu_res: ffffffff7f7ffffe | fflags: 00001
FP_TRACE PC: 80008200 | Instr: 00f2a027 | rs1: ffffffff4f669b24 | rs2: ffffffff7f7ffffe | rs3: 0000000000000000 | alu_res: ffffffff7f7ffffe | fflags: 00001
FP_TRACE PC: 80008240 | Instr: 0001ac07 | rs1: ffffffff6d9427c2 | rs2: 0000000000000000 | rs3: 0000000000000000 | alu_res: ffffffff7fc00000 | fflags: 00000
FP_TRACE PC: 80008248 | Instr: 0001a087 | rs1: ffffffff6d9427c2 | rs2: 0000000000000000 | rs3: 0000000000000000 | alu_res: ffffffff7fc00000 | fflags: 00000
FP_TRACE PC: 80008250 | Instr: 0001a887 | rs1: ffffffff6d9427c2 | rs2: 0000000000000000 | rs3: 0000000000000000 | alu_res: ffffffff7fc00000 | fflags: 00000
FP_TRACE PC: 8000825c | Instr: 881c2443 | rs1: ffffffffc0000000 | rs2: ffffffffbe51f4b5 | rs3: ffffffff7f7fffff | alu_res: ffffffff7f7fffff | fflags: 00001
FP_TRACE PC: 80008280 | Instr: 0082a027 | rs1: ffffffff4f669b24 | rs2: ffffffff7f7fffff | rs3: 0000000000000000 | alu_res: ffffffff7f7fffff | fflags: 00001
FP_TRACE PC: 800082bc | Instr: 0001ab07 | rs1: ffffffff6d9427c2 | rs2: 0000000000000000 | rs3: 0000000000000000 | alu_res: ffffffff7fc00000 | fflags: 00000
FP_TRACE PC: 800082c4 | Instr: 0001a587 | rs1: ffffffff6d9427c2 | rs2: 0000000000000000 | rs3: 0000000000000000 | alu_res: ffffffff7fc00000 | fflags: 00000
FP_TRACE PC: 800082cc | Instr: 0001ac87 | rs1: ffffffff6d9427c2 | rs2: 0000000000000000 | rs3: 0000000000000000 | alu_res: ffffffff7fc00000 | fflags: 00000
FP_TRACE PC: 800082d8 | Instr: c8bb4dc3 | rs1: ffffffffc0000000 | rs2: ffffffffad51d7e9 | rs3: ffffffff7f7fffff | alu_res: ffffffff7f7fffff | fflags: 00001
FP_TRACE PC: 80008300 | Instr: 01b2a027 | rs1: ffffffff4f669b24 | rs2: ffffffff7f7fffff | rs3: 0000000000000000 | alu_res: ffffffff7f7fffff | fflags: 00001
FP_TRACE PC: 8000833c | Instr: 0001a407 | rs1: ffffffff6d9427c2 | rs2: 0000000000000000 | rs3: 0000000000000000 | alu_res: ffffffff7fc00000 | fflags: 00000
FP_TRACE PC: 80008344 | Instr: 0001a687 | rs1: ffffffff6d9427c2 | rs2: 0000000000000000 | rs3: 0000000000000000 | alu_res: ffffffff7fc00000 | fflags: 00000
FP_TRACE PC: 8000834c | Instr: 0001ae87 | rs1: ffffffff6d9427c2 | rs2: 0000000000000000 | rs3: 0000000000000000 | alu_res: ffffffff7fc00000 | fflags: 00000
FP_TRACE PC: 80008358 | Instr: e8d40143 | rs1: ffffffffc0000000 | rs2: ffffffff41782112 | rs3: ffffffff7f7fffff | alu_res: ffffffff7f7fffff | fflags: 00001
FP_TRACE PC: 80008380 | Instr: 0022a027 | rs1: ffffffff4f669b24 | rs2: ffffffff7f7fffff | rs3: 0000000000000000 | alu_res: ffffffff7f7fffff | fflags: 00001
FP_TRACE PC: 800083bc | Instr: 0001aa07 | rs1: ffffffff6d9427c2 | rs2: 0000000000000000 | rs3: 0000000000000000 | alu_res: ffffffff7fc00000 | fflags: 00000
FP_TRACE PC: 800083c4 | Instr: 0001a387 | rs1: ffffffff6d9427c2 | rs2: 0000000000000000 | rs3: 0000000000000000 | alu_res: ffffffff7fc00000 | fflags: 00000
FP_TRACE PC: 800083cc | Instr: 0001a907 | rs1: ffffffff6d9427c2 | rs2: 0000000000000000 | rs3: 0000000000000000 | alu_res: ffffffff7fc00000 | fflags: 00000
FP_TRACE PC: 800083d8 | Instr: 907a16c3 | rs1: ffffffffc0000000 | rs2: ffffffff6ed840b1 | rs3: ffffffff7f7fffff | alu_res: ffffffff7f7ffffe | fflags: 00001
FP_TRACE PC: 80008400 | Instr: 00d2a027 | rs1: ffffffff4f669b24 | rs2: ffffffff7f7ffffe | rs3: 0000000000000000 | alu_res: ffffffff7f7ffffe | fflags: 00001
FP_TRACE PC: 8000843c | Instr: 0001ac07 | rs1: ffffffff6d9427c2 | rs2: 0000000000000000 | rs3: 0000000000000000 | alu_res: ffffffff7fc00000 | fflags: 00000
FP_TRACE PC: 80008444 | Instr: 0001af87 | rs1: ffffffff6d9427c2 | rs2: 0000000000000000 | rs3: 0000000000000000 | alu_res: ffffffff7fc00000 | fflags: 00000
FP_TRACE PC: 8000844c | Instr: 0001a987 | rs1: ffffffff6d9427c2 | rs2: 0000000000000000 | rs3: 0000000000000000 | alu_res: ffffffff7fc00000 | fflags: 00000
FP_TRACE PC: 80008458 | Instr: 99fc32c3 | rs1: ffffffffc0000000 | rs2: ffffffff53f755d9 | rs3: ffffffff7f7fffff | alu_res: ffffffff7f7fffff | fflags: 00001
FP_TRACE PC: 80008480 | Instr: 0052a027 | rs1: ffffffff7f7fffff | rs2: ffffffff7f7fffff | rs3: 0000000000000000 | alu_res: ffffffff7f800000 | fflags: 00101
FP_TRACE PC: 800084bc | Instr: 0001aa87 | rs1: ffffffff6d9427c2 | rs2: 0000000000000000 | rs3: 0000000000000000 | alu_res: ffffffff7fc00000 | fflags: 00000
FP_TRACE PC: 800084c4 | Instr: 0001ac07 | rs1: ffffffff6d9427c2 | rs2: 0000000000000000 | rs3: 0000000000000000 | alu_res: ffffffff7fc00000 | fflags: 00000
FP_TRACE PC: 800084cc | Instr: 0001a887 | rs1: ffffffff6d9427c2 | rs2: 0000000000000000 | rs3: 0000000000000000 | alu_res: ffffffff7fc00000 | fflags: 00000
FP_TRACE PC: 800084dc | Instr: 898af3c3 | rs1: ffffffffc0000000 | rs2: ffffffffccfb45b0 | rs3: ffffffffff7fffff | alu_res: ffffffffff7fffff | fflags: 00001
FP_TRACE PC: 80008500 | Instr: 0072a027 | rs1: ffffffff7f7fffff | rs2: ffffffffff7fffff | rs3: 0000000000000000 | alu_res: ffffffff00000000 | fflags: 00000
FP_TRACE PC: 80008540 | Instr: 0001ab07 | rs1: ffffffff6d9427c2 | rs2: 0000000000000000 | rs3: 0000000000000000 | alu_res: ffffffff7fc00000 | fflags: 00000
FP_TRACE PC: 80008548 | Instr: 0001ab87 | rs1: ffffffff6d9427c2 | rs2: 0000000000000000 | rs3: 0000000000000000 | alu_res: ffffffff7fc00000 | fflags: 00000
FP_TRACE PC: 80008550 | Instr: 0001a587 | rs1: ffffffff6d9427c2 | rs2: 0000000000000000 | rs3: 0000000000000000 | alu_res: ffffffff7fc00000 | fflags: 00000
FP_TRACE PC: 8000855c | Instr: 597b2443 | rs1: ffffffffc0000000 | rs2: ffffffffe02a5f1b | rs3: ffffffffff7fffff | alu_res: ffffffffff7fffff | fflags: 00001
FP_TRACE PC: 80008580 | Instr: 0082a027 | rs1: ffffffff7f7fffff | rs2: ffffffffff7fffff | rs3: 0000000000000000 | alu_res: ffffffff00000000 | fflags: 00000
FP_TRACE PC: 800085bc | Instr: 0001ac07 | rs1: ffffffff6d9427c2 | rs2: 0000000000000000 | rs3: 0000000000000000 | alu_res: ffffffff7fc00000 | fflags: 00000
FP_TRACE PC: 800085c4 | Instr: 0001a087 | rs1: ffffffff6d9427c2 | rs2: 0000000000000000 | rs3: 0000000000000000 | alu_res: ffffffff7fc00000 | fflags: 00000
FP_TRACE PC: 800085cc | Instr: 0001a287 | rs1: ffffffff6d9427c2 | rs2: 0000000000000000 | rs3: 0000000000000000 | alu_res: ffffffff7fc00000 | fflags: 00000
FP_TRACE PC: 800085d8 | Instr: 281c4e43 | rs1: ffffffffc0000000 | rs2: ffffffffbca20ae6 | rs3: ffffffffff7fffff | alu_res: ffffffffff7fffff | fflags: 00001
FP_TRACE PC: 80008600 | Instr: 01c2a027 | rs1: ffffffffff7fffff | rs2: ffffffffff7fffff | rs3: 0000000000000000 | alu_res: ffffffffff800000 | fflags: 00101
FP_TRACE PC: 8000863c | Instr: 0001af87 | rs1: ffffffff6d9427c2 | rs2: 0000000000000000 | rs3: 0000000000000000 | alu_res: ffffffff7fc00000 | fflags: 00000
FP_TRACE PC: 80008644 | Instr: 0001af07 | rs1: ffffffff6d9427c2 | rs2: 0000000000000000 | rs3: 0000000000000000 | alu_res: ffffffff7fc00000 | fflags: 00000
FP_TRACE PC: 8000864c | Instr: 0001a907 | rs1: ffffffff6d9427c2 | rs2: 0000000000000000 | rs3: 0000000000000000 | alu_res: ffffffff7fc00000 | fflags: 00000
FP_TRACE PC: 80008658 | Instr: 91ef8a43 | rs1: ffffffffc0000000 | rs2: fffffffffe6c3551 | rs3: ffffffffff7fffff | alu_res: ffffffffff09e556 | fflags: 00001
FP_TRACE PC: 80008680 | Instr: 0142a027 | rs1: ffffffffff7fffff | rs2: ffffffffff09e556 | rs3: 0000000000000000 | alu_res: ffffffffff800000 | fflags: 00101
FP_TRACE PC: 800086bc | Instr: 0001ac87 | rs1: ffffffff6d9427c2 | rs2: 0000000000000000 | rs3: 0000000000000000 | alu_res: ffffffff7fc00000 | fflags: 00000
FP_TRACE PC: 800086c4 | Instr: 0001af07 | rs1: ffffffff6d9427c2 | rs2: 0000000000000000 | rs3: 0000000000000000 | alu_res: ffffffff7fc00000 | fflags: 00000
FP_TRACE PC: 800086cc | Instr: 0001a607 | rs1: ffffffff6d9427c2 | rs2: 0000000000000000 | rs3: 0000000000000000 | alu_res: ffffffff7fc00000 | fflags: 00000
FP_TRACE PC: 800086d8 | Instr: 61ec95c3 | rs1: ffffffffc0000000 | rs2: ffffffff2f72346c | rs3: ffffffffff7fffff | alu_res: ffffffffff7fffff | fflags: 00001
FP_TRACE PC: 80008700 | Instr: 00b2a027 | rs1: ffffffffff7fffff | rs2: ffffffffff7fffff | rs3: 0000000000000000 | alu_res: ffffffffff800000 | fflags: 00101
FP_TRACE PC: 8000873c | Instr: 0001a287 | rs1: ffffffff6d9427c2 | rs2: 0000000000000000 | rs3: 0000000000000000 | alu_res: ffffffff7fc00000 | fflags: 00000
FP_TRACE PC: 80008744 | Instr: 0001a507 | rs1: ffffffff6d9427c2 | rs2: 0000000000000000 | rs3: 0000000000000000 | alu_res: ffffffff7fc00000 | fflags: 00000
FP_TRACE PC: 8000874c | Instr: 0001a407 | rs1: ffffffff6d9427c2 | rs2: 0000000000000000 | rs3: 0000000000000000 | alu_res: ffffffff7fc00000 | fflags: 00000
FP_TRACE PC: 80008758 | Instr: 40a2bcc3 | rs1: ffffffffc0000000 | rs2: ffffffff54a60a0e | rs3: ffffffffff7fffff | alu_res: ffffffffff7fffff | fflags: 00001
FP_TRACE PC: 80008780 | Instr: 0192a027 | rs1: ffffffffc0000000 | rs2: ffffffffff7fffff | rs3: 0000000000000000 | alu_res: ffffffffff7fffff | fflags: 00001
FP_TRACE PC: 800087bc | Instr: 0001aa07 | rs1: ffffffff6d9427c2 | rs2: 0000000000000000 | rs3: 0000000000000000 | alu_res: ffffffff7fc00000 | fflags: 00000
FP_TRACE PC: 800087c4 | Instr: 0001a587 | rs1: ffffffff6d9427c2 | rs2: 0000000000000000 | rs3: 0000000000000000 | alu_res: ffffffff7fc00000 | fflags: 00000
FP_TRACE PC: 800087cc | Instr: 0001ae07 | rs1: ffffffff6d9427c2 | rs2: 0000000000000000 | rs3: 0000000000000000 | alu_res: ffffffff7fc00000 | fflags: 00000
FP_TRACE PC: 800087dc | Instr: e0ba7643 | rs1: ffffffffc0000000 | rs2: ffffffff00551b78 | rs3: ffffffff007fffff | alu_res: ffffffff802a36f1 | fflags: 00000
FP_TRACE PC: 80008800 | Instr: 00c2a027 | rs1: ffffffffc0000000 | rs2: ffffffff802a36f1 | rs3: 0000000000000000 | alu_res: ffffffffc0000000 | fflags: 00001
FP_TRACE PC: 80008840 | Instr: 0001a687 | rs1: ffffffff6d9427c2 | rs2: 0000000000000000 | rs3: 0000000000000000 | alu_res: ffffffff7fc00000 | fflags: 00000
FP_TRACE PC: 80008848 | Instr: 0001a987 | rs1: ffffffff6d9427c2 | rs2: 0000000000000000 | rs3: 0000000000000000 | alu_res: ffffffff7fc00000 | fflags: 00000
FP_TRACE PC: 80008850 | Instr: 0001a087 | rs1: ffffffff6d9427c2 | rs2: 0000000000000000 | rs3: 0000000000000000 | alu_res: ffffffff7fc00000 | fflags: 00000
FP_TRACE PC: 8000885c | Instr: 0936a5c3 | rs1: ffffffffc0000000 | rs2: ffffffff1f6c6d06 | rs3: ffffffff007fffff | alu_res: ffffffff9fec6d06 | fflags: 00001
FP_TRACE PC: 80008880 | Instr: 00b2a027 | rs1: ffffffffc0000000 | rs2: ffffffff9fec6d06 | rs3: 0000000000000000 | alu_res: ffffffffc0000000 | fflags: 00001
FP_TRACE PC: 800088bc | Instr: 0001a707 | rs1: ffffffff6d9427c2 | rs2: 0000000000000000 | rs3: 0000000000000000 | alu_res: ffffffff7fc00000 | fflags: 00000
FP_TRACE PC: 800088c4 | Instr: 0001a787 | rs1: ffffffff6d9427c2 | rs2: 0000000000000000 | rs3: 0000000000000000 | alu_res: ffffffff7fc00000 | fflags: 00000
FP_TRACE PC: 800088cc | Instr: 0001a487 | rs1: ffffffff6d9427c2 | rs2: 0000000000000000 | rs3: 0000000000000000 | alu_res: ffffffff7fc00000 | fflags: 00000
FP_TRACE PC: 800088d8 | Instr: 48f743c3 | rs1: ffffffffc0000000 | rs2: ffffffff2583fc92 | rs3: ffffffff007fffff | alu_res: ffffffffa603fc92 | fflags: 00001
FP_TRACE PC: 80008900 | Instr: 0072a027 | rs1: ffffffffc0000000 | rs2: ffffffffa603fc92 | rs3: 0000000000000000 | alu_res: ffffffffc0000000 | fflags: 00001
FP_TRACE PC: 8000893c | Instr: 0001aa87 | rs1: ffffffff6d9427c2 | rs2: 0000000000000000 | rs3: 0000000000000000 | alu_res: ffffffff7fc00000 | fflags: 00000
FP_TRACE PC: 80008944 | Instr: 0001a907 | rs1: ffffffff6d9427c2 | rs2: 0000000000000000 | rs3: 0000000000000000 | alu_res: ffffffff7fc00000 | fflags: 00000
FP_TRACE PC: 8000894c | Instr: 0001af87 | rs1: ffffffff6d9427c2 | rs2: 0000000000000000 | rs3: 0000000000000000 | alu_res: ffffffff7fc00000 | fflags: 00000
FP_TRACE PC: 80008958 | Instr: f92a8e43 | rs1: ffffffffc0000000 | rs2: ffffffff4a8ac3e4 | rs3: ffffffff007fffff | alu_res: ffffffffcb0ac3e4 | fflags: 00001
FP_TRACE PC: 80008980 | Instr: 01c2a027 | rs1: ffffffffc0000000 | rs2: ffffffffcb0ac3e4 | rs3: 0000000000000000 | alu_res: ffffffffcb0ac3e6 | fflags: 00000
FP_TRACE PC: 800089bc | Instr: 0001a987 | rs1: ffffffff6d9427c2 | rs2: 0000000000000000 | rs3: 0000000000000000 | alu_res: ffffffff7fc00000 | fflags: 00000
FP_TRACE PC: 800089c4 | Instr: 0001a587 | rs1: ffffffff6d9427c2 | rs2: 0000000000000000 | rs3: 0000000000000000 | alu_res: ffffffff7fc00000 | fflags: 00000
FP_TRACE PC: 800089cc | Instr: 0001a887 | rs1: ffffffff6d9427c2 | rs2: 0000000000000000 | rs3: 0000000000000000 | alu_res: ffffffff7fc00000 | fflags: 00000
FP_TRACE PC: 800089d8 | Instr: 88b99c43 | rs1: ffffffffc0000000 | rs2: ffffffff2eead103 | rs3: ffffffff007fffff | alu_res: ffffffffaf6ad102 | fflags: 00001
FP_TRACE PC: 80008a00 | Instr: 0182a027 | rs1: ffffffffc0000000 | rs2: ffffffffaf6ad102 | rs3: 0000000000000000 | alu_res: ffffffffc0000000 | fflags: 00001
FP_TRACE PC: 80008a3c | Instr: 0001a407 | rs1: ffffffff6d9427c2 | rs2: 0000000000000000 | rs3: 0000000000000000 | alu_res: ffffffff7fc00000 | fflags: 00000
FP_TRACE PC: 80008a44 | Instr: 0001a887 | rs1: ffffffff6d9427c2 | rs2: 0000000000000000 | rs3: 0000000000000000 | alu_res: ffffffff7fc00000 | fflags: 00000
FP_TRACE PC: 80008a4c | Instr: 0001a387 | rs1: ffffffff6d9427c2 | rs2: 0000000000000000 | rs3: 0000000000000000 | alu_res: ffffffff7fc00000 | fflags: 00000
FP_TRACE PC: 80008a58 | Instr: 39143c43 | rs1: ffffffffc0000000 | rs2: fffffffff21f16c5 | rs3: ffffffff007fffff | alu_res: ffffffff729f16c6 | fflags: 00001
FP_TRACE PC: 80008a80 | Instr: 0182a027 | rs1: ffffffffc0000000 | rs2: ffffffff729f16c6 | rs3: 0000000000000000 | alu_res: ffffffff729f16c6 | fflags: 00001
FP_TRACE PC: 80008abc | Instr: 0001a687 | rs1: ffffffff6d9427c2 | rs2: 0000000000000000 | rs3: 0000000000000000 | alu_res: ffffffff7fc00000 | fflags: 00000
FP_TRACE PC: 80008ac4 | Instr: 0001ad07 | rs1: ffffffff6d9427c2 | rs2: 0000000000000000 | rs3: 0000000000000000 | alu_res: ffffffff7fc00000 | fflags: 00000
FP_TRACE PC: 80008acc | Instr: 0001aa07 | rs1: ffffffff6d9427c2 | rs2: 0000000000000000 | rs3: 0000000000000000 | alu_res: ffffffff7fc00000 | fflags: 00000
FP_TRACE PC: 80008adc | Instr: a1a6f443 | rs1: ffffffffc0000000 | rs2: ffffffff5c28a64f | rs3: ffffffff807fffff | alu_res: ffffffffdca8a650 | fflags: 00001
FP_TRACE PC: 80008b00 | Instr: 0082a027 | rs1: ffffffffc0000000 | rs2: ffffffffdca8a650 | rs3: 0000000000000000 | alu_res: ffffffffdca8a650 | fflags: 00001
FP_TRACE PC: 80008b40 | Instr: 0001a187 | rs1: ffffffff6d9427c2 | rs2: 0000000000000000 | rs3: 0000000000000000 | alu_res: ffffffff7fc00000 | fflags: 00000
FP_TRACE PC: 80008b48 | Instr: 0001ae87 | rs1: ffffffffc0000000 | rs2: 0000000000000000 | rs3: 0000000000000000 | alu_res: ffffffff7fc00000 | fflags: 00000
FP_TRACE PC: 80008b50 | Instr: 0001a907 | rs1: ffffffffc0000000 | rs2: 0000000000000000 | rs3: 0000000000000000 | alu_res: ffffffff7fc00000 | fflags: 00000
FP_TRACE PC: 80008b5c | Instr: 91d1a543 | rs1: ffffffffc0000000 | rs2: ffffffff72c82868 | rs3: ffffffff807fffff | alu_res: fffffffff3482869 | fflags: 00001
FP_TRACE PC: 80008b80 | Instr: 00a2a027 | rs1: ffffffffc0000000 | rs2: fffffffff3482869 | rs3: 0000000000000000 | alu_res: fffffffff3482869 | fflags: 00001
FP_TRACE PC: 80008bbc | Instr: 0001aa87 | rs1: ffffffffc0000000 | rs2: 0000000000000000 | rs3: 0000000000000000 | alu_res: ffffffff7fc00000 | fflags: 00000
FP_TRACE PC: 80008bc4 | Instr: 0001a107 | rs1: ffffffffc0000000 | rs2: 0000000000000000 | rs3: 0000000000000000 | alu_res: ffffffff7fc00000 | fflags: 00000
FP_TRACE PC: 80008bcc | Instr: 0001a807 | rs1: ffffffffc0000000 | rs2: 0000000000000000 | rs3: 0000000000000000 | alu_res: ffffffff7fc00000 | fflags: 00000
FP_TRACE PC: 80008bd8 | Instr: 802acdc3 | rs1: ffffffffc0000000 | rs2: ffffffff0fbf0a57 | rs3: ffffffff807fffff | alu_res: ffffffff903f0a57 | fflags: 00001
FP_TRACE PC: 80008c00 | Instr: 01b2a027 | rs1: ffffffffc0000000 | rs2: ffffffff903f0a57 | rs3: 0000000000000000 | alu_res: ffffffffc0000000 | fflags: 00001
FP_TRACE PC: 80008c3c | Instr: 0001a387 | rs1: ffffffffc0000000 | rs2: 0000000000000000 | rs3: 0000000000000000 | alu_res: ffffffff7fc00000 | fflags: 00000
FP_TRACE PC: 80008c44 | Instr: 0001a407 | rs1: ffffffffc0000000 | rs2: 0000000000000000 | rs3: 0000000000000000 | alu_res: ffffffff7fc00000 | fflags: 00000
FP_TRACE PC: 80008c4c | Instr: 0001ac87 | rs1: ffffffffc0000000 | rs2: 0000000000000000 | rs3: 0000000000000000 | alu_res: ffffffff7fc00000 | fflags: 00000
FP_TRACE PC: 80008c58 | Instr: c8838d43 | rs1: ffffffffc0000000 | rs2: ffffffffb5682b9d | rs3: ffffffff807fffff | alu_res: ffffffff35e82b9d | fflags: 00001
FP_TRACE PC: 80008c80 | Instr: 01a2a027 | rs1: ffffffffc0000000 | rs2: ffffffff35e82b9d | rs3: 0000000000000000 | alu_res: ffffffffbffffff1 | fflags: 00001
FP_TRACE PC: 80008cbc | Instr: 0001a587 | rs1: ffffffffc0000000 | rs2: 0000000000000000 | rs3: 0000000000000000 | alu_res: ffffffff7fc00000 | fflags: 00000
FP_TRACE PC: 80008cc4 | Instr: 0001a887 | rs1: ffffffffc0000000 | rs2: 0000000000000000 | rs3: 0000000000000000 | alu_res: ffffffff7fc00000 | fflags: 00000
FP_TRACE PC: 80008ccc | Instr: 0001af07 | rs1: ffffffffc0000000 | rs2: 0000000000000000 | rs3: 0000000000000000 | alu_res: ffffffff7fc00000 | fflags: 00000
FP_TRACE PC: 80008cd8 | Instr: f1159b43 | rs1: ffffffffc0000000 | rs2: ffffffff49d4e503 | rs3: ffffffff807fffff | alu_res: ffffffffca54e503 | fflags: 00001
FP_TRACE PC: 80008d00 | Instr: 0162a027 | rs1: ffffffffc0000000 | rs2: ffffffffca54e503 | rs3: 0000000000000000 | alu_res: ffffffffca54e50b | fflags: 00000
FP_TRACE PC: 80008d3c | Instr: 0001a387 | rs1: ffffffffc0000000 | rs2: 0000000000000000 | rs3: 0000000000000000 | alu_res: ffffffff7fc00000 | fflags: 00000
FP_TRACE PC: 80008d44 | Instr: 0001a887 | rs1: ffffffffc0000000 | rs2: 0000000000000000 | rs3: 0000000000000000 | alu_res: ffffffff7fc00000 | fflags: 00000
FP_TRACE PC: 80008d4c | Instr: 0001ad87 | rs1: ffffffffc0000000 | rs2: 0000000000000000 | rs3: 0000000000000000 | alu_res: ffffffff7fc00000 | fflags: 00000
FP_TRACE PC: 80008d58 | Instr: d913b143 | rs1: ffffffffc0000000 | rs2: ffffffffe7b89e31 | rs3: ffffffff807fffff | alu_res: ffffffff68389e31 | fflags: 00001
FP_TRACE PC: 80008d80 | Instr: 0022a027 | rs1: ffffffffc0000000 | rs2: ffffffff68389e31 | rs3: 0000000000000000 | alu_res: ffffffff68389e31 | fflags: 00001
FP_TRACE PC: 80008dbc | Instr: 0001aa07 | rs1: ffffffffc0000000 | rs2: 0000000000000000 | rs3: 0000000000000000 | alu_res: ffffffff7fc00000 | fflags: 00000
FP_TRACE PC: 80008dc4 | Instr: 0001ad07 | rs1: ffffffffc0000000 | rs2: 0000000000000000 | rs3: 0000000000000000 | alu_res: ffffffff7fc00000 | fflags: 00000
FP_TRACE PC: 80008dcc | Instr: 0001aa87 | rs1: ffffffffc0000000 | rs2: 0000000000000000 | rs3: 0000000000000000 | alu_res: ffffffff7fc00000 | fflags: 00000
FP_TRACE PC: 80008ddc | Instr: a9aa74c3 | rs1: ffffffffc0000000 | rs2: ffffffff6ece7442 | rs3: ffffffff00400000 | alu_res: ffffffffef4e7441 | fflags: 00001
FP_TRACE PC: 80008e00 | Instr: 0092a027 | rs1: ffffffffc0000000 | rs2: ffffffffef4e7441 | rs3: 0000000000000000 | alu_res: ffffffffef4e7441 | fflags: 00001
FP_TRACE PC: 80008e40 | Instr: 0001aa87 | rs1: ffffffffc0000000 | rs2: 0000000000000000 | rs3: 0000000000000000 | alu_res: ffffffff7fc00000 | fflags: 00000
FP_TRACE PC: 80008e48 | Instr: 0001a707 | rs1: ffffffffc0000000 | rs2: 0000000000000000 | rs3: 0000000000000000 | alu_res: ffffffff7fc00000 | fflags: 00000
FP_TRACE PC: 80008e50 | Instr: 0001aa07 | rs1: ffffffffc0000000 | rs2: 0000000000000000 | rs3: 0000000000000000 | alu_res: ffffffff7fc00000 | fflags: 00000
FP_TRACE PC: 80008e5c | Instr: a0eaa443 | rs1: ffffffffc0000000 | rs2: ffffffff4f64da91 | rs3: ffffffff00400000 | alu_res: ffffffffcfe4da91 | fflags: 00001
FP_TRACE PC: 80008e80 | Instr: 0082a027 | rs1: ffffffffc0000000 | rs2: ffffffffcfe4da91 | rs3: 0000000000000000 | alu_res: ffffffffcfe4da91 | fflags: 00001
FP_TRACE PC: 80008ebc | Instr: 0001a987 | rs1: ffffffffc0000000 | rs2: 0000000000000000 | rs3: 0000000000000000 | alu_res: ffffffff7fc00000 | fflags: 00000
FP_TRACE PC: 80008ec4 | Instr: 0001a707 | rs1: ffffffffc0000000 | rs2: 0000000000000000 | rs3: 0000000000000000 | alu_res: ffffffff7fc00000 | fflags: 00000
FP_TRACE PC: 80008ecc | Instr: 0001a907 | rs1: ffffffffc0000000 | rs2: 0000000000000000 | rs3: 0000000000000000 | alu_res: ffffffff7fc00000 | fflags: 00000
FP_TRACE PC: 80008ed8 | Instr: 90e9c5c3 | rs1: ffffffffc0000000 | rs2: ffffffff74132b87 | rs3: ffffffff00400000 | alu_res: fffffffff4932b87 | fflags: 00001
FP_TRACE PC: 80008f00 | Instr: 00b2a027 | rs1: ffffffffc0000000 | rs2: fffffffff4932b87 | rs3: 0000000000000000 | alu_res: fffffffff4932b87 | fflags: 00001
FP_TRACE PC: 80008f3c | Instr: 0001a987 | rs1: ffffffffc0000000 | rs2: 0000000000000000 | rs3: 0000000000000000 | alu_res: ffffffff7fc00000 | fflags: 00000
FP_TRACE PC: 80008f44 | Instr: 0001a307 | rs1: ffffffffc0000000 | rs2: 0000000000000000 | rs3: 0000000000000000 | alu_res: ffffffff7fc00000 | fflags: 00000
FP_TRACE PC: 80008f4c | Instr: 0001ad87 | rs1: ffffffffc0000000 | rs2: 0000000000000000 | rs3: 0000000000000000 | alu_res: ffffffff7fc00000 | fflags: 00000
FP_TRACE PC: 80008f58 | Instr: d8698743 | rs1: ffffffffc0000000 | rs2: ffffffffbe38df01 | rs3: ffffffff00400000 | alu_res: ffffffff3eb8df01 | fflags: 00001
FP_TRACE PC: 80008f80 | Instr: 00e2a027 | rs1: ffffffffc0000000 | rs2: ffffffff3eb8df01 | rs3: 0000000000000000 | alu_res: ffffffffbfd1c840 | fflags: 00001
FP_TRACE PC: 80008fbc | Instr: 0001a807 | rs1: ffffffffc0000000 | rs2: 0000000000000000 | rs3: 0000000000000000 | alu_res: ffffffff7fc00000 | fflags: 00000
FP_TRACE PC: 80008fc4 | Instr: 0001ad87 | rs1: ffffffffc0000000 | rs2: 0000000000000000 | rs3: 0000000000000000 | alu_res: ffffffff7fc00000 | fflags: 00000
FP_TRACE PC: 80008fcc | Instr: 0001ae87 | rs1: ffffffffc0000000 | rs2: 0000000000000000 | rs3: 0000000000000000 | alu_res: ffffffff7fc00000 | fflags: 00000
FP_TRACE PC: 80008fd8 | Instr: e9b81cc3 | rs1: ffffffffc0000000 | rs2: ffffffff3246bf47 | rs3: ffffffff00400000 | alu_res: ffffffffb2c6bf46 | fflags: 00001
FP_TRACE PC: 80009000 | Instr: 0192a027 | rs1: ffffffffc0000000 | rs2: ffffffffb2c6bf46 | rs3: 0000000000000000 | alu_res: ffffffffc0000000 | fflags: 00001
FP_TRACE PC: 8000903c | Instr: 0001aa87 | rs1: ffffffffc0000000 | rs2: 0000000000000000 | rs3: 0000000000000000 | alu_res: ffffffff7fc00000 | fflags: 00000
FP_TRACE PC: 80009044 | Instr: 0001a087 | rs1: ffffffffc0000000 | rs2: 0000000000000000 | rs3: 0000000000000000 | alu_res: ffffffff7fc00000 | fflags: 00000
FP_TRACE PC: 8000904c | Instr: 0001a307 | rs1: ffffffffc0000000 | rs2: 0000000000000000 | rs3: 0000000000000000 | alu_res: ffffffff7fc00000 | fflags: 00000
FP_TRACE PC: 80009058 | Instr: 301abcc3 | rs1: ffffffffc0000000 | rs2: ffffffff595d43d1 | rs3: ffffffff00400000 | alu_res: ffffffffd9dd43d0 | fflags: 00001
FP_TRACE PC: 80009080 | Instr: 0192a027 | rs1: ffffffffc0000000 | rs2: ffffffffd9dd43d0 | rs3: 0000000000000000 | alu_res: ffffffffd9dd43d0 | fflags: 00001
FP_TRACE PC: 800090bc | Instr: 0001ae87 | rs1: ffffffffc0000000 | rs2: 0000000000000000 | rs3: 0000000000000000 | alu_res: ffffffff7fc00000 | fflags: 00000
FP_TRACE PC: 800090c4 | Instr: 0001a307 | rs1: ffffffffc0000000 | rs2: 0000000000000000 | rs3: 0000000000000000 | alu_res: ffffffff7fc00000 | fflags: 00000
FP_TRACE PC: 800090cc | Instr: 0001a287 | rs1: ffffffffc0000000 | rs2: 0000000000000000 | rs3: 0000000000000000 | alu_res: ffffffff7fc00000 | fflags: 00000
FP_TRACE PC: 800090dc | Instr: 286ef143 | rs1: ffffffffc0000000 | rs2: ffffffff12b31c32 | rs3: ffffffff80400000 | alu_res: ffffffff93331c32 | fflags: 00001
FP_TRACE PC: 80009100 | Instr: 0022a027 | rs1: ffffffff80400000 | rs2: ffffffff93331c32 | rs3: 0000000000000000 | alu_res: ffffffff93331c32 | fflags: 00001
FP_TRACE PC: 80009140 | Instr: 0001a387 | rs1: ffffffffc0000000 | rs2: 0000000000000000 | rs3: 0000000000000000 | alu_res: ffffffff7fc00000 | fflags: 00000
FP_TRACE PC: 80009148 | Instr: 0001a287 | rs1: ffffffffc0000000 | rs2: 0000000000000000 | rs3: 0000000000000000 | alu_res: ffffffff7fc00000 | fflags: 00000
FP_TRACE PC: 80009150 | Instr: 0001a087 | rs1: ffffffffc0000000 | rs2: 0000000000000000 | rs3: 0000000000000000 | alu_res: ffffffff7fc00000 | fflags: 00000
FP_TRACE PC: 8000915c | Instr: 0853a543 | rs1: ffffffffc0000000 | rs2: ffffffff1602fa25 | rs3: ffffffff80400000 | alu_res: ffffffff9682fa26 | fflags: 00001
FP_TRACE PC: 80009180 | Instr: 00a2a027 | rs1: ffffffff1602fa25 | rs2: ffffffff9682fa26 | rs3: 0000000000000000 | alu_res: ffffffff9602fa27 | fflags: 00000
FP_TRACE PC: 800091bc | Instr: 0001ac07 | rs1: ffffffffc0000000 | rs2: 0000000000000000 | rs3: 0000000000000000 | alu_res: ffffffff7fc00000 | fflags: 00000
FP_TRACE PC: 800091c4 | Instr: 0001a507 | rs1: ffffffffc0000000 | rs2: 0000000000000000 | rs3: 0000000000000000 | alu_res: ffffffff7fc00000 | fflags: 00000
FP_TRACE PC: 800091cc | Instr: 0001aa07 | rs1: ffffffffc0000000 | rs2: 0000000000000000 | rs3: 0000000000000000 | alu_res: ffffffff7fc00000 | fflags: 00000
FP_TRACE PC: 800091d8 | Instr: a0ac49c3 | rs1: ffffffffc0000000 | rs2: ffffffffe907334b | rs3: ffffffff80400000 | alu_res: ffffffff6987334b | fflags: 00001
FP_TRACE PC: 80009200 | Instr: 0132a027 | rs1: ffffffff1602fa25 | rs2: ffffffff6987334b | rs3: 0000000000000000 | alu_res: ffffffff6987334b | fflags: 00001
FP_TRACE PC: 8000923c | Instr: 0001ac87 | rs1: ffffffffc0000000 | rs2: 0000000000000000 | rs3: 0000000000000000 | alu_res: ffffffff7fc00000 | fflags: 00000
FP_TRACE PC: 80009244 | Instr: 0001ad87 | rs1: ffffffffc0000000 | rs2: 0000000000000000 | rs3: 0000000000000000 | alu_res: ffffffff7fc00000 | fflags: 00000
FP_TRACE PC: 8000924c | Instr: 0001a607 | rs1: ffffffffc0000000 | rs2: 0000000000000000 | rs3: 0000000000000000 | alu_res: ffffffff7fc00000 | fflags: 00000
FP_TRACE PC: 80009258 | Instr: 61bc8543 | rs1: ffffffffc0000000 | rs2: ffffffffb7c5139b | rs3: ffffffff80400000 | alu_res: ffffffff3845139b | fflags: 00001
FP_TRACE PC: 80009280 | Instr: 00a2a027 | rs1: ffffffff1602fa25 | rs2: ffffffff3845139b | rs3: 0000000000000000 | alu_res: ffffffff3845139b | fflags: 00001
FP_TRACE PC: 800092bc | Instr: 0001a287 | rs1: ffffffffc0000000 | rs2: 0000000000000000 | rs3: 0000000000000000 | alu_res: ffffffff7fc00000 | fflags: 00000
FP_TRACE PC: 800092c4 | Instr: 0001a487 | rs1: ffffffffc0000000 | rs2: 0000000000000000 | rs3: 0000000000000000 | alu_res: ffffffff7fc00000 | fflags: 00000
FP_TRACE PC: 800092cc | Instr: 0001a087 | rs1: ffffffffc0000000 | rs2: 0000000000000000 | rs3: 0000000000000000 | alu_res: ffffffff7fc00000 | fflags: 00000
FP_TRACE PC: 800092d8 | Instr: 089296c3 | rs1: ffffffffc0000000 | rs2: ffffffff3c4c1904 | rs3: ffffffff80400000 | alu_res: ffffffffbccc1904 | fflags: 00001
FP_TRACE PC: 80009300 | Instr: 00d2a027 | rs1: ffffffffc0000000 | rs2: ffffffffbccc1904 | rs3: 0000000000000000 | alu_res: ffffffffc0019832 | fflags: 00001
FP_TRACE PC: 8000933c | Instr: 0001a907 | rs1: ffffffffc0000000 | rs2: 0000000000000000 | rs3: 0000000000000000 | alu_res: ffffffff7fc00000 | fflags: 00000
FP_TRACE PC: 80009344 | Instr: 0001a607 | rs1: ffffffffc0000000 | rs2: 0000000000000000 | rs3: 0000000000000000 | alu_res: ffffffff7fc00000 | fflags: 00000
FP_TRACE PC: 8000934c | Instr: 0001a387 | rs1: ffffffffc0000000 | rs2: 0000000000000000 | rs3: 0000000000000000 | alu_res: ffffffff7fc00000 | fflags: 00000
FP_TRACE PC: 80009358 | Instr: 38c937c3 | rs1: ffffffffc0000000 | rs2: ffffffffe840ec7d | rs3: ffffffff80400000 | alu_res: ffffffff68c0ec7d | fflags: 00001
FP_TRACE PC: 80009380 | Instr: 00f2a027 | rs1: ffffffffc0000000 | rs2: ffffffff68c0ec7d | rs3: 0000000000000000 | alu_res: ffffffff68c0ec7d | fflags: 00001
FP_TRACE PC: 800093bc | Instr: 0001a887 | rs1: ffffffffc0000000 | rs2: 0000000000000000 | rs3: 0000000000000000 | alu_res: ffffffff7fc00000 | fflags: 00000
FP_TRACE PC: 800093c4 | Instr: 0001a087 | rs1: ffffffffc0000000 | rs2: 0000000000000000 | rs3: 0000000000000000 | alu_res: ffffffff7fc00000 | fflags: 00000
FP_TRACE PC: 800093cc | Instr: 0001aa87 | rs1: ffffffffc0000000 | rs2: 0000000000000000 | rs3: 0000000000000000 | alu_res: ffffffff7fc00000 | fflags: 00000
FP_TRACE PC: 800093dc | Instr: a818f3c3 | rs1: ffffffffc0000000 | rs2: ffffffff8038d606 | rs3: ffffffff00000001 | alu_res: ffffffff0071ac0d | fflags: 00000
FP_TRACE PC: 80009400 | Instr: 0072a027 | rs1: ffffffffc0000000 | rs2: ffffffff0071ac0d | rs3: 0000000000000000 | alu_res: ffffffffc0000000 | fflags: 00001
FP_TRACE PC: 80009440 | Instr: 0001a887 | rs1: ffffffffc0000000 | rs2: 0000000000000000 | rs3: 0000000000000000 | alu_res: ffffffff7fc00000 | fflags: 00000
FP_TRACE PC: 80009448 | Instr: 0001a607 | rs1: ffffffffc0000000 | rs2: 0000000000000000 | rs3: 0000000000000000 | alu_res: ffffffff7fc00000 | fflags: 00000
FP_TRACE PC: 80009450 | Instr: 0001a807 | rs1: ffffffffc0000000 | rs2: 0000000000000000 | rs3: 0000000000000000 | alu_res: ffffffff7fc00000 | fflags: 00000
FP_TRACE PC: 8000945c | Instr: 80c8adc3 | rs1: ffffffffc0000000 | rs2: ffffffff5c2594bd | rs3: ffffffff00000001 | alu_res: ffffffffdca594bd | fflags: 00001
FP_TRACE PC: 80009480 | Instr: 01b2a027 | rs1: ffffffffc0000000 | rs2: ffffffffdca594bd | rs3: 0000000000000000 | alu_res: ffffffffdca594bd | fflags: 00001
FP_TRACE PC: 800094bc | Instr: 0001a507 | rs1: ffffffffc0000000 | rs2: 0000000000000000 | rs3: 0000000000000000 | alu_res: ffffffff7fc00000 | fflags: 00000
FP_TRACE PC: 800094c4 | Instr: 0001a807 | rs1: ffffffffc0000000 | rs2: 0000000000000000 | rs3: 0000000000000000 | alu_res: ffffffff7fc00000 | fflags: 00000
FP_TRACE PC: 800094cc | Instr: 0001ad87 | rs1: ffffffffc0000000 | rs2: 0000000000000000 | rs3: 0000000000000000 | alu_res: ffffffff7fc00000 | fflags: 00000
FP_TRACE PC: 800094d8 | Instr: d9054443 | rs1: ffffffffc0000000 | rs2: ffffffff6a754e4b | rs3: ffffffff00000001 | alu_res: ffffffffeaf54e4b | fflags: 00001
FP_TRACE PC: 80009500 | Instr: 0082a027 | rs1: ffffffffc0000000 | rs2: ffffffffeaf54e4b | rs3: 0000000000000000 | alu_res: ffffffffeaf54e4b | fflags: 00001
FP_TRACE PC: 8000953c | Instr: 0001a387 | rs1: ffffffffc0000000 | rs2: 0000000000000000 | rs3: 0000000000000000 | alu_res: ffffffff7fc00000 | fflags: 00000
FP_TRACE PC: 80009544 | Instr: 0001ab87 | rs1: ffffffffc0000000 | rs2: 0000000000000000 | rs3: 0000000000000000 | alu_res: ffffffff7fc00000 | fflags: 00000
FP_TRACE PC: 8000954c | Instr: 0001a107 | rs1: ffffffffc0000000 | rs2: 0000000000000000 | rs3: 0000000000000000 | alu_res: ffffffff7fc00000 | fflags: 00000
FP_TRACE PC: 80009558 | Instr: 11738dc3 | rs1: ffffffffc0000000 | rs2: ffffffff2b644128 | rs3: ffffffff00000001 | alu_res: ffffffffabe44128 | fflags: 00001
FP_TRACE PC: 80009580 | Instr: 01b2a027 | rs1: ffffffffc0000000 | rs2: ffffffffabe44128 | rs3: 0000000000000000 | alu_res: ffffffffc0000000 | fflags: 00001
FP_TRACE PC: 800095bc | Instr: 0001a787 | rs1: ffffffffc0000000 | rs2: 0000000000000000 | rs3: 0000000000000000 | alu_res: ffffffff7fc00000 | fflags: 00000
FP_TRACE PC: 800095c4 | Instr: 0001a387 | rs1: ffffffffc0000000 | rs2: 0000000000000000 | rs3: 0000000000000000 | alu_res: ffffffff7fc00000 | fflags: 00000
FP_TRACE PC: 800095cc | Instr: 0001a287 | rs1: ffffffffc0000000 | rs2: 0000000000000000 | rs3: 0000000000000000 | alu_res: ffffffff7fc00000 | fflags: 00000
FP_TRACE PC: 800095d8 | Instr: 28779e43 | rs1: ffffffffc0000000 | rs2: ffffffff1133887c | rs3: ffffffff00000001 | alu_res: ffffffff91b3887b | fflags: 00001
FP_TRACE PC: 80009600 | Instr: 01c2a027 | rs1: ffffffff00000001 | rs2: ffffffff91b3887b | rs3: 0000000000000000 | alu_res: ffffffff91b3887b | fflags: 00001
FP_TRACE PC: 8000963c | Instr: 0001a707 | rs1: ffffffffc0000000 | rs2: 0000000000000000 | rs3: 0000000000000000 | alu_res: ffffffff7fc00000 | fflags: 00000
FP_TRACE PC: 80009644 | Instr: 0001aa87 | rs1: ffffffffc0000000 | rs2: 0000000000000000 | rs3: 0000000000000000 | alu_res: ffffffff7fc00000 | fflags: 00000
FP_TRACE PC: 8000964c | Instr: 0001a387 | rs1: ffffffffc0000000 | rs2: 0000000000000000 | rs3: 0000000000000000 | alu_res: ffffffff7fc00000 | fflags: 00000
FP_TRACE PC: 80009658 | Instr: 39573dc3 | rs1: ffffffffc0000000 | rs2: ffffffff665d29c9 | rs3: ffffffff00000001 | alu_res: ffffffffe6dd29c8 | fflags: 00001
FP_TRACE PC: 80009680 | Instr: 01b2a027 | rs1: ffffffff00000001 | rs2: ffffffffe6dd29c8 | rs3: 0000000000000000 | alu_res: ffffffffe6dd29c8 | fflags: 00001
FP_TRACE PC: 800096bc | Instr: 0001ab87 | rs1: ffffffffc0000000 | rs2: 0000000000000000 | rs3: 0000000000000000 | alu_res: ffffffff7fc00000 | fflags: 00000
FP_TRACE PC: 800096c4 | Instr: 0001a087 | rs1: ffffffffc0000000 | rs2: 0000000000000000 | rs3: 0000000000000000 | alu_res: ffffffff7fc00000 | fflags: 00000
FP_TRACE PC: 800096cc | Instr: 0001a387 | rs1: ffffffffc0000000 | rs2: 0000000000000000 | rs3: 0000000000000000 | alu_res: ffffffff7fc00000 | fflags: 00000
FP_TRACE PC: 800096dc | Instr: 381bfe43 | rs1: ffffffffc0000000 | rs2: ffffffffe1620db5 | rs3: ffffffff80000001 | alu_res: ffffffff61e20db4 | fflags: 00001
FP_TRACE PC: 80009700 | Instr: 01c2a027 | rs1: ffffffff00000001 | rs2: ffffffff61e20db4 | rs3: 0000000000000000 | alu_res: ffffffff61e20db4 | fflags: 00001
FP_TRACE PC: 80009740 | Instr: 0001a087 | rs1: ffffffffc0000000 | rs2: 0000000000000000 | rs3: 0000000000000000 | alu_res: ffffffff7fc00000 | fflags: 00000
FP_TRACE PC: 80009748 | Instr: 0001ac87 | rs1: ffffffffc0000000 | rs2: 0000000000000000 | rs3: 0000000000000000 | alu_res: ffffffff7fc00000 | fflags: 00000
FP_TRACE PC: 80009750 | Instr: 0001a587 | rs1: ffffffffc0000000 | rs2: 0000000000000000 | rs3: 0000000000000000 | alu_res: ffffffff7fc00000 | fflags: 00000
FP_TRACE PC: 8000975c | Instr: 5990ad43 | rs1: ffffffffc0000000 | rs2: ffffffff81f50717 | rs3: ffffffff80000001 | alu_res: ffffffff02750716 | fflags: 00001
FP_TRACE PC: 80009780 | Instr: 01a2a027 | rs1: ffffffff00000001 | rs2: ffffffff02750716 | rs3: 0000000000000000 | alu_res: ffffffff02750716 | fflags: 00001
FP_TRACE PC: 800097bc | Instr: 0001a707 | rs1: ffffffffc0000000 | rs2: 0000000000000000 | rs3: 0000000000000000 | alu_res: ffffffff7fc00000 | fflags: 00000
FP_TRACE PC: 800097c4 | Instr: 0001ac87 | rs1: ffffffffc0000000 | rs2: 0000000000000000 | rs3: 0000000000000000 | alu_res: ffffffff7fc00000 | fflags: 00000
FP_TRACE PC: 800097cc | Instr: 0001a107 | rs1: ffffffffc0000000 | rs2: 0000000000000000 | rs3: 0000000000000000 | alu_res: ffffffff7fc00000 | fflags: 00000
FP_TRACE PC: 800097d8 | Instr: 11974343 | rs1: ffffffffc0000000 | rs2: fffffffff86974fa | rs3: ffffffff80000001 | alu_res: ffffffff78e974fa | fflags: 00001
FP_TRACE PC: 80009800 | Instr: 0062a027 | rs1: ffffffff00000001 | rs2: ffffffff78e974fa | rs3: 0000000000000000 | alu_res: ffffffff78e974fa | fflags: 00001
FP_TRACE PC: 8000983c | Instr: 0001a407 | rs1: ffffffffc0000000 | rs2: 0000000000000000 | rs3: 0000000000000000 | alu_res: ffffffff7fc00000 | fflags: 00000
FP_TRACE PC: 80009844 | Instr: 0001a907 | rs1: ffffffffc0000000 | rs2: 0000000000000000 | rs3: 0000000000000000 | alu_res: ffffffff7fc00000 | fflags: 00000
FP_TRACE PC: 8000984c | Instr: 0001ac87 | rs1: ffffffffc0000000 | rs2: 0000000000000000 | rs3: 0000000000000000 | alu_res: ffffffff7fc00000 | fflags: 00000
FP_TRACE PC: 80009858 | Instr: c9240643 | rs1: ffffffffc0000000 | rs2: ffffffff7775e2d0 | rs3: ffffffff80000001 | alu_res: fffffffff7f5e2d0 | fflags: 00001
FP_TRACE PC: 80009880 | Instr: 00c2a027 | rs1: ffffffff00000001 | rs2: fffffffff7f5e2d0 | rs3: 0000000000000000 | alu_res: fffffffff7f5e2d0 | fflags: 00001
FP_TRACE PC: 800098bc | Instr: 0001a887 | rs1: ffffffffc0000000 | rs2: 0000000000000000 | rs3: 0000000000000000 | alu_res: ffffffff7fc00000 | fflags: 00000
FP_TRACE PC: 800098c4 | Instr: 0001ac07 | rs1: ffffffffc0000000 | rs2: 0000000000000000 | rs3: 0000000000000000 | alu_res: ffffffff7fc00000 | fflags: 00000
FP_TRACE PC: 800098cc | Instr: 0001a687 | rs1: ffffffffc0000000 | rs2: 0000000000000000 | rs3: 0000000000000000 | alu_res: ffffffff7fc00000 | fflags: 00000
FP_TRACE PC: 800098d8 | Instr: 698899c3 | rs1: ffffffffc0000000 | rs2: ffffffffdc022553 | rs3: ffffffff80000001 | alu_res: ffffffff5c822552 | fflags: 00001
FP_TRACE PC: 80009900 | Instr: 0132a027 | rs1: ffffffff00000001 | rs2: ffffffff5c822552 | rs3: 0000000000000000 | alu_res: ffffffff5c822552 | fflags: 00001
FP_TRACE PC: 8000993c | Instr: 0001a707 | rs1: ffffffffc0000000 | rs2: 0000000000000000 | rs3: 0000000000000000 | alu_res: ffffffff7fc00000 | fflags: 00000
FP_TRACE PC: 80009944 | Instr: 0001ad87 | rs1: ffffffffc0000000 | rs2: 0000000000000000 | rs3: 0000000000000000 | alu_res: ffffffff7fc00000 | fflags: 00000
FP_TRACE PC: 8000994c | Instr: 0001a587 | rs1: ffffffffc0000000 | rs2: 0000000000000000 | rs3: 0000000000000000 | alu_res: ffffffff7fc00000 | fflags: 00000
FP_TRACE PC: 80009958 | Instr: 59b73143 | rs1: ffffffffc0000000 | rs2: ffffffff065ffa76 | rs3: ffffffff80000001 | alu_res: ffffffff86dffa76 | fflags: 00001
FP_TRACE PC: 80009980 | Instr: 0022a027 | rs1: ffffffff00000001 | rs2: ffffffff86dffa76 | rs3: 0000000000000000 | alu_res: ffffffff86dffa76 | fflags: 00001
FP_TRACE PC: 800099bc | Instr: 0001ab07 | rs1: ffffffffc0000000 | rs2: 0000000000000000 | rs3: 0000000000000000 | alu_res: ffffffff7fc00000 | fflags: 00000
FP_TRACE PC: 800099c4 | Instr: 0001ad87 | rs1: ffffffffc0000000 | rs2: 0000000000000000 | rs3: 0000000000000000 | alu_res: ffffffff7fc00000 | fflags: 00000
FP_TRACE PC: 800099cc | Instr: 0001aa07 | rs1: ffffffffc0000000 | rs2: 0000000000000000 | rs3: 0000000000000000 | alu_res: ffffffff7fc00000 | fflags: 00000
FP_TRACE PC: 800099dc | Instr: a1bb74c3 | rs1: ffffffffc0000000 | rs2: fffffffff2646d35 | rs3: ffffffff7f800000 | alu_res: ffffffff7f800000 | fflags: 00000
FP_TRACE PC: 80009a00 | Instr: 0092a027 | rs1: ffffffff00000001 | rs2: ffffffff7f800000 | rs3: 0000000000000000 | alu_res: ffffffff7f800000 | fflags: 00000
FP_TRACE PC: 80009a40 | Instr: 0001a787 | rs1: ffffffffc0000000 | rs2: 0000000000000000 | rs3: 0000000000000000 | alu_res: ffffffff7fc00000 | fflags: 00000
FP_TRACE PC: 80009a48 | Instr: 0001a587 | rs1: ffffffffc0000000 | rs2: 0000000000000000 | rs3: 0000000000000000 | alu_res: ffffffff7fc00000 | fflags: 00000
FP_TRACE PC: 80009a50 | Instr: 0001a807 | rs1: ffffffffc0000000 | rs2: 0000000000000000 | rs3: 0000000000000000 | alu_res: ffffffff7fc00000 | fflags: 00000
FP_TRACE PC: 80009a5c | Instr: 80b7a2c3 | rs1: ffffffffc0000000 | rs2: ffffffff3af99f17 | rs3: ffffffff7f800000 | alu_res: ffffffff7f800000 | fflags: 00000
FP_TRACE PC: 80009a80 | Instr: 0052a027 | rs1: ffffffff7f800000 | rs2: ffffffff7f800000 | rs3: 0000000000000000 | alu_res: ffffffff7f800000 | fflags: 00000
FP_TRACE PC: 80009abc | Instr: 0001a607 | rs1: ffffffffc0000000 | rs2: 0000000000000000 | rs3: 0000000000000000 | alu_res: ffffffff7fc00000 | fflags: 00000
FP_TRACE PC: 80009ac4 | Instr: 0001aa87 | rs1: ffffffffc0000000 | rs2: 0000000000000000 | rs3: 0000000000000000 | alu_res: ffffffff7fc00000 | fflags: 00000
FP_TRACE PC: 80009acc | Instr: 0001a107 | rs1: ffffffffc0000000 | rs2: 0000000000000000 | rs3: 0000000000000000 | alu_res: ffffffff7fc00000 | fflags: 00000
FP_TRACE PC: 80009ad8 | Instr: 11564fc3 | rs1: ffffffffc0000000 | rs2: ffffffff25fc1ef1 | rs3: ffffffff7f800000 | alu_res: ffffffff7f800000 | fflags: 00000
FP_TRACE PC: 80009b00 | Instr: 01f2a027 | rs1: ffffffff7f800000 | rs2: ffffffff7f800000 | rs3: 0000000000000000 | alu_res: ffffffff7f800000 | fflags: 00000
FP_TRACE PC: 80009b3c | Instr: 0001a107 | rs1: ffffffffc0000000 | rs2: 0000000000000000 | rs3: 0000000000000000 | alu_res: ffffffff7fc00000 | fflags: 00000
FP_TRACE PC: 80009b44 | Instr: 0001a607 | rs1: ffffffffc0000000 | rs2: 0000000000000000 | rs3: 0000000000000000 | alu_res: ffffffff7fc00000 | fflags: 00000
FP_TRACE PC: 80009b4c | Instr: 0001a287 | rs1: ffffffffc0000000 | rs2: 0000000000000000 | rs3: 0000000000000000 | alu_res: ffffffff7fc00000 | fflags: 00000
FP_TRACE PC: 80009b58 | Instr: 28c105c3 | rs1: ffffffffc0000000 | rs2: ffffffff0491087e | rs3: ffffffff7f800000 | alu_res: ffffffff7f800000 | fflags: 00000
FP_TRACE PC: 80009b80 | Instr: 00b2a027 | rs1: ffffffff7f800000 | rs2: ffffffff7f800000 | rs3: 0000000000000000 | alu_res: ffffffff7f800000 | fflags: 00000
FP_TRACE PC: 80009bbc | Instr: 0001ab07 | rs1: ffffffffc0000000 | rs2: 0000000000000000 | rs3: 0000000000000000 | alu_res: ffffffff7fc00000 | fflags: 00000
FP_TRACE PC: 80009bc4 | Instr: 0001a887 | rs1: ffffffffc0000000 | rs2: 0000000000000000 | rs3: 0000000000000000 | alu_res: ffffffff7fc00000 | fflags: 00000
FP_TRACE PC: 80009bcc | Instr: 0001a187 | rs1: ffffffffc0000000 | rs2: 0000000000000000 | rs3: 0000000000000000 | alu_res: ffffffff7fc00000 | fflags: 00000
FP_TRACE PC: 80009bd8 | Instr: 191b14c3 | rs1: ffffffffc0000000 | rs2: ffffffff1d8e0130 | rs3: ffffffff7f800000 | alu_res: ffffffff7f800000 | fflags: 00000
FP_TRACE PC: 80009c00 | Instr: 0092a027 | rs1: ffffffff7f800000 | rs2: ffffffff7f800000 | rs3: 0000000000000000 | alu_res: ffffffff7f800000 | fflags: 00000
FP_TRACE PC: 80009c3c | Instr: 0001a787 | rs1: ffffffff7f800000 | rs2: 0000000000000000 | rs3: 0000000000000000 | alu_res: ffffffff7fc00000 | fflags: 00000
FP_TRACE PC: 80009c44 | Instr: 0001ae87 | rs1: ffffffff7f800000 | rs2: 0000000000000000 | rs3: 0000000000000000 | alu_res: ffffffff7fc00000 | fflags: 00000
FP_TRACE PC: 80009c4c | Instr: 0001ac87 | rs1: ffffffff7f800000 | rs2: 0000000000000000 | rs3: 0000000000000000 | alu_res: ffffffff7fc00000 | fflags: 00000
FP_TRACE PC: 80009c58 | Instr: c9d7b0c3 | rs1: ffffffffc0000000 | rs2: ffffffff31be08e1 | rs3: ffffffff7f800000 | alu_res: ffffffff7f800000 | fflags: 00000
FP_TRACE PC: 80009c80 | Instr: 0012a027 | rs1: ffffffff7f800000 | rs2: ffffffff7f800000 | rs3: 0000000000000000 | alu_res: ffffffff7f800000 | fflags: 00000
FP_TRACE PC: 80009cbc | Instr: 0001a707 | rs1: ffffffff7f800000 | rs2: 0000000000000000 | rs3: 0000000000000000 | alu_res: ffffffff7fc00000 | fflags: 00000
FP_TRACE PC: 80009cc4 | Instr: 0001ac87 | rs1: ffffffff7f800000 | rs2: 0000000000000000 | rs3: 0000000000000000 | alu_res: ffffffff7fc00000 | fflags: 00000
FP_TRACE PC: 80009ccc | Instr: 0001a507 | rs1: ffffffff7f800000 | rs2: 0000000000000000 | rs3: 0000000000000000 | alu_res: ffffffff7fc00000 | fflags: 00000
FP_TRACE PC: 80009cdc | Instr: 51977dc3 | rs1: ffffffffc0000000 | rs2: ffffffffbffddafe | rs3: ffffffffff800000 | alu_res: ffffffffff800000 | fflags: 00000
FP_TRACE PC: 80009d00 | Instr: 01b2a027 | rs1: ffffffff7f800000 | rs2: ffffffffff800000 | rs3: 0000000000000000 | alu_res: ffffffff7fc00000 | fflags: 10000
FP_TRACE PC: 80009d40 | Instr: 0001a407 | rs1: ffffffff7f800000 | rs2: 0000000000000000 | rs3: 0000000000000000 | alu_res: ffffffff7fc00000 | fflags: 00000
FP_TRACE PC: 80009d48 | Instr: 0001a707 | rs1: ffffffff7f800000 | rs2: 0000000000000000 | rs3: 0000000000000000 | alu_res: ffffffff7fc00000 | fflags: 00000
FP_TRACE PC: 80009d50 | Instr: 0001a087 | rs1: ffffffff7f800000 | rs2: 0000000000000000 | rs3: 0000000000000000 | alu_res: ffffffff7fc00000 | fflags: 00000
FP_TRACE PC: 80009d5c | Instr: 08e42f43 | rs1: ffffffffc0000000 | rs2: ffffffffc7769290 | rs3: ffffffffff800000 | alu_res: ffffffffff800000 | fflags: 00000
FP_TRACE PC: 80009d80 | Instr: 01e2a027 | rs1: ffffffff7f800000 | rs2: ffffffffff800000 | rs3: 0000000000000000 | alu_res: ffffffff7fc00000 | fflags: 10000
FP_TRACE PC: 80009dbc | Instr: 0001a707 | rs1: ffffffff7f800000 | rs2: 0000000000000000 | rs3: 0000000000000000 | alu_res: ffffffff7fc00000 | fflags: 00000
FP_TRACE PC: 80009dc4 | Instr: 0001aa07 | rs1: ffffffff7f800000 | rs2: 0000000000000000 | rs3: 0000000000000000 | alu_res: ffffffff7fc00000 | fflags: 00000
FP_TRACE PC: 80009dcc | Instr: 0001ab07 | rs1: ffffffff7f800000 | rs2: 0000000000000000 | rs3: 0000000000000000 | alu_res: ffffffff7fc00000 | fflags: 00000
FP_TRACE PC: 80009dd8 | Instr: b1474343 | rs1: ffffffffc0000000 | rs2: fffffffff2a50f4b | rs3: ffffffffff800000 | alu_res: ffffffffff800000 | fflags: 00000
FP_TRACE PC: 80009e00 | Instr: 0062a027 | rs1: ffffffff7f800000 | rs2: ffffffffff800000 | rs3: 0000000000000000 | alu_res: ffffffff7fc00000 | fflags: 10000
FP_TRACE PC: 80009e3c | Instr: 0001a787 | rs1: ffffffff7f800000 | rs2: 0000000000000000 | rs3: 0000000000000000 | alu_res: ffffffff7fc00000 | fflags: 00000
FP_TRACE PC: 80009e44 | Instr: 0001ac87 | rs1: ffffffff7f800000 | rs2: 0000000000000000 | rs3: 0000000000000000 | alu_res: ffffffff7fc00000 | fflags: 00000
FP_TRACE PC: 80009e4c | Instr: 0001a987 | rs1: ffffffff7f800000 | rs2: 0000000000000000 | rs3: 0000000000000000 | alu_res: ffffffff7fc00000 | fflags: 00000
FP_TRACE PC: 80009e58 | Instr: 99978fc3 | rs1: ffffffffc0000000 | rs2: fffffffffd5cfc68 | rs3: ffffffffff800000 | alu_res: ffffffffff800000 | fflags: 00000
FP_TRACE PC: 80009e80 | Instr: 01f2a027 | rs1: ffffffff7f800000 | rs2: ffffffffff800000 | rs3: 0000000000000000 | alu_res: ffffffff7fc00000 | fflags: 10000
FP_TRACE PC: 80009ebc | Instr: 0001ae87 | rs1: ffffffff7f800000 | rs2: 0000000000000000 | rs3: 0000000000000000 | alu_res: ffffffff7fc00000 | fflags: 00000
FP_TRACE PC: 80009ec4 | Instr: 0001af87 | rs1: ffffffff7f800000 | rs2: 0000000000000000 | rs3: 0000000000000000 | alu_res: ffffffff7fc00000 | fflags: 00000
FP_TRACE PC: 80009ecc | Instr: 0001a487 | rs1: ffffffff7f800000 | rs2: 0000000000000000 | rs3: 0000000000000000 | alu_res: ffffffff7fc00000 | fflags: 00000
FP_TRACE PC: 80009ed8 | Instr: 49fe9f43 | rs1: ffffffffc0000000 | rs2: ffffffffd929d2d4 | rs3: ffffffffff800000 | alu_res: ffffffffff800000 | fflags: 00000
FP_TRACE PC: 80009f00 | Instr: 01e2a027 | rs1: ffffffff7f800000 | rs2: ffffffffff800000 | rs3: 0000000000000000 | alu_res: ffffffff7fc00000 | fflags: 10000
FP_TRACE PC: 80009f3c | Instr: 0001a987 | rs1: ffffffff7f800000 | rs2: 0000000000000000 | rs3: 0000000000000000 | alu_res: ffffffff7fc00000 | fflags: 00000
FP_TRACE PC: 80009f44 | Instr: 0001ae07 | rs1: ffffffff7f800000 | rs2: 0000000000000000 | rs3: 0000000000000000 | alu_res: ffffffff7fc00000 | fflags: 00000
FP_TRACE PC: 80009f4c | Instr: 0001a707 | rs1: ffffffff7f800000 | rs2: 0000000000000000 | rs3: 0000000000000000 | alu_res: ffffffff7fc00000 | fflags: 00000
FP_TRACE PC: 80009f58 | Instr: 71c9bf43 | rs1: ffffffffc0000000 | rs2: ffffffffa7f4282d | rs3: ffffffffff800000 | alu_res: ffffffffff800000 | fflags: 00000
FP_TRACE PC: 80009f80 | Instr: 01e2a027 | rs1: ffffffff7f800000 | rs2: ffffffffff800000 | rs3: 0000000000000000 | alu_res: ffffffff7fc00000 | fflags: 10000
FP_TRACE PC: 80009fbc | Instr: 0001aa07 | rs1: ffffffff7f800000 | rs2: 0000000000000000 | rs3: 0000000000000000 | alu_res: ffffffff7fc00000 | fflags: 00000
FP_TRACE PC: 80009fc4 | Instr: 0001ac87 | rs1: ffffffff7f800000 | rs2: 0000000000000000 | rs3: 0000000000000000 | alu_res: ffffffff7fc00000 | fflags: 00000
FP_TRACE PC: 80009fcc | Instr: 0001af07 | rs1: ffffffff7f800000 | rs2: 0000000000000000 | rs3: 0000000000000000 | alu_res: ffffffff7fc00000 | fflags: 00000
FP_TRACE PC: 80009fdc | Instr: f19a7ec3 | rs1: ffffffffc0000000 | rs2: ffffffff746de9c3 | rs3: ffffffff7fc00000 | alu_res: ffffffff7fc00000 | fflags: 00000
FP_TRACE PC: 8000a000 | Instr: 01d2a027 | rs1: ffffffff7f800000 | rs2: ffffffff7fc00000 | rs3: 0000000000000000 | alu_res: ffffffff7fc00000 | fflags: 00000
FP_TRACE PC: 8000a040 | Instr: 0001a507 | rs1: ffffffff7f800000 | rs2: 0000000000000000 | rs3: 0000000000000000 | alu_res: ffffffff7fc00000 | fflags: 00000
FP_TRACE PC: 8000a048 | Instr: 0001a907 | rs1: ffffffff7f800000 | rs2: 0000000000000000 | rs3: 0000000000000000 | alu_res: ffffffff7fc00000 | fflags: 00000
FP_TRACE PC: 8000a050 | Instr: 0001ab87 | rs1: ffffffff7f800000 | rs2: 0000000000000000 | rs3: 0000000000000000 | alu_res: ffffffff7fc00000 | fflags: 00000
FP_TRACE PC: 8000a05c | Instr: b9252a43 | rs1: ffffffffc0000000 | rs2: ffffffffff1c7dc1 | rs3: ffffffff7fc00000 | alu_res: ffffffff7fc00000 | fflags: 00000
FP_TRACE PC: 8000a080 | Instr: 0142a027 | rs1: ffffffff7f800000 | rs2: ffffffff7fc00000 | rs3: 0000000000000000 | alu_res: ffffffff7fc00000 | fflags: 00000
FP_TRACE PC: 8000a0bc | Instr: 0001a687 | rs1: ffffffff7f800000 | rs2: 0000000000000000 | rs3: 0000000000000000 | alu_res: ffffffff7fc00000 | fflags: 00000
FP_TRACE PC: 8000a0c4 | Instr: 0001a587 | rs1: ffffffff7f800000 | rs2: 0000000000000000 | rs3: 0000000000000000 | alu_res: ffffffff7fc00000 | fflags: 00000
FP_TRACE PC: 8000a0cc | Instr: 0001a507 | rs1: ffffffff7f800000 | rs2: 0000000000000000 | rs3: 0000000000000000 | alu_res: ffffffff7fc00000 | fflags: 00000
FP_TRACE PC: 8000a0d8 | Instr: 50b6c3c3 | rs1: ffffffffc0000000 | rs2: ffffffff03fc8d3b | rs3: ffffffff7fc00000 | alu_res: ffffffff7fc00000 | fflags: 00000
FP_TRACE PC: 8000a100 | Instr: 0072a027 | rs1: ffffffff7f800000 | rs2: ffffffff7fc00000 | rs3: 0000000000000000 | alu_res: ffffffff7fc00000 | fflags: 00000
FP_TRACE PC: 8000a13c | Instr: 0001ab87 | rs1: ffffffff7f800000 | rs2: 0000000000000000 | rs3: 0000000000000000 | alu_res: ffffffff7fc00000 | fflags: 00000
FP_TRACE PC: 8000a144 | Instr: 0001ae87 | rs1: ffffffff7f800000 | rs2: 0000000000000000 | rs3: 0000000000000000 | alu_res: ffffffff7fc00000 | fflags: 00000
FP_TRACE PC: 8000a14c | Instr: 0001a187 | rs1: ffffffff7f800000 | rs2: 0000000000000000 | rs3: 0000000000000000 | alu_res: ffffffff7fc00000 | fflags: 00000
FP_TRACE PC: 8000a158 | Instr: 19db82c3 | rs1: ffffffffc0000000 | rs2: ffffffff628f41ea | rs3: ffffffff7fc00000 | alu_res: ffffffff7fc00000 | fflags: 00000
FP_TRACE PC: 8000a180 | Instr: 0052a027 | rs1: ffffffff7fc00000 | rs2: ffffffff7fc00000 | rs3: 0000000000000000 | alu_res: ffffffff7fc00000 | fflags: 00000
FP_TRACE PC: 8000a1bc | Instr: 0001a087 | rs1: ffffffff7fc00000 | rs2: 0000000000000000 | rs3: 0000000000000000 | alu_res: ffffffff7fc00000 | fflags: 00000
FP_TRACE PC: 8000a1c4 | Instr: 0001aa07 | rs1: ffffffff7fc00000 | rs2: 0000000000000000 | rs3: 0000000000000000 | alu_res: ffffffff7fc00000 | fflags: 00000
FP_TRACE PC: 8000a1cc | Instr: 0001aa87 | rs1: ffffffff7fc00000 | rs2: 0000000000000000 | rs3: 0000000000000000 | alu_res: ffffffff7fc00000 | fflags: 00000
FP_TRACE PC: 8000a1d8 | Instr: a9409e43 | rs1: ffffffffc0000000 | rs2: ffffffff39d39aa4 | rs3: ffffffff7fc00000 | alu_res: ffffffff7fc00000 | fflags: 00000
FP_TRACE PC: 8000a200 | Instr: 01c2a027 | rs1: ffffffff7fc00000 | rs2: ffffffff7fc00000 | rs3: 0000000000000000 | alu_res: ffffffff7fc00000 | fflags: 00000
FP_TRACE PC: 8000a23c | Instr: 0001a807 | rs1: ffffffff7fc00000 | rs2: 0000000000000000 | rs3: 0000000000000000 | alu_res: ffffffff7fc00000 | fflags: 00000
FP_TRACE PC: 8000a244 | Instr: 0001a707 | rs1: ffffffff7fc00000 | rs2: 0000000000000000 | rs3: 0000000000000000 | alu_res: ffffffff7fc00000 | fflags: 00000
FP_TRACE PC: 8000a24c | Instr: 0001a187 | rs1: ffffffff7fc00000 | rs2: 0000000000000000 | rs3: 0000000000000000 | alu_res: ffffffff7fc00000 | fflags: 00000
FP_TRACE PC: 8000a258 | Instr: 18e83c43 | rs1: ffffffffc0000000 | rs2: ffffffffc3fdb63b | rs3: ffffffff7fc00000 | alu_res: ffffffff7fc00000 | fflags: 00000
FP_TRACE PC: 8000a280 | Instr: 0182a027 | rs1: ffffffff7fc00000 | rs2: ffffffff7fc00000 | rs3: 0000000000000000 | alu_res: ffffffff7fc00000 | fflags: 00000
FP_TRACE PC: 8000a2bc | Instr: 0001a607 | rs1: ffffffff7fc00000 | rs2: 0000000000000000 | rs3: 0000000000000000 | alu_res: ffffffff7fc00000 | fflags: 00000
FP_TRACE PC: 8000a2c4 | Instr: 0001a487 | rs1: ffffffff7fc00000 | rs2: 0000000000000000 | rs3: 0000000000000000 | alu_res: ffffffff7fc00000 | fflags: 00000
FP_TRACE PC: 8000a2cc | Instr: 0001ad87 | rs1: ffffffff7fc00000 | rs2: 0000000000000000 | rs3: 0000000000000000 | alu_res: ffffffff7fc00000 | fflags: 00000
FP_TRACE PC: 8000a2dc | Instr: d8967ac3 | rs1: ffffffffc0000000 | rs2: ffffffffdc19caa2 | rs3: ffffffff7fffffff | alu_res: ffffffff7fc00000 | fflags: 00000
FP_TRACE PC: 8000a300 | Instr: 0152a027 | rs1: ffffffff7fc00000 | rs2: ffffffff7fc00000 | rs3: 0000000000000000 | alu_res: ffffffff7fc00000 | fflags: 00000
FP_TRACE PC: 8000a340 | Instr: 0001ae87 | rs1: ffffffff7fc00000 | rs2: 0000000000000000 | rs3: 0000000000000000 | alu_res: ffffffff7fc00000 | fflags: 00000
FP_TRACE PC: 8000a348 | Instr: 0001a907 | rs1: ffffffff7fc00000 | rs2: 0000000000000000 | rs3: 0000000000000000 | alu_res: ffffffff7fc00000 | fflags: 00000
FP_TRACE PC: 8000a350 | Instr: 0001a507 | rs1: ffffffff7fc00000 | rs2: 0000000000000000 | rs3: 0000000000000000 | alu_res: ffffffff7fc00000 | fflags: 00000
FP_TRACE PC: 8000a35c | Instr: 512ea4c3 | rs1: ffffffffc0000000 | rs2: ffffffff88402cfe | rs3: ffffffff7fffffff | alu_res: ffffffff7fc00000 | fflags: 00000
FP_TRACE PC: 8000a380 | Instr: 0092a027 | rs1: ffffffff7fc00000 | rs2: ffffffff7fc00000 | rs3: 0000000000000000 | alu_res: ffffffff7fc00000 | fflags: 00000
FP_TRACE PC: 8000a3bc | Instr: 0001a887 | rs1: ffffffff7fc00000 | rs2: 0000000000000000 | rs3: 0000000000000000 | alu_res: ffffffff7fc00000 | fflags: 00000
FP_TRACE PC: 8000a3c4 | Instr: 0001af87 | rs1: ffffffff7fc00000 | rs2: 0000000000000000 | rs3: 0000000000000000 | alu_res: ffffffff7fc00000 | fflags: 00000
FP_TRACE PC: 8000a3cc | Instr: 0001a607 | rs1: ffffffff7fc00000 | rs2: 0000000000000000 | rs3: 0000000000000000 | alu_res: ffffffff7fc00000 | fflags: 00000
FP_TRACE PC: 8000a3d8 | Instr: 61f8c0c3 | rs1: ffffffffc0000000 | rs2: ffffffff73315943 | rs3: ffffffff7fffffff | alu_res: ffffffff7fc00000 | fflags: 00000
FP_TRACE PC: 8000a400 | Instr: 0012a027 | rs1: ffffffff7fc00000 | rs2: ffffffff7fc00000 | rs3: 0000000000000000 | alu_res: ffffffff7fc00000 | fflags: 00000
FP_TRACE PC: 8000a43c | Instr: 0001aa07 | rs1: ffffffff7fc00000 | rs2: 0000000000000000 | rs3: 0000000000000000 | alu_res: ffffffff7fc00000 | fflags: 00000
FP_TRACE PC: 8000a444 | Instr: 0001a987 | rs1: ffffffff7fc00000 | rs2: 0000000000000000 | rs3: 0000000000000000 | alu_res: ffffffff7fc00000 | fflags: 00000
FP_TRACE PC: 8000a44c | Instr: 0001ab07 | rs1: ffffffff7fc00000 | rs2: 0000000000000000 | rs3: 0000000000000000 | alu_res: ffffffff7fc00000 | fflags: 00000
FP_TRACE PC: 8000a458 | Instr: b13a0843 | rs1: ffffffffc0000000 | rs2: ffffffff32df964e | rs3: ffffffff7fffffff | alu_res: ffffffff7fc00000 | fflags: 00000
FP_TRACE PC: 8000a480 | Instr: 0102a027 | rs1: ffffffff7fc00000 | rs2: ffffffff7fc00000 | rs3: 0000000000000000 | alu_res: ffffffff7fc00000 | fflags: 00000
FP_TRACE PC: 8000a4bc | Instr: 0001a487 | rs1: ffffffff7fc00000 | rs2: 0000000000000000 | rs3: 0000000000000000 | alu_res: ffffffff7fc00000 | fflags: 00000
FP_TRACE PC: 8000a4c4 | Instr: 0001a507 | rs1: ffffffff7fc00000 | rs2: 0000000000000000 | rs3: 0000000000000000 | alu_res: ffffffff7fc00000 | fflags: 00000
FP_TRACE PC: 8000a4cc | Instr: 0001a907 | rs1: ffffffff7fc00000 | rs2: 0000000000000000 | rs3: 0000000000000000 | alu_res: ffffffff7fc00000 | fflags: 00000
FP_TRACE PC: 8000a4d8 | Instr: 90a499c3 | rs1: ffffffffc0000000 | rs2: fffffffffde519ac | rs3: ffffffff7fffffff | alu_res: ffffffff7fc00000 | fflags: 00000
FP_TRACE PC: 8000a500 | Instr: 0132a027 | rs1: ffffffff7fc00000 | rs2: ffffffff7fc00000 | rs3: 0000000000000000 | alu_res: ffffffff7fc00000 | fflags: 00000
FP_TRACE PC: 8000a53c | Instr: 0001af07 | rs1: ffffffff7fc00000 | rs2: 0000000000000000 | rs3: 0000000000000000 | alu_res: ffffffff7fc00000 | fflags: 00000
FP_TRACE PC: 8000a544 | Instr: 0001a107 | rs1: ffffffff7fc00000 | rs2: 0000000000000000 | rs3: 0000000000000000 | alu_res: ffffffff7fc00000 | fflags: 00000
FP_TRACE PC: 8000a54c | Instr: 0001a387 | rs1: ffffffff7fc00000 | rs2: 0000000000000000 | rs3: 0000000000000000 | alu_res: ffffffff7fc00000 | fflags: 00000
FP_TRACE PC: 8000a558 | Instr: 382f3943 | rs1: ffffffffc0000000 | rs2: ffffffff466e6845 | rs3: ffffffff7fffffff | alu_res: ffffffff7fc00000 | fflags: 00000
FP_TRACE PC: 8000a580 | Instr: 0122a027 | rs1: ffffffff7fc00000 | rs2: ffffffff7fc00000 | rs3: 0000000000000000 | alu_res: ffffffff7fc00000 | fflags: 00000
FP_TRACE PC: 8000a5bc | Instr: 0001ae07 | rs1: ffffffff7fc00000 | rs2: 0000000000000000 | rs3: 0000000000000000 | alu_res: ffffffff7fc00000 | fflags: 00000
FP_TRACE PC: 8000a5c4 | Instr: 0001ab07 | rs1: ffffffff7fc00000 | rs2: 0000000000000000 | rs3: 0000000000000000 | alu_res: ffffffff7fc00000 | fflags: 00000
FP_TRACE PC: 8000a5cc | Instr: 0001a387 | rs1: ffffffff7fc00000 | rs2: 0000000000000000 | rs3: 0000000000000000 | alu_res: ffffffff7fc00000 | fflags: 00000
FP_TRACE PC: 8000a5dc | Instr: 396e7ac3 | rs1: ffffffffc0000000 | rs2: ffffffffa2389294 | rs3: ffffffffffffffff | alu_res: ffffffff7fc00000 | fflags: 00000
FP_TRACE PC: 8000a600 | Instr: 0152a027 | rs1: ffffffff7fc00000 | rs2: ffffffff7fc00000 | rs3: 0000000000000000 | alu_res: ffffffff7fc00000 | fflags: 00000
FP_TRACE PC: 8000a640 | Instr: 0001ae87 | rs1: ffffffff7fc00000 | rs2: 0000000000000000 | rs3: 0000000000000000 | alu_res: ffffffff7fc00000 | fflags: 00000
FP_TRACE PC: 8000a648 | Instr: 0001a107 | rs1: ffffffff7fc00000 | rs2: 0000000000000000 | rs3: 0000000000000000 | alu_res: ffffffff7fc00000 | fflags: 00000
FP_TRACE PC: 8000a650 | Instr: 0001a787 | rs1: ffffffff7fc00000 | rs2: 0000000000000000 | rs3: 0000000000000000 | alu_res: ffffffff7fc00000 | fflags: 00000
FP_TRACE PC: 8000a65c | Instr: 782ea4c3 | rs1: ffffffffc0000000 | rs2: ffffffff63a969f2 | rs3: ffffffffffffffff | alu_res: ffffffff7fc00000 | fflags: 00000
FP_TRACE PC: 8000a680 | Instr: 0092a027 | rs1: ffffffff7fc00000 | rs2: ffffffff7fc00000 | rs3: 0000000000000000 | alu_res: ffffffff7fc00000 | fflags: 00000
FP_TRACE PC: 8000a6bc | Instr: 0001ad87 | rs1: ffffffff7fc00000 | rs2: 0000000000000000 | rs3: 0000000000000000 | alu_res: ffffffff7fc00000 | fflags: 00000
FP_TRACE PC: 8000a6c4 | Instr: 0001a407 | rs1: ffffffff7fc00000 | rs2: 0000000000000000 | rs3: 0000000000000000 | alu_res: ffffffff7fc00000 | fflags: 00000
FP_TRACE PC: 8000a6cc | Instr: 0001a687 | rs1: ffffffff7fc00000 | rs2: 0000000000000000 | rs3: 0000000000000000 | alu_res: ffffffff7fc00000 | fflags: 00000
FP_TRACE PC: 8000a6d8 | Instr: 688dca43 | rs1: ffffffffc0000000 | rs2: ffffffff3f32c522 | rs3: ffffffffffffffff | alu_res: ffffffff7fc00000 | fflags: 00000
FP_TRACE PC: 8000a700 | Instr: 0142a027 | rs1: ffffffff7fc00000 | rs2: ffffffff7fc00000 | rs3: 0000000000000000 | alu_res: ffffffff7fc00000 | fflags: 00000
FP_TRACE PC: 8000a73c | Instr: 0001ac07 | rs1: ffffffff7fc00000 | rs2: 0000000000000000 | rs3: 0000000000000000 | alu_res: ffffffff7fc00000 | fflags: 00000
FP_TRACE PC: 8000a744 | Instr: 0001aa87 | rs1: ffffffff7fc00000 | rs2: 0000000000000000 | rs3: 0000000000000000 | alu_res: ffffffff7fc00000 | fflags: 00000
FP_TRACE PC: 8000a74c | Instr: 0001a107 | rs1: ffffffff7fc00000 | rs2: 0000000000000000 | rs3: 0000000000000000 | alu_res: ffffffff7fc00000 | fflags: 00000
FP_TRACE PC: 8000a758 | Instr: 115c0443 | rs1: ffffffffc0000000 | rs2: ffffffff88dff216 | rs3: ffffffffffffffff | alu_res: ffffffff7fc00000 | fflags: 00000
FP_TRACE PC: 8000a780 | Instr: 0082a027 | rs1: ffffffff7fc00000 | rs2: ffffffff7fc00000 | rs3: 0000000000000000 | alu_res: ffffffff7fc00000 | fflags: 00000
FP_TRACE PC: 8000a7bc | Instr: 0001ac07 | rs1: ffffffff7fc00000 | rs2: 0000000000000000 | rs3: 0000000000000000 | alu_res: ffffffff7fc00000 | fflags: 00000
FP_TRACE PC: 8000a7c4 | Instr: 0001a407 | rs1: ffffffff7fc00000 | rs2: 0000000000000000 | rs3: 0000000000000000 | alu_res: ffffffff7fc00000 | fflags: 00000
FP_TRACE PC: 8000a7cc | Instr: 0001a307 | rs1: ffffffff7fc00000 | rs2: 0000000000000000 | rs3: 0000000000000000 | alu_res: ffffffff7fc00000 | fflags: 00000
FP_TRACE PC: 8000a7d8 | Instr: 308c1ec3 | rs1: ffffffffc0000000 | rs2: ffffffffb3881923 | rs3: ffffffffffffffff | alu_res: ffffffff7fc00000 | fflags: 00000
FP_TRACE PC: 8000a800 | Instr: 01d2a027 | rs1: ffffffff7fc00000 | rs2: ffffffff7fc00000 | rs3: 0000000000000000 | alu_res: ffffffff7fc00000 | fflags: 00000
FP_TRACE PC: 8000a83c | Instr: 0001ae07 | rs1: ffffffff7fc00000 | rs2: 0000000000000000 | rs3: 0000000000000000 | alu_res: ffffffff7fc00000 | fflags: 00000
FP_TRACE PC: 8000a844 | Instr: 0001a887 | rs1: ffffffff7fc00000 | rs2: 0000000000000000 | rs3: 0000000000000000 | alu_res: ffffffff7fc00000 | fflags: 00000
FP_TRACE PC: 8000a84c | Instr: 0001a687 | rs1: ffffffff7fc00000 | rs2: 0000000000000000 | rs3: 0000000000000000 | alu_res: ffffffff7fc00000 | fflags: 00000
FP_TRACE PC: 8000a858 | Instr: 691e32c3 | rs1: ffffffffc0000000 | rs2: ffffffff64e77a0b | rs3: ffffffffffffffff | alu_res: ffffffff7fc00000 | fflags: 00000
FP_TRACE PC: 8000a880 | Instr: 0052a027 | rs1: ffffffff7fc00000 | rs2: ffffffff7fc00000 | rs3: 0000000000000000 | alu_res: ffffffff7fc00000 | fflags: 00000
FP_TRACE PC: 8000a8bc | Instr: 0001a307 | rs1: ffffffff7fc00000 | rs2: 0000000000000000 | rs3: 0000000000000000 | alu_res: ffffffff7fc00000 | fflags: 00000
FP_TRACE PC: 8000a8c4 | Instr: 0001af07 | rs1: ffffffff7fc00000 | rs2: 0000000000000000 | rs3: 0000000000000000 | alu_res: ffffffff7fc00000 | fflags: 00000
FP_TRACE PC: 8000a8cc | Instr: 0001a287 | rs1: ffffffff7fc00000 | rs2: 0000000000000000 | rs3: 0000000000000000 | alu_res: ffffffff7fc00000 | fflags: 00000
FP_TRACE PC: 8000a8dc | Instr: 29e37c43 | rs1: ffffffffc0000000 | rs2: ffffffff79a657e4 | rs3: ffffffff7f800001 | alu_res: ffffffff7fc00000 | fflags: 10000
FP_TRACE PC: 8000a900 | Instr: 0182a027 | rs1: ffffffff7f800001 | rs2: ffffffff7fc00000 | rs3: 0000000000000000 | alu_res: ffffffff7fc00000 | fflags: 10000
FP_TRACE PC: 8000a940 | Instr: 0001ae07 | rs1: ffffffff7fc00000 | rs2: 0000000000000000 | rs3: 0000000000000000 | alu_res: ffffffff7fc00000 | fflags: 00000
FP_TRACE PC: 8000a948 | Instr: 0001a307 | rs1: ffffffff7fc00000 | rs2: 0000000000000000 | rs3: 0000000000000000 | alu_res: ffffffff7fc00000 | fflags: 00000
FP_TRACE PC: 8000a950 | Instr: 0001aa07 | rs1: ffffffff7fc00000 | rs2: 0000000000000000 | rs3: 0000000000000000 | alu_res: ffffffff7fc00000 | fflags: 00000
FP_TRACE PC: 8000a95c | Instr: a06e2b43 | rs1: ffffffffc0000000 | rs2: ffffffffe2a3ee3c | rs3: ffffffff7f800001 | alu_res: ffffffff7fc00000 | fflags: 10000
FP_TRACE PC: 8000a980 | Instr: 0162a027 | rs1: ffffffff7f800001 | rs2: ffffffff7fc00000 | rs3: 0000000000000000 | alu_res: ffffffff7fc00000 | fflags: 10000
FP_TRACE PC: 8000a9bc | Instr: 0001a787 | rs1: ffffffff7fc00000 | rs2: 0000000000000000 | rs3: 0000000000000000 | alu_res: ffffffff7fc00000 | fflags: 00000
FP_TRACE PC: 8000a9c4 | Instr: 0001a107 | rs1: ffffffff7fc00000 | rs2: 0000000000000000 | rs3: 0000000000000000 | alu_res: ffffffff7fc00000 | fflags: 00000
FP_TRACE PC: 8000a9cc | Instr: 0001a807 | rs1: ffffffff7fc00000 | rs2: 0000000000000000 | rs3: 0000000000000000 | alu_res: ffffffff7fc00000 | fflags: 00000
FP_TRACE PC: 8000a9d8 | Instr: 8027c6c3 | rs1: ffffffffc0000000 | rs2: fffffffffcacabf0 | rs3: ffffffff7f800001 | alu_res: ffffffff7fc00000 | fflags: 10000
FP_TRACE PC: 8000aa00 | Instr: 00d2a027 | rs1: ffffffff7f800001 | rs2: ffffffff7fc00000 | rs3: 0000000000000000 | alu_res: ffffffff7fc00000 | fflags: 10000
FP_TRACE PC: 8000aa3c | Instr: 0001ab07 | rs1: ffffffff7fc00000 | rs2: 0000000000000000 | rs3: 0000000000000000 | alu_res: ffffffff7fc00000 | fflags: 00000
FP_TRACE PC: 8000aa44 | Instr: 0001a907 | rs1: ffffffff7fc00000 | rs2: 0000000000000000 | rs3: 0000000000000000 | alu_res: ffffffff7fc00000 | fflags: 00000
FP_TRACE PC: 8000aa4c | Instr: 0001ad07 | rs1: ffffffff7fc00000 | rs2: 0000000000000000 | rs3: 0000000000000000 | alu_res: ffffffff7fc00000 | fflags: 00000
FP_TRACE PC: 8000aa58 | Instr: d12b0543 | rs1: ffffffffc0000000 | rs2: fffffffffed30622 | rs3: ffffffff7f800001 | alu_res: ffffffff7fc00000 | fflags: 10000
FP_TRACE PC: 8000aa80 | Instr: 00a2a027 | rs1: ffffffff7f800001 | rs2: ffffffff7fc00000 | rs3: 0000000000000000 | alu_res: ffffffff7fc00000 | fflags: 10000
FP_TRACE PC: 8000aabc | Instr: 0001a687 | rs1: ffffffff7fc00000 | rs2: 0000000000000000 | rs3: 0000000000000000 | alu_res: ffffffff7fc00000 | fflags: 00000
FP_TRACE PC: 8000aac4 | Instr: 0001a887 | rs1: ffffffff7fc00000 | rs2: 0000000000000000 | rs3: 0000000000000000 | alu_res: ffffffff7fc00000 | fflags: 00000
FP_TRACE PC: 8000aacc | Instr: 0001ac87 | rs1: ffffffff7fc00000 | rs2: 0000000000000000 | rs3: 0000000000000000 | alu_res: ffffffff7fc00000 | fflags: 00000
FP_TRACE PC: 8000aad8 | Instr: c9169143 | rs1: ffffffffc0000000 | rs2: ffffffffcd9baed5 | rs3: ffffffff7f800001 | alu_res: ffffffff7fc00000 | fflags: 10000
FP_TRACE PC: 8000ab00 | Instr: 0022a027 | rs1: ffffffff7f800001 | rs2: ffffffff7fc00000 | rs3: 0000000000000000 | alu_res: ffffffff7fc00000 | fflags: 10000
FP_TRACE PC: 8000ab3c | Instr: 0001a087 | rs1: ffffffff7fc00000 | rs2: 0000000000000000 | rs3: 0000000000000000 | alu_res: ffffffff7fc00000 | fflags: 00000
FP_TRACE PC: 8000ab44 | Instr: 0001a607 | rs1: ffffffff7fc00000 | rs2: 0000000000000000 | rs3: 0000000000000000 | alu_res: ffffffff7fc00000 | fflags: 00000
FP_TRACE PC: 8000ab4c | Instr: 0001a187 | rs1: ffffffff7fc00000 | rs2: 0000000000000000 | rs3: 0000000000000000 | alu_res: ffffffff7fc00000 | fflags: 00000
FP_TRACE PC: 8000ab58 | Instr: 18c0bbc3 | rs1: ffffffffc0000000 | rs2: ffffffff5ed99758 | rs3: ffffffff7f800001 | alu_res: ffffffff7fc00000 | fflags: 10000
FP_TRACE PC: 8000ab80 | Instr: 0172a027 | rs1: ffffffff7f800001 | rs2: ffffffff7fc00000 | rs3: 0000000000000000 | alu_res: ffffffff7fc00000 | fflags: 10000
FP_TRACE PC: 8000abbc | Instr: 0001ac87 | rs1: ffffffff7f800001 | rs2: 0000000000000000 | rs3: 0000000000000000 | alu_res: ffffffff7fc00000 | fflags: 10000
FP_TRACE PC: 8000abc4 | Instr: 0001a807 | rs1: ffffffff7f800001 | rs2: 0000000000000000 | rs3: 0000000000000000 | alu_res: ffffffff7fc00000 | fflags: 10000
FP_TRACE PC: 8000abcc | Instr: 0001a487 | rs1: ffffffff7f800001 | rs2: 0000000000000000 | rs3: 0000000000000000 | alu_res: ffffffff7fc00000 | fflags: 10000
FP_TRACE PC: 8000abdc | Instr: 490cfec3 | rs1: ffffffffc0000000 | rs2: ffffffff34b9cb7f | rs3: ffffffff7fbfffff | alu_res: ffffffff7fc00000 | fflags: 10000
FP_TRACE PC: 8000ac00 | Instr: 01d2a027 | rs1: ffffffff7f800001 | rs2: ffffffff7fc00000 | rs3: 0000000000000000 | alu_res: ffffffff7fc00000 | fflags: 10000
FP_TRACE PC: 8000ac40 | Instr: 0001ae87 | rs1: ffffffff7f800001 | rs2: 0000000000000000 | rs3: 0000000000000000 | alu_res: ffffffff7fc00000 | fflags: 10000
FP_TRACE PC: 8000ac48 | Instr: 0001a187 | rs1: ffffffff7f800001 | rs2: 0000000000000000 | rs3: 0000000000000000 | alu_res: ffffffff7fc00000 | fflags: 10000
FP_TRACE PC: 8000ac50 | Instr: 0001a787 | rs1: ffffffff4887677a | rs2: 0000000000000000 | rs3: 0000000000000000 | alu_res: ffffffff7fc00000 | fflags: 00000
FP_TRACE PC: 8000ac5c | Instr: 783ea143 | rs1: ffffffffc0000000 | rs2: ffffffff4887677a | rs3: ffffffff7fbfffff | alu_res: ffffffff7fc00000 | fflags: 10000
FP_TRACE PC: 8000ac80 | Instr: 0022a027 | rs1: ffffffff7f800001 | rs2: ffffffff7fc00000 | rs3: 0000000000000000 | alu_res: ffffffff7fc00000 | fflags: 10000
FP_TRACE PC: 8000acbc | Instr: 0001a187 | rs1: ffffffff4887677a | rs2: 0000000000000000 | rs3: 0000000000000000 | alu_res: ffffffff7fc00000 | fflags: 00000
FP_TRACE PC: 8000acc4 | Instr: 0001aa07 | rs1: ffffffffc0000000 | rs2: 0000000000000000 | rs3: 0000000000000000 | alu_res: ffffffff7fc00000 | fflags: 00000
FP_TRACE PC: 8000accc | Instr: 0001a987 | rs1: ffffffffc0000000 | rs2: 0000000000000000 | rs3: 0000000000000000 | alu_res: ffffffff7fc00000 | fflags: 00000
FP_TRACE PC: 8000acd8 | Instr: 9941ce43 | rs1: ffffffffc0000000 | rs2: ffffffff830d6450 | rs3: ffffffff7fbfffff | alu_res: ffffffff7fc00000 | fflags: 10000
FP_TRACE PC: 8000ad00 | Instr: 01c2a027 | rs1: ffffffff7f800001 | rs2: ffffffff7fc00000 | rs3: 0000000000000000 | alu_res: ffffffff7fc00000 | fflags: 10000
FP_TRACE PC: 8000ad3c | Instr: 0001a887 | rs1: ffffffffc0000000 | rs2: 0000000000000000 | rs3: 0000000000000000 | alu_res: ffffffff7fc00000 | fflags: 00000
FP_TRACE PC: 8000ad44 | Instr: 0001a487 | rs1: ffffffffc0000000 | rs2: 0000000000000000 | rs3: 0000000000000000 | alu_res: ffffffff7fc00000 | fflags: 00000
FP_TRACE PC: 8000ad4c | Instr: 0001aa87 | rs1: ffffffffc0000000 | rs2: 0000000000000000 | rs3: 0000000000000000 | alu_res: ffffffff7fc00000 | fflags: 00000
FP_TRACE PC: 8000ad58 | Instr: a8988443 | rs1: ffffffffc0000000 | rs2: ffffffff68464c97 | rs3: ffffffff7fbfffff | alu_res: ffffffff7fc00000 | fflags: 10000
FP_TRACE PC: 8000ad80 | Instr: 0082a027 | rs1: ffffffff7f800001 | rs2: ffffffff7fc00000 | rs3: 0000000000000000 | alu_res: ffffffff7fc00000 | fflags: 10000
FP_TRACE PC: 8000adbc | Instr: 0001a507 | rs1: ffffffffc0000000 | rs2: 0000000000000000 | rs3: 0000000000000000 | alu_res: ffffffff7fc00000 | fflags: 00000
FP_TRACE PC: 8000adc4 | Instr: 0001a987 | rs1: ffffffffc0000000 | rs2: 0000000000000000 | rs3: 0000000000000000 | alu_res: ffffffff7fc00000 | fflags: 00000
FP_TRACE PC: 8000adcc | Instr: 0001ae87 | rs1: ffffffffc0000000 | rs2: 0000000000000000 | rs3: 0000000000000000 | alu_res: ffffffff7fc00000 | fflags: 00000
FP_TRACE PC: 8000add8 | Instr: e9351fc3 | rs1: ffffffffc0000000 | rs2: ffffffff5c621605 | rs3: ffffffff7fbfffff | alu_res: ffffffff7fc00000 | fflags: 10000
FP_TRACE PC: 8000ae00 | Instr: 01f2a027 | rs1: ffffffff7f800001 | rs2: ffffffff7fc00000 | rs3: 0000000000000000 | alu_res: ffffffff7fc00000 | fflags: 10000
FP_TRACE PC: 8000ae3c | Instr: 0001a187 | rs1: ffffffffc0000000 | rs2: 0000000000000000 | rs3: 0000000000000000 | alu_res: ffffffff7fc00000 | fflags: 00000
FP_TRACE PC: 8000ae44 | Instr: 0001a607 | rs1: ffffffffc0000000 | rs2: 0000000000000000 | rs3: 0000000000000000 | alu_res: ffffffff7fc00000 | fflags: 00000
FP_TRACE PC: 8000ae4c | Instr: 0001a287 | rs1: ffffffffc0000000 | rs2: 0000000000000000 | rs3: 0000000000000000 | alu_res: ffffffff7fc00000 | fflags: 00000
FP_TRACE PC: 8000ae58 | Instr: 28c1b0c3 | rs1: ffffffffc0000000 | rs2: ffffffff784b9ddc | rs3: ffffffff7fbfffff | alu_res: ffffffff7fc00000 | fflags: 10000
FP_TRACE PC: 8000ae80 | Instr: 0012a027 | rs1: ffffffff7fbfffff | rs2: ffffffff7fc00000 | rs3: 0000000000000000 | alu_res: ffffffff7fc00000 | fflags: 10000
FP_TRACE PC: 8000aebc | Instr: 0001a607 | rs1: ffffffffc0000000 | rs2: 0000000000000000 | rs3: 0000000000000000 | alu_res: ffffffff7fc00000 | fflags: 00000
FP_TRACE PC: 8000aec4 | Instr: 0001ab07 | rs1: ffffffffc0000000 | rs2: 0000000000000000 | rs3: 0000000000000000 | alu_res: ffffffff7fc00000 | fflags: 00000
FP_TRACE PC: 8000aecc | Instr: 0001a987 | rs1: ffffffffc0000000 | rs2: 0000000000000000 | rs3: 0000000000000000 | alu_res: ffffffff7fc00000 | fflags: 00000
FP_TRACE PC: 8000aedc | Instr: 99667d43 | rs1: ffffffffc0000000 | rs2: ffffffffb9fac554 | rs3: ffffffffffbfffff | alu_res: ffffffff7fc00000 | fflags: 10000
FP_TRACE PC: 8000af00 | Instr: 01a2a027 | rs1: ffffffff7fbfffff | rs2: ffffffff7fc00000 | rs3: 0000000000000000 | alu_res: ffffffff7fc00000 | fflags: 10000
FP_TRACE PC: 8000af40 | Instr: 0001a407 | rs1: ffffffffc0000000 | rs2: 0000000000000000 | rs3: 0000000000000000 | alu_res: ffffffff7fc00000 | fflags: 00000
FP_TRACE PC: 8000af48 | Instr: 0001af07 | rs1: ffffffffc0000000 | rs2: 0000000000000000 | rs3: 0000000000000000 | alu_res: ffffffff7fc00000 | fflags: 00000
FP_TRACE PC: 8000af50 | Instr: 0001ad87 | rs1: ffffffffc0000000 | rs2: 0000000000000000 | rs3: 0000000000000000 | alu_res: ffffffff7fc00000 | fflags: 00000
FP_TRACE PC: 8000af5c | Instr: d9e42d43 | rs1: ffffffffc0000000 | rs2: ffffffff29aef180 | rs3: ffffffffffbfffff | alu_res: ffffffff7fc00000 | fflags: 10000
FP_TRACE PC: 8000af80 | Instr: 01a2a027 | rs1: ffffffff7fbfffff | rs2: ffffffff7fc00000 | rs3: 0000000000000000 | alu_res: ffffffff7fc00000 | fflags: 10000
FP_TRACE PC: 8000afbc | Instr: 0001a687 | rs1: ffffffffc0000000 | rs2: 0000000000000000 | rs3: 0000000000000000 | alu_res: ffffffff7fc00000 | fflags: 00000
FP_TRACE PC: 8000afc4 | Instr: 0001aa87 | rs1: ffffffffc0000000 | rs2: 0000000000000000 | rs3: 0000000000000000 | alu_res: ffffffff7fc00000 | fflags: 00000
FP_TRACE PC: 8000afcc | Instr: 0001ac07 | rs1: ffffffffc0000000 | rs2: 0000000000000000 | rs3: 0000000000000000 | alu_res: ffffffff7fc00000 | fflags: 00000
FP_TRACE PC: 8000afd8 | Instr: c156ca43 | rs1: ffffffffc0000000 | rs2: ffffffffb9fdd901 | rs3: ffffffffffbfffff | alu_res: ffffffff7fc00000 | fflags: 10000
FP_TRACE PC: 8000b000 | Instr: 0142a027 | rs1: ffffffff7fbfffff | rs2: ffffffff7fc00000 | rs3: 0000000000000000 | alu_res: ffffffff7fc00000 | fflags: 10000
FP_TRACE PC: 8000b03c | Instr: 0001a887 | rs1: ffffffffc0000000 | rs2: 0000000000000000 | rs3: 0000000000000000 | alu_res: ffffffff7fc00000 | fflags: 00000
FP_TRACE PC: 8000b044 | Instr: 0001ab07 | rs1: ffffffffc0000000 | rs2: 0000000000000000 | rs3: 0000000000000000 | alu_res: ffffffff7fc00000 | fflags: 00000
FP_TRACE PC: 8000b04c | Instr: 0001a587 | rs1: ffffffffc0000000 | rs2: 0000000000000000 | rs3: 0000000000000000 | alu_res: ffffffff7fc00000 | fflags: 00000
FP_TRACE PC: 8000b058 | Instr: 59688bc3 | rs1: ffffffffc0000000 | rs2: ffffffff57044432 | rs3: ffffffffffbfffff | alu_res: ffffffff7fc00000 | fflags: 10000
FP_TRACE PC: 8000b080 | Instr: 0172a027 | rs1: ffffffff7fbfffff | rs2: ffffffff7fc00000 | rs3: 0000000000000000 | alu_res: ffffffff7fc00000 | fflags: 10000
FP_TRACE PC: 8000b0bc | Instr: 0001ab07 | rs1: ffffffffc0000000 | rs2: 0000000000000000 | rs3: 0000000000000000 | alu_res: ffffffff7fc00000 | fflags: 00000
FP_TRACE PC: 8000b0c4 | Instr: 0001a107 | rs1: ffffffffc0000000 | rs2: 0000000000000000 | rs3: 0000000000000000 | alu_res: ffffffff7fc00000 | fflags: 00000
FP_TRACE PC: 8000b0cc | Instr: 0001ac87 | rs1: ffffffffc0000000 | rs2: 0000000000000000 | rs3: 0000000000000000 | alu_res: ffffffff7fc00000 | fflags: 00000
FP_TRACE PC: 8000b0d8 | Instr: c82b1f43 | rs1: ffffffffc0000000 | rs2: ffffffffbf340e9e | rs3: ffffffffffbfffff | alu_res: ffffffff7fc00000 | fflags: 10000
FP_TRACE PC: 8000b100 | Instr: 01e2a027 | rs1: ffffffff7fbfffff | rs2: ffffffff7fc00000 | rs3: 0000000000000000 | alu_res: ffffffff7fc00000 | fflags: 10000
FP_TRACE PC: 8000b13c | Instr: 0001a887 | rs1: ffffffffc0000000 | rs2: 0000000000000000 | rs3: 0000000000000000 | alu_res: ffffffff7fc00000 | fflags: 00000
FP_TRACE PC: 8000b144 | Instr: 0001ac07 | rs1: ffffffffc0000000 | rs2: 0000000000000000 | rs3: 0000000000000000 | alu_res: ffffffff7fc00000 | fflags: 00000
FP_TRACE PC: 8000b14c | Instr: 0001a307 | rs1: ffffffffc0000000 | rs2: 0000000000000000 | rs3: 0000000000000000 | alu_res: ffffffff7fc00000 | fflags: 00000
FP_TRACE PC: 8000b158 | Instr: 3188b143 | rs1: ffffffffc0000000 | rs2: ffffffffae751133 | rs3: ffffffffffbfffff | alu_res: ffffffff7fc00000 | fflags: 10000
FP_TRACE PC: 8000b180 | Instr: 0022a027 | rs1: ffffffff7fbfffff | rs2: ffffffff7fc00000 | rs3: 0000000000000000 | alu_res: ffffffff7fc00000 | fflags: 10000
FP_TRACE PC: 8000b1bc | Instr: 0001ac07 | rs1: ffffffffc0000000 | rs2: 0000000000000000 | rs3: 0000000000000000 | alu_res: ffffffff7fc00000 | fflags: 00000
FP_TRACE PC: 8000b1c4 | Instr: 0001ae07 | rs1: ffffffffc0000000 | rs2: 0000000000000000 | rs3: 0000000000000000 | alu_res: ffffffff7fc00000 | fflags: 00000
FP_TRACE PC: 8000b1cc | Instr: 0001a607 | rs1: ffffffffc0000000 | rs2: 0000000000000000 | rs3: 0000000000000000 | alu_res: ffffffff7fc00000 | fflags: 00000
FP_TRACE PC: 8000b1dc | Instr: 61cc7943 | rs1: ffffffffc0000000 | rs2: ffffffff56c75347 | rs3: ffffffff7ef8654f | alu_res: ffffffff7ef8654f | fflags: 00001
FP_TRACE PC: 8000b200 | Instr: 0122a027 | rs1: ffffffff7fbfffff | rs2: ffffffff7ef8654f | rs3: 0000000000000000 | alu_res: ffffffff7fc00000 | fflags: 10000
FP_TRACE PC: 8000b240 | Instr: 0001a507 | rs1: ffffffffc0000000 | rs2: 0000000000000000 | rs3: 0000000000000000 | alu_res: ffffffff7fc00000 | fflags: 00000
FP_TRACE PC: 8000b248 | Instr: 0001a487 | rs1: ffffffffc0000000 | rs2: 0000000000000000 | rs3: 0000000000000000 | alu_res: ffffffff7fc00000 | fflags: 00000
FP_TRACE PC: 8000b250 | Instr: 0001af07 | rs1: ffffffffc0000000 | rs2: 0000000000000000 | rs3: 0000000000000000 | alu_res: ffffffff7fc00000 | fflags: 00000
FP_TRACE PC: 8000b25c | Instr: f0952fc3 | rs1: ffffffffc0000000 | rs2: ffffffffc6b0db25 | rs3: ffffffff7ef8654f | alu_res: ffffffff7ef8654f | fflags: 00001
FP_TRACE PC: 8000b280 | Instr: 01f2a027 | rs1: ffffffff7fbfffff | rs2: ffffffff7ef8654f | rs3: 0000000000000000 | alu_res: ffffffff7fc00000 | fflags: 10000
FP_TRACE PC: 8000b2bc | Instr: 0001a587 | rs1: ffffffffc0000000 | rs2: 0000000000000000 | rs3: 0000000000000000 | alu_res: ffffffff7fc00000 | fflags: 00000
FP_TRACE PC: 8000b2c4 | Instr: 0001a307 | rs1: ffffffffc0000000 | rs2: 0000000000000000 | rs3: 0000000000000000 | alu_res: ffffffff7fc00000 | fflags: 00000
FP_TRACE PC: 8000b2cc | Instr: 0001ae07 | rs1: ffffffffc0000000 | rs2: 0000000000000000 | rs3: 0000000000000000 | alu_res: ffffffff7fc00000 | fflags: 00000
FP_TRACE PC: 8000b2d8 | Instr: e065cc43 | rs1: ffffffffc0000000 | rs2: ffffffffc07ff801 | rs3: ffffffff7ef8654f | alu_res: ffffffff7ef8654f | fflags: 00001
FP_TRACE PC: 8000b300 | Instr: 0182a027 | rs1: ffffffff7fbfffff | rs2: ffffffff7ef8654f | rs3: 0000000000000000 | alu_res: ffffffff7fc00000 | fflags: 10000
FP_TRACE PC: 8000b33c | Instr: 0001a287 | rs1: ffffffffc0000000 | rs2: 0000000000000000 | rs3: 0000000000000000 | alu_res: ffffffff7fc00000 | fflags: 00000
FP_TRACE PC: 8000b344 | Instr: 0001a987 | rs1: ffffffffc0000000 | rs2: 0000000000000000 | rs3: 0000000000000000 | alu_res: ffffffff7fc00000 | fflags: 00000
FP_TRACE PC: 8000b34c | Instr: 0001ad07 | rs1: ffffffffc0000000 | rs2: 0000000000000000 | rs3: 0000000000000000 | alu_res: ffffffff7fc00000 | fflags: 00000
FP_TRACE PC: 8000b358 | Instr: d1328843 | rs1: ffffffffc0000000 | rs2: ffffffff25ec073c | rs3: ffffffff7ef8654f | alu_res: ffffffff7ef8654f | fflags: 00001
FP_TRACE PC: 8000b380 | Instr: 0102a027 | rs1: ffffffffc0000000 | rs2: ffffffff7ef8654f | rs3: 0000000000000000 | alu_res: ffffffff7ef8654f | fflags: 00001
FP_TRACE PC: 8000b3bc | Instr: 0001ab87 | rs1: ffffffffc0000000 | rs2: 0000000000000000 | rs3: 0000000000000000 | alu_res: ffffffff7fc00000 | fflags: 00000
FP_TRACE PC: 8000b3c4 | Instr: 0001a507 | rs1: ffffffffc0000000 | rs2: 0000000000000000 | rs3: 0000000000000000 | alu_res: ffffffff7fc00000 | fflags: 00000
FP_TRACE PC: 8000b3cc | Instr: 0001aa87 | rs1: ffffffffc0000000 | rs2: 0000000000000000 | rs3: 0000000000000000 | alu_res: ffffffff7fc00000 | fflags: 00000
FP_TRACE PC: 8000b3d8 | Instr: a8ab9f43 | rs1: ffffffffc0000000 | rs2: ffffffffa8f383ea | rs3: ffffffff7ef8654f | alu_res: ffffffff7ef8654f | fflags: 00001
FP_TRACE PC: 8000b400 | Instr: 01e2a027 | rs1: ffffffffc0000000 | rs2: ffffffff7ef8654f | rs3: 0000000000000000 | alu_res: ffffffff7ef8654f | fflags: 00001
FP_TRACE PC: 8000b43c | Instr: 0001a607 | rs1: ffffffffc0000000 | rs2: 0000000000000000 | rs3: 0000000000000000 | alu_res: ffffffff7fc00000 | fflags: 00000
FP_TRACE PC: 8000b444 | Instr: 0001ab07 | rs1: ffffffffc0000000 | rs2: 0000000000000000 | rs3: 0000000000000000 | alu_res: ffffffff7fc00000 | fflags: 00000
FP_TRACE PC: 8000b44c | Instr: 0001a887 | rs1: ffffffffc0000000 | rs2: 0000000000000000 | rs3: 0000000000000000 | alu_res: ffffffff7fc00000 | fflags: 00000
FP_TRACE PC: 8000b458 | Instr: 89663dc3 | rs1: ffffffffc0000000 | rs2: ffffffff06ac6abc | rs3: ffffffff7ef8654f | alu_res: ffffffff7ef8654f | fflags: 00001
FP_TRACE PC: 8000b480 | Instr: 01b2a027 | rs1: ffffffffc0000000 | rs2: ffffffff7ef8654f | rs3: 0000000000000000 | alu_res: ffffffff7ef8654f | fflags: 00001
FP_TRACE PC: 8000b4bc | Instr: 0001a587 | rs1: ffffffffc0000000 | rs2: 0000000000000000 | rs3: 0000000000000000 | alu_res: ffffffff7fc00000 | fflags: 00000
FP_TRACE PC: 8000b4c4 | Instr: 0001a907 | rs1: ffffffffc0000000 | rs2: 0000000000000000 | rs3: 0000000000000000 | alu_res: ffffffff7fc00000 | fflags: 00000
FP_TRACE PC: 8000b4cc | Instr: 0001a607 | rs1: ffffffffc0000000 | rs2: 0000000000000000 | rs3: 0000000000000000 | alu_res: ffffffff7fc00000 | fflags: 00000
FP_TRACE PC: 8000b4dc | Instr: 6125ff43 | rs1: ffffffffc0000000 | rs2: ffffffffb1a53841 | rs3: ffffffff813d9ab0 | alu_res: ffffffff32253840 | fflags: 00001
FP_TRACE PC: 8000b500 | Instr: 01e2a027 | rs1: ffffffffc0000000 | rs2: ffffffff32253840 | rs3: 0000000000000000 | alu_res: ffffffffc0000000 | fflags: 00001
FP_TRACE PC: 8000b540 | Instr: 0001ac87 | rs1: ffffffffc0000000 | rs2: 0000000000000000 | rs3: 0000000000000000 | alu_res: ffffffff7fc00000 | fflags: 00000
FP_TRACE PC: 8000b548 | Instr: 0001a087 | rs1: ffffffffc0000000 | rs2: 0000000000000000 | rs3: 0000000000000000 | alu_res: ffffffff7fc00000 | fflags: 00000
FP_TRACE PC: 8000b550 | Instr: 0001aa87 | rs1: ffffffffc0000000 | rs2: 0000000000000000 | rs3: 0000000000000000 | alu_res: ffffffff7fc00000 | fflags: 00000
FP_TRACE PC: 8000b55c | Instr: a81ca943 | rs1: ffffffffc0000000 | rs2: ffffffffee0bb537 | rs3: ffffffff813d9ab0 | alu_res: ffffffff6e8bb536 | fflags: 00001
FP_TRACE PC: 8000b580 | Instr: 0122a027 | rs1: ffffffffc0000000 | rs2: ffffffff6e8bb536 | rs3: 0000000000000000 | alu_res: ffffffff6e8bb536 | fflags: 00001
FP_TRACE PC: 8000b5bc | Instr: 0001a187 | rs1: ffffffffc0000000 | rs2: 0000000000000000 | rs3: 0000000000000000 | alu_res: ffffffff7fc00000 | fflags: 00000
FP_TRACE PC: 8000b5c4 | Instr: 0001a107 | rs1: ffffffffc0000000 | rs2: 0000000000000000 | rs3: 0000000000000000 | alu_res: ffffffff7fc00000 | fflags: 00000
FP_TRACE PC: 8000b5cc | Instr: 0001ae07 | rs1: ffffffffc0000000 | rs2: 0000000000000000 | rs3: 0000000000000000 | alu_res: ffffffff7fc00000 | fflags: 00000
FP_TRACE PC: 8000b5d8 | Instr: e021ca43 | rs1: ffffffffc0000000 | rs2: ffffffff0bb0b386 | rs3: ffffffff813d9ab0 | alu_res: ffffffff8c30b389 | fflags: 00001
FP_TRACE PC: 8000b600 | Instr: 0142a027 | rs1: ffffffffc0000000 | rs2: ffffffff8c30b389 | rs3: 0000000000000000 | alu_res: ffffffffc0000000 | fflags: 00001
FP_TRACE PC: 8000b63c | Instr: 0001a607 | rs1: ffffffffc0000000 | rs2: 0000000000000000 | rs3: 0000000000000000 | alu_res: ffffffff7fc00000 | fflags: 00000
FP_TRACE PC: 8000b644 | Instr: 0001a387 | rs1: ffffffffc0000000 | rs2: 0000000000000000 | rs3: 0000000000000000 | alu_res: ffffffff7fc00000 | fflags: 00000
FP_TRACE PC: 8000b64c | Instr: 0001a587 | rs1: ffffffffc0000000 | rs2: 0000000000000000 | rs3: 0000000000000000 | alu_res: ffffffff7fc00000 | fflags: 00000
FP_TRACE PC: 8000b658 | Instr: 587601c3 | rs1: ffffffffc0000000 | rs2: ffffffff95b0d5e9 | rs3: ffffffff813d9ab0 | alu_res: ffffffff1630d5e9 | fflags: 00001
FP_TRACE PC: 8000b680 | Instr: 0032a027 | rs1: ffffffffc0000000 | rs2: ffffffff1630d5e9 | rs3: 0000000000000000 | alu_res: ffffffffc0000000 | fflags: 00001
FP_TRACE PC: 8000b6bc | Instr: 0001a187 | rs1: ffffffff1630d5e9 | rs2: 0000000000000000 | rs3: 0000000000000000 | alu_res: ffffffff7fc00000 | fflags: 00000
FP_TRACE PC: 8000b6c4 | Instr: 0001a987 | rs1: ffffffffc0000000 | rs2: 0000000000000000 | rs3: 0000000000000000 | alu_res: ffffffff7fc00000 | fflags: 00000
FP_TRACE PC: 8000b6cc | Instr: 0001af07 | rs1: ffffffffc0000000 | rs2: 0000000000000000 | rs3: 0000000000000000 | alu_res: ffffffff7fc00000 | fflags: 00000
FP_TRACE PC: 8000b6d8 | Instr: f1319fc3 | rs1: ffffffffc0000000 | rs2: ffffffff1fd23f89 | rs3: ffffffff813d9ab0 | alu_res: ffffffffa0523f89 | fflags: 00001
FP_TRACE PC: 8000b700 | Instr: 01f2a027 | rs1: ffffffffc0000000 | rs2: ffffffffa0523f89 | rs3: 0000000000000000 | alu_res: ffffffffc0000000 | fflags: 00001
FP_TRACE PC: 8000b73c | Instr: 0001a887 | rs1: ffffffffc0000000 | rs2: 0000000000000000 | rs3: 0000000000000000 | alu_res: ffffffff7fc00000 | fflags: 00000
FP_TRACE PC: 8000b744 | Instr: 0001ac07 | rs1: ffffffffc0000000 | rs2: 0000000000000000 | rs3: 0000000000000000 | alu_res: ffffffff7fc00000 | fflags: 00000
FP_TRACE PC: 8000b74c | Instr: 0001a707 | rs1: ffffffffc0000000 | rs2: 0000000000000000 | rs3: 0000000000000000 | alu_res: ffffffff7fc00000 | fflags: 00000
FP_TRACE PC: 8000b758 | Instr: 7188b543 | rs1: ffffffffc0000000 | rs2: ffffffffcafc5299 | rs3: ffffffff813d9ab0 | alu_res: ffffffff4b7c5299 | fflags: 00001
FP_TRACE PC: 8000b780 | Instr: 00a2a027 | rs1: ffffffffc0000000 | rs2: ffffffff4b7c5299 | rs3: 0000000000000000 | alu_res: ffffffff4b7c5297 | fflags: 00000
FP_TRACE PC: 8000b7bc | Instr: 0001a787 | rs1: ffffffffc0000000 | rs2: 0000000000000000 | rs3: 0000000000000000 | alu_res: ffffffff7fc00000 | fflags: 00000
FP_TRACE PC: 8000b7c4 | Instr: 0001ac07 | rs1: ffffffffc0000000 | rs2: 0000000000000000 | rs3: 0000000000000000 | alu_res: ffffffff7fc00000 | fflags: 00000
FP_TRACE PC: 8000b7cc | Instr: 0001a587 | rs1: ffffffffc0000000 | rs2: 0000000000000000 | rs3: 0000000000000000 | alu_res: ffffffff7fc00000 | fflags: 00000
FP_TRACE PC: 8000b7dc | Instr: 5987ff43 | rs1: ffffffff00800000 | rs2: ffffffffbeb2e5d3 | rs3: ffffffff00000000 | alu_res: ffffffff802cb975 | fflags: 00011
FP_TRACE PC: 8000b800 | Instr: 01e2a027 | rs1: ffffffffc0000000 | rs2: ffffffff802cb975 | rs3: 0000000000000000 | alu_res: ffffffffc0000000 | fflags: 00001
FP_TRACE PC: 8000b840 | Instr: 0001a787 | rs1: ffffffffc0000000 | rs2: 0000000000000000 | rs3: 0000000000000000 | alu_res: ffffffff7fc00000 | fflags: 00000
FP_TRACE PC: 8000b848 | Instr: 0001a887 | rs1: ffffffffc0000000 | rs2: 0000000000000000 | rs3: 0000000000000000 | alu_res: ffffffff7fc00000 | fflags: 00000
FP_TRACE PC: 8000b850 | Instr: 0001a587 | rs1: ffffffffc0000000 | rs2: 0000000000000000 | rs3: 0000000000000000 | alu_res: ffffffff7fc00000 | fflags: 00000
FP_TRACE PC: 8000b85c | Instr: 5917a843 | rs1: ffffffff00800000 | rs2: ffffffff8adf3b26 | rs3: ffffffff00000000 | alu_res: ffffffff80000001 | fflags: 00011
FP_TRACE PC: 8000b880 | Instr: 0102a027 | rs1: ffffffffc0000000 | rs2: ffffffff80000001 | rs3: 0000000000000000 | alu_res: ffffffffc0000000 | fflags: 00001
FP_TRACE PC: 8000b8bc | Instr: 0001af87 | rs1: ffffffffc0000000 | rs2: 0000000000000000 | rs3: 0000000000000000 | alu_res: ffffffff7fc00000 | fflags: 00000
FP_TRACE PC: 8000b8c4 | Instr: 0001a407 | rs1: ffffffffc0000000 | rs2: 0000000000000000 | rs3: 0000000000000000 | alu_res: ffffffff7fc00000 | fflags: 00000
FP_TRACE PC: 8000b8cc | Instr: 0001a587 | rs1: ffffffffc0000000 | rs2: 0000000000000000 | rs3: 0000000000000000 | alu_res: ffffffff7fc00000 | fflags: 00000
FP_TRACE PC: 8000b8d8 | Instr: 588fc543 | rs1: ffffffff00800000 | rs2: ffffffff2ff0d9c8 | rs3: ffffffff00000000 | alu_res: ffffffff00000000 | fflags: 00011
FP_TRACE PC: 8000b900 | Instr: 00a2a027 | rs1: ffffffffc0000000 | rs2: ffffffff00000000 | rs3: 0000000000000000 | alu_res: ffffffffc0000000 | fflags: 00000
FP_TRACE PC: 8000b93c | Instr: 0001a487 | rs1: ffffffffc0000000 | rs2: 0000000000000000 | rs3: 0000000000000000 | alu_res: ffffffff7fc00000 | fflags: 00000
FP_TRACE PC: 8000b944 | Instr: 0001a587 | rs1: ffffffffc0000000 | rs2: 0000000000000000 | rs3: 0000000000000000 | alu_res: ffffffff7fc00000 | fflags: 00000
FP_TRACE PC: 8000b94c | Instr: 0001ad07 | rs1: ffffffffc0000000 | rs2: 0000000000000000 | rs3: 0000000000000000 | alu_res: ffffffff7fc00000 | fflags: 00000
FP_TRACE PC: 8000b958 | Instr: d0b48dc3 | rs1: ffffffff00800000 | rs2: ffffffff84008444 | rs3: ffffffff00000000 | alu_res: ffffffff80000000 | fflags: 00011
FP_TRACE PC: 8000b980 | Instr: 01b2a027 | rs1: ffffffffc0000000 | rs2: ffffffff80000000 | rs3: 0000000000000000 | alu_res: ffffffffc0000000 | fflags: 00000
FP_TRACE PC: 8000b9bc | Instr: 0001a387 | rs1: ffffffffc0000000 | rs2: 0000000000000000 | rs3: 0000000000000000 | alu_res: ffffffff7fc00000 | fflags: 00000
FP_TRACE PC: 8000b9c4 | Instr: 0001a987 | rs1: ffffffffc0000000 | rs2: 0000000000000000 | rs3: 0000000000000000 | alu_res: ffffffff7fc00000 | fflags: 00000
FP_TRACE PC: 8000b9cc | Instr: 0001a587 | rs1: ffffffffc0000000 | rs2: 0000000000000000 | rs3: 0000000000000000 | alu_res: ffffffff7fc00000 | fflags: 00000
FP_TRACE PC: 8000b9d8 | Instr: 59339ec3 | rs1: ffffffff00800000 | rs2: ffffffff63a068aa | rs3: ffffffff00000000 | alu_res: ffffffff24a068aa | fflags: 00000
FP_TRACE PC: 8000ba00 | Instr: 01d2a027 | rs1: ffffffffc0000000 | rs2: ffffffff24a068aa | rs3: 0000000000000000 | alu_res: ffffffffc0000000 | fflags: 00001
FP_TRACE PC: 8000ba3c | Instr: 0001ad07 | rs1: ffffffffc0000000 | rs2: 0000000000000000 | rs3: 0000000000000000 | alu_res: ffffffff7fc00000 | fflags: 00000
FP_TRACE PC: 8000ba44 | Instr: 0001a607 | rs1: ffffffffc0000000 | rs2: 0000000000000000 | rs3: 0000000000000000 | alu_res: ffffffff7fc00000 | fflags: 00000
FP_TRACE PC: 8000ba4c | Instr: 0001ac07 | rs1: ffffffffc0000000 | rs2: 0000000000000000 | rs3: 0000000000000000 | alu_res: ffffffff7fc00000 | fflags: 00000
FP_TRACE PC: 8000ba58 | Instr: c0cd33c3 | rs1: ffffffff00800000 | rs2: ffffffff90e1edfb | rs3: ffffffff00000000 | alu_res: ffffffff80000000 | fflags: 00011
FP_TRACE PC: 8000ba80 | Instr: 0072a027 | rs1: ffffffffc0000000 | rs2: ffffffff80000000 | rs3: 0000000000000000 | alu_res: ffffffffc0000000 | fflags: 00000
FP_TRACE PC: 8000babc | Instr: 0001ab07 | rs1: ffffffffc0000000 | rs2: 0000000000000000 | rs3: 0000000000000000 | alu_res: ffffffff7fc00000 | fflags: 00000
FP_TRACE PC: 8000bac4 | Instr: 0001ae07 | rs1: ffffffffc0000000 | rs2: 0000000000000000 | rs3: 0000000000000000 | alu_res: ffffffff7fc00000 | fflags: 00000
FP_TRACE PC: 8000bacc | Instr: 0001aa87 | rs1: ffffffffc0000000 | rs2: 0000000000000000 | rs3: 0000000000000000 | alu_res: ffffffff7fc00000 | fflags: 00000
FP_TRACE PC: 8000badc | Instr: a9cb7ec3 | rs1: ffffffff00800000 | rs2: ffffffff87e26295 | rs3: ffffffff80000000 | alu_res: ffffffff80000000 | fflags: 00011
FP_TRACE PC: 8000bb00 | Instr: 01d2a027 | rs1: ffffffffc0000000 | rs2: ffffffff80000000 | rs3: 0000000000000000 | alu_res: ffffffffc0000000 | fflags: 00000
FP_TRACE PC: 8000bb40 | Instr: 0001ab07 | rs1: ffffffffc0000000 | rs2: 0000000000000000 | rs3: 0000000000000000 | alu_res: ffffffff7fc00000 | fflags: 00000
FP_TRACE PC: 8000bb48 | Instr: 0001a407 | rs1: ffffffffc0000000 | rs2: 0000000000000000 | rs3: 0000000000000000 | alu_res: ffffffff7fc00000 | fflags: 00000
FP_TRACE PC: 8000bb50 | Instr: 0001a087 | rs1: ffffffffc0000000 | rs2: 0000000000000000 | rs3: 0000000000000000 | alu_res: ffffffff7fc00000 | fflags: 00000
FP_TRACE PC: 8000bb5c | Instr: 088b2f43 | rs1: ffffffff00800000 | rs2: ffffffff50949b80 | rs3: ffffffff80000000 | alu_res: ffffffff11949b80 | fflags: 00000
FP_TRACE PC: 8000bb80 | Instr: 01e2a027 | rs1: ffffffffc0000000 | rs2: ffffffff11949b80 | rs3: 0000000000000000 | alu_res: ffffffffc0000000 | fflags: 00001
FP_TRACE PC: 8000bbbc | Instr: 0001a707 | rs1: ffffffffc0000000 | rs2: 0000000000000000 | rs3: 0000000000000000 | alu_res: ffffffff7fc00000 | fflags: 00000
FP_TRACE PC: 8000bbc4 | Instr: 0001ae87 | rs1: ffffffffc0000000 | rs2: 0000000000000000 | rs3: 0000000000000000 | alu_res: ffffffff7fc00000 | fflags: 00000
FP_TRACE PC: 8000bbcc | Instr: 0001a787 | rs1: ffffffffc0000000 | rs2: 0000000000000000 | rs3: 0000000000000000 | alu_res: ffffffff7fc00000 | fflags: 00000
FP_TRACE PC: 8000bbd8 | Instr: 79d74c43 | rs1: ffffffff00800000 | rs2: ffffffff1d61684d | rs3: ffffffff80000000 | alu_res: ffffffff00000000 | fflags: 00011
FP_TRACE PC: 8000bc00 | Instr: 0182a027 | rs1: ffffffffc0000000 | rs2: ffffffff00000000 | rs3: 0000000000000000 | alu_res: ffffffffc0000000 | fflags: 00000
FP_TRACE PC: 8000bc3c | Instr: 0001a787 | rs1: ffffffffc0000000 | rs2: 0000000000000000 | rs3: 0000000000000000 | alu_res: ffffffff7fc00000 | fflags: 00000
FP_TRACE PC: 8000bc44 | Instr: 0001aa07 | rs1: ffffffffc0000000 | rs2: 0000000000000000 | rs3: 0000000000000000 | alu_res: ffffffff7fc00000 | fflags: 00000
FP_TRACE PC: 8000bc4c | Instr: 0001a507 | rs1: ffffffffc0000000 | rs2: 0000000000000000 | rs3: 0000000000000000 | alu_res: ffffffff7fc00000 | fflags: 00000
FP_TRACE PC: 8000bc58 | Instr: 51478e43 | rs1: ffffffff00800000 | rs2: fffffffffb9998dc | rs3: ffffffff80000000 | alu_res: ffffffffbc9998dc | fflags: 00000
FP_TRACE PC: 8000bc80 | Instr: 01c2a027 | rs1: ffffffffc0000000 | rs2: ffffffffbc9998dc | rs3: 0000000000000000 | alu_res: ffffffffc0013332 | fflags: 00001
FP_TRACE PC: 8000bcbc | Instr: 0001ad87 | rs1: ffffffffc0000000 | rs2: 0000000000000000 | rs3: 0000000000000000 | alu_res: ffffffff7fc00000 | fflags: 00000
FP_TRACE PC: 8000bcc4 | Instr: 0001ab07 | rs1: ffffffffc0000000 | rs2: 0000000000000000 | rs3: 0000000000000000 | alu_res: ffffffff7fc00000 | fflags: 00000
FP_TRACE PC: 8000bccc | Instr: 0001a087 | rs1: ffffffffc0000000 | rs2: 0000000000000000 | rs3: 0000000000000000 | alu_res: ffffffff7fc00000 | fflags: 00000
FP_TRACE PC: 8000bcd8 | Instr: 096d97c3 | rs1: ffffffff00800000 | rs2: ffffffff46cbc285 | rs3: ffffffff80000000 | alu_res: ffffffff07cbc285 | fflags: 00000
FP_TRACE PC: 8000bd00 | Instr: 00f2a027 | rs1: ffffffffc0000000 | rs2: ffffffff07cbc285 | rs3: 0000000000000000 | alu_res: ffffffffc0000000 | fflags: 00001
FP_TRACE PC: 8000bd3c | Instr: 0001a887 | rs1: ffffffffc0000000 | rs2: 0000000000000000 | rs3: 0000000000000000 | alu_res: ffffffff7fc00000 | fflags: 00000
FP_TRACE PC: 8000bd44 | Instr: 0001a687 | rs1: ffffffffc0000000 | rs2: 0000000000000000 | rs3: 0000000000000000 | alu_res: ffffffff7fc00000 | fflags: 00000
FP_TRACE PC: 8000bd4c | Instr: 0001ab07 | rs1: ffffffffc0000000 | rs2: 0000000000000000 | rs3: 0000000000000000 | alu_res: ffffffff7fc00000 | fflags: 00000
FP_TRACE PC: 8000bd58 | Instr: b0d8be43 | rs1: ffffffff00800000 | rs2: ffffffff66cb6253 | rs3: ffffffff80000000 | alu_res: ffffffff27cb6253 | fflags: 00000
FP_TRACE PC: 8000bd80 | Instr: 01c2a027 | rs1: ffffffffc0000000 | rs2: ffffffff27cb6253 | rs3: 0000000000000000 | alu_res: ffffffffc0000000 | fflags: 00001
FP_TRACE PC: 8000bdbc | Instr: 0001ad87 | rs1: ffffffffc0000000 | rs2: 0000000000000000 | rs3: 0000000000000000 | alu_res: ffffffff7fc00000 | fflags: 00000
FP_TRACE PC: 8000bdc4 | Instr: 0001ab87 | rs1: ffffffffc0000000 | rs2: 0000000000000000 | rs3: 0000000000000000 | alu_res: ffffffff7fc00000 | fflags: 00000
FP_TRACE PC: 8000bdcc | Instr: 0001a407 | rs1: ffffffffc0000000 | rs2: 0000000000000000 | rs3: 0000000000000000 | alu_res: ffffffff7fc00000 | fflags: 00000
FP_TRACE PC: 8000bddc | Instr: 417df1c3 | rs1: ffffffff00800000 | rs2: ffffffff45c6e08e | rs3: ffffffff3f800000 | alu_res: ffffffff3f800000 | fflags: 00001
FP_TRACE PC: 8000be00 | Instr: 0032a027 | rs1: ffffffffc0000000 | rs2: ffffffff3f800000 | rs3: 0000000000000000 | alu_res: ffffffffbf800000 | fflags: 00000
FP_TRACE PC: 8000be40 | Instr: 0001ad07 | rs1: ffffffff3f800000 | rs2: 0000000000000000 | rs3: 0000000000000000 | alu_res: ffffffff7fc00000 | fflags: 00000
FP_TRACE PC: 8000be48 | Instr: 0001a707 | rs1: ffffffff3f800000 | rs2: 0000000000000000 | rs3: 0000000000000000 | alu_res: ffffffff7fc00000 | fflags: 00000
FP_TRACE PC: 8000be50 | Instr: 0001a907 | rs1: ffffffff3f800000 | rs2: 0000000000000000 | rs3: 0000000000000000 | alu_res: ffffffff7fc00000 | fflags: 00000
FP_TRACE PC: 8000be5c | Instr: 90ed2cc3 | rs1: ffffffff00800000 | rs2: ffffffff7d521dec | rs3: ffffffff3f800000 | alu_res: ffffffff3f9a43bd | fflags: 00001
FP_TRACE PC: 8000be80 | Instr: 0192a027 | rs1: ffffffffc0000000 | rs2: ffffffff3f9a43bd | rs3: 0000000000000000 | alu_res: ffffffffbf4b7886 | fflags: 00000
FP_TRACE PC: 8000bebc | Instr: 0001a707 | rs1: ffffffff3f800000 | rs2: 0000000000000000 | rs3: 0000000000000000 | alu_res: ffffffff7fc00000 | fflags: 00000
FP_TRACE PC: 8000bec4 | Instr: 0001aa07 | rs1: ffffffff3f800000 | rs2: 0000000000000000 | rs3: 0000000000000000 | alu_res: ffffffff7fc00000 | fflags: 00000
FP_TRACE PC: 8000becc | Instr: 0001a887 | rs1: ffffffff3f800000 | rs2: 0000000000000000 | rs3: 0000000000000000 | alu_res: ffffffff7fc00000 | fflags: 00000
FP_TRACE PC: 8000bed8 | Instr: 89474ec3 | rs1: ffffffff00800000 | rs2: ffffffff720032f5 | rs3: ffffffff3f800000 | alu_res: ffffffff3f800000 | fflags: 00001
FP_TRACE PC: 8000bf00 | Instr: 01d2a027 | rs1: ffffffffc0000000 | rs2: ffffffff3f800000 | rs3: 0000000000000000 | alu_res: ffffffffbf800000 | fflags: 00000
FP_TRACE PC: 8000bf3c | Instr: 0001a307 | rs1: ffffffff3f800000 | rs2: 0000000000000000 | rs3: 0000000000000000 | alu_res: ffffffff7fc00000 | fflags: 00000
FP_TRACE PC: 8000bf44 | Instr: 0001a107 | rs1: ffffffff3f800000 | rs2: 0000000000000000 | rs3: 0000000000000000 | alu_res: ffffffff7fc00000 | fflags: 00000
FP_TRACE PC: 8000bf4c | Instr: 0001ae07 | rs1: ffffffff3f800000 | rs2: 0000000000000000 | rs3: 0000000000000000 | alu_res: ffffffff7fc00000 | fflags: 00000
FP_TRACE PC: 8000bf58 | Instr: e0230dc3 | rs1: ffffffff00800000 | rs2: ffffffffe5bb8575 | rs3: ffffffff3f800000 | alu_res: ffffffff3f800000 | fflags: 00001
FP_TRACE PC: 8000bf80 | Instr: 01b2a027 | rs1: ffffffffc0000000 | rs2: ffffffff3f800000 | rs3: 0000000000000000 | alu_res: ffffffffbf800000 | fflags: 00000
FP_TRACE PC: 8000bfbc | Instr: 0001a187 | rs1: ffffffff3f800000 | rs2: 0000000000000000 | rs3: 0000000000000000 | alu_res: ffffffff7fc00000 | fflags: 00000
FP_TRACE PC: 8000bfc4 | Instr: 0001ad87 | rs1: ffffffff00800000 | rs2: 0000000000000000 | rs3: 0000000000000000 | alu_res: ffffffff7fc00000 | fflags: 00000
FP_TRACE PC: 8000bfcc | Instr: 0001a807 | rs1: ffffffff00800000 | rs2: 0000000000000000 | rs3: 0000000000000000 | alu_res: ffffffff7fc00000 | fflags: 00000
FP_TRACE PC: 8000bfd8 | Instr: 81b193c3 | rs1: ffffffff00800000 | rs2: ffffffff8880e68b | rs3: ffffffff3f800000 | alu_res: ffffffff3f7fffff | fflags: 00001
FP_TRACE PC: 8000c000 | Instr: 0072a027 | rs1: ffffffffc0000000 | rs2: ffffffff3f7fffff | rs3: 0000000000000000 | alu_res: ffffffffbf800000 | fflags: 00001
FP_TRACE PC: 8000c03c | Instr: 0001ac07 | rs1: ffffffff00800000 | rs2: 0000000000000000 | rs3: 0000000000000000 | alu_res: ffffffff7fc00000 | fflags: 00000
FP_TRACE PC: 8000c044 | Instr: 0001a707 | rs1: ffffffff00800000 | rs2: 0000000000000000 | rs3: 0000000000000000 | alu_res: ffffffff7fc00000 | fflags: 00000
FP_TRACE PC: 8000c04c | Instr: 0001ad87 | rs1: ffffffff00800000 | rs2: 0000000000000000 | rs3: 0000000000000000 | alu_res: ffffffff7fc00000 | fflags: 00000
FP_TRACE PC: 8000c058 | Instr: d8ec3fc3 | rs1: ffffffff00800000 | rs2: ffffffffe2667198 | rs3: ffffffff3f800000 | alu_res: ffffffff3f800000 | fflags: 00001
FP_TRACE PC: 8000c080 | Instr: 01f2a027 | rs1: ffffffffc0000000 | rs2: ffffffff3f800000 | rs3: 0000000000000000 | alu_res: ffffffffbf800000 | fflags: 00000
FP_TRACE PC: 8000c0bc | Instr: 0001ac87 | rs1: ffffffff00800000 | rs2: 0000000000000000 | rs3: 0000000000000000 | alu_res: ffffffff7fc00000 | fflags: 00000
FP_TRACE PC: 8000c0c4 | Instr: 0001aa87 | rs1: ffffffff00800000 | rs2: 0000000000000000 | rs3: 0000000000000000 | alu_res: ffffffff7fc00000 | fflags: 00000
FP_TRACE PC: 8000c0cc | Instr: 0001a507 | rs1: ffffffff00800000 | rs2: 0000000000000000 | rs3: 0000000000000000 | alu_res: ffffffff7fc00000 | fflags: 00000
FP_TRACE PC: 8000c0dc | Instr: 515cf743 | rs1: ffffffff00800000 | rs2: ffffffffc3b37414 | rs3: ffffffffbf800000 | alu_res: ffffffffbf800000 | fflags: 00001
FP_TRACE PC: 8000c100 | Instr: 00e2a027 | rs1: ffffffffc0000000 | rs2: ffffffffbf800000 | rs3: 0000000000000000 | alu_res: ffffffffc0400000 | fflags: 00000
FP_TRACE PC: 8000c140 | Instr: 0001ae07 | rs1: ffffffff00800000 | rs2: 0000000000000000 | rs3: 0000000000000000 | alu_res: ffffffff7fc00000 | fflags: 00000
FP_TRACE PC: 8000c148 | Instr: 0001a187 | rs1: ffffffff00800000 | rs2: 0000000000000000 | rs3: 0000000000000000 | alu_res: ffffffff7fc00000 | fflags: 00000
FP_TRACE PC: 8000c150 | Instr: 0001a387 | rs1: ffffffff1b780e4d | rs2: 0000000000000000 | rs3: 0000000000000000 | alu_res: ffffffff7fc00000 | fflags: 00000
FP_TRACE PC: 8000c15c | Instr: 383e2943 | rs1: ffffffff00800000 | rs2: ffffffff1b780e4d | rs3: ffffffffbf800000 | alu_res: ffffffffbf800000 | fflags: 00001
FP_TRACE PC: 8000c180 | Instr: 0122a027 | rs1: ffffffffc0000000 | rs2: ffffffffbf800000 | rs3: 0000000000000000 | alu_res: ffffffffc0400000 | fflags: 00000
FP_TRACE PC: 8000c1bc | Instr: 0001a487 | rs1: ffffffff1b780e4d | rs2: 0000000000000000 | rs3: 0000000000000000 | alu_res: ffffffff7fc00000 | fflags: 00000
FP_TRACE PC: 8000c1c4 | Instr: 0001a687 | rs1: ffffffff1b780e4d | rs2: 0000000000000000 | rs3: 0000000000000000 | alu_res: ffffffff7fc00000 | fflags: 00000
FP_TRACE PC: 8000c1cc | Instr: 0001a407 | rs1: ffffffff1b780e4d | rs2: 0000000000000000 | rs3: 0000000000000000 | alu_res: ffffffff7fc00000 | fflags: 00000
FP_TRACE PC: 8000c1d8 | Instr: 40d4c9c3 | rs1: ffffffff00800000 | rs2: fffffffff31fa20c | rs3: ffffffffbf800000 | alu_res: ffffffffbf800001 | fflags: 00001
FP_TRACE PC: 8000c200 | Instr: 0132a027 | rs1: ffffffffc0000000 | rs2: ffffffffbf800001 | rs3: 0000000000000000 | alu_res: ffffffffc0400000 | fflags: 00001
FP_TRACE PC: 8000c23c | Instr: 0001a187 | rs1: ffffffff1b780e4d | rs2: 0000000000000000 | rs3: 0000000000000000 | alu_res: ffffffff7fc00000 | fflags: 00000
FP_TRACE PC: 8000c244 | Instr: 0001ae87 | rs1: ffffffff00800000 | rs2: 0000000000000000 | rs3: 0000000000000000 | alu_res: ffffffff7fc00000 | fflags: 00000
FP_TRACE PC: 8000c24c | Instr: 0001ae07 | rs1: ffffffff00800000 | rs2: 0000000000000000 | rs3: 0000000000000000 | alu_res: ffffffff7fc00000 | fflags: 00000
FP_TRACE PC: 8000c258 | Instr: e1d185c3 | rs1: ffffffff00800000 | rs2: ffffffffd20edcdc | rs3: ffffffffbf800000 | alu_res: ffffffffbf800000 | fflags: 00001
FP_TRACE PC: 8000c280 | Instr: 00b2a027 | rs1: ffffffffc0000000 | rs2: ffffffffbf800000 | rs3: 0000000000000000 | alu_res: ffffffffc0400000 | fflags: 00000
FP_TRACE PC: 8000c2bc | Instr: 0001aa87 | rs1: ffffffff00800000 | rs2: 0000000000000000 | rs3: 0000000000000000 | alu_res: ffffffff7fc00000 | fflags: 00000
FP_TRACE PC: 8000c2c4 | Instr: 0001a387 | rs1: ffffffff00800000 | rs2: 0000000000000000 | rs3: 0000000000000000 | alu_res: ffffffff7fc00000 | fflags: 00000
FP_TRACE PC: 8000c2cc | Instr: 0001a307 | rs1: ffffffff00800000 | rs2: 0000000000000000 | rs3: 0000000000000000 | alu_res: ffffffff7fc00000 | fflags: 00000
FP_TRACE PC: 8000c2d8 | Instr: 307a9d43 | rs1: ffffffff00800000 | rs2: ffffffff244d73c2 | rs3: ffffffffbf800000 | alu_res: ffffffffbf7fffff | fflags: 00001
FP_TRACE PC: 8000c300 | Instr: 01a2a027 | rs1: ffffffffc0000000 | rs2: ffffffffbf7fffff | rs3: 0000000000000000 | alu_res: ffffffffc0400000 | fflags: 00001
FP_TRACE PC: 8000c33c | Instr: 0001af07 | rs1: ffffffff00800000 | rs2: 0000000000000000 | rs3: 0000000000000000 | alu_res: ffffffff7fc00000 | fflags: 00000
FP_TRACE PC: 8000c344 | Instr: 0001ae87 | rs1: ffffffff00800000 | rs2: 0000000000000000 | rs3: 0000000000000000 | alu_res: ffffffff7fc00000 | fflags: 00000
FP_TRACE PC: 8000c34c | Instr: 0001a107 | rs1: ffffffff00800000 | rs2: 0000000000000000 | rs3: 0000000000000000 | alu_res: ffffffff7fc00000 | fflags: 00000
FP_TRACE PC: 8000c358 | Instr: 11df32c3 | rs1: ffffffff00800000 | rs2: ffffffff734dbaf8 | rs3: ffffffffbf800000 | alu_res: ffffffffbf7ffffc | fflags: 00001
FP_TRACE PC: 8000c380 | Instr: 0052a027 | rs1: ffffffffbf7ffffc | rs2: ffffffffbf7ffffc | rs3: 0000000000000000 | alu_res: ffffffffbffffffc | fflags: 00000
FP_TRACE PC: 8000c3bc | Instr: 0001a587 | rs1: ffffffff00800000 | rs2: 0000000000000000 | rs3: 0000000000000000 | alu_res: ffffffff7fc00000 | fflags: 00000
FP_TRACE PC: 8000c3c4 | Instr: 0001ae87 | rs1: ffffffff00800000 | rs2: 0000000000000000 | rs3: 0000000000000000 | alu_res: ffffffff7fc00000 | fflags: 00000
FP_TRACE PC: 8000c3cc | Instr: 0001a807 | rs1: ffffffff00800000 | rs2: 0000000000000000 | rs3: 0000000000000000 | alu_res: ffffffff7fc00000 | fflags: 00000
FP_TRACE PC: 8000c3dc | Instr: 81d5f7c3 | rs1: ffffffff00800000 | rs2: ffffffff4654c295 | rs3: ffffffff3fc00000 | alu_res: ffffffff3fc00001 | fflags: 00001
FP_TRACE PC: 8000c400 | Instr: 00f2a027 | rs1: ffffffffbf7ffffc | rs2: ffffffff3fc00001 | rs3: 0000000000000000 | alu_res: ffffffff3f000006 | fflags: 00000
FP_TRACE PC: 8000c440 | Instr: 0001aa07 | rs1: ffffffff00800000 | rs2: 0000000000000000 | rs3: 0000000000000000 | alu_res: ffffffff7fc00000 | fflags: 00000
FP_TRACE PC: 8000c448 | Instr: 0001ab87 | rs1: ffffffff00800000 | rs2: 0000000000000000 | rs3: 0000000000000000 | alu_res: ffffffff7fc00000 | fflags: 00000
FP_TRACE PC: 8000c450 | Instr: 0001a287 | rs1: ffffffff00800000 | rs2: 0000000000000000 | rs3: 0000000000000000 | alu_res: ffffffff7fc00000 | fflags: 00000
FP_TRACE PC: 8000c45c | Instr: 297a2c43 | rs1: ffffffff00800000 | rs2: ffffffffaabec74f | rs3: ffffffff3fc00000 | alu_res: ffffffff3fbfffff | fflags: 00001
FP_TRACE PC: 8000c480 | Instr: 0182a027 | rs1: ffffffff3fc00000 | rs2: ffffffff3fbfffff | rs3: 0000000000000000 | alu_res: ffffffff40400000 | fflags: 00001
FP_TRACE PC: 8000c4bc | Instr: 0001ad07 | rs1: ffffffff00800000 | rs2: 0000000000000000 | rs3: 0000000000000000 | alu_res: ffffffff7fc00000 | fflags: 00000
FP_TRACE PC: 8000c4c4 | Instr: 0001af07 | rs1: ffffffff00800000 | rs2: 0000000000000000 | rs3: 0000000000000000 | alu_res: ffffffff7fc00000 | fflags: 00000
FP_TRACE PC: 8000c4cc | Instr: 0001ad87 | rs1: ffffffff00800000 | rs2: 0000000000000000 | rs3: 0000000000000000 | alu_res: ffffffff7fc00000 | fflags: 00000
FP_TRACE PC: 8000c4d8 | Instr: d9ed47c3 | rs1: ffffffff00800000 | rs2: ffffffffe515d499 | rs3: ffffffff3fc00000 | alu_res: ffffffff3fc00000 | fflags: 00001
FP_TRACE PC: 8000c500 | Instr: 00f2a027 | rs1: ffffffff3fc00000 | rs2: ffffffff3fc00000 | rs3: 0000000000000000 | alu_res: ffffffff40400000 | fflags: 00000
FP_TRACE PC: 8000c53c | Instr: 0001ad07 | rs1: ffffffff00800000 | rs2: 0000000000000000 | rs3: 0000000000000000 | alu_res: ffffffff7fc00000 | fflags: 00000
FP_TRACE PC: 8000c544 | Instr: 0001ac87 | rs1: ffffffff00800000 | rs2: 0000000000000000 | rs3: 0000000000000000 | alu_res: ffffffff7fc00000 | fflags: 00000
FP_TRACE PC: 8000c54c | Instr: 0001a107 | rs1: ffffffff00800000 | rs2: 0000000000000000 | rs3: 0000000000000000 | alu_res: ffffffff7fc00000 | fflags: 00000
FP_TRACE PC: 8000c558 | Instr: 119d0443 | rs1: ffffffff00800000 | rs2: ffffffff4aee6d7d | rs3: ffffffff3fc00000 | alu_res: ffffffff3fc00000 | fflags: 00001
FP_TRACE PC: 8000c580 | Instr: 0082a027 | rs1: ffffffff3fc00000 | rs2: ffffffff3fc00000 | rs3: 0000000000000000 | alu_res: ffffffff40400000 | fflags: 00000
FP_TRACE PC: 8000c5bc | Instr: 0001ab07 | rs1: ffffffff00800000 | rs2: 0000000000000000 | rs3: 0000000000000000 | alu_res: ffffffff7fc00000 | fflags: 00000
FP_TRACE PC: 8000c5c4 | Instr: 0001a087 | rs1: ffffffff00800000 | rs2: 0000000000000000 | rs3: 0000000000000000 | alu_res: ffffffff7fc00000 | fflags: 00000
FP_TRACE PC: 8000c5cc | Instr: 0001a287 | rs1: ffffffff00800000 | rs2: 0000000000000000 | rs3: 0000000000000000 | alu_res: ffffffff7fc00000 | fflags: 00000
FP_TRACE PC: 8000c5d8 | Instr: 281b19c3 | rs1: ffffffff00800000 | rs2: ffffffff9dfc2dea | rs3: ffffffff3fc00000 | alu_res: ffffffff3fbfffff | fflags: 00001
FP_TRACE PC: 8000c600 | Instr: 0132a027 | rs1: ffffffff3fc00000 | rs2: ffffffff3fbfffff | rs3: 0000000000000000 | alu_res: ffffffff40400000 | fflags: 00001
FP_TRACE PC: 8000c63c | Instr: 0001a487 | rs1: ffffffff00800000 | rs2: 0000000000000000 | rs3: 0000000000000000 | alu_res: ffffffff7fc00000 | fflags: 00000
FP_TRACE PC: 8000c644 | Instr: 0001af07 | rs1: ffffffff00800000 | rs2: 0000000000000000 | rs3: 0000000000000000 | alu_res: ffffffff7fc00000 | fflags: 00000
FP_TRACE PC: 8000c64c | Instr: 0001a687 | rs1: ffffffff00800000 | rs2: 0000000000000000 | rs3: 0000000000000000 | alu_res: ffffffff7fc00000 | fflags: 00000
FP_TRACE PC: 8000c658 | Instr: 69e4b2c3 | rs1: ffffffff00800000 | rs2: ffffffffbdc24e6f | rs3: ffffffff3fc00000 | alu_res: ffffffff3fc00000 | fflags: 00001
FP_TRACE PC: 8000c680 | Instr: 0052a027 | rs1: ffffffff3fc00000 | rs2: ffffffff3fc00000 | rs3: 0000000000000000 | alu_res: ffffffff40400000 | fflags: 00000
FP_TRACE PC: 8000c6bc | Instr: 0001a787 | rs1: ffffffff00800000 | rs2: 0000000000000000 | rs3: 0000000000000000 | alu_res: ffffffff7fc00000 | fflags: 00000
FP_TRACE PC: 8000c6c4 | Instr: 0001a107 | rs1: ffffffff00800000 | rs2: 0000000000000000 | rs3: 0000000000000000 | alu_res: ffffffff7fc00000 | fflags: 00000
FP_TRACE PC: 8000c6cc | Instr: 0001a407 | rs1: ffffffff00800000 | rs2: 0000000000000000 | rs3: 0000000000000000 | alu_res: ffffffff7fc00000 | fflags: 00000
FP_TRACE PC: 8000c6dc | Instr: 4027f0c3 | rs1: ffffffff00800000 | rs2: fffffffff7b5443d | rs3: ffffffffbfc00000 | alu_res: ffffffffbfc002d5 | fflags: 00001
FP_TRACE PC: 8000c700 | Instr: 0012a027 | rs1: ffffffff3fc00000 | rs2: ffffffffbfc002d5 | rs3: 0000000000000000 | alu_res: ffffffffb8b54000 | fflags: 00000
FP_TRACE PC: 8000c740 | Instr: 0001aa07 | rs1: ffffffff00800000 | rs2: 0000000000000000 | rs3: 0000000000000000 | alu_res: ffffffff7fc00000 | fflags: 00000
FP_TRACE PC: 8000c748 | Instr: 0001a307 | rs1: ffffffff00800000 | rs2: 0000000000000000 | rs3: 0000000000000000 | alu_res: ffffffff7fc00000 | fflags: 00000
FP_TRACE PC: 8000c750 | Instr: 0001ae87 | rs1: ffffffff00800000 | rs2: 0000000000000000 | rs3: 0000000000000000 | alu_res: ffffffff7fc00000 | fflags: 00000
FP_TRACE PC: 8000c75c | Instr: e86a2143 | rs1: ffffffff00800000 | rs2: ffffffffc203103c | rs3: ffffffffbfc00000 | alu_res: ffffffffbfc00001 | fflags: 00001
FP_TRACE PC: 8000c780 | Instr: 0022a027 | rs1: ffffffff3fc00000 | rs2: ffffffffbfc00001 | rs3: 0000000000000000 | alu_res: ffffffffb4000000 | fflags: 00000
FP_TRACE PC: 8000c7bc | Instr: 0001ab87 | rs1: ffffffff00800000 | rs2: 0000000000000000 | rs3: 0000000000000000 | alu_res: ffffffff7fc00000 | fflags: 00000
FP_TRACE PC: 8000c7c4 | Instr: 0001af87 | rs1: ffffffff00800000 | rs2: 0000000000000000 | rs3: 0000000000000000 | alu_res: ffffffff7fc00000 | fflags: 00000
FP_TRACE PC: 8000c7cc | Instr: 0001ae07 | rs1: ffffffff00800000 | rs2: 0000000000000000 | rs3: 0000000000000000 | alu_res: ffffffff7fc00000 | fflags: 00000
FP_TRACE PC: 8000c7d8 | Instr: e1fbcec3 | rs1: ffffffff00800000 | rs2: ffffffff612200af | rs3: ffffffffbfc00000 | alu_res: ffffffffbfc00000 | fflags: 00001
FP_TRACE PC: 8000c800 | Instr: 01d2a027 | rs1: ffffffff3fc00000 | rs2: ffffffffbfc00000 | rs3: 0000000000000000 | alu_res: ffffffff00000000 | fflags: 00000
FP_TRACE PC: 8000c83c | Instr: 0001a807 | rs1: ffffffff00800000 | rs2: 0000000000000000 | rs3: 0000000000000000 | alu_res: ffffffff7fc00000 | fflags: 00000
FP_TRACE PC: 8000c844 | Instr: 0001af87 | rs1: ffffffff00800000 | rs2: 0000000000000000 | rs3: 0000000000000000 | alu_res: ffffffff7fc00000 | fflags: 00000
FP_TRACE PC: 8000c84c | Instr: 0001af07 | rs1: ffffffff00800000 | rs2: 0000000000000000 | rs3: 0000000000000000 | alu_res: ffffffff7fc00000 | fflags: 00000
FP_TRACE PC: 8000c858 | Instr: f1f80d43 | rs1: ffffffff00800000 | rs2: ffffffff74b138cc | rs3: ffffffffbfc00000 | alu_res: ffffffffbfbffff5 | fflags: 00001
FP_TRACE PC: 8000c880 | Instr: 01a2a027 | rs1: ffffffff3fc00000 | rs2: ffffffffbfbffff5 | rs3: 0000000000000000 | alu_res: ffffffff35b00000 | fflags: 00000
FP_TRACE PC: 8000c8bc | Instr: 0001a407 | rs1: ffffffff00800000 | rs2: 0000000000000000 | rs3: 0000000000000000 | alu_res: ffffffff7fc00000 | fflags: 00000
FP_TRACE PC: 8000c8c4 | Instr: 0001a987 | rs1: ffffffff00800000 | rs2: 0000000000000000 | rs3: 0000000000000000 | alu_res: ffffffff7fc00000 | fflags: 00000
FP_TRACE PC: 8000c8cc | Instr: 0001a807 | rs1: ffffffff00800000 | rs2: 0000000000000000 | rs3: 0000000000000000 | alu_res: ffffffff7fc00000 | fflags: 00000
FP_TRACE PC: 8000c8d8 | Instr: 81341cc3 | rs1: ffffffff00800000 | rs2: ffffffff88bfaa8c | rs3: ffffffffbfc00000 | alu_res: ffffffffbfc00000 | fflags: 00001
FP_TRACE PC: 8000c900 | Instr: 0192a027 | rs1: ffffffff3fc00000 | rs2: ffffffffbfc00000 | rs3: 0000000000000000 | alu_res: ffffffff00000000 | fflags: 00000
FP_TRACE PC: 8000c93c | Instr: 0001a887 | rs1: ffffffff00800000 | rs2: 0000000000000000 | rs3: 0000000000000000 | alu_res: ffffffff7fc00000 | fflags: 00000
FP_TRACE PC: 8000c944 | Instr: 0001a407 | rs1: ffffffff00800000 | rs2: 0000000000000000 | rs3: 0000000000000000 | alu_res: ffffffff7fc00000 | fflags: 00000
FP_TRACE PC: 8000c94c | Instr: 0001a987 | rs1: ffffffff00800000 | rs2: 0000000000000000 | rs3: 0000000000000000 | alu_res: ffffffff7fc00000 | fflags: 00000
FP_TRACE PC: 8000c958 | Instr: 9888bdc3 | rs1: ffffffff00800000 | rs2: ffffffffaba0e762 | rs3: ffffffffbfc00000 | alu_res: ffffffffbfc00000 | fflags: 00001
FP_TRACE PC: 8000c980 | Instr: 01b2a027 | rs1: ffffffff3fc00000 | rs2: ffffffffbfc00000 | rs3: 0000000000000000 | alu_res: ffffffff00000000 | fflags: 00000
FP_TRACE PC: 8000c9bc | Instr: 0001ad07 | rs1: ffffffff00800000 | rs2: 0000000000000000 | rs3: 0000000000000000 | alu_res: ffffffff7fc00000 | fflags: 00000
FP_TRACE PC: 8000c9c4 | Instr: 0001a887 | rs1: ffffffff00800000 | rs2: 0000000000000000 | rs3: 0000000000000000 | alu_res: ffffffff7fc00000 | fflags: 00000
FP_TRACE PC: 8000c9cc | Instr: 0001ac87 | rs1: ffffffff00800000 | rs2: 0000000000000000 | rs3: 0000000000000000 | alu_res: ffffffff7fc00000 | fflags: 00000
FP_TRACE PC: 8000c9dc | Instr: c91d72c3 | rs1: ffffffff00800000 | rs2: ffffffff23c3985a | rs3: ffffffff40000000 | alu_res: ffffffff40000000 | fflags: 00001
FP_TRACE PC: 8000ca00 | Instr: 0052a027 | rs1: ffffffff40000000 | rs2: ffffffff40000000 | rs3: 0000000000000000 | alu_res: ffffffff40800000 | fflags: 00000
FP_TRACE PC: 8000ca40 | Instr: 0001a687 | rs1: ffffffff00800000 | rs2: 0000000000000000 | rs3: 0000000000000000 | alu_res: ffffffff7fc00000 | fflags: 00000
FP_TRACE PC: 8000ca48 | Instr: 0001a787 | rs1: ffffffff00800000 | rs2: 0000000000000000 | rs3: 0000000000000000 | alu_res: ffffffff7fc00000 | fflags: 00000
FP_TRACE PC: 8000ca50 | Instr: 0001aa07 | rs1: ffffffff00800000 | rs2: 0000000000000000 | rs3: 0000000000000000 | alu_res: ffffffff7fc00000 | fflags: 00000
FP_TRACE PC: 8000ca5c | Instr: a0f6af43 | rs1: ffffffff00800000 | rs2: ffffffff5498886d | rs3: ffffffff40000000 | alu_res: ffffffff40000000 | fflags: 00001
FP_TRACE PC: 8000ca80 | Instr: 01e2a027 | rs1: ffffffff40000000 | rs2: ffffffff40000000 | rs3: 0000000000000000 | alu_res: ffffffff40800000 | fflags: 00000
FP_TRACE PC: 8000cabc | Instr: 0001ab87 | rs1: ffffffff00800000 | rs2: 0000000000000000 | rs3: 0000000000000000 | alu_res: ffffffff7fc00000 | fflags: 00000
FP_TRACE PC: 8000cac4 | Instr: 0001ac87 | rs1: ffffffff00800000 | rs2: 0000000000000000 | rs3: 0000000000000000 | alu_res: ffffffff7fc00000 | fflags: 00000
FP_TRACE PC: 8000cacc | Instr: 0001a287 | rs1: ffffffff00800000 | rs2: 0000000000000000 | rs3: 0000000000000000 | alu_res: ffffffff7fc00000 | fflags: 00000
FP_TRACE PC: 8000cad8 | Instr: 299bc8c3 | rs1: ffffffff00800000 | rs2: ffffffffe7545b9c | rs3: ffffffff40000000 | alu_res: ffffffff40000000 | fflags: 00001
FP_TRACE PC: 8000cb00 | Instr: 0112a027 | rs1: ffffffff40000000 | rs2: ffffffff40000000 | rs3: 0000000000000000 | alu_res: ffffffff40800000 | fflags: 00000
FP_TRACE PC: 8000cb3c | Instr: 0001ad87 | rs1: ffffffff00800000 | rs2: 0000000000000000 | rs3: 0000000000000000 | alu_res: ffffffff7fc00000 | fflags: 00000
FP_TRACE PC: 8000cb44 | Instr: 0001a807 | rs1: ffffffff00800000 | rs2: 0000000000000000 | rs3: 0000000000000000 | alu_res: ffffffff7fc00000 | fflags: 00000
FP_TRACE PC: 8000cb4c | Instr: 0001a707 | rs1: ffffffff00800000 | rs2: 0000000000000000 | rs3: 0000000000000000 | alu_res: ffffffff7fc00000 | fflags: 00000
FP_TRACE PC: 8000cb58 | Instr: 710d8943 | rs1: ffffffff00800000 | rs2: fffffffff8e5e29e | rs3: ffffffff40000000 | alu_res: ffffffff3ffff1a2 | fflags: 00001
FP_TRACE PC: 8000cb80 | Instr: 0122a027 | rs1: ffffffff40000000 | rs2: ffffffff3ffff1a2 | rs3: 0000000000000000 | alu_res: ffffffff407ff8d1 | fflags: 00000
FP_TRACE PC: 8000cbbc | Instr: 0001aa87 | rs1: ffffffff00800000 | rs2: 0000000000000000 | rs3: 0000000000000000 | alu_res: ffffffff7fc00000 | fflags: 00000
FP_TRACE PC: 8000cbc4 | Instr: 0001a787 | rs1: ffffffff00800000 | rs2: 0000000000000000 | rs3: 0000000000000000 | alu_res: ffffffff7fc00000 | fflags: 00000
FP_TRACE PC: 8000cbcc | Instr: 0001a287 | rs1: ffffffff00800000 | rs2: 0000000000000000 | rs3: 0000000000000000 | alu_res: ffffffff7fc00000 | fflags: 00000
FP_TRACE PC: 8000cbd8 | Instr: 28fa9643 | rs1: ffffffff00800000 | rs2: ffffffff153bcd79 | rs3: ffffffff40000000 | alu_res: ffffffff40000000 | fflags: 00001
FP_TRACE PC: 8000cc00 | Instr: 00c2a027 | rs1: ffffffff40000000 | rs2: ffffffff40000000 | rs3: 0000000000000000 | alu_res: ffffffff40800000 | fflags: 00000
FP_TRACE PC: 8000cc3c | Instr: 0001a807 | rs1: ffffffff00800000 | rs2: 0000000000000000 | rs3: 0000000000000000 | alu_res: ffffffff7fc00000 | fflags: 00000
FP_TRACE PC: 8000cc44 | Instr: 0001a407 | rs1: ffffffff00800000 | rs2: 0000000000000000 | rs3: 0000000000000000 | alu_res: ffffffff7fc00000 | fflags: 00000
FP_TRACE PC: 8000cc4c | Instr: 0001a507 | rs1: ffffffff00800000 | rs2: 0000000000000000 | rs3: 0000000000000000 | alu_res: ffffffff7fc00000 | fflags: 00000
FP_TRACE PC: 8000cc58 | Instr: 50883b43 | rs1: ffffffff00800000 | rs2: ffffffffa5732dba | rs3: ffffffff40000000 | alu_res: ffffffff40000000 | fflags: 00001
FP_TRACE PC: 8000cc80 | Instr: 0162a027 | rs1: ffffffff40000000 | rs2: ffffffff40000000 | rs3: 0000000000000000 | alu_res: ffffffff40800000 | fflags: 00000
FP_TRACE PC: 8000ccbc | Instr: 0001a987 | rs1: ffffffff00800000 | rs2: 0000000000000000 | rs3: 0000000000000000 | alu_res: ffffffff7fc00000 | fflags: 00000
FP_TRACE PC: 8000ccc4 | Instr: 0001a487 | rs1: ffffffff00800000 | rs2: 0000000000000000 | rs3: 0000000000000000 | alu_res: ffffffff7fc00000 | fflags: 00000
FP_TRACE PC: 8000cccc | Instr: 0001a287 | rs1: ffffffff00800000 | rs2: 0000000000000000 | rs3: 0000000000000000 | alu_res: ffffffff7fc00000 | fflags: 00000
FP_TRACE PC: 8000ccdc | Instr: 2899fec3 | rs1: ffffffff00800000 | rs2: ffffffffb7897f8e | rs3: ffffffffc0000000 | alu_res: ffffffffc0000001 | fflags: 00001
FP_TRACE PC: 8000cd00 | Instr: 01d2a027 | rs1: ffffffffc0000000 | rs2: ffffffffc0000001 | rs3: 0000000000000000 | alu_res: ffffffffc0800000 | fflags: 00001
FP_TRACE PC: 8000cd40 | Instr: 0001aa87 | rs1: ffffffff00800000 | rs2: 0000000000000000 | rs3: 0000000000000000 | alu_res: ffffffff7fc00000 | fflags: 00000
FP_TRACE PC: 8000cd48 | Instr: 0001a607 | rs1: ffffffff00800000 | rs2: 0000000000000000 | rs3: 0000000000000000 | alu_res: ffffffff7fc00000 | fflags: 00000
FP_TRACE PC: 8000cd50 | Instr: 0001ae07 | rs1: ffffffff00800000 | rs2: 0000000000000000 | rs3: 0000000000000000 | alu_res: ffffffff7fc00000 | fflags: 00000
FP_TRACE PC: 8000cd5c | Instr: e0caac43 | rs1: ffffffff00800000 | rs2: ffffffffed7e0c4e | rs3: ffffffffc0000000 | alu_res: ffffffffc0000001 | fflags: 00001
FP_TRACE PC: 8000cd80 | Instr: 0182a027 | rs1: ffffffffc0000000 | rs2: ffffffffc0000001 | rs3: 0000000000000000 | alu_res: ffffffffc0800000 | fflags: 00001
FP_TRACE PC: 8000cdbc | Instr: 0001a487 | rs1: ffffffff00800000 | rs2: 0000000000000000 | rs3: 0000000000000000 | alu_res: ffffffff7fc00000 | fflags: 00000
FP_TRACE PC: 8000cdc4 | Instr: 0001a087 | rs1: ffffffff00800000 | rs2: 0000000000000000 | rs3: 0000000000000000 | alu_res: ffffffff7fc00000 | fflags: 00000
FP_TRACE PC: 8000cdcc | Instr: 0001a587 | rs1: ffffffff00800000 | rs2: 0000000000000000 | rs3: 0000000000000000 | alu_res: ffffffff7fc00000 | fflags: 00000
FP_TRACE PC: 8000cdd8 | Instr: 5814cd43 | rs1: ffffffff00800000 | rs2: ffffffff572c96bd | rs3: ffffffffc0000000 | alu_res: ffffffffc0000000 | fflags: 00001
FP_TRACE PC: 8000ce00 | Instr: 01a2a027 | rs1: ffffffffc0000000 | rs2: ffffffffc0000000 | rs3: 0000000000000000 | alu_res: ffffffffc0800000 | fflags: 00000
FP_TRACE PC: 8000ce3c | Instr: 0001a787 | rs1: ffffffff00800000 | rs2: 0000000000000000 | rs3: 0000000000000000 | alu_res: ffffffff7fc00000 | fflags: 00000
FP_TRACE PC: 8000ce44 | Instr: 0001a887 | rs1: ffffffff00800000 | rs2: 0000000000000000 | rs3: 0000000000000000 | alu_res: ffffffff7fc00000 | fflags: 00000
FP_TRACE PC: 8000ce4c | Instr: 0001ac07 | rs1: ffffffff00800000 | rs2: 0000000000000000 | rs3: 0000000000000000 | alu_res: ffffffff7fc00000 | fflags: 00000
FP_TRACE PC: 8000ce58 | Instr: c1178743 | rs1: ffffffff00800000 | rs2: ffffffff32c11a50 | rs3: ffffffffc0000000 | alu_res: ffffffffc0000000 | fflags: 00001
FP_TRACE PC: 8000ce80 | Instr: 00e2a027 | rs1: ffffffffc0000000 | rs2: ffffffffc0000000 | rs3: 0000000000000000 | alu_res: ffffffffc0800000 | fflags: 00000
FP_TRACE PC: 8000cebc | Instr: 0001a487 | rs1: ffffffff00800000 | rs2: 0000000000000000 | rs3: 0000000000000000 | alu_res: ffffffff7fc00000 | fflags: 00000
FP_TRACE PC: 8000cec4 | Instr: 0001a507 | rs1: ffffffff00800000 | rs2: 0000000000000000 | rs3: 0000000000000000 | alu_res: ffffffff7fc00000 | fflags: 00000
FP_TRACE PC: 8000cecc | Instr: 0001a087 | rs1: ffffffff00800000 | rs2: 0000000000000000 | rs3: 0000000000000000 | alu_res: ffffffff7fc00000 | fflags: 00000
FP_TRACE PC: 8000ced8 | Instr: 08a49443 | rs1: ffffffff00800000 | rs2: ffffffff65dcbef2 | rs3: ffffffffc0000000 | alu_res: ffffffffbfffffff | fflags: 00001
FP_TRACE PC: 8000cf00 | Instr: 0082a027 | rs1: ffffffffc0000000 | rs2: ffffffffbfffffff | rs3: 0000000000000000 | alu_res: ffffffffc0800000 | fflags: 00001
FP_TRACE PC: 8000cf3c | Instr: 0001a887 | rs1: ffffffff00800000 | rs2: 0000000000000000 | rs3: 0000000000000000 | alu_res: ffffffff7fc00000 | fflags: 00000
FP_TRACE PC: 8000cf44 | Instr: 0001a787 | rs1: ffffffff00800000 | rs2: 0000000000000000 | rs3: 0000000000000000 | alu_res: ffffffff7fc00000 | fflags: 00000
FP_TRACE PC: 8000cf4c | Instr: 0001ab87 | rs1: ffffffff00800000 | rs2: 0000000000000000 | rs3: 0000000000000000 | alu_res: ffffffff7fc00000 | fflags: 00000
FP_TRACE PC: 8000cf58 | Instr: b8f8b643 | rs1: ffffffff00800000 | rs2: ffffffff12ca417e | rs3: ffffffffc0000000 | alu_res: ffffffffbfffffff | fflags: 00001
FP_TRACE PC: 8000cf80 | Instr: 00c2a027 | rs1: ffffffffc0000000 | rs2: ffffffffbfffffff | rs3: 0000000000000000 | alu_res: ffffffffc0800000 | fflags: 00001
FP_TRACE PC: 8000cfbc | Instr: 0001ac07 | rs1: ffffffff00800000 | rs2: 0000000000000000 | rs3: 0000000000000000 | alu_res: ffffffff7fc00000 | fflags: 00000
FP_TRACE PC: 8000cfc4 | Instr: 0001af87 | rs1: ffffffff00800000 | rs2: 0000000000000000 | rs3: 0000000000000000 | alu_res: ffffffff7fc00000 | fflags: 00000
FP_TRACE PC: 8000cfcc | Instr: 0001a507 | rs1: ffffffff00800000 | rs2: 0000000000000000 | rs3: 0000000000000000 | alu_res: ffffffff7fc00000 | fflags: 00000
FP_TRACE PC: 8000cfdc | Instr: 51fc79c3 | rs1: ffffffff00800000 | rs2: ffffffff3322c72b | rs3: ffffffff00800000 | alu_res: ffffffff00800000 | fflags: 00001
FP_TRACE PC: 8000d000 | Instr: 0132a027 | rs1: ffffffffc0000000 | rs2: ffffffff00800000 | rs3: 0000000000000000 | alu_res: ffffffffc0000000 | fflags: 00001
FP_TRACE PC: 8000d040 | Instr: 0001a907 | rs1: ffffffff00800000 | rs2: 0000000000000000 | rs3: 0000000000000000 | alu_res: ffffffff7fc00000 | fflags: 00000
FP_TRACE PC: 8000d048 | Instr: 0001ab87 | rs1: ffffffff00800000 | rs2: 0000000000000000 | rs3: 0000000000000000 | alu_res: ffffffff7fc00000 | fflags: 00000
FP_TRACE PC: 8000d050 | Instr: 0001a387 | rs1: ffffffff00800000 | rs2: 0000000000000000 | rs3: 0000000000000000 | alu_res: ffffffff7fc00000 | fflags: 00000
FP_TRACE PC: 8000d05c | Instr: 39792443 | rs1: ffffffff00800000 | rs2: ffffffff10f7d7a3 | rs3: ffffffff00800000 | alu_res: ffffffff00800000 | fflags: 00001
FP_TRACE PC: 8000d080 | Instr: 0082a027 | rs1: ffffffffc0000000 | rs2: ffffffff00800000 | rs3: 0000000000000000 | alu_res: ffffffffc0000000 | fflags: 00001
FP_TRACE PC: 8000d0bc | Instr: 0001ab87 | rs1: ffffffff00800000 | rs2: 0000000000000000 | rs3: 0000000000000000 | alu_res: ffffffff7fc00000 | fflags: 00000
FP_TRACE PC: 8000d0c4 | Instr: 0001a907 | rs1: ffffffff00800000 | rs2: 0000000000000000 | rs3: 0000000000000000 | alu_res: ffffffff7fc00000 | fflags: 00000
FP_TRACE PC: 8000d0cc | Instr: 0001ad87 | rs1: ffffffff00800000 | rs2: 0000000000000000 | rs3: 0000000000000000 | alu_res: ffffffff7fc00000 | fflags: 00000
FP_TRACE PC: 8000d0d8 | Instr: d92bca43 | rs1: ffffffff00800000 | rs2: ffffffffb648fa3f | rs3: ffffffff00800000 | alu_res: ffffffff007fffe7 | fflags: 00011
FP_TRACE PC: 8000d100 | Instr: 0142a027 | rs1: ffffffffc0000000 | rs2: ffffffff007fffe7 | rs3: 0000000000000000 | alu_res: ffffffffc0000000 | fflags: 00001
FP_TRACE PC: 8000d13c | Instr: 0001a987 | rs1: ffffffff00800000 | rs2: 0000000000000000 | rs3: 0000000000000000 | alu_res: ffffffff7fc00000 | fflags: 00000
FP_TRACE PC: 8000d144 | Instr: 0001a307 | rs1: ffffffff00800000 | rs2: 0000000000000000 | rs3: 0000000000000000 | alu_res: ffffffff7fc00000 | fflags: 00000
FP_TRACE PC: 8000d14c | Instr: 0001a787 | rs1: ffffffff00800000 | rs2: 0000000000000000 | rs3: 0000000000000000 | alu_res: ffffffff7fc00000 | fflags: 00000
FP_TRACE PC: 8000d158 | Instr: 78698943 | rs1: ffffffff00800000 | rs2: ffffffffa3a7488e | rs3: ffffffff00800000 | alu_res: ffffffff00800000 | fflags: 00001
FP_TRACE PC: 8000d180 | Instr: 0122a027 | rs1: ffffffffc0000000 | rs2: ffffffff00800000 | rs3: 0000000000000000 | alu_res: ffffffffc0000000 | fflags: 00001
FP_TRACE PC: 8000d1bc | Instr: 0001a187 | rs1: ffffffff00800000 | rs2: 0000000000000000 | rs3: 0000000000000000 | alu_res: ffffffff7fc00000 | fflags: 00000
FP_TRACE PC: 8000d1c4 | Instr: 0001a987 | rs1: ffffffff00800000 | rs2: 0000000000000000 | rs3: 0000000000000000 | alu_res: ffffffff7fc00000 | fflags: 00000
FP_TRACE PC: 8000d1cc | Instr: 0001aa87 | rs1: ffffffff00800000 | rs2: 0000000000000000 | rs3: 0000000000000000 | alu_res: ffffffff7fc00000 | fflags: 00000
FP_TRACE PC: 8000d1d8 | Instr: a9319643 | rs1: ffffffff00800000 | rs2: ffffffffd63d59fe | rs3: ffffffff00800000 | alu_res: ffffffff973d59fd | fflags: 00001
FP_TRACE PC: 8000d200 | Instr: 00c2a027 | rs1: ffffffffc0000000 | rs2: ffffffff973d59fd | rs3: 0000000000000000 | alu_res: ffffffffc0000000 | fflags: 00001
FP_TRACE PC: 8000d23c | Instr: 0001a687 | rs1: ffffffff00800000 | rs2: 0000000000000000 | rs3: 0000000000000000 | alu_res: ffffffff7fc00000 | fflags: 00000
FP_TRACE PC: 8000d244 | Instr: 0001a987 | rs1: ffffffff00800000 | rs2: 0000000000000000 | rs3: 0000000000000000 | alu_res: ffffffff7fc00000 | fflags: 00000
FP_TRACE PC: 8000d24c | Instr: 0001a507 | rs1: ffffffff00800000 | rs2: 0000000000000000 | rs3: 0000000000000000 | alu_res: ffffffff7fc00000 | fflags: 00000
FP_TRACE PC: 8000d258 | Instr: 5136b643 | rs1: ffffffff00800000 | rs2: ffffffff5c744be1 | rs3: ffffffff00800000 | alu_res: ffffffff1d744be2 | fflags: 00001
FP_TRACE PC: 8000d280 | Instr: 00c2a027 | rs1: ffffffffc0000000 | rs2: ffffffff1d744be2 | rs3: 0000000000000000 | alu_res: ffffffffc0000000 | fflags: 00001
FP_TRACE PC: 8000d2bc | Instr: 0001a087 | rs1: ffffffff00800000 | rs2: 0000000000000000 | rs3: 0000000000000000 | alu_res: ffffffff7fc00000 | fflags: 00000
FP_TRACE PC: 8000d2c4 | Instr: 0001ad07 | rs1: ffffffff00800000 | rs2: 0000000000000000 | rs3: 0000000000000000 | alu_res: ffffffff7fc00000 | fflags: 00000
FP_TRACE PC: 8000d2cc | Instr: 0001af87 | rs1: ffffffff00800000 | rs2: 0000000000000000 | rs3: 0000000000000000 | alu_res: ffffffff7fc00000 | fflags: 00000
FP_TRACE PC: 8000d2dc | Instr: f9a0fdc3 | rs1: ffffffff00800000 | rs2: ffffffffffb3577e | rs3: ffffffff80800000 | alu_res: ffffffff7fc00000 | fflags: 10000
FP_TRACE PC: 8000d300 | Instr: 01b2a027 | rs1: ffffffffc0000000 | rs2: ffffffff7fc00000 | rs3: 0000000000000000 | alu_res: ffffffff7fc00000 | fflags: 00000
FP_TRACE PC: 8000d340 | Instr: 0001ac87 | rs1: ffffffff00800000 | rs2: 0000000000000000 | rs3: 0000000000000000 | alu_res: ffffffff7fc00000 | fflags: 00000
FP_TRACE PC: 8000d348 | Instr: 0001ab07 | rs1: ffffffff00800000 | rs2: 0000000000000000 | rs3: 0000000000000000 | alu_res: ffffffff7fc00000 | fflags: 00000
FP_TRACE PC: 8000d350 | Instr: 0001a787 | rs1: ffffffff00800000 | rs2: 0000000000000000 | rs3: 0000000000000000 | alu_res: ffffffff7fc00000 | fflags: 00000
FP_TRACE PC: 8000d35c | Instr: 796ca543 | rs1: ffffffff00800000 | rs2: ffffffff1298501c | rs3: ffffffff80800000 | alu_res: ffffffff80800000 | fflags: 00001
FP_TRACE PC: 8000d380 | Instr: 00a2a027 | rs1: ffffffffc0000000 | rs2: ffffffff80800000 | rs3: 0000000000000000 | alu_res: ffffffffc0000000 | fflags: 00001
FP_TRACE PC: 8000d3bc | Instr: 0001a507 | rs1: ffffffff00800000 | rs2: 0000000000000000 | rs3: 0000000000000000 | alu_res: ffffffff7fc00000 | fflags: 00000
FP_TRACE PC: 8000d3c4 | Instr: 0001a587 | rs1: ffffffff00800000 | rs2: 0000000000000000 | rs3: 0000000000000000 | alu_res: ffffffff7fc00000 | fflags: 00000
FP_TRACE PC: 8000d3cc | Instr: 0001a187 | rs1: ffffffff00800000 | rs2: 0000000000000000 | rs3: 0000000000000000 | alu_res: ffffffff7fc00000 | fflags: 00000
FP_TRACE PC: 8000d3d8 | Instr: 18b54943 | rs1: ffffffff00800000 | rs2: ffffffff6be84d81 | rs3: ffffffff80800000 | alu_res: ffffffff2ce84d81 | fflags: 00001
FP_TRACE PC: 8000d400 | Instr: 0122a027 | rs1: ffffffffc0000000 | rs2: ffffffff2ce84d81 | rs3: 0000000000000000 | alu_res: ffffffffc0000000 | fflags: 00001
FP_TRACE PC: 8000d43c | Instr: 0001aa07 | rs1: ffffffff80800000 | rs2: 0000000000000000 | rs3: 0000000000000000 | alu_res: ffffffff7fc00000 | fflags: 00000
FP_TRACE PC: 8000d444 | Instr: 0001a707 | rs1: ffffffff80800000 | rs2: 0000000000000000 | rs3: 0000000000000000 | alu_res: ffffffff7fc00000 | fflags: 00000
FP_TRACE PC: 8000d44c | Instr: 0001af87 | rs1: ffffffff80800000 | rs2: 0000000000000000 | rs3: 0000000000000000 | alu_res: ffffffff7fc00000 | fflags: 00000
FP_TRACE PC: 8000d458 | Instr: f8ea0643 | rs1: ffffffff00800000 | rs2: ffffffff2e22f7b6 | rs3: ffffffff80800000 | alu_res: ffffffff80800000 | fflags: 00001
FP_TRACE PC: 8000d480 | Instr: 00c2a027 | rs1: ffffffffc0000000 | rs2: ffffffff80800000 | rs3: 0000000000000000 | alu_res: ffffffffc0000000 | fflags: 00001
FP_TRACE PC: 8000d4bc | Instr: 0001a307 | rs1: ffffffff80800000 | rs2: 0000000000000000 | rs3: 0000000000000000 | alu_res: ffffffff7fc00000 | fflags: 00000
FP_TRACE PC: 8000d4c4 | Instr: 0001a507 | rs1: ffffffff80800000 | rs2: 0000000000000000 | rs3: 0000000000000000 | alu_res: ffffffff7fc00000 | fflags: 00000
FP_TRACE PC: 8000d4cc | Instr: 0001a587 | rs1: ffffffff80800000 | rs2: 0000000000000000 | rs3: 0000000000000000 | alu_res: ffffffff7fc00000 | fflags: 00000
FP_TRACE PC: 8000d4d8 | Instr: 58a31d43 | rs1: ffffffff00800000 | rs2: ffffffff3fccd170 | rs3: ffffffff80800000 | alu_res: ffffffff004cd170 | fflags: 00000
FP_TRACE PC: 8000d500 | Instr: 01a2a027 | rs1: ffffffffc0000000 | rs2: ffffffff004cd170 | rs3: 0000000000000000 | alu_res: ffffffffc0000000 | fflags: 00001
FP_TRACE PC: 8000d53c | Instr: 0001a807 | rs1: ffffffff80800000 | rs2: 0000000000000000 | rs3: 0000000000000000 | alu_res: ffffffff7fc00000 | fflags: 00000
FP_TRACE PC: 8000d544 | Instr: 0001ab07 | rs1: ffffffff80800000 | rs2: 0000000000000000 | rs3: 0000000000000000 | alu_res: ffffffff7fc00000 | fflags: 00000
FP_TRACE PC: 8000d54c | Instr: 0001a787 | rs1: ffffffff80800000 | rs2: 0000000000000000 | rs3: 0000000000000000 | alu_res: ffffffff7fc00000 | fflags: 00000
FP_TRACE PC: 8000d558 | Instr: 79683343 | rs1: ffffffff00800000 | rs2: ffffffff09a7f05c | rs3: ffffffff80800000 | alu_res: ffffffff807fffff | fflags: 00011
FP_TRACE PC: 8000d580 | Instr: 0062a027 | rs1: ffffffffc0000000 | rs2: ffffffff807fffff | rs3: 0000000000000000 | alu_res: ffffffffc0000000 | fflags: 00001
FP_TRACE PC: 8000d5bc | Instr: 0001aa87 | rs1: ffffffff80800000 | rs2: 0000000000000000 | rs3: 0000000000000000 | alu_res: ffffffff7fc00000 | fflags: 00000
FP_TRACE PC: 8000d5c4 | Instr: 0001a787 | rs1: ffffffff80800000 | rs2: 0000000000000000 | rs3: 0000000000000000 | alu_res: ffffffff7fc00000 | fflags: 00000
FP_TRACE PC: 8000d5cc | Instr: 0001ab07 | rs1: ffffffff80800000 | rs2: 0000000000000000 | rs3: 0000000000000000 | alu_res: ffffffff7fc00000 | fflags: 00000
FP_TRACE PC: 8000d5dc | Instr: b0fafc43 | rs1: ffffffff00800000 | rs2: ffffffff0c344d3a | rs3: ffffffff7f7fffff | alu_res: ffffffff7f7fffff | fflags: 00001
FP_TRACE PC: 8000d600 | Instr: 0182a027 | rs1: ffffffffc0000000 | rs2: ffffffff7f7fffff | rs3: 0000000000000000 | alu_res: ffffffff7f7fffff | fflags: 00001
FP_TRACE PC: 8000d640 | Instr: 0001a287 | rs1: ffffffff80800000 | rs2: 0000000000000000 | rs3: 0000000000000000 | alu_res: ffffffff7fc00000 | fflags: 00000
FP_TRACE PC: 8000d648 | Instr: 0001ad07 | rs1: ffffffff80800000 | rs2: 0000000000000000 | rs3: 0000000000000000 | alu_res: ffffffff7fc00000 | fflags: 00000
FP_TRACE PC: 8000d650 | Instr: 0001ab07 | rs1: ffffffff80800000 | rs2: 0000000000000000 | rs3: 0000000000000000 | alu_res: ffffffff7fc00000 | fflags: 00000
FP_TRACE PC: 8000d65c | Instr: b1a2a543 | rs1: ffffffff00800000 | rs2: ffffffff667dce00 | rs3: ffffffff7f7fffff | alu_res: ffffffff7f7fffff | fflags: 00001
FP_TRACE PC: 8000d680 | Instr: 00a2a027 | rs1: ffffffff00800000 | rs2: ffffffff7f7fffff | rs3: 0000000000000000 | alu_res: ffffffff7f7fffff | fflags: 00001
FP_TRACE PC: 8000d6bc | Instr: 0001ae07 | rs1: ffffffff80800000 | rs2: 0000000000000000 | rs3: 0000000000000000 | alu_res: ffffffff7fc00000 | fflags: 00000
FP_TRACE PC: 8000d6c4 | Instr: 0001af87 | rs1: ffffffff80800000 | rs2: 0000000000000000 | rs3: 0000000000000000 | alu_res: ffffffff7fc00000 | fflags: 00000
FP_TRACE PC: 8000d6cc | Instr: 0001a907 | rs1: ffffffff80800000 | rs2: 0000000000000000 | rs3: 0000000000000000 | alu_res: ffffffff7fc00000 | fflags: 00000
FP_TRACE PC: 8000d6d8 | Instr: 91fe4ec3 | rs1: ffffffff00800000 | rs2: ffffffff701ab64c | rs3: ffffffff7f7fffff | alu_res: ffffffff7f7fffff | fflags: 00001
FP_TRACE PC: 8000d700 | Instr: 01d2a027 | rs1: ffffffff00800000 | rs2: ffffffff7f7fffff | rs3: 0000000000000000 | alu_res: ffffffff7f7fffff | fflags: 00001
FP_TRACE PC: 8000d73c | Instr: 0001af87 | rs1: ffffffff80800000 | rs2: 0000000000000000 | rs3: 0000000000000000 | alu_res: ffffffff7fc00000 | fflags: 00000
FP_TRACE PC: 8000d744 | Instr: 0001a107 | rs1: ffffffff80800000 | rs2: 0000000000000000 | rs3: 0000000000000000 | alu_res: ffffffff7fc00000 | fflags: 00000
FP_TRACE PC: 8000d74c | Instr: 0001a887 | rs1: ffffffff80800000 | rs2: 0000000000000000 | rs3: 0000000000000000 | alu_res: ffffffff7fc00000 | fflags: 00000
FP_TRACE PC: 8000d758 | Instr: 882f83c3 | rs1: ffffffff00800000 | rs2: ffffffff76fd7fc5 | rs3: ffffffff7f7fffff | alu_res: ffffffff7f7fffff | fflags: 00001
FP_TRACE PC: 8000d780 | Instr: 0072a027 | rs1: ffffffff00800000 | rs2: ffffffff7f7fffff | rs3: 0000000000000000 | alu_res: ffffffff7f7fffff | fflags: 00001
FP_TRACE PC: 8000d7bc | Instr: 0001a907 | rs1: ffffffff80800000 | rs2: 0000000000000000 | rs3: 0000000000000000 | alu_res: ffffffff7fc00000 | fflags: 00000
FP_TRACE PC: 8000d7c4 | Instr: 0001a087 | rs1: ffffffff80800000 | rs2: 0000000000000000 | rs3: 0000000000000000 | alu_res: ffffffff7fc00000 | fflags: 00000
FP_TRACE PC: 8000d7cc | Instr: 0001a407 | rs1: ffffffff80800000 | rs2: 0000000000000000 | rs3: 0000000000000000 | alu_res: ffffffff7fc00000 | fflags: 00000
FP_TRACE PC: 8000d7d8 | Instr: 40191cc3 | rs1: ffffffff00800000 | rs2: ffffffff514ab62a | rs3: ffffffff7f7fffff | alu_res: ffffffff7f7fffff | fflags: 00001
FP_TRACE PC: 8000d800 | Instr: 0192a027 | rs1: ffffffff00800000 | rs2: ffffffff7f7fffff | rs3: 0000000000000000 | alu_res: ffffffff7f7fffff | fflags: 00001
FP_TRACE PC: 8000d83c | Instr: 0001a487 | rs1: ffffffff80800000 | rs2: 0000000000000000 | rs3: 0000000000000000 | alu_res: ffffffff7fc00000 | fflags: 00000
FP_TRACE PC: 8000d844 | Instr: 0001a687 | rs1: ffffffff80800000 | rs2: 0000000000000000 | rs3: 0000000000000000 | alu_res: ffffffff7fc00000 | fflags: 00000
FP_TRACE PC: 8000d84c | Instr: 0001ac87 | rs1: ffffffff80800000 | rs2: 0000000000000000 | rs3: 0000000000000000 | alu_res: ffffffff7fc00000 | fflags: 00000
FP_TRACE PC: 8000d858 | Instr: c8d4b343 | rs1: ffffffff00800000 | rs2: ffffffff5522e271 | rs3: ffffffff7f7fffff | alu_res: ffffffff7f800000 | fflags: 00101
FP_TRACE PC: 8000d880 | Instr: 0062a027 | rs1: ffffffff00800000 | rs2: ffffffff7f800000 | rs3: 0000000000000000 | alu_res: ffffffff7f800000 | fflags: 00000
FP_TRACE PC: 8000d8bc | Instr: 0001ab07 | rs1: ffffffff80800000 | rs2: 0000000000000000 | rs3: 0000000000000000 | alu_res: ffffffff7fc00000 | fflags: 00000
FP_TRACE PC: 8000d8c4 | Instr: 0001af07 | rs1: ffffffff80800000 | rs2: 0000000000000000 | rs3: 0000000000000000 | alu_res: ffffffff7fc00000 | fflags: 00000
FP_TRACE PC: 8000d8cc | Instr: 0001a487 | rs1: ffffffff80800000 | rs2: 0000000000000000 | rs3: 0000000000000000 | alu_res: ffffffff7fc00000 | fflags: 00000
FP_TRACE PC: 8000d8dc | Instr: 49eb7c43 | rs1: ffffffff00800000 | rs2: fffffffffa7a850d | rs3: ffffffffff7fffff | alu_res: ffffffffff7fffff | fflags: 00001
FP_TRACE PC: 8000d900 | Instr: 0182a027 | rs1: ffffffff00800000 | rs2: ffffffffff7fffff | rs3: 0000000000000000 | alu_res: ffffffffff7fffff | fflags: 00001
FP_TRACE PC: 8000d940 | Instr: 0001a487 | rs1: ffffffff80800000 | rs2: 0000000000000000 | rs3: 0000000000000000 | alu_res: ffffffff7fc00000 | fflags: 00000
FP_TRACE PC: 8000d948 | Instr: 0001a687 | rs1: ffffffff80800000 | rs2: 0000000000000000 | rs3: 0000000000000000 | alu_res: ffffffff7fc00000 | fflags: 00000
FP_TRACE PC: 8000d950 | Instr: 0001a887 | rs1: ffffffff80800000 | rs2: 0000000000000000 | rs3: 0000000000000000 | alu_res: ffffffff7fc00000 | fflags: 00000
FP_TRACE PC: 8000d95c | Instr: 88d4a843 | rs1: ffffffff00800000 | rs2: ffffffff02ca0571 | rs3: ffffffffff7fffff | alu_res: ffffffffff7fffff | fflags: 00001
FP_TRACE PC: 8000d980 | Instr: 0102a027 | rs1: ffffffff00800000 | rs2: ffffffffff7fffff | rs3: 0000000000000000 | alu_res: ffffffffff7fffff | fflags: 00001
FP_TRACE PC: 8000d9bc | Instr: 0001a387 | rs1: ffffffff80800000 | rs2: 0000000000000000 | rs3: 0000000000000000 | alu_res: ffffffff7fc00000 | fflags: 00000
FP_TRACE PC: 8000d9c4 | Instr: 0001ad07 | rs1: ffffffff80800000 | rs2: 0000000000000000 | rs3: 0000000000000000 | alu_res: ffffffff7fc00000 | fflags: 00000
FP_TRACE PC: 8000d9cc | Instr: 0001af87 | rs1: ffffffff80800000 | rs2: 0000000000000000 | rs3: 0000000000000000 | alu_res: ffffffff7fc00000 | fflags: 00000
FP_TRACE PC: 8000d9d8 | Instr: f9a3ce43 | rs1: ffffffff00800000 | rs2: fffffffff78ec574 | rs3: ffffffffff7fffff | alu_res: ffffffffff7fffff | fflags: 00001
FP_TRACE PC: 8000da00 | Instr: 01c2a027 | rs1: ffffffff00800000 | rs2: ffffffffff7fffff | rs3: 0000000000000000 | alu_res: ffffffffff7fffff | fflags: 00001
FP_TRACE PC: 8000da3c | Instr: 0001a987 | rs1: ffffffff80800000 | rs2: 0000000000000000 | rs3: 0000000000000000 | alu_res: ffffffff7fc00000 | fflags: 00000
FP_TRACE PC: 8000da44 | Instr: 0001a407 | rs1: ffffffff80800000 | rs2: 0000000000000000 | rs3: 0000000000000000 | alu_res: ffffffff7fc00000 | fflags: 00000
FP_TRACE PC: 8000da4c | Instr: 0001a187 | rs1: ffffffff80800000 | rs2: 0000000000000000 | rs3: 0000000000000000 | alu_res: ffffffff7fc00000 | fflags: 00000
FP_TRACE PC: 8000da58 | Instr: 18898d43 | rs1: ffffffff00800000 | rs2: ffffffff810fb8c0 | rs3: ffffffffff7fffff | alu_res: ffffffffff7fffff | fflags: 00001
FP_TRACE PC: 8000da80 | Instr: 01a2a027 | rs1: ffffffff00800000 | rs2: ffffffffff7fffff | rs3: 0000000000000000 | alu_res: ffffffffff7fffff | fflags: 00001
FP_TRACE PC: 8000dabc | Instr: 0001a087 | rs1: ffffffffff7fffff | rs2: 0000000000000000 | rs3: 0000000000000000 | alu_res: ffffffff7fc00000 | fflags: 00000
FP_TRACE PC: 8000dac4 | Instr: 0001a107 | rs1: ffffffffff7fffff | rs2: 0000000000000000 | rs3: 0000000000000000 | alu_res: ffffffff7fc00000 | fflags: 00000
FP_TRACE PC: 8000dacc | Instr: 0001ad07 | rs1: ffffffffff7fffff | rs2: 0000000000000000 | rs3: 0000000000000000 | alu_res: ffffffff7fc00000 | fflags: 00000
FP_TRACE PC: 8000dad8 | Instr: d0209ec3 | rs1: ffffffff00800000 | rs2: ffffffffca624d3c | rs3: ffffffffff7fffff | alu_res: ffffffffff7fffff | fflags: 00001
FP_TRACE PC: 8000db00 | Instr: 01d2a027 | rs1: ffffffff00800000 | rs2: ffffffffff7fffff | rs3: 0000000000000000 | alu_res: ffffffffff7fffff | fflags: 00001
FP_TRACE PC: 8000db3c | Instr: 0001ae07 | rs1: ffffffffff7fffff | rs2: 0000000000000000 | rs3: 0000000000000000 | alu_res: ffffffff7fc00000 | fflags: 00000
FP_TRACE PC: 8000db44 | Instr: 0001a687 | rs1: ffffffffff7fffff | rs2: 0000000000000000 | rs3: 0000000000000000 | alu_res: ffffffff7fc00000 | fflags: 00000
FP_TRACE PC: 8000db4c | Instr: 0001af07 | rs1: ffffffffff7fffff | rs2: 0000000000000000 | rs3: 0000000000000000 | alu_res: ffffffff7fc00000 | fflags: 00000
FP_TRACE PC: 8000db58 | Instr: f0de3bc3 | rs1: ffffffff00800000 | rs2: ffffffffd103038d | rs3: ffffffffff7fffff | alu_res: ffffffffff7fffff | fflags: 00001
FP_TRACE PC: 8000db80 | Instr: 0172a027 | rs1: ffffffff00800000 | rs2: ffffffffff7fffff | rs3: 0000000000000000 | alu_res: ffffffffff7fffff | fflags: 00001
FP_TRACE PC: 8000dbbc | Instr: 0001ad87 | rs1: ffffffffff7fffff | rs2: 0000000000000000 | rs3: 0000000000000000 | alu_res: ffffffff7fc00000 | fflags: 00000
FP_TRACE PC: 8000dbc4 | Instr: 0001ad07 | rs1: ffffffffff7fffff | rs2: 0000000000000000 | rs3: 0000000000000000 | alu_res: ffffffff7fc00000 | fflags: 00000
FP_TRACE PC: 8000dbcc | Instr: 0001ab87 | rs1: ffffffffff7fffff | rs2: 0000000000000000 | rs3: 0000000000000000 | alu_res: ffffffff7fc00000 | fflags: 00000
FP_TRACE PC: 8000dbdc | Instr: b9adfb43 | rs1: ffffffff00800000 | rs2: ffffffff8e62550e | rs3: ffffffff007fffff | alu_res: ffffffff007fffff | fflags: 00011
FP_TRACE PC: 8000dc00 | Instr: 0162a027 | rs1: ffffffff00800000 | rs2: ffffffff007fffff | rs3: 0000000000000000 | alu_res: ffffffff00ffffff | fflags: 00000
FP_TRACE PC: 8000dc40 | Instr: 0001a087 | rs1: ffffffffff7fffff | rs2: 0000000000000000 | rs3: 0000000000000000 | alu_res: ffffffff7fc00000 | fflags: 00000
FP_TRACE PC: 8000dc48 | Instr: 0001a687 | rs1: ffffffffff7fffff | rs2: 0000000000000000 | rs3: 0000000000000000 | alu_res: ffffffff7fc00000 | fflags: 00000
FP_TRACE PC: 8000dc50 | Instr: 0001a187 | rs1: ffffffffff7fffff | rs2: 0000000000000000 | rs3: 0000000000000000 | alu_res: ffffffff7fc00000 | fflags: 00000
FP_TRACE PC: 8000dc5c | Instr: 18d0ae43 | rs1: ffffffff00800000 | rs2: ffffffff3bcbe633 | rs3: ffffffff007fffff | alu_res: ffffffff0080cbe5 | fflags: 00001
FP_TRACE PC: 8000dc80 | Instr: 01c2a027 | rs1: ffffffff00800000 | rs2: ffffffff0080cbe5 | rs3: 0000000000000000 | alu_res: ffffffff010065f2 | fflags: 00001
FP_TRACE PC: 8000dcbc | Instr: 0001ad87 | rs1: ffffffff007fffff | rs2: 0000000000000000 | rs3: 0000000000000000 | alu_res: ffffffff7fc00000 | fflags: 00000
FP_TRACE PC: 8000dcc4 | Instr: 0001a587 | rs1: ffffffff007fffff | rs2: 0000000000000000 | rs3: 0000000000000000 | alu_res: ffffffff7fc00000 | fflags: 00000
FP_TRACE PC: 8000dccc | Instr: 0001ae87 | rs1: ffffffff007fffff | rs2: 0000000000000000 | rs3: 0000000000000000 | alu_res: ffffffff7fc00000 | fflags: 00000
FP_TRACE PC: 8000dcd8 | Instr: e8bdc3c3 | rs1: ffffffff00800000 | rs2: ffffffff52f17927 | rs3: ffffffff007fffff | alu_res: ffffffff13f17927 | fflags: 00001
FP_TRACE PC: 8000dd00 | Instr: 0072a027 | rs1: ffffffff00800000 | rs2: ffffffff13f17927 | rs3: 0000000000000000 | alu_res: ffffffff13f17927 | fflags: 00001
FP_TRACE PC: 8000dd3c | Instr: 0001a287 | rs1: ffffffff007fffff | rs2: 0000000000000000 | rs3: 0000000000000000 | alu_res: ffffffff7fc00000 | fflags: 00000
FP_TRACE PC: 8000dd44 | Instr: 0001ad07 | rs1: ffffffff007fffff | rs2: 0000000000000000 | rs3: 0000000000000000 | alu_res: ffffffff7fc00000 | fflags: 00000
FP_TRACE PC: 8000dd4c | Instr: 0001af87 | rs1: ffffffff007fffff | rs2: 0000000000000000 | rs3: 0000000000000000 | alu_res: ffffffff7fc00000 | fflags: 00000
FP_TRACE PC: 8000dd58 | Instr: f9a285c3 | rs1: ffffffff00800000 | rs2: ffffffffe9f98488 | rs3: ffffffff007fffff | alu_res: ffffffffaaf98488 | fflags: 00001
FP_TRACE PC: 8000dd80 | Instr: 00b2a027 | rs1: ffffffff00800000 | rs2: ffffffffaaf98488 | rs3: 0000000000000000 | alu_res: ffffffffaaf98488 | fflags: 00001
FP_TRACE PC: 8000ddbc | Instr: 0001a107 | rs1: ffffffff007fffff | rs2: 0000000000000000 | rs3: 0000000000000000 | alu_res: ffffffff7fc00000 | fflags: 00000
FP_TRACE PC: 8000ddc4 | Instr: 0001a807 | rs1: ffffffff007fffff | rs2: 0000000000000000 | rs3: 0000000000000000 | alu_res: ffffffff7fc00000 | fflags: 00000
FP_TRACE PC: 8000ddcc | Instr: 0001ad07 | rs1: ffffffff007fffff | rs2: 0000000000000000 | rs3: 0000000000000000 | alu_res: ffffffff7fc00000 | fflags: 00000
FP_TRACE PC: 8000ddd8 | Instr: d10115c3 | rs1: ffffffff00800000 | rs2: ffffffff9feb1f31 | rs3: ffffffff007fffff | alu_res: ffffffff007ffffe | fflags: 00011
FP_TRACE PC: 8000de00 | Instr: 00b2a027 | rs1: ffffffff00800000 | rs2: ffffffff007ffffe | rs3: 0000000000000000 | alu_res: ffffffff00fffffe | fflags: 00000
FP_TRACE PC: 8000de3c | Instr: 0001aa87 | rs1: ffffffff007fffff | rs2: 0000000000000000 | rs3: 0000000000000000 | alu_res: ffffffff7fc00000 | fflags: 00000
FP_TRACE PC: 8000de44 | Instr: 0001ac07 | rs1: ffffffff007fffff | rs2: 0000000000000000 | rs3: 0000000000000000 | alu_res: ffffffff7fc00000 | fflags: 00000
FP_TRACE PC: 8000de4c | Instr: 0001a907 | rs1: ffffffff007fffff | rs2: 0000000000000000 | rs3: 0000000000000000 | alu_res: ffffffff7fc00000 | fflags: 00000
FP_TRACE PC: 8000de58 | Instr: 918ab1c3 | rs1: ffffffff00800000 | rs2: ffffffff0a1f0529 | rs3: ffffffff007fffff | alu_res: ffffffff00800000 | fflags: 00001
FP_TRACE PC: 8000de80 | Instr: 0032a027 | rs1: ffffffff00800000 | rs2: ffffffff00800000 | rs3: 0000000000000000 | alu_res: ffffffff01000000 | fflags: 00000
TEST FAILED with code 3
$finish called from file "../tb/top/tb_arch_test.sv", line 48.
$finish at simulation time            124315000
           V C S   S i m u l a t i o n   R e p o r t 
Time: 124315000 ps
CPU Time:      0.730 seconds;       Data structure size:   0.0Mb
Thu May 21 19:04:39 2026
--- TRACE START ---
PC: 80000000 | Instr: 00020097 | rs1_d: 00000000 | rs2_d: 00000000 | alu_res: 80020000 | mem_w: 0 | reg_w: 1 | csr_w: 0 | csr_op: 00 | csr_addr: 000 | csr_wdata: 00000000 | mscratch: 00000000
PC: 80000004 | Instr: ec008093 | rs1_d: 80020000 | rs2_d: 00000000 | alu_res: 8001fec0 | mem_w: 0 | reg_w: 1 | csr_w: 0 | csr_op: 00 | csr_addr: ec0 | csr_wdata: 80020000 | mscratch: 00000000
PC: 80000008 | Instr: 00000013 | rs1_d: 00000000 | rs2_d: 00000000 | alu_res: 00000000 | mem_w: 0 | reg_w: 1 | csr_w: 0 | csr_op: 00 | csr_addr: 000 | csr_wdata: 00000000 | mscratch: 00000000
PC: 8000000c | Instr: 00000013 | rs1_d: 00000000 | rs2_d: 00000000 | alu_res: 00000000 | mem_w: 0 | reg_w: 1 | csr_w: 0 | csr_op: 00 | csr_addr: 000 | csr_wdata: 00000000 | mscratch: 00000000
PC: 80000010 | Instr: 00000013 | rs1_d: 00000000 | rs2_d: 00000000 | alu_res: 00000000 | mem_w: 0 | reg_w: 1 | csr_w: 0 | csr_op: 00 | csr_addr: 000 | csr_wdata: 00000000 | mscratch: 00000000
PC: 80000014 | Instr: 00000013 | rs1_d: 00000000 | rs2_d: 00000000 | alu_res: 00000000 | mem_w: 0 | reg_w: 1 | csr_w: 0 | csr_op: 00 | csr_addr: 000 | csr_wdata: 00000000 | mscratch: 00000000
PC: 80000018 | Instr: 00000013 | rs1_d: 00000000 | rs2_d: 00000000 | alu_res: 00000000 | mem_w: 0 | reg_w: 1 | csr_w: 0 | csr_op: 00 | csr_addr: 000 | csr_wdata: 00000000 | mscratch: 00000000
PC: 8000001c | Instr: 00000013 | rs1_d: 00000000 | rs2_d: 00000000 | alu_res: 00000000 | mem_w: 0 | reg_w: 1 | csr_w: 0 | csr_op: 00 | csr_addr: 000 | csr_wdata: 00000000 | mscratch: 00000000
PC: 80000020 | Instr: 000080e7 | rs1_d: 8001fec0 | rs2_d: 00000000 | alu_res: 8001fec0 | mem_w: 0 | reg_w: 1 | csr_w: 0 | csr_op: 00 | csr_addr: 000 | csr_wdata: 8001fec0 | mscratch: 00000000
PC: 8001fec0 | Instr: 0004f117 | rs1_d: 00000000 | rs2_d: 00000000 | alu_res: 8006eec0 | mem_w: 0 | reg_w: 1 | csr_w: 0 | csr_op: 00 | csr_addr: 000 | csr_wdata: 00000000 | mscratch: 00000000
PC: 8001fec4 | Instr: 34810113 | rs1_d: 8006eec0 | rs2_d: 00000000 | alu_res: 8006f208 | mem_w: 0 | reg_w: 1 | csr_w: 0 | csr_op: 00 | csr_addr: 348 | csr_wdata: 8006eec0 | mscratch: 00000000
PC: 8001fec8 | Instr: 000012b7 | rs1_d: 00000000 | rs2_d: 00000000 | alu_res: 00001000 | mem_w: 0 | reg_w: 1 | csr_w: 0 | csr_op: 00 | csr_addr: 000 | csr_wdata: 00000000 | mscratch: 00000000
PC: 8001fecc | Instr: 00510133 | rs1_d: 8006f208 | rs2_d: 00001000 | alu_res: 80070208 | mem_w: 0 | reg_w: 1 | csr_w: 0 | csr_op: 00 | csr_addr: 005 | csr_wdata: 8006f208 | mscratch: 00000000
PC: 8001fed0 | Instr: 00020197 | rs1_d: 00000000 | rs2_d: 00000000 | alu_res: 8003fed0 | mem_w: 0 | reg_w: 1 | csr_w: 0 | csr_op: 00 | csr_addr: 000 | csr_wdata: 00000000 | mscratch: 00000000
PC: 8001fed4 | Instr: 13018193 | rs1_d: 8003fed0 | rs2_d: 00000000 | alu_res: 80040000 | mem_w: 0 | reg_w: 1 | csr_w: 0 | csr_op: 00 | csr_addr: 130 | csr_wdata: 8003fed0 | mscratch: 00000000
PC: 8001fed8 | Instr: 000062b7 | rs1_d: 00000000 | rs2_d: 00000000 | alu_res: 00006000 | mem_w: 0 | reg_w: 1 | csr_w: 0 | csr_op: 00 | csr_addr: 000 | csr_wdata: 00000000 | mscratch: 00000000
PC: 8001fedc | Instr: 3002a073 | rs1_d: 00006000 | rs2_d: 00000000 | alu_res: 00006000 | mem_w: 0 | reg_w: 1 | csr_w: 1 | csr_op: 10 | csr_addr: 300 | csr_wdata: 00006000 | mscratch: 00000000
PC: 8001fee0 | Instr: 000062b7 | rs1_d: 00000000 | rs2_d: 00000000 | alu_res: 00006000 | mem_w: 0 | reg_w: 1 | csr_w: 0 | csr_op: 00 | csr_addr: 000 | csr_wdata: 00000000 | mscratch: 00000000
PC: 8001fee4 | Instr: 3002a073 | rs1_d: 00006000 | rs2_d: 00000000 | alu_res: 00006000 | mem_w: 0 | reg_w: 1 | csr_w: 1 | csr_op: 10 | csr_addr: 300 | csr_wdata: 00006000 | mscratch: 00000000
PC: 8001fee8 | Instr: 00301073 | rs1_d: 00000000 | rs2_d: 80040000 | alu_res: 80040000 | mem_w: 0 | reg_w: 1 | csr_w: 1 | csr_op: 01 | csr_addr: 003 | csr_wdata: 00000000 | mscratch: 00000000
PC: 8001feec | Instr: 7d5c0837 | rs1_d: 00000000 | rs2_d: 00000000 | alu_res: 7d5c0000 | mem_w: 0 | reg_w: 1 | csr_w: 0 | csr_op: 00 | csr_addr: 7d5 | csr_wdata: 00000000 | mscratch: 00000000
PC: 8001fef0 | Instr: ddb80813 | rs1_d: 7d5c0000 | rs2_d: 00000000 | alu_res: 7d5bfddb | mem_w: 0 | reg_w: 1 | csr_w: 0 | csr_op: 00 | csr_addr: ddb | csr_wdata: 7d5c0000 | mscratch: 00000000
PC: 8001fef4 | Instr: 01981793 | rs1_d: 7d5bfddb | rs2_d: 00000000 | alu_res: b6000000 | mem_w: 0 | reg_w: 1 | csr_w: 0 | csr_op: 00 | csr_addr: 019 | csr_wdata: 7d5bfddb | mscratch: 00000000
PC: 8001fef8 | Instr: 00785893 | rs1_d: 7d5bfddb | rs2_d: 00000000 | alu_res: 00fab7fb | mem_w: 0 | reg_w: 1 | csr_w: 0 | csr_op: 00 | csr_addr: 007 | csr_wdata: 7d5bfddb | mscratch: 00000000
PC: 8001fefc | Instr: 00f8e8b3 | rs1_d: 00fab7fb | rs2_d: b6000000 | alu_res: b6fab7fb | mem_w: 0 | reg_w: 1 | csr_w: 0 | csr_op: 00 | csr_addr: 00f | csr_wdata: 00fab7fb | mscratch: 00000000
PC: 8001ff00 | Instr: 01989793 | rs1_d: b6fab7fb | rs2_d: 00000000 | alu_res: f6000000 | mem_w: 0 | reg_w: 1 | csr_w: 0 | csr_op: 00 | csr_addr: 019 | csr_wdata: b6fab7fb | mscratch: 00000000
PC: 8001ff04 | Instr: 0078d913 | rs1_d: b6fab7fb | rs2_d: 00000000 | alu_res: 016df56f | mem_w: 0 | reg_w: 1 | csr_w: 0 | csr_op: 00 | csr_addr: 007 | csr_wdata: b6fab7fb | mscratch: 00000000
PC: 8001ff08 | Instr: 00f96933 | rs1_d: 016df56f | rs2_d: f6000000 | alu_res: f76df56f | mem_w: 0 | reg_w: 1 | csr_w: 0 | csr_op: 00 | csr_addr: 00f | csr_wdata: 016df56f | mscratch: 00000000
PC: 8001ff0c | Instr: 01991793 | rs1_d: f76df56f | rs2_d: 00000000 | alu_res: de000000 | mem_w: 0 | reg_w: 1 | csr_w: 0 | csr_op: 00 | csr_addr: 019 | csr_wdata: f76df56f | mscratch: 00000000
PC: 8001ff10 | Instr: 00795993 | rs1_d: f76df56f | rs2_d: 00000000 | alu_res: 01eedbea | mem_w: 0 | reg_w: 1 | csr_w: 0 | csr_op: 00 | csr_addr: 007 | csr_wdata: f76df56f | mscratch: 00000000
PC: 8001ff14 | Instr: 00f9e9b3 | rs1_d: 01eedbea | rs2_d: de000000 | alu_res: dfeedbea | mem_w: 0 | reg_w: 1 | csr_w: 0 | csr_op: 00 | csr_addr: 00f | csr_wdata: 01eedbea | mscratch: 00000000
PC: 8001ff18 | Instr: 01999793 | rs1_d: dfeedbea | rs2_d: 00000000 | alu_res: d4000000 | mem_w: 0 | reg_w: 1 | csr_w: 0 | csr_op: 00 | csr_addr: 019 | csr_wdata: dfeedbea | mscratch: 00000000
PC: 8001ff1c | Instr: 0079da13 | rs1_d: dfeedbea | rs2_d: 00000000 | alu_res: 01bfddb7 | mem_w: 0 | reg_w: 1 | csr_w: 0 | csr_op: 00 | csr_addr: 007 | csr_wdata: dfeedbea | mscratch: 00000000
PC: 8001ff20 | Instr: 00fa6a33 | rs1_d: 01bfddb7 | rs2_d: d4000000 | alu_res: d5bfddb7 | mem_w: 0 | reg_w: 1 | csr_w: 0 | csr_op: 00 | csr_addr: 00f | csr_wdata: 01bfddb7 | mscratch: 00000000
PC: 8001ff24 | Instr: 019a1793 | rs1_d: d5bfddb7 | rs2_d: 00000000 | alu_res: 6e000000 | mem_w: 0 | reg_w: 1 | csr_w: 0 | csr_op: 00 | csr_addr: 019 | csr_wdata: d5bfddb7 | mscratch: 00000000
PC: 8001ff28 | Instr: 007a5a93 | rs1_d: d5bfddb7 | rs2_d: 00000000 | alu_res: 01ab7fbb | mem_w: 0 | reg_w: 1 | csr_w: 0 | csr_op: 00 | csr_addr: 007 | csr_wdata: d5bfddb7 | mscratch: 00000000
PC: 8001ff2c | Instr: 00faeab3 | rs1_d: 01ab7fbb | rs2_d: 6e000000 | alu_res: 6fab7fbb | mem_w: 0 | reg_w: 1 | csr_w: 0 | csr_op: 00 | csr_addr: 00f | csr_wdata: 01ab7fbb | mscratch: 00000000
PC: 8001ff30 | Instr: 019a9793 | rs1_d: 6fab7fbb | rs2_d: 00000000 | alu_res: 76000000 | mem_w: 0 | reg_w: 1 | csr_w: 0 | csr_op: 00 | csr_addr: 019 | csr_wdata: 6fab7fbb | mscratch: 00000000
PC: 8001ff34 | Instr: 007adb13 | rs1_d: 6fab7fbb | rs2_d: 00000000 | alu_res: 00df56ff | mem_w: 0 | reg_w: 1 | csr_w: 0 | csr_op: 00 | csr_addr: 007 | csr_wdata: 6fab7fbb | mscratch: 00000000
PC: 8001ff38 | Instr: 00fb6b33 | rs1_d: 00df56ff | rs2_d: 76000000 | alu_res: 76df56ff | mem_w: 0 | reg_w: 1 | csr_w: 0 | csr_op: 00 | csr_addr: 00f | csr_wdata: 00df56ff | mscratch: 00000000
PC: 8001ff3c | Instr: 019b1793 | rs1_d: 76df56ff | rs2_d: 00000000 | alu_res: fe000000 | mem_w: 0 | reg_w: 1 | csr_w: 0 | csr_op: 00 | csr_addr: 019 | csr_wdata: 76df56ff | mscratch: 00000000
PC: 8001ff40 | Instr: 007b5b93 | rs1_d: 76df56ff | rs2_d: 00000000 | alu_res: 00edbead | mem_w: 0 | reg_w: 1 | csr_w: 0 | csr_op: 00 | csr_addr: 007 | csr_wdata: 76df56ff | mscratch: 00000000
PC: 8001ff44 | Instr: 00fbebb3 | rs1_d: 00edbead | rs2_d: fe000000 | alu_res: feedbead | mem_w: 0 | reg_w: 1 | csr_w: 0 | csr_op: 00 | csr_addr: 00f | csr_wdata: 00edbead | mscratch: 00000000
PC: 8001ff48 | Instr: 019b9793 | rs1_d: feedbead | rs2_d: 00000000 | alu_res: 5a000000 | mem_w: 0 | reg_w: 1 | csr_w: 0 | csr_op: 00 | csr_addr: 019 | csr_wdata: feedbead | mscratch: 00000000
PC: 8001ff4c | Instr: 007bdc13 | rs1_d: feedbead | rs2_d: 00000000 | alu_res: 01fddb7d | mem_w: 0 | reg_w: 1 | csr_w: 0 | csr_op: 00 | csr_addr: 007 | csr_wdata: feedbead | mscratch: 00000000
PC: 8001ff50 | Instr: 00fc6c33 | rs1_d: 01fddb7d | rs2_d: 5a000000 | alu_res: 5bfddb7d | mem_w: 0 | reg_w: 1 | csr_w: 0 | csr_op: 00 | csr_addr: 00f | csr_wdata: 01fddb7d | mscratch: 00000000
PC: 8001ff54 | Instr: 019c1793 | rs1_d: 5bfddb7d | rs2_d: 00000000 | alu_res: fa000000 | mem_w: 0 | reg_w: 1 | csr_w: 0 | csr_op: 00 | csr_addr: 019 | csr_wdata: 5bfddb7d | mscratch: 00000000
PC: 8001ff58 | Instr: 007c5c93 | rs1_d: 5bfddb7d | rs2_d: 00000000 | alu_res: 00b7fbb6 | mem_w: 0 | reg_w: 1 | csr_w: 0 | csr_op: 00 | csr_addr: 007 | csr_wdata: 5bfddb7d | mscratch: 00000000
PC: 8001ff5c | Instr: 00fcecb3 | rs1_d: 00b7fbb6 | rs2_d: fa000000 | alu_res: fab7fbb6 | mem_w: 0 | reg_w: 1 | csr_w: 0 | csr_op: 00 | csr_addr: 00f | csr_wdata: 00b7fbb6 | mscratch: 00000000
PC: 8001ff60 | Instr: 019c9793 | rs1_d: fab7fbb6 | rs2_d: fab7fbb6 | alu_res: 6c000000 | mem_w: 0 | reg_w: 1 | csr_w: 0 | csr_op: 00 | csr_addr: 019 | csr_wdata: fab7fbb6 | mscratch: 00000000
PC: 8001ff64 | Instr: 007cdd13 | rs1_d: fab7fbb6 | rs2_d: 00000000 | alu_res: 01f56ff7 | mem_w: 0 | reg_w: 1 | csr_w: 0 | csr_op: 00 | csr_addr: 007 | csr_wdata: fab7fbb6 | mscratch: 00000000
PC: 8001ff68 | Instr: 00fd6d33 | rs1_d: 01f56ff7 | rs2_d: 6c000000 | alu_res: 6df56ff7 | mem_w: 0 | reg_w: 1 | csr_w: 0 | csr_op: 00 | csr_addr: 00f | csr_wdata: 01f56ff7 | mscratch: 00000000
PC: 8001ff6c | Instr: 019d1793 | rs1_d: 6df56ff7 | rs2_d: fab7fbb6 | alu_res: ee000000 | mem_w: 0 | reg_w: 1 | csr_w: 0 | csr_op: 00 | csr_addr: 019 | csr_wdata: 6df56ff7 | mscratch: 00000000
PC: 8001ff70 | Instr: 007d5d93 | rs1_d: 6df56ff7 | rs2_d: 00000000 | alu_res: 00dbeadf | mem_w: 0 | reg_w: 1 | csr_w: 0 | csr_op: 00 | csr_addr: 007 | csr_wdata: 6df56ff7 | mscratch: 00000000
PC: 8001ff74 | Instr: 00fdedb3 | rs1_d: 00dbeadf | rs2_d: ee000000 | alu_res: eedbeadf | mem_w: 0 | reg_w: 1 | csr_w: 0 | csr_op: 00 | csr_addr: 00f | csr_wdata: 00dbeadf | mscratch: 00000000
PC: 8001ff78 | Instr: 019d9793 | rs1_d: eedbeadf | rs2_d: fab7fbb6 | alu_res: be000000 | mem_w: 0 | reg_w: 1 | csr_w: 0 | csr_op: 00 | csr_addr: 019 | csr_wdata: eedbeadf | mscratch: 00000000
PC: 8001ff7c | Instr: 007dde13 | rs1_d: eedbeadf | rs2_d: 00000000 | alu_res: 01ddb7d5 | mem_w: 0 | reg_w: 1 | csr_w: 0 | csr_op: 00 | csr_addr: 007 | csr_wdata: eedbeadf | mscratch: 00000000
PC: 8001ff80 | Instr: 00fe6e33 | rs1_d: 01ddb7d5 | rs2_d: be000000 | alu_res: bfddb7d5 | mem_w: 0 | reg_w: 1 | csr_w: 0 | csr_op: 00 | csr_addr: 00f | csr_wdata: 01ddb7d5 | mscratch: 00000000
PC: 8001ff84 | Instr: 019e1793 | rs1_d: bfddb7d5 | rs2_d: fab7fbb6 | alu_res: aa000000 | mem_w: 0 | reg_w: 1 | csr_w: 0 | csr_op: 00 | csr_addr: 019 | csr_wdata: bfddb7d5 | mscratch: 00000000
PC: 8001ff88 | Instr: 007e5e93 | rs1_d: bfddb7d5 | rs2_d: 00000000 | alu_res: 017fbb6f | mem_w: 0 | reg_w: 1 | csr_w: 0 | csr_op: 00 | csr_addr: 007 | csr_wdata: bfddb7d5 | mscratch: 00000000
PC: 8001ff8c | Instr: 00feeeb3 | rs1_d: 017fbb6f | rs2_d: aa000000 | alu_res: ab7fbb6f | mem_w: 0 | reg_w: 1 | csr_w: 0 | csr_op: 00 | csr_addr: 00f | csr_wdata: 017fbb6f | mscratch: 00000000
PC: 8001ff90 | Instr: 019e9793 | rs1_d: ab7fbb6f | rs2_d: fab7fbb6 | alu_res: de000000 | mem_w: 0 | reg_w: 1 | csr_w: 0 | csr_op: 00 | csr_addr: 019 | csr_wdata: ab7fbb6f | mscratch: 00000000
PC: 8001ff94 | Instr: 007edf13 | rs1_d: ab7fbb6f | rs2_d: 00000000 | alu_res: 0156ff76 | mem_w: 0 | reg_w: 1 | csr_w: 0 | csr_op: 00 | csr_addr: 007 | csr_wdata: ab7fbb6f | mscratch: 00000000
PC: 8001ff98 | Instr: 00ff6f33 | rs1_d: 0156ff76 | rs2_d: de000000 | alu_res: df56ff76 | mem_w: 0 | reg_w: 1 | csr_w: 0 | csr_op: 00 | csr_addr: 00f | csr_wdata: 0156ff76 | mscratch: 00000000
PC: 8001ff9c | Instr: 019f1793 | rs1_d: df56ff76 | rs2_d: fab7fbb6 | alu_res: ec000000 | mem_w: 0 | reg_w: 1 | csr_w: 0 | csr_op: 00 | csr_addr: 019 | csr_wdata: df56ff76 | mscratch: 00000000
PC: 8001ffa0 | Instr: 007f5f93 | rs1_d: df56ff76 | rs2_d: 00000000 | alu_res: 01beadfe | mem_w: 0 | reg_w: 1 | csr_w: 0 | csr_op: 00 | csr_addr: 007 | csr_wdata: df56ff76 | mscratch: 00000000
PC: 8001ffa4 | Instr: 00ffefb3 | rs1_d: 01beadfe | rs2_d: ec000000 | alu_res: edbeadfe | mem_w: 0 | reg_w: 1 | csr_w: 0 | csr_op: 00 | csr_addr: 00f | csr_wdata: 01beadfe | mscratch: 00000000
PC: 8001ffa8 | Instr: feedc0b7 | rs1_d: eedbeadf | rs2_d: 00000000 | alu_res: feedc000 | mem_w: 0 | reg_w: 1 | csr_w: 0 | csr_op: 00 | csr_addr: fee | csr_wdata: eedbeadf | mscratch: 00000000
PC: 8001ffac | Instr: ead08093 | rs1_d: feedc000 | rs2_d: 00000000 | alu_res: feedbead | mem_w: 0 | reg_w: 1 | csr_w: 0 | csr_op: 00 | csr_addr: ead | csr_wdata: feedc000 | mscratch: 00000000
PC: 8001ffb0 | Instr: 01909793 | rs1_d: feedbead | rs2_d: fab7fbb6 | alu_res: 5a000000 | mem_w: 0 | reg_w: 1 | csr_w: 0 | csr_op: 00 | csr_addr: 019 | csr_wdata: feedbead | mscratch: 00000000
PC: 8001ffb4 | Instr: 0070d113 | rs1_d: feedbead | rs2_d: 00000000 | alu_res: 01fddb7d | mem_w: 0 | reg_w: 1 | csr_w: 0 | csr_op: 00 | csr_addr: 007 | csr_wdata: feedbead | mscratch: 00000000
PC: 8001ffb8 | Instr: 00f16133 | rs1_d: 01fddb7d | rs2_d: 5a000000 | alu_res: 5bfddb7d | mem_w: 0 | reg_w: 1 | csr_w: 0 | csr_op: 00 | csr_addr: 00f | csr_wdata: 01fddb7d | mscratch: 00000000
PC: 8001ffbc | Instr: 01911793 | rs1_d: 5bfddb7d | rs2_d: fab7fbb6 | alu_res: fa000000 | mem_w: 0 | reg_w: 1 | csr_w: 0 | csr_op: 00 | csr_addr: 019 | csr_wdata: 5bfddb7d | mscratch: 00000000
PC: 8001ffc0 | Instr: 00715193 | rs1_d: 5bfddb7d | rs2_d: 00000000 | alu_res: 00b7fbb6 | mem_w: 0 | reg_w: 1 | csr_w: 0 | csr_op: 00 | csr_addr: 007 | csr_wdata: 5bfddb7d | mscratch: 00000000
PC: 8001ffc4 | Instr: 00f1e1b3 | rs1_d: 00b7fbb6 | rs2_d: fa000000 | alu_res: fab7fbb6 | mem_w: 0 | reg_w: 1 | csr_w: 0 | csr_op: 00 | csr_addr: 00f | csr_wdata: 00b7fbb6 | mscratch: 00000000
PC: 8001ffc8 | Instr: 01919793 | rs1_d: fab7fbb6 | rs2_d: fab7fbb6 | alu_res: 6c000000 | mem_w: 0 | reg_w: 1 | csr_w: 0 | csr_op: 00 | csr_addr: 019 | csr_wdata: fab7fbb6 | mscratch: 00000000
PC: 8001ffcc | Instr: 0071d213 | rs1_d: fab7fbb6 | rs2_d: 00000000 | alu_res: 01f56ff7 | mem_w: 0 | reg_w: 1 | csr_w: 0 | csr_op: 00 | csr_addr: 007 | csr_wdata: fab7fbb6 | mscratch: 00000000
PC: 8001ffd0 | Instr: 00f26233 | rs1_d: 01f56ff7 | rs2_d: 6c000000 | alu_res: 6df56ff7 | mem_w: 0 | reg_w: 1 | csr_w: 0 | csr_op: 00 | csr_addr: 00f | csr_wdata: 01f56ff7 | mscratch: 00000000
PC: 8001ffd4 | Instr: 01921793 | rs1_d: 6df56ff7 | rs2_d: fab7fbb6 | alu_res: ee000000 | mem_w: 0 | reg_w: 1 | csr_w: 0 | csr_op: 00 | csr_addr: 019 | csr_wdata: 6df56ff7 | mscratch: 00000000
PC: 8001ffd8 | Instr: 00725293 | rs1_d: 6df56ff7 | rs2_d: 00000000 | alu_res: 00dbeadf | mem_w: 0 | reg_w: 1 | csr_w: 0 | csr_op: 00 | csr_addr: 007 | csr_wdata: 6df56ff7 | mscratch: 00000000
PC: 8001ffdc | Instr: 00f2e2b3 | rs1_d: 00dbeadf | rs2_d: ee000000 | alu_res: eedbeadf | mem_w: 0 | reg_w: 1 | csr_w: 0 | csr_op: 00 | csr_addr: 00f | csr_wdata: 00dbeadf | mscratch: 00000000
PC: 8001ffe0 | Instr: 01929793 | rs1_d: eedbeadf | rs2_d: fab7fbb6 | alu_res: be000000 | mem_w: 0 | reg_w: 1 | csr_w: 0 | csr_op: 00 | csr_addr: 019 | csr_wdata: eedbeadf | mscratch: 00000000
PC: 8001ffe4 | Instr: 0072d313 | rs1_d: eedbeadf | rs2_d: 00000000 | alu_res: 01ddb7d5 | mem_w: 0 | reg_w: 1 | csr_w: 0 | csr_op: 00 | csr_addr: 007 | csr_wdata: eedbeadf | mscratch: 00000000
PC: 8001ffe8 | Instr: 00f36333 | rs1_d: 01ddb7d5 | rs2_d: be000000 | alu_res: bfddb7d5 | mem_w: 0 | reg_w: 1 | csr_w: 0 | csr_op: 00 | csr_addr: 00f | csr_wdata: 01ddb7d5 | mscratch: 00000000
PC: 8001ffec | Instr: 01931793 | rs1_d: bfddb7d5 | rs2_d: fab7fbb6 | alu_res: aa000000 | mem_w: 0 | reg_w: 1 | csr_w: 0 | csr_op: 00 | csr_addr: 019 | csr_wdata: bfddb7d5 | mscratch: 00000000
PC: 8001fff0 | Instr: 00735393 | rs1_d: bfddb7d5 | rs2_d: 00000000 | alu_res: 017fbb6f | mem_w: 0 | reg_w: 1 | csr_w: 0 | csr_op: 00 | csr_addr: 007 | csr_wdata: bfddb7d5 | mscratch: 00000000
PC: 8001fff4 | Instr: 00f3e3b3 | rs1_d: 017fbb6f | rs2_d: aa000000 | alu_res: ab7fbb6f | mem_w: 0 | reg_w: 1 | csr_w: 0 | csr_op: 00 | csr_addr: 00f | csr_wdata: 017fbb6f | mscratch: 00000000
PC: 8001fff8 | Instr: 01939793 | rs1_d: ab7fbb6f | rs2_d: fab7fbb6 | alu_res: de000000 | mem_w: 0 | reg_w: 1 | csr_w: 0 | csr_op: 00 | csr_addr: 019 | csr_wdata: ab7fbb6f | mscratch: 00000000
PC: 8001fffc | Instr: 0073d413 | rs1_d: ab7fbb6f | rs2_d: ab7fbb6f | alu_res: 0156ff76 | mem_w: 0 | reg_w: 1 | csr_w: 0 | csr_op: 00 | csr_addr: 007 | csr_wdata: ab7fbb6f | mscratch: 00000000
PC: 80020000 | Instr: 00f46433 | rs1_d: 0156ff76 | rs2_d: de000000 | alu_res: df56ff76 | mem_w: 0 | reg_w: 1 | csr_w: 0 | csr_op: 00 | csr_addr: 00f | csr_wdata: 0156ff76 | mscratch: 00000000
PC: 80020004 | Instr: 01941793 | rs1_d: df56ff76 | rs2_d: fab7fbb6 | alu_res: ec000000 | mem_w: 0 | reg_w: 1 | csr_w: 0 | csr_op: 00 | csr_addr: 019 | csr_wdata: df56ff76 | mscratch: 00000000
PC: 80020008 | Instr: 00745493 | rs1_d: df56ff76 | rs2_d: ab7fbb6f | alu_res: 01beadfe | mem_w: 0 | reg_w: 1 | csr_w: 0 | csr_op: 00 | csr_addr: 007 | csr_wdata: df56ff76 | mscratch: 00000000
PC: 8002000c | Instr: 00f4e4b3 | rs1_d: 01beadfe | rs2_d: ec000000 | alu_res: edbeadfe | mem_w: 0 | reg_w: 1 | csr_w: 0 | csr_op: 00 | csr_addr: 00f | csr_wdata: 01beadfe | mscratch: 00000000
PC: 80020010 | Instr: 01949793 | rs1_d: edbeadfe | rs2_d: fab7fbb6 | alu_res: fc000000 | mem_w: 0 | reg_w: 1 | csr_w: 0 | csr_op: 00 | csr_addr: 019 | csr_wdata: edbeadfe | mscratch: 00000000
PC: 80020014 | Instr: 0074d513 | rs1_d: edbeadfe | rs2_d: ab7fbb6f | alu_res: 01db7d5b | mem_w: 0 | reg_w: 1 | csr_w: 0 | csr_op: 00 | csr_addr: 007 | csr_wdata: edbeadfe | mscratch: 00000000
PC: 80020018 | Instr: 00f56533 | rs1_d: 01db7d5b | rs2_d: fc000000 | alu_res: fddb7d5b | mem_w: 0 | reg_w: 1 | csr_w: 0 | csr_op: 00 | csr_addr: 00f | csr_wdata: 01db7d5b | mscratch: 00000000
PC: 8002001c | Instr: 01951793 | rs1_d: fddb7d5b | rs2_d: fab7fbb6 | alu_res: b6000000 | mem_w: 0 | reg_w: 1 | csr_w: 0 | csr_op: 00 | csr_addr: 019 | csr_wdata: fddb7d5b | mscratch: 00000000
PC: 80020020 | Instr: 00755593 | rs1_d: fddb7d5b | rs2_d: ab7fbb6f | alu_res: 01fbb6fa | mem_w: 0 | reg_w: 1 | csr_w: 0 | csr_op: 00 | csr_addr: 007 | csr_wdata: fddb7d5b | mscratch: 00000000
PC: 80020024 | Instr: 00f5e5b3 | rs1_d: 01fbb6fa | rs2_d: b6000000 | alu_res: b7fbb6fa | mem_w: 0 | reg_w: 1 | csr_w: 0 | csr_op: 00 | csr_addr: 00f | csr_wdata: 01fbb6fa | mscratch: 00000000
PC: 80020028 | Instr: 01959793 | rs1_d: b7fbb6fa | rs2_d: fab7fbb6 | alu_res: f4000000 | mem_w: 0 | reg_w: 1 | csr_w: 0 | csr_op: 00 | csr_addr: 019 | csr_wdata: b7fbb6fa | mscratch: 00000000
--- TRACE MIDDLE OMITTED ---
PC: 8001fe54 | Instr: 03070713 | rs1_d: 00000000 | rs2_d: 7d5bfddb | alu_res: 00000030 | mem_w: 0 | reg_w: 1 | csr_w: 0 | csr_op: 00 | csr_addr: 030 | csr_wdata: 00000000 | mscratch: 00000000
PC: 8001fe58 | Instr: 00e60023 | rs1_d: 8005daab | rs2_d: 00000030 | alu_res: 8005daab | mem_w: 1 | reg_w: 0 | csr_w: 0 | csr_op: 00 | csr_addr: 00e | csr_wdata: 8005daab | mscratch: 00000000
PC: 8001fe5c | Instr: 00160613 | rs1_d: 8005daab | rs2_d: 8001fc3c | alu_res: 8005daac | mem_w: 0 | reg_w: 1 | csr_w: 0 | csr_op: 00 | csr_addr: 001 | csr_wdata: 8005daab | mscratch: 00000000
PC: 8001fe60 | Instr: fc069ce3 | rs1_d: 00000018 | rs2_d: 00000000 | alu_res: 00000018 | mem_w: 0 | reg_w: 0 | csr_w: 0 | csr_op: 00 | csr_addr: fc0 | csr_wdata: 00000018 | mscratch: 00000000
PC: 8001fe38 | Instr: ffc68693 | rs1_d: 00000018 | rs2_d: bfddb7d5 | alu_res: 00000014 | mem_w: 0 | reg_w: 1 | csr_w: 0 | csr_op: 00 | csr_addr: ffc | csr_wdata: 00000018 | mscratch: 00000000
PC: 8001fe3c | Instr: 00d55733 | rs1_d: 00000003 | rs2_d: 00000014 | alu_res: 00000000 | mem_w: 0 | reg_w: 1 | csr_w: 0 | csr_op: 00 | csr_addr: 00d | csr_wdata: 00000003 | mscratch: 00000000
PC: 8001fe40 | Instr: 00f77713 | rs1_d: 00000000 | rs2_d: 0000000a | alu_res: 00000000 | mem_w: 0 | reg_w: 1 | csr_w: 0 | csr_op: 00 | csr_addr: 00f | csr_wdata: 00000000 | mscratch: 00000000
PC: 8001fe44 | Instr: 00a00793 | rs1_d: 00000000 | rs2_d: 00000003 | alu_res: 0000000a | mem_w: 0 | reg_w: 1 | csr_w: 0 | csr_op: 00 | csr_addr: 00a | csr_wdata: 00000000 | mscratch: 00000000
PC: 8001fe48 | Instr: 00f74663 | rs1_d: 00000000 | rs2_d: 0000000a | alu_res: 00000001 | mem_w: 0 | reg_w: 0 | csr_w: 0 | csr_op: 00 | csr_addr: 00f | csr_wdata: 00000000 | mscratch: 00000000
PC: 8001fe54 | Instr: 03070713 | rs1_d: 00000000 | rs2_d: 7d5bfddb | alu_res: 00000030 | mem_w: 0 | reg_w: 1 | csr_w: 0 | csr_op: 00 | csr_addr: 030 | csr_wdata: 00000000 | mscratch: 00000000
PC: 8001fe58 | Instr: 00e60023 | rs1_d: 8005daac | rs2_d: 00000030 | alu_res: 8005daac | mem_w: 1 | reg_w: 0 | csr_w: 0 | csr_op: 00 | csr_addr: 00e | csr_wdata: 8005daac | mscratch: 00000000
PC: 8001fe5c | Instr: 00160613 | rs1_d: 8005daac | rs2_d: 8001fc3c | alu_res: 8005daad | mem_w: 0 | reg_w: 1 | csr_w: 0 | csr_op: 00 | csr_addr: 001 | csr_wdata: 8005daac | mscratch: 00000000
PC: 8001fe60 | Instr: fc069ce3 | rs1_d: 00000014 | rs2_d: 00000000 | alu_res: 00000014 | mem_w: 0 | reg_w: 0 | csr_w: 0 | csr_op: 00 | csr_addr: fc0 | csr_wdata: 00000014 | mscratch: 00000000
PC: 8001fe38 | Instr: ffc68693 | rs1_d: 00000014 | rs2_d: bfddb7d5 | alu_res: 00000010 | mem_w: 0 | reg_w: 1 | csr_w: 0 | csr_op: 00 | csr_addr: ffc | csr_wdata: 00000014 | mscratch: 00000000
PC: 8001fe3c | Instr: 00d55733 | rs1_d: 00000003 | rs2_d: 00000010 | alu_res: 00000000 | mem_w: 0 | reg_w: 1 | csr_w: 0 | csr_op: 00 | csr_addr: 00d | csr_wdata: 00000003 | mscratch: 00000000
PC: 8001fe40 | Instr: 00f77713 | rs1_d: 00000000 | rs2_d: 0000000a | alu_res: 00000000 | mem_w: 0 | reg_w: 1 | csr_w: 0 | csr_op: 00 | csr_addr: 00f | csr_wdata: 00000000 | mscratch: 00000000
PC: 8001fe44 | Instr: 00a00793 | rs1_d: 00000000 | rs2_d: 00000003 | alu_res: 0000000a | mem_w: 0 | reg_w: 1 | csr_w: 0 | csr_op: 00 | csr_addr: 00a | csr_wdata: 00000000 | mscratch: 00000000
PC: 8001fe48 | Instr: 00f74663 | rs1_d: 00000000 | rs2_d: 0000000a | alu_res: 00000001 | mem_w: 0 | reg_w: 0 | csr_w: 0 | csr_op: 00 | csr_addr: 00f | csr_wdata: 00000000 | mscratch: 00000000
PC: 8001fe54 | Instr: 03070713 | rs1_d: 00000000 | rs2_d: 7d5bfddb | alu_res: 00000030 | mem_w: 0 | reg_w: 1 | csr_w: 0 | csr_op: 00 | csr_addr: 030 | csr_wdata: 00000000 | mscratch: 00000000
PC: 8001fe58 | Instr: 00e60023 | rs1_d: 8005daad | rs2_d: 00000030 | alu_res: 8005daad | mem_w: 1 | reg_w: 0 | csr_w: 0 | csr_op: 00 | csr_addr: 00e | csr_wdata: 8005daad | mscratch: 00000000
PC: 8001fe5c | Instr: 00160613 | rs1_d: 8005daad | rs2_d: 8001fc3c | alu_res: 8005daae | mem_w: 0 | reg_w: 1 | csr_w: 0 | csr_op: 00 | csr_addr: 001 | csr_wdata: 8005daad | mscratch: 00000000
PC: 8001fe60 | Instr: fc069ce3 | rs1_d: 00000010 | rs2_d: 00000000 | alu_res: 00000010 | mem_w: 0 | reg_w: 0 | csr_w: 0 | csr_op: 00 | csr_addr: fc0 | csr_wdata: 00000010 | mscratch: 00000000
PC: 8001fe38 | Instr: ffc68693 | rs1_d: 00000010 | rs2_d: bfddb7d5 | alu_res: 0000000c | mem_w: 0 | reg_w: 1 | csr_w: 0 | csr_op: 00 | csr_addr: ffc | csr_wdata: 00000010 | mscratch: 00000000
PC: 8001fe3c | Instr: 00d55733 | rs1_d: 00000003 | rs2_d: 0000000c | alu_res: 00000000 | mem_w: 0 | reg_w: 1 | csr_w: 0 | csr_op: 00 | csr_addr: 00d | csr_wdata: 00000003 | mscratch: 00000000
PC: 8001fe40 | Instr: 00f77713 | rs1_d: 00000000 | rs2_d: 0000000a | alu_res: 00000000 | mem_w: 0 | reg_w: 1 | csr_w: 0 | csr_op: 00 | csr_addr: 00f | csr_wdata: 00000000 | mscratch: 00000000
PC: 8001fe44 | Instr: 00a00793 | rs1_d: 00000000 | rs2_d: 00000003 | alu_res: 0000000a | mem_w: 0 | reg_w: 1 | csr_w: 0 | csr_op: 00 | csr_addr: 00a | csr_wdata: 00000000 | mscratch: 00000000
PC: 8001fe48 | Instr: 00f74663 | rs1_d: 00000000 | rs2_d: 0000000a | alu_res: 00000001 | mem_w: 0 | reg_w: 0 | csr_w: 0 | csr_op: 00 | csr_addr: 00f | csr_wdata: 00000000 | mscratch: 00000000
PC: 8001fe54 | Instr: 03070713 | rs1_d: 00000000 | rs2_d: 7d5bfddb | alu_res: 00000030 | mem_w: 0 | reg_w: 1 | csr_w: 0 | csr_op: 00 | csr_addr: 030 | csr_wdata: 00000000 | mscratch: 00000000
PC: 8001fe58 | Instr: 00e60023 | rs1_d: 8005daae | rs2_d: 00000030 | alu_res: 8005daae | mem_w: 1 | reg_w: 0 | csr_w: 0 | csr_op: 00 | csr_addr: 00e | csr_wdata: 8005daae | mscratch: 00000000
PC: 8001fe5c | Instr: 00160613 | rs1_d: 8005daae | rs2_d: 8001fc3c | alu_res: 8005daaf | mem_w: 0 | reg_w: 1 | csr_w: 0 | csr_op: 00 | csr_addr: 001 | csr_wdata: 8005daae | mscratch: 00000000
PC: 8001fe60 | Instr: fc069ce3 | rs1_d: 0000000c | rs2_d: 00000000 | alu_res: 0000000c | mem_w: 0 | reg_w: 0 | csr_w: 0 | csr_op: 00 | csr_addr: fc0 | csr_wdata: 0000000c | mscratch: 00000000
PC: 8001fe38 | Instr: ffc68693 | rs1_d: 0000000c | rs2_d: bfddb7d5 | alu_res: 00000008 | mem_w: 0 | reg_w: 1 | csr_w: 0 | csr_op: 00 | csr_addr: ffc | csr_wdata: 0000000c | mscratch: 00000000
PC: 8001fe3c | Instr: 00d55733 | rs1_d: 00000003 | rs2_d: 00000008 | alu_res: 00000000 | mem_w: 0 | reg_w: 1 | csr_w: 0 | csr_op: 00 | csr_addr: 00d | csr_wdata: 00000003 | mscratch: 00000000
PC: 8001fe40 | Instr: 00f77713 | rs1_d: 00000000 | rs2_d: 0000000a | alu_res: 00000000 | mem_w: 0 | reg_w: 1 | csr_w: 0 | csr_op: 00 | csr_addr: 00f | csr_wdata: 00000000 | mscratch: 00000000
PC: 8001fe44 | Instr: 00a00793 | rs1_d: 00000000 | rs2_d: 00000003 | alu_res: 0000000a | mem_w: 0 | reg_w: 1 | csr_w: 0 | csr_op: 00 | csr_addr: 00a | csr_wdata: 00000000 | mscratch: 00000000
PC: 8001fe48 | Instr: 00f74663 | rs1_d: 00000000 | rs2_d: 0000000a | alu_res: 00000001 | mem_w: 0 | reg_w: 0 | csr_w: 0 | csr_op: 00 | csr_addr: 00f | csr_wdata: 00000000 | mscratch: 00000000
PC: 8001fe54 | Instr: 03070713 | rs1_d: 00000000 | rs2_d: 7d5bfddb | alu_res: 00000030 | mem_w: 0 | reg_w: 1 | csr_w: 0 | csr_op: 00 | csr_addr: 030 | csr_wdata: 00000000 | mscratch: 00000000
PC: 8001fe58 | Instr: 00e60023 | rs1_d: 8005daaf | rs2_d: 00000030 | alu_res: 8005daaf | mem_w: 1 | reg_w: 0 | csr_w: 0 | csr_op: 00 | csr_addr: 00e | csr_wdata: 8005daaf | mscratch: 00000000
PC: 8001fe5c | Instr: 00160613 | rs1_d: 8005daaf | rs2_d: 8001fc3c | alu_res: 8005dab0 | mem_w: 0 | reg_w: 1 | csr_w: 0 | csr_op: 00 | csr_addr: 001 | csr_wdata: 8005daaf | mscratch: 00000000
PC: 8001fe60 | Instr: fc069ce3 | rs1_d: 00000008 | rs2_d: 00000000 | alu_res: 00000008 | mem_w: 0 | reg_w: 0 | csr_w: 0 | csr_op: 00 | csr_addr: fc0 | csr_wdata: 00000008 | mscratch: 00000000
PC: 8001fe38 | Instr: ffc68693 | rs1_d: 00000008 | rs2_d: bfddb7d5 | alu_res: 00000004 | mem_w: 0 | reg_w: 1 | csr_w: 0 | csr_op: 00 | csr_addr: ffc | csr_wdata: 00000008 | mscratch: 00000000
PC: 8001fe3c | Instr: 00d55733 | rs1_d: 00000003 | rs2_d: 00000004 | alu_res: 00000000 | mem_w: 0 | reg_w: 1 | csr_w: 0 | csr_op: 00 | csr_addr: 00d | csr_wdata: 00000003 | mscratch: 00000000
PC: 8001fe40 | Instr: 00f77713 | rs1_d: 00000000 | rs2_d: 0000000a | alu_res: 00000000 | mem_w: 0 | reg_w: 1 | csr_w: 0 | csr_op: 00 | csr_addr: 00f | csr_wdata: 00000000 | mscratch: 00000000
PC: 8001fe44 | Instr: 00a00793 | rs1_d: 00000000 | rs2_d: 00000003 | alu_res: 0000000a | mem_w: 0 | reg_w: 1 | csr_w: 0 | csr_op: 00 | csr_addr: 00a | csr_wdata: 00000000 | mscratch: 00000000
PC: 8001fe48 | Instr: 00f74663 | rs1_d: 00000000 | rs2_d: 0000000a | alu_res: 00000001 | mem_w: 0 | reg_w: 0 | csr_w: 0 | csr_op: 00 | csr_addr: 00f | csr_wdata: 00000000 | mscratch: 00000000
PC: 8001fe54 | Instr: 03070713 | rs1_d: 00000000 | rs2_d: 7d5bfddb | alu_res: 00000030 | mem_w: 0 | reg_w: 1 | csr_w: 0 | csr_op: 00 | csr_addr: 030 | csr_wdata: 00000000 | mscratch: 00000000
PC: 8001fe58 | Instr: 00e60023 | rs1_d: 8005dab0 | rs2_d: 00000030 | alu_res: 8005dab0 | mem_w: 1 | reg_w: 0 | csr_w: 0 | csr_op: 00 | csr_addr: 00e | csr_wdata: 8005dab0 | mscratch: 00000000
PC: 8001fe5c | Instr: 00160613 | rs1_d: 8005dab0 | rs2_d: 8001fc3c | alu_res: 8005dab1 | mem_w: 0 | reg_w: 1 | csr_w: 0 | csr_op: 00 | csr_addr: 001 | csr_wdata: 8005dab0 | mscratch: 00000000
PC: 8001fe60 | Instr: fc069ce3 | rs1_d: 00000004 | rs2_d: 00000000 | alu_res: 00000004 | mem_w: 0 | reg_w: 0 | csr_w: 0 | csr_op: 00 | csr_addr: fc0 | csr_wdata: 00000004 | mscratch: 00000000
PC: 8001fe38 | Instr: ffc68693 | rs1_d: 00000004 | rs2_d: bfddb7d5 | alu_res: 00000000 | mem_w: 0 | reg_w: 1 | csr_w: 0 | csr_op: 00 | csr_addr: ffc | csr_wdata: 00000004 | mscratch: 00000000
PC: 8001fe3c | Instr: 00d55733 | rs1_d: 00000003 | rs2_d: 00000000 | alu_res: 00000003 | mem_w: 0 | reg_w: 1 | csr_w: 0 | csr_op: 00 | csr_addr: 00d | csr_wdata: 00000003 | mscratch: 00000000
PC: 8001fe40 | Instr: 00f77713 | rs1_d: 00000003 | rs2_d: 0000000a | alu_res: 00000003 | mem_w: 0 | reg_w: 1 | csr_w: 0 | csr_op: 00 | csr_addr: 00f | csr_wdata: 00000003 | mscratch: 00000000
PC: 8001fe44 | Instr: 00a00793 | rs1_d: 00000000 | rs2_d: 00000003 | alu_res: 0000000a | mem_w: 0 | reg_w: 1 | csr_w: 0 | csr_op: 00 | csr_addr: 00a | csr_wdata: 00000000 | mscratch: 00000000
PC: 8001fe48 | Instr: 00f74663 | rs1_d: 00000003 | rs2_d: 0000000a | alu_res: 00000001 | mem_w: 0 | reg_w: 0 | csr_w: 0 | csr_op: 00 | csr_addr: 00f | csr_wdata: 00000003 | mscratch: 00000000
PC: 8001fe54 | Instr: 03070713 | rs1_d: 00000003 | rs2_d: 7d5bfddb | alu_res: 00000033 | mem_w: 0 | reg_w: 1 | csr_w: 0 | csr_op: 00 | csr_addr: 030 | csr_wdata: 00000003 | mscratch: 00000000
PC: 8001fe58 | Instr: 00e60023 | rs1_d: 8005dab1 | rs2_d: 00000033 | alu_res: 8005dab1 | mem_w: 1 | reg_w: 0 | csr_w: 0 | csr_op: 00 | csr_addr: 00e | csr_wdata: 8005dab1 | mscratch: 00000000
PC: 8001fe5c | Instr: 00160613 | rs1_d: 8005dab1 | rs2_d: 8001fc3c | alu_res: 8005dab2 | mem_w: 0 | reg_w: 1 | csr_w: 0 | csr_op: 00 | csr_addr: 001 | csr_wdata: 8005dab1 | mscratch: 00000000
PC: 8001fe60 | Instr: fc069ce3 | rs1_d: 00000000 | rs2_d: 00000000 | alu_res: 00000000 | mem_w: 0 | reg_w: 0 | csr_w: 0 | csr_op: 00 | csr_addr: fc0 | csr_wdata: 00000000 | mscratch: 00000000
PC: 8001fe64 | Instr: 00a00693 | rs1_d: 00000000 | rs2_d: 00000003 | alu_res: 0000000a | mem_w: 0 | reg_w: 1 | csr_w: 0 | csr_op: 00 | csr_addr: 00a | csr_wdata: 00000000 | mscratch: 00000000
PC: 8001fe68 | Instr: 00d60023 | rs1_d: 8005dab2 | rs2_d: 0000000a | alu_res: 8005dab2 | mem_w: 1 | reg_w: 0 | csr_w: 0 | csr_op: 00 | csr_addr: 00d | csr_wdata: 8005dab2 | mscratch: 00000000
PC: 8001fe6c | Instr: 000600a3 | rs1_d: 8005dab2 | rs2_d: 00000000 | alu_res: 8005dab3 | mem_w: 1 | reg_w: 0 | csr_w: 0 | csr_op: 00 | csr_addr: 000 | csr_wdata: 8005dab2 | mscratch: 00000000
PC: 8001fe70 | Instr: 00008067 | rs1_d: 8001fc3c | rs2_d: 00000000 | alu_res: 8001fc3c | mem_w: 0 | reg_w: 1 | csr_w: 0 | csr_op: 00 | csr_addr: 000 | csr_wdata: 8001fc3c | mscratch: 00000000
PC: 8001fc3c | Instr: 00000013 | rs1_d: 00000000 | rs2_d: 00000000 | alu_res: 00000000 | mem_w: 0 | reg_w: 1 | csr_w: 0 | csr_op: 00 | csr_addr: 000 | csr_wdata: 00000000 | mscratch: 00000000
PC: 8001fc40 | Instr: 0003e517 | rs1_d: 918ab1c3 | rs2_d: 00000000 | alu_res: 8005dc40 | mem_w: 0 | reg_w: 1 | csr_w: 0 | csr_op: 00 | csr_addr: 000 | csr_wdata: 918ab1c3 | mscratch: 00000000
PC: 8001fc44 | Instr: e6850513 | rs1_d: 8005dc40 | rs2_d: 918a0000 | alu_res: 8005daa8 | mem_w: 0 | reg_w: 1 | csr_w: 0 | csr_op: 00 | csr_addr: e68 | csr_wdata: 8005dc40 | mscratch: 00000000
PC: 8001fc48 | Instr: 00000013 | rs1_d: 00000000 | rs2_d: 00000000 | alu_res: 00000000 | mem_w: 0 | reg_w: 1 | csr_w: 0 | csr_op: 00 | csr_addr: 000 | csr_wdata: 00000000 | mscratch: 00000000
PC: 8001fc4c | Instr: 00000013 | rs1_d: 00000000 | rs2_d: 00000000 | alu_res: 00000000 | mem_w: 0 | reg_w: 1 | csr_w: 0 | csr_op: 00 | csr_addr: 000 | csr_wdata: 00000000 | mscratch: 00000000
PC: 8001fc50 | Instr: 00000013 | rs1_d: 00000000 | rs2_d: 00000000 | alu_res: 00000000 | mem_w: 0 | reg_w: 1 | csr_w: 0 | csr_op: 00 | csr_addr: 000 | csr_wdata: 00000000 | mscratch: 00000000
PC: 8001fc54 | Instr: 00000013 | rs1_d: 00000000 | rs2_d: 00000000 | alu_res: 00000000 | mem_w: 0 | reg_w: 1 | csr_w: 0 | csr_op: 00 | csr_addr: 000 | csr_wdata: 00000000 | mscratch: 00000000
PC: 8001fc58 | Instr: 00000013 | rs1_d: 00000000 | rs2_d: 00000000 | alu_res: 00000000 | mem_w: 0 | reg_w: 1 | csr_w: 0 | csr_op: 00 | csr_addr: 000 | csr_wdata: 00000000 | mscratch: 00000000
PC: 8001fc5c | Instr: 00000013 | rs1_d: 00000000 | rs2_d: 00000000 | alu_res: 00000000 | mem_w: 0 | reg_w: 1 | csr_w: 0 | csr_op: 00 | csr_addr: 000 | csr_wdata: 00000000 | mscratch: 00000000
PC: 8001fc60 | Instr: 00000097 | rs1_d: 00000000 | rs2_d: 00000000 | alu_res: 8001fc60 | mem_w: 0 | reg_w: 1 | csr_w: 0 | csr_op: 00 | csr_addr: 000 | csr_wdata: 00000000 | mscratch: 00000000
PC: 8001fc64 | Instr: 484080e7 | rs1_d: 8001fc60 | rs2_d: 8005d980 | alu_res: 800200e4 | mem_w: 0 | reg_w: 1 | csr_w: 0 | csr_op: 00 | csr_addr: 484 | csr_wdata: 8001fc60 | mscratch: 00000000
PC: 800200e4 | Instr: 00008067 | rs1_d: 8001fc68 | rs2_d: 00000000 | alu_res: 8001fc68 | mem_w: 0 | reg_w: 1 | csr_w: 0 | csr_op: 00 | csr_addr: 000 | csr_wdata: 8001fc68 | mscratch: 00000000
PC: 8001fc68 | Instr: 0003e517 | rs1_d: 918ab1c3 | rs2_d: 00000000 | alu_res: 8005dc68 | mem_w: 0 | reg_w: 1 | csr_w: 0 | csr_op: 00 | csr_addr: 000 | csr_wdata: 918ab1c3 | mscratch: 00000000
PC: 8001fc6c | Instr: d1852503 | rs1_d: 8005dc68 | rs2_d: 5bfddb7d | alu_res: 8005d980 | mem_w: 0 | reg_w: 1 | csr_w: 0 | csr_op: 00 | csr_addr: d18 | csr_wdata: 8005dc68 | mscratch: 00000000
PC: 8001fc70 | Instr: 00300593 | rs1_d: 00000000 | rs2_d: 800415ec | alu_res: 00000003 | mem_w: 0 | reg_w: 1 | csr_w: 0 | csr_op: 00 | csr_addr: 003 | csr_wdata: 00000000 | mscratch: 00000000
PC: 8001fc74 | Instr: 12b51a63 | rs1_d: 00000002 | rs2_d: 00000003 | alu_res: ffffffff | mem_w: 0 | reg_w: 0 | csr_w: 0 | csr_op: 00 | csr_addr: 12b | csr_wdata: 00000002 | mscratch: 00000000
PC: 8001fda8 | Instr: 00000013 | rs1_d: 00000000 | rs2_d: 00000000 | alu_res: 00000000 | mem_w: 0 | reg_w: 1 | csr_w: 0 | csr_op: 00 | csr_addr: 000 | csr_wdata: 00000000 | mscratch: 00000000
PC: 8001fdac | Instr: 00000013 | rs1_d: 00000000 | rs2_d: 00000000 | alu_res: 00000000 | mem_w: 0 | reg_w: 1 | csr_w: 0 | csr_op: 00 | csr_addr: 000 | csr_wdata: 00000000 | mscratch: 00000000
PC: 8001fdb0 | Instr: 00000013 | rs1_d: 00000000 | rs2_d: 00000000 | alu_res: 00000000 | mem_w: 0 | reg_w: 1 | csr_w: 0 | csr_op: 00 | csr_addr: 000 | csr_wdata: 00000000 | mscratch: 00000000
PC: 8001fdb4 | Instr: 00000013 | rs1_d: 00000000 | rs2_d: 00000000 | alu_res: 00000000 | mem_w: 0 | reg_w: 1 | csr_w: 0 | csr_op: 00 | csr_addr: 000 | csr_wdata: 00000000 | mscratch: 00000000
PC: 8001fdb8 | Instr: 00000013 | rs1_d: 00000000 | rs2_d: 00000000 | alu_res: 00000000 | mem_w: 0 | reg_w: 1 | csr_w: 0 | csr_op: 00 | csr_addr: 000 | csr_wdata: 00000000 | mscratch: 00000000
PC: 8001fdbc | Instr: 00000013 | rs1_d: 00000000 | rs2_d: 00000000 | alu_res: 00000000 | mem_w: 0 | reg_w: 1 | csr_w: 0 | csr_op: 00 | csr_addr: 000 | csr_wdata: 00000000 | mscratch: 00000000
PC: 8001fdc0 | Instr: 0003f517 | rs1_d: 918ab1c3 | rs2_d: 00000000 | alu_res: 8005edc0 | mem_w: 0 | reg_w: 1 | csr_w: 0 | csr_op: 00 | csr_addr: 000 | csr_wdata: 918ab1c3 | mscratch: 00000000
PC: 8001fdc4 | Instr: 88550513 | rs1_d: 8005edc0 | rs2_d: 8000deb0 | alu_res: 8005e645 | mem_w: 0 | reg_w: 1 | csr_w: 0 | csr_op: 00 | csr_addr: 885 | csr_wdata: 8005edc0 | mscratch: 00000000
PC: 8001fdc8 | Instr: 00000013 | rs1_d: 00000000 | rs2_d: 00000000 | alu_res: 00000000 | mem_w: 0 | reg_w: 1 | csr_w: 0 | csr_op: 00 | csr_addr: 000 | csr_wdata: 00000000 | mscratch: 00000000
PC: 8001fdcc | Instr: 00000013 | rs1_d: 00000000 | rs2_d: 00000000 | alu_res: 00000000 | mem_w: 0 | reg_w: 1 | csr_w: 0 | csr_op: 00 | csr_addr: 000 | csr_wdata: 00000000 | mscratch: 00000000
PC: 8001fdd0 | Instr: 00000013 | rs1_d: 00000000 | rs2_d: 00000000 | alu_res: 00000000 | mem_w: 0 | reg_w: 1 | csr_w: 0 | csr_op: 00 | csr_addr: 000 | csr_wdata: 00000000 | mscratch: 00000000
PC: 8001fdd4 | Instr: 00000013 | rs1_d: 00000000 | rs2_d: 00000000 | alu_res: 00000000 | mem_w: 0 | reg_w: 1 | csr_w: 0 | csr_op: 00 | csr_addr: 000 | csr_wdata: 00000000 | mscratch: 00000000
PC: 8001fdd8 | Instr: 00000013 | rs1_d: 00000000 | rs2_d: 00000000 | alu_res: 00000000 | mem_w: 0 | reg_w: 1 | csr_w: 0 | csr_op: 00 | csr_addr: 000 | csr_wdata: 00000000 | mscratch: 00000000
PC: 8001fddc | Instr: 00000013 | rs1_d: 00000000 | rs2_d: 00000000 | alu_res: 00000000 | mem_w: 0 | reg_w: 1 | csr_w: 0 | csr_op: 00 | csr_addr: 000 | csr_wdata: 00000000 | mscratch: 00000000
PC: 8001fde0 | Instr: 00000097 | rs1_d: 00000000 | rs2_d: 00000000 | alu_res: 8001fde0 | mem_w: 0 | reg_w: 1 | csr_w: 0 | csr_op: 00 | csr_addr: 000 | csr_wdata: 00000000 | mscratch: 00000000
PC: 8001fde4 | Instr: 304080e7 | rs1_d: 8001fde0 | rs2_d: 8005d980 | alu_res: 800200e4 | mem_w: 0 | reg_w: 1 | csr_w: 0 | csr_op: 00 | csr_addr: 304 | csr_wdata: 8001fde0 | mscratch: 00000000
PC: 800200e4 | Instr: 00008067 | rs1_d: 8001fde8 | rs2_d: 00000000 | alu_res: 8001fde8 | mem_w: 0 | reg_w: 1 | csr_w: 0 | csr_op: 00 | csr_addr: 000 | csr_wdata: 8001fde8 | mscratch: 00000000
PC: 8001fde8 | Instr: 00000097 | rs1_d: 00000000 | rs2_d: 00000000 | alu_res: 8001fde8 | mem_w: 0 | reg_w: 1 | csr_w: 0 | csr_op: 00 | csr_addr: 000 | csr_wdata: 00000000 | mscratch: 00000000
PC: 8001fdec | Instr: 31c080e7 | rs1_d: 8001fde8 | rs2_d: bfddb7d5 | alu_res: 80020104 | mem_w: 0 | reg_w: 1 | csr_w: 0 | csr_op: 00 | csr_addr: 31c | csr_wdata: 8001fde8 | mscratch: 00000000
PC: 80020104 | Instr: 00300093 | rs1_d: 00000000 | rs2_d: 800415ec | alu_res: 00000003 | mem_w: 0 | reg_w: 1 | csr_w: 0 | csr_op: 00 | csr_addr: 003 | csr_wdata: 00000000 | mscratch: 00000000
PC: 80020108 | Instr: 0004f297 | rs1_d: 00000003 | rs2_d: 00000000 | alu_res: 8006f108 | mem_w: 0 | reg_w: 1 | csr_w: 0 | csr_op: 00 | csr_addr: 000 | csr_wdata: 00000003 | mscratch: 00000000
PC: 8002010c | Instr: ff828293 | rs1_d: 8006f108 | rs2_d: 5bfddb7d | alu_res: 8006f100 | mem_w: 0 | reg_w: 1 | csr_w: 0 | csr_op: 00 | csr_addr: ff8 | csr_wdata: 8006f108 | mscratch: 00000000
--- TRACE END ---
