PC: 80000000 | Instr: 00003097 | rs1_d: 00000000 | rs2_d: 00000000 | alu_res: 80003000 | mem_w: 0 | reg_w: 1 | csr_w: 0 | csr_op: 00 | csr_addr: 000 | csr_wdata: 00000000 | mscratch: 00000000
PC: 80000004 | Instr: 66008093 | rs1_d: 80003000 | rs2_d: 00000000 | alu_res: 80003660 | mem_w: 0 | reg_w: 1 | csr_w: 0 | csr_op: 00 | csr_addr: 660 | csr_wdata: 80003000 | mscratch: 00000000
PC: 80000008 | Instr: 00000013 | rs1_d: 00000000 | rs2_d: 00000000 | alu_res: 00000000 | mem_w: 0 | reg_w: 1 | csr_w: 0 | csr_op: 00 | csr_addr: 000 | csr_wdata: 00000000 | mscratch: 00000000
PC: 8000000c | Instr: 00000013 | rs1_d: 00000000 | rs2_d: 00000000 | alu_res: 00000000 | mem_w: 0 | reg_w: 1 | csr_w: 0 | csr_op: 00 | csr_addr: 000 | csr_wdata: 00000000 | mscratch: 00000000
PC: 80000010 | Instr: 00000013 | rs1_d: 00000000 | rs2_d: 00000000 | alu_res: 00000000 | mem_w: 0 | reg_w: 1 | csr_w: 0 | csr_op: 00 | csr_addr: 000 | csr_wdata: 00000000 | mscratch: 00000000
PC: 80000014 | Instr: 00000013 | rs1_d: 00000000 | rs2_d: 00000000 | alu_res: 00000000 | mem_w: 0 | reg_w: 1 | csr_w: 0 | csr_op: 00 | csr_addr: 000 | csr_wdata: 00000000 | mscratch: 00000000
PC: 80000018 | Instr: 00000013 | rs1_d: 00000000 | rs2_d: 00000000 | alu_res: 00000000 | mem_w: 0 | reg_w: 1 | csr_w: 0 | csr_op: 00 | csr_addr: 000 | csr_wdata: 00000000 | mscratch: 00000000
PC: 8000001c | Instr: 00000013 | rs1_d: 00000000 | rs2_d: 00000000 | alu_res: 00000000 | mem_w: 0 | reg_w: 1 | csr_w: 0 | csr_op: 00 | csr_addr: 000 | csr_wdata: 00000000 | mscratch: 00000000
PC: 80000020 | Instr: 000080e7 | rs1_d: 80003660 | rs2_d: 00000000 | alu_res: 80003660 | mem_w: 0 | reg_w: 1 | csr_w: 0 | csr_op: 00 | csr_addr: 000 | csr_wdata: 80003660 | mscratch: 00000000
PC: 80003660 | Instr: 000062b7 | rs1_d: 00000000 | rs2_d: 00000000 | alu_res: 00006000 | mem_w: 0 | reg_w: 1 | csr_w: 0 | csr_op: 00 | csr_addr: 000 | csr_wdata: 00000000 | mscratch: 00000000
PC: 80003664 | Instr: 3002a073 | rs1_d: 00006000 | rs2_d: 00000000 | alu_res: 00006000 | mem_w: 0 | reg_w: 1 | csr_w: 1 | csr_op: 10 | csr_addr: 300 | csr_wdata: 00006000 | mscratch: 00000000
PC: 80003668 | Instr: 00301073 | rs1_d: 00000000 | rs2_d: 00000000 | alu_res: 00000000 | mem_w: 0 | reg_w: 1 | csr_w: 1 | csr_op: 01 | csr_addr: 003 | csr_wdata: 00000000 | mscratch: 00000000
PC: 8000366c | Instr: 7d5c0837 | rs1_d: 00000000 | rs2_d: 00000000 | alu_res: 7d5c0000 | mem_w: 0 | reg_w: 1 | csr_w: 0 | csr_op: 00 | csr_addr: 7d5 | csr_wdata: 00000000 | mscratch: 00000000
PC: 80003670 | Instr: ddb80813 | rs1_d: 7d5c0000 | rs2_d: 00000000 | alu_res: 7d5bfddb | mem_w: 0 | reg_w: 1 | csr_w: 0 | csr_op: 00 | csr_addr: ddb | csr_wdata: 7d5c0000 | mscratch: 00000000
PC: 80003674 | Instr: 01981793 | rs1_d: 7d5bfddb | rs2_d: 00000000 | alu_res: b6000000 | mem_w: 0 | reg_w: 1 | csr_w: 0 | csr_op: 00 | csr_addr: 019 | csr_wdata: 7d5bfddb | mscratch: 00000000
PC: 80003678 | Instr: 00785893 | rs1_d: 7d5bfddb | rs2_d: 00000000 | alu_res: 00fab7fb | mem_w: 0 | reg_w: 1 | csr_w: 0 | csr_op: 00 | csr_addr: 007 | csr_wdata: 7d5bfddb | mscratch: 00000000
PC: 8000367c | Instr: 00f8e8b3 | rs1_d: 00fab7fb | rs2_d: b6000000 | alu_res: b6fab7fb | mem_w: 0 | reg_w: 1 | csr_w: 0 | csr_op: 00 | csr_addr: 00f | csr_wdata: 00fab7fb | mscratch: 00000000
PC: 80003680 | Instr: 01989793 | rs1_d: b6fab7fb | rs2_d: 00000000 | alu_res: f6000000 | mem_w: 0 | reg_w: 1 | csr_w: 0 | csr_op: 00 | csr_addr: 019 | csr_wdata: b6fab7fb | mscratch: 00000000
PC: 80003684 | Instr: 0078d913 | rs1_d: b6fab7fb | rs2_d: 00000000 | alu_res: 016df56f | mem_w: 0 | reg_w: 1 | csr_w: 0 | csr_op: 00 | csr_addr: 007 | csr_wdata: b6fab7fb | mscratch: 00000000
PC: 80003688 | Instr: 00f96933 | rs1_d: 016df56f | rs2_d: f6000000 | alu_res: f76df56f | mem_w: 0 | reg_w: 1 | csr_w: 0 | csr_op: 00 | csr_addr: 00f | csr_wdata: 016df56f | mscratch: 00000000
PC: 8000368c | Instr: 01991793 | rs1_d: f76df56f | rs2_d: 00000000 | alu_res: de000000 | mem_w: 0 | reg_w: 1 | csr_w: 0 | csr_op: 00 | csr_addr: 019 | csr_wdata: f76df56f | mscratch: 00000000
PC: 80003690 | Instr: 00795993 | rs1_d: f76df56f | rs2_d: 00000000 | alu_res: 01eedbea | mem_w: 0 | reg_w: 1 | csr_w: 0 | csr_op: 00 | csr_addr: 007 | csr_wdata: f76df56f | mscratch: 00000000
PC: 80003694 | Instr: 00f9e9b3 | rs1_d: 01eedbea | rs2_d: de000000 | alu_res: dfeedbea | mem_w: 0 | reg_w: 1 | csr_w: 0 | csr_op: 00 | csr_addr: 00f | csr_wdata: 01eedbea | mscratch: 00000000
PC: 80003698 | Instr: 01999793 | rs1_d: dfeedbea | rs2_d: 00000000 | alu_res: d4000000 | mem_w: 0 | reg_w: 1 | csr_w: 0 | csr_op: 00 | csr_addr: 019 | csr_wdata: dfeedbea | mscratch: 00000000
PC: 8000369c | Instr: 0079da13 | rs1_d: dfeedbea | rs2_d: 00000000 | alu_res: 01bfddb7 | mem_w: 0 | reg_w: 1 | csr_w: 0 | csr_op: 00 | csr_addr: 007 | csr_wdata: dfeedbea | mscratch: 00000000
PC: 800036a0 | Instr: 00fa6a33 | rs1_d: 01bfddb7 | rs2_d: d4000000 | alu_res: d5bfddb7 | mem_w: 0 | reg_w: 1 | csr_w: 0 | csr_op: 00 | csr_addr: 00f | csr_wdata: 01bfddb7 | mscratch: 00000000
PC: 800036a4 | Instr: 019a1793 | rs1_d: d5bfddb7 | rs2_d: 00000000 | alu_res: 6e000000 | mem_w: 0 | reg_w: 1 | csr_w: 0 | csr_op: 00 | csr_addr: 019 | csr_wdata: d5bfddb7 | mscratch: 00000000
PC: 800036a8 | Instr: 007a5a93 | rs1_d: d5bfddb7 | rs2_d: 00000000 | alu_res: 01ab7fbb | mem_w: 0 | reg_w: 1 | csr_w: 0 | csr_op: 00 | csr_addr: 007 | csr_wdata: d5bfddb7 | mscratch: 00000000
PC: 800036ac | Instr: 00faeab3 | rs1_d: 01ab7fbb | rs2_d: 6e000000 | alu_res: 6fab7fbb | mem_w: 0 | reg_w: 1 | csr_w: 0 | csr_op: 00 | csr_addr: 00f | csr_wdata: 01ab7fbb | mscratch: 00000000
PC: 800036b0 | Instr: 019a9793 | rs1_d: 6fab7fbb | rs2_d: 00000000 | alu_res: 76000000 | mem_w: 0 | reg_w: 1 | csr_w: 0 | csr_op: 00 | csr_addr: 019 | csr_wdata: 6fab7fbb | mscratch: 00000000
PC: 800036b4 | Instr: 007adb13 | rs1_d: 6fab7fbb | rs2_d: 00000000 | alu_res: 00df56ff | mem_w: 0 | reg_w: 1 | csr_w: 0 | csr_op: 00 | csr_addr: 007 | csr_wdata: 6fab7fbb | mscratch: 00000000
PC: 800036b8 | Instr: 00fb6b33 | rs1_d: 00df56ff | rs2_d: 76000000 | alu_res: 76df56ff | mem_w: 0 | reg_w: 1 | csr_w: 0 | csr_op: 00 | csr_addr: 00f | csr_wdata: 00df56ff | mscratch: 00000000
PC: 800036bc | Instr: 019b1793 | rs1_d: 76df56ff | rs2_d: 00000000 | alu_res: fe000000 | mem_w: 0 | reg_w: 1 | csr_w: 0 | csr_op: 00 | csr_addr: 019 | csr_wdata: 76df56ff | mscratch: 00000000
PC: 800036c0 | Instr: 007b5b93 | rs1_d: 76df56ff | rs2_d: 00000000 | alu_res: 00edbead | mem_w: 0 | reg_w: 1 | csr_w: 0 | csr_op: 00 | csr_addr: 007 | csr_wdata: 76df56ff | mscratch: 00000000
PC: 800036c4 | Instr: 00fbebb3 | rs1_d: 00edbead | rs2_d: fe000000 | alu_res: feedbead | mem_w: 0 | reg_w: 1 | csr_w: 0 | csr_op: 00 | csr_addr: 00f | csr_wdata: 00edbead | mscratch: 00000000
PC: 800036c8 | Instr: 019b9793 | rs1_d: feedbead | rs2_d: 00000000 | alu_res: 5a000000 | mem_w: 0 | reg_w: 1 | csr_w: 0 | csr_op: 00 | csr_addr: 019 | csr_wdata: feedbead | mscratch: 00000000
PC: 800036cc | Instr: 007bdc13 | rs1_d: feedbead | rs2_d: 00000000 | alu_res: 01fddb7d | mem_w: 0 | reg_w: 1 | csr_w: 0 | csr_op: 00 | csr_addr: 007 | csr_wdata: feedbead | mscratch: 00000000
PC: 800036d0 | Instr: 00fc6c33 | rs1_d: 01fddb7d | rs2_d: 5a000000 | alu_res: 5bfddb7d | mem_w: 0 | reg_w: 1 | csr_w: 0 | csr_op: 00 | csr_addr: 00f | csr_wdata: 01fddb7d | mscratch: 00000000
PC: 800036d4 | Instr: 019c1793 | rs1_d: 5bfddb7d | rs2_d: 00000000 | alu_res: fa000000 | mem_w: 0 | reg_w: 1 | csr_w: 0 | csr_op: 00 | csr_addr: 019 | csr_wdata: 5bfddb7d | mscratch: 00000000
PC: 800036d8 | Instr: 007c5c93 | rs1_d: 5bfddb7d | rs2_d: 00000000 | alu_res: 00b7fbb6 | mem_w: 0 | reg_w: 1 | csr_w: 0 | csr_op: 00 | csr_addr: 007 | csr_wdata: 5bfddb7d | mscratch: 00000000
PC: 800036dc | Instr: 00fcecb3 | rs1_d: 00b7fbb6 | rs2_d: fa000000 | alu_res: fab7fbb6 | mem_w: 0 | reg_w: 1 | csr_w: 0 | csr_op: 00 | csr_addr: 00f | csr_wdata: 00b7fbb6 | mscratch: 00000000
PC: 800036e0 | Instr: 019c9793 | rs1_d: fab7fbb6 | rs2_d: fab7fbb6 | alu_res: 6c000000 | mem_w: 0 | reg_w: 1 | csr_w: 0 | csr_op: 00 | csr_addr: 019 | csr_wdata: fab7fbb6 | mscratch: 00000000
PC: 800036e4 | Instr: 007cdd13 | rs1_d: fab7fbb6 | rs2_d: 00000000 | alu_res: 01f56ff7 | mem_w: 0 | reg_w: 1 | csr_w: 0 | csr_op: 00 | csr_addr: 007 | csr_wdata: fab7fbb6 | mscratch: 00000000
PC: 800036e8 | Instr: 00fd6d33 | rs1_d: 01f56ff7 | rs2_d: 6c000000 | alu_res: 6df56ff7 | mem_w: 0 | reg_w: 1 | csr_w: 0 | csr_op: 00 | csr_addr: 00f | csr_wdata: 01f56ff7 | mscratch: 00000000
PC: 800036ec | Instr: 019d1793 | rs1_d: 6df56ff7 | rs2_d: fab7fbb6 | alu_res: ee000000 | mem_w: 0 | reg_w: 1 | csr_w: 0 | csr_op: 00 | csr_addr: 019 | csr_wdata: 6df56ff7 | mscratch: 00000000
PC: 800036f0 | Instr: 007d5d93 | rs1_d: 6df56ff7 | rs2_d: 00000000 | alu_res: 00dbeadf | mem_w: 0 | reg_w: 1 | csr_w: 0 | csr_op: 00 | csr_addr: 007 | csr_wdata: 6df56ff7 | mscratch: 00000000
PC: 800036f4 | Instr: 00fdedb3 | rs1_d: 00dbeadf | rs2_d: ee000000 | alu_res: eedbeadf | mem_w: 0 | reg_w: 1 | csr_w: 0 | csr_op: 00 | csr_addr: 00f | csr_wdata: 00dbeadf | mscratch: 00000000
PC: 800036f8 | Instr: 019d9793 | rs1_d: eedbeadf | rs2_d: fab7fbb6 | alu_res: be000000 | mem_w: 0 | reg_w: 1 | csr_w: 0 | csr_op: 00 | csr_addr: 019 | csr_wdata: eedbeadf | mscratch: 00000000
PC: 800036fc | Instr: 007dde13 | rs1_d: eedbeadf | rs2_d: 00000000 | alu_res: 01ddb7d5 | mem_w: 0 | reg_w: 1 | csr_w: 0 | csr_op: 00 | csr_addr: 007 | csr_wdata: eedbeadf | mscratch: 00000000
PC: 80003700 | Instr: 00fe6e33 | rs1_d: 01ddb7d5 | rs2_d: be000000 | alu_res: bfddb7d5 | mem_w: 0 | reg_w: 1 | csr_w: 0 | csr_op: 00 | csr_addr: 00f | csr_wdata: 01ddb7d5 | mscratch: 00000000
PC: 80003704 | Instr: 019e1793 | rs1_d: bfddb7d5 | rs2_d: fab7fbb6 | alu_res: aa000000 | mem_w: 0 | reg_w: 1 | csr_w: 0 | csr_op: 00 | csr_addr: 019 | csr_wdata: bfddb7d5 | mscratch: 00000000
PC: 80003708 | Instr: 007e5e93 | rs1_d: bfddb7d5 | rs2_d: 00000000 | alu_res: 017fbb6f | mem_w: 0 | reg_w: 1 | csr_w: 0 | csr_op: 00 | csr_addr: 007 | csr_wdata: bfddb7d5 | mscratch: 00000000
PC: 8000370c | Instr: 00feeeb3 | rs1_d: 017fbb6f | rs2_d: aa000000 | alu_res: ab7fbb6f | mem_w: 0 | reg_w: 1 | csr_w: 0 | csr_op: 00 | csr_addr: 00f | csr_wdata: 017fbb6f | mscratch: 00000000
PC: 80003710 | Instr: 019e9793 | rs1_d: ab7fbb6f | rs2_d: fab7fbb6 | alu_res: de000000 | mem_w: 0 | reg_w: 1 | csr_w: 0 | csr_op: 00 | csr_addr: 019 | csr_wdata: ab7fbb6f | mscratch: 00000000
PC: 80003714 | Instr: 007edf13 | rs1_d: ab7fbb6f | rs2_d: 00000000 | alu_res: 0156ff76 | mem_w: 0 | reg_w: 1 | csr_w: 0 | csr_op: 00 | csr_addr: 007 | csr_wdata: ab7fbb6f | mscratch: 00000000
PC: 80003718 | Instr: 00ff6f33 | rs1_d: 0156ff76 | rs2_d: de000000 | alu_res: df56ff76 | mem_w: 0 | reg_w: 1 | csr_w: 0 | csr_op: 00 | csr_addr: 00f | csr_wdata: 0156ff76 | mscratch: 00000000
PC: 8000371c | Instr: 019f1793 | rs1_d: df56ff76 | rs2_d: fab7fbb6 | alu_res: ec000000 | mem_w: 0 | reg_w: 1 | csr_w: 0 | csr_op: 00 | csr_addr: 019 | csr_wdata: df56ff76 | mscratch: 00000000
PC: 80003720 | Instr: 007f5f93 | rs1_d: df56ff76 | rs2_d: 00000000 | alu_res: 01beadfe | mem_w: 0 | reg_w: 1 | csr_w: 0 | csr_op: 00 | csr_addr: 007 | csr_wdata: df56ff76 | mscratch: 00000000
PC: 80003724 | Instr: 00ffefb3 | rs1_d: 01beadfe | rs2_d: ec000000 | alu_res: edbeadfe | mem_w: 0 | reg_w: 1 | csr_w: 0 | csr_op: 00 | csr_addr: 00f | csr_wdata: 01beadfe | mscratch: 00000000
PC: 80003728 | Instr: feedc0b7 | rs1_d: eedbeadf | rs2_d: 00000000 | alu_res: feedc000 | mem_w: 0 | reg_w: 1 | csr_w: 0 | csr_op: 00 | csr_addr: fee | csr_wdata: eedbeadf | mscratch: 00000000
PC: 8000372c | Instr: ead08093 | rs1_d: feedc000 | rs2_d: 00000000 | alu_res: feedbead | mem_w: 0 | reg_w: 1 | csr_w: 0 | csr_op: 00 | csr_addr: ead | csr_wdata: feedc000 | mscratch: 00000000
PC: 80003730 | Instr: 01909793 | rs1_d: feedbead | rs2_d: fab7fbb6 | alu_res: 5a000000 | mem_w: 0 | reg_w: 1 | csr_w: 0 | csr_op: 00 | csr_addr: 019 | csr_wdata: feedbead | mscratch: 00000000
PC: 80003734 | Instr: 0070d113 | rs1_d: feedbead | rs2_d: 00000000 | alu_res: 01fddb7d | mem_w: 0 | reg_w: 1 | csr_w: 0 | csr_op: 00 | csr_addr: 007 | csr_wdata: feedbead | mscratch: 00000000
PC: 80003738 | Instr: 00f16133 | rs1_d: 01fddb7d | rs2_d: 5a000000 | alu_res: 5bfddb7d | mem_w: 0 | reg_w: 1 | csr_w: 0 | csr_op: 00 | csr_addr: 00f | csr_wdata: 01fddb7d | mscratch: 00000000
PC: 8000373c | Instr: 01911793 | rs1_d: 5bfddb7d | rs2_d: fab7fbb6 | alu_res: fa000000 | mem_w: 0 | reg_w: 1 | csr_w: 0 | csr_op: 00 | csr_addr: 019 | csr_wdata: 5bfddb7d | mscratch: 00000000
PC: 80003740 | Instr: 00715193 | rs1_d: 5bfddb7d | rs2_d: 00000000 | alu_res: 00b7fbb6 | mem_w: 0 | reg_w: 1 | csr_w: 0 | csr_op: 00 | csr_addr: 007 | csr_wdata: 5bfddb7d | mscratch: 00000000
PC: 80003744 | Instr: 00f1e1b3 | rs1_d: 00b7fbb6 | rs2_d: fa000000 | alu_res: fab7fbb6 | mem_w: 0 | reg_w: 1 | csr_w: 0 | csr_op: 00 | csr_addr: 00f | csr_wdata: 00b7fbb6 | mscratch: 00000000
PC: 80003748 | Instr: 01919793 | rs1_d: fab7fbb6 | rs2_d: fab7fbb6 | alu_res: 6c000000 | mem_w: 0 | reg_w: 1 | csr_w: 0 | csr_op: 00 | csr_addr: 019 | csr_wdata: fab7fbb6 | mscratch: 00000000
PC: 8000374c | Instr: 0071d213 | rs1_d: fab7fbb6 | rs2_d: 00000000 | alu_res: 01f56ff7 | mem_w: 0 | reg_w: 1 | csr_w: 0 | csr_op: 00 | csr_addr: 007 | csr_wdata: fab7fbb6 | mscratch: 00000000
PC: 80003750 | Instr: 00f26233 | rs1_d: 01f56ff7 | rs2_d: 6c000000 | alu_res: 6df56ff7 | mem_w: 0 | reg_w: 1 | csr_w: 0 | csr_op: 00 | csr_addr: 00f | csr_wdata: 01f56ff7 | mscratch: 00000000
PC: 80003754 | Instr: 01921793 | rs1_d: 6df56ff7 | rs2_d: fab7fbb6 | alu_res: ee000000 | mem_w: 0 | reg_w: 1 | csr_w: 0 | csr_op: 00 | csr_addr: 019 | csr_wdata: 6df56ff7 | mscratch: 00000000
PC: 80003758 | Instr: 00725293 | rs1_d: 6df56ff7 | rs2_d: 00000000 | alu_res: 00dbeadf | mem_w: 0 | reg_w: 1 | csr_w: 0 | csr_op: 00 | csr_addr: 007 | csr_wdata: 6df56ff7 | mscratch: 00000000
PC: 8000375c | Instr: 00f2e2b3 | rs1_d: 00dbeadf | rs2_d: ee000000 | alu_res: eedbeadf | mem_w: 0 | reg_w: 1 | csr_w: 0 | csr_op: 00 | csr_addr: 00f | csr_wdata: 00dbeadf | mscratch: 00000000
PC: 80003760 | Instr: 01929793 | rs1_d: eedbeadf | rs2_d: fab7fbb6 | alu_res: be000000 | mem_w: 0 | reg_w: 1 | csr_w: 0 | csr_op: 00 | csr_addr: 019 | csr_wdata: eedbeadf | mscratch: 00000000
PC: 80003764 | Instr: 0072d313 | rs1_d: eedbeadf | rs2_d: 00000000 | alu_res: 01ddb7d5 | mem_w: 0 | reg_w: 1 | csr_w: 0 | csr_op: 00 | csr_addr: 007 | csr_wdata: eedbeadf | mscratch: 00000000
PC: 80003768 | Instr: 00f36333 | rs1_d: 01ddb7d5 | rs2_d: be000000 | alu_res: bfddb7d5 | mem_w: 0 | reg_w: 1 | csr_w: 0 | csr_op: 00 | csr_addr: 00f | csr_wdata: 01ddb7d5 | mscratch: 00000000
PC: 8000376c | Instr: 01931793 | rs1_d: bfddb7d5 | rs2_d: fab7fbb6 | alu_res: aa000000 | mem_w: 0 | reg_w: 1 | csr_w: 0 | csr_op: 00 | csr_addr: 019 | csr_wdata: bfddb7d5 | mscratch: 00000000
PC: 80003770 | Instr: 00735393 | rs1_d: bfddb7d5 | rs2_d: 00000000 | alu_res: 017fbb6f | mem_w: 0 | reg_w: 1 | csr_w: 0 | csr_op: 00 | csr_addr: 007 | csr_wdata: bfddb7d5 | mscratch: 00000000
PC: 80003774 | Instr: 00f3e3b3 | rs1_d: 017fbb6f | rs2_d: aa000000 | alu_res: ab7fbb6f | mem_w: 0 | reg_w: 1 | csr_w: 0 | csr_op: 00 | csr_addr: 00f | csr_wdata: 017fbb6f | mscratch: 00000000
PC: 80003778 | Instr: 01939793 | rs1_d: ab7fbb6f | rs2_d: fab7fbb6 | alu_res: de000000 | mem_w: 0 | reg_w: 1 | csr_w: 0 | csr_op: 00 | csr_addr: 019 | csr_wdata: ab7fbb6f | mscratch: 00000000
PC: 8000377c | Instr: 0073d413 | rs1_d: ab7fbb6f | rs2_d: ab7fbb6f | alu_res: 0156ff76 | mem_w: 0 | reg_w: 1 | csr_w: 0 | csr_op: 00 | csr_addr: 007 | csr_wdata: ab7fbb6f | mscratch: 00000000
PC: 80003780 | Instr: 00f46433 | rs1_d: 0156ff76 | rs2_d: de000000 | alu_res: df56ff76 | mem_w: 0 | reg_w: 1 | csr_w: 0 | csr_op: 00 | csr_addr: 00f | csr_wdata: 0156ff76 | mscratch: 00000000
PC: 80003784 | Instr: 01941793 | rs1_d: df56ff76 | rs2_d: fab7fbb6 | alu_res: ec000000 | mem_w: 0 | reg_w: 1 | csr_w: 0 | csr_op: 00 | csr_addr: 019 | csr_wdata: df56ff76 | mscratch: 00000000
PC: 80003788 | Instr: 00745493 | rs1_d: df56ff76 | rs2_d: ab7fbb6f | alu_res: 01beadfe | mem_w: 0 | reg_w: 1 | csr_w: 0 | csr_op: 00 | csr_addr: 007 | csr_wdata: df56ff76 | mscratch: 00000000
PC: 8000378c | Instr: 00f4e4b3 | rs1_d: 01beadfe | rs2_d: ec000000 | alu_res: edbeadfe | mem_w: 0 | reg_w: 1 | csr_w: 0 | csr_op: 00 | csr_addr: 00f | csr_wdata: 01beadfe | mscratch: 00000000
PC: 80003790 | Instr: 01949793 | rs1_d: edbeadfe | rs2_d: fab7fbb6 | alu_res: fc000000 | mem_w: 0 | reg_w: 1 | csr_w: 0 | csr_op: 00 | csr_addr: 019 | csr_wdata: edbeadfe | mscratch: 00000000
PC: 80003794 | Instr: 0074d513 | rs1_d: edbeadfe | rs2_d: ab7fbb6f | alu_res: 01db7d5b | mem_w: 0 | reg_w: 1 | csr_w: 0 | csr_op: 00 | csr_addr: 007 | csr_wdata: edbeadfe | mscratch: 00000000
PC: 80003798 | Instr: 00f56533 | rs1_d: 01db7d5b | rs2_d: fc000000 | alu_res: fddb7d5b | mem_w: 0 | reg_w: 1 | csr_w: 0 | csr_op: 00 | csr_addr: 00f | csr_wdata: 01db7d5b | mscratch: 00000000
PC: 8000379c | Instr: 01951793 | rs1_d: fddb7d5b | rs2_d: fab7fbb6 | alu_res: b6000000 | mem_w: 0 | reg_w: 1 | csr_w: 0 | csr_op: 00 | csr_addr: 019 | csr_wdata: fddb7d5b | mscratch: 00000000
PC: 800037a0 | Instr: 00755593 | rs1_d: fddb7d5b | rs2_d: ab7fbb6f | alu_res: 01fbb6fa | mem_w: 0 | reg_w: 1 | csr_w: 0 | csr_op: 00 | csr_addr: 007 | csr_wdata: fddb7d5b | mscratch: 00000000
PC: 800037a4 | Instr: 00f5e5b3 | rs1_d: 01fbb6fa | rs2_d: b6000000 | alu_res: b7fbb6fa | mem_w: 0 | reg_w: 1 | csr_w: 0 | csr_op: 00 | csr_addr: 00f | csr_wdata: 01fbb6fa | mscratch: 00000000
PC: 800037a8 | Instr: 01959793 | rs1_d: b7fbb6fa | rs2_d: fab7fbb6 | alu_res: f4000000 | mem_w: 0 | reg_w: 1 | csr_w: 0 | csr_op: 00 | csr_addr: 019 | csr_wdata: b7fbb6fa | mscratch: 00000000
PC: 800037ac | Instr: 0075d613 | rs1_d: b7fbb6fa | rs2_d: ab7fbb6f | alu_res: 016ff76d | mem_w: 0 | reg_w: 1 | csr_w: 0 | csr_op: 00 | csr_addr: 007 | csr_wdata: b7fbb6fa | mscratch: 00000000
PC: 800037b0 | Instr: 00f66633 | rs1_d: 016ff76d | rs2_d: f4000000 | alu_res: f56ff76d | mem_w: 0 | reg_w: 1 | csr_w: 0 | csr_op: 00 | csr_addr: 00f | csr_wdata: 016ff76d | mscratch: 00000000
PC: 800037b4 | Instr: 01961793 | rs1_d: f56ff76d | rs2_d: fab7fbb6 | alu_res: da000000 | mem_w: 0 | reg_w: 1 | csr_w: 0 | csr_op: 00 | csr_addr: 019 | csr_wdata: f56ff76d | mscratch: 00000000
PC: 800037b8 | Instr: 00765693 | rs1_d: f56ff76d | rs2_d: ab7fbb6f | alu_res: 01eadfee | mem_w: 0 | reg_w: 1 | csr_w: 0 | csr_op: 00 | csr_addr: 007 | csr_wdata: f56ff76d | mscratch: 00000000
PC: 800037bc | Instr: 00f6e6b3 | rs1_d: 01eadfee | rs2_d: da000000 | alu_res: dbeadfee | mem_w: 0 | reg_w: 1 | csr_w: 0 | csr_op: 00 | csr_addr: 00f | csr_wdata: 01eadfee | mscratch: 00000000
PC: 800037c0 | Instr: 01969793 | rs1_d: dbeadfee | rs2_d: fab7fbb6 | alu_res: dc000000 | mem_w: 0 | reg_w: 1 | csr_w: 0 | csr_op: 00 | csr_addr: 019 | csr_wdata: dbeadfee | mscratch: 00000000
PC: 800037c4 | Instr: 0076d713 | rs1_d: dbeadfee | rs2_d: ab7fbb6f | alu_res: 01b7d5bf | mem_w: 0 | reg_w: 1 | csr_w: 0 | csr_op: 00 | csr_addr: 007 | csr_wdata: dbeadfee | mscratch: 00000000
PC: 800037c8 | Instr: 00f76733 | rs1_d: 01b7d5bf | rs2_d: dc000000 | alu_res: ddb7d5bf | mem_w: 0 | reg_w: 1 | csr_w: 0 | csr_op: 00 | csr_addr: 00f | csr_wdata: 01b7d5bf | mscratch: 00000000
PC: 800037cc | Instr: fab807b7 | rs1_d: 7d5bfddb | rs2_d: b7fbb6fa | alu_res: fab80000 | mem_w: 0 | reg_w: 1 | csr_w: 0 | csr_op: 00 | csr_addr: fab | csr_wdata: 7d5bfddb | mscratch: 00000000
PC: 800037d0 | Instr: bb678793 | rs1_d: fab80000 | rs2_d: 76df56ff | alu_res: fab7fbb6 | mem_w: 0 | reg_w: 1 | csr_w: 0 | csr_op: 00 | csr_addr: bb6 | csr_wdata: fab80000 | mscratch: 00000000
PC: 800037d4 | Instr: 00000013 | rs1_d: 00000000 | rs2_d: 00000000 | alu_res: 00000000 | mem_w: 0 | reg_w: 1 | csr_w: 0 | csr_op: 00 | csr_addr: 000 | csr_wdata: 00000000 | mscratch: 00000000
PC: 800037d8 | Instr: 00000013 | rs1_d: 00000000 | rs2_d: 00000000 | alu_res: 00000000 | mem_w: 0 | reg_w: 1 | csr_w: 0 | csr_op: 00 | csr_addr: 000 | csr_wdata: 00000000 | mscratch: 00000000
PC: 800037dc | Instr: 00000013 | rs1_d: 00000000 | rs2_d: 00000000 | alu_res: 00000000 | mem_w: 0 | reg_w: 1 | csr_w: 0 | csr_op: 00 | csr_addr: 000 | csr_wdata: 00000000 | mscratch: 00000000
PC: 800037e0 | Instr: 0003f117 | rs1_d: ab7fbb6f | rs2_d: 00000000 | alu_res: 800427e0 | mem_w: 0 | reg_w: 1 | csr_w: 0 | csr_op: 00 | csr_addr: 000 | csr_wdata: ab7fbb6f | mscratch: 00000000
PC: 800037e4 | Instr: 9d010113 | rs1_d: 800427e0 | rs2_d: 7d5bfddb | alu_res: 800421b0 | mem_w: 0 | reg_w: 1 | csr_w: 0 | csr_op: 00 | csr_addr: 9d0 | csr_wdata: 800427e0 | mscratch: 00000000
PC: 800037e8 | Instr: 00000013 | rs1_d: 00000000 | rs2_d: 00000000 | alu_res: 00000000 | mem_w: 0 | reg_w: 1 | csr_w: 0 | csr_op: 00 | csr_addr: 000 | csr_wdata: 00000000 | mscratch: 00000000
PC: 800037ec | Instr: 00000013 | rs1_d: 00000000 | rs2_d: 00000000 | alu_res: 00000000 | mem_w: 0 | reg_w: 1 | csr_w: 0 | csr_op: 00 | csr_addr: 000 | csr_wdata: 00000000 | mscratch: 00000000
PC: 800037f0 | Instr: 00000013 | rs1_d: 00000000 | rs2_d: 00000000 | alu_res: 00000000 | mem_w: 0 | reg_w: 1 | csr_w: 0 | csr_op: 00 | csr_addr: 000 | csr_wdata: 00000000 | mscratch: 00000000
PC: 800037f4 | Instr: 00000013 | rs1_d: 00000000 | rs2_d: 00000000 | alu_res: 00000000 | mem_w: 0 | reg_w: 1 | csr_w: 0 | csr_op: 00 | csr_addr: 000 | csr_wdata: 00000000 | mscratch: 00000000
PC: 800037f8 | Instr: 00000013 | rs1_d: 00000000 | rs2_d: 00000000 | alu_res: 00000000 | mem_w: 0 | reg_w: 1 | csr_w: 0 | csr_op: 00 | csr_addr: 000 | csr_wdata: 00000000 | mscratch: 00000000
PC: 800037fc | Instr: 00000013 | rs1_d: 00000000 | rs2_d: 00000000 | alu_res: 00000000 | mem_w: 0 | reg_w: 1 | csr_w: 0 | csr_op: 00 | csr_addr: 000 | csr_wdata: 00000000 | mscratch: 00000000
PC: 80003800 | Instr: 6f5ca337 | rs1_d: fab7fbb6 | rs2_d: 6fab7fbb | alu_res: 6f5ca000 | mem_w: 0 | reg_w: 1 | csr_w: 0 | csr_op: 00 | csr_addr: 6f5 | csr_wdata: fab7fbb6 | mscratch: 00000000
PC: 80003804 | Instr: 30930313 | rs1_d: 6f5ca000 | rs2_d: edbeadfe | alu_res: 6f5ca309 | mem_w: 0 | reg_w: 1 | csr_w: 0 | csr_op: 00 | csr_addr: 309 | csr_wdata: 6f5ca000 | mscratch: 00000000
PC: 80003808 | Instr: 00410113 | rs1_d: 800421b0 | rs2_d: 6df56ff7 | alu_res: 800421b4 | mem_w: 0 | reg_w: 1 | csr_w: 0 | csr_op: 00 | csr_addr: 004 | csr_wdata: 800421b0 | mscratch: 00000000
PC: 8000380c | Instr: 00000013 | rs1_d: 00000000 | rs2_d: 00000000 | alu_res: 00000000 | mem_w: 0 | reg_w: 1 | csr_w: 0 | csr_op: 00 | csr_addr: 000 | csr_wdata: 00000000 | mscratch: 00000000
PC: 80003810 | Instr: 00000013 | rs1_d: 00000000 | rs2_d: 00000000 | alu_res: 00000000 | mem_w: 0 | reg_w: 1 | csr_w: 0 | csr_op: 00 | csr_addr: 000 | csr_wdata: 00000000 | mscratch: 00000000
PC: 80003814 | Instr: 00000013 | rs1_d: 00000000 | rs2_d: 00000000 | alu_res: 00000000 | mem_w: 0 | reg_w: 1 | csr_w: 0 | csr_op: 00 | csr_addr: 000 | csr_wdata: 00000000 | mscratch: 00000000
PC: 80003818 | Instr: 00000013 | rs1_d: 00000000 | rs2_d: 00000000 | alu_res: 00000000 | mem_w: 0 | reg_w: 1 | csr_w: 0 | csr_op: 00 | csr_addr: 000 | csr_wdata: 00000000 | mscratch: 00000000
PC: 8000381c | Instr: 00000013 | rs1_d: 00000000 | rs2_d: 00000000 | alu_res: 00000000 | mem_w: 0 | reg_w: 1 | csr_w: 0 | csr_op: 00 | csr_addr: 000 | csr_wdata: 00000000 | mscratch: 00000000
PC: 80003820 | Instr: 0003d197 | rs1_d: ab7fbb6f | rs2_d: 00000000 | alu_res: 80040820 | mem_w: 0 | reg_w: 1 | csr_w: 0 | csr_op: 00 | csr_addr: 000 | csr_wdata: ab7fbb6f | mscratch: 00000000
PC: 80003824 | Instr: 8f018193 | rs1_d: 80040820 | rs2_d: 7d5bfddb | alu_res: 80040110 | mem_w: 0 | reg_w: 1 | csr_w: 0 | csr_op: 00 | csr_addr: 8f0 | csr_wdata: 80040820 | mscratch: 00000000
PC: 80003828 | Instr: 00000013 | rs1_d: 00000000 | rs2_d: 00000000 | alu_res: 00000000 | mem_w: 0 | reg_w: 1 | csr_w: 0 | csr_op: 00 | csr_addr: 000 | csr_wdata: 00000000 | mscratch: 00000000
PC: 8000382c | Instr: 00000013 | rs1_d: 00000000 | rs2_d: 00000000 | alu_res: 00000000 | mem_w: 0 | reg_w: 1 | csr_w: 0 | csr_op: 00 | csr_addr: 000 | csr_wdata: 00000000 | mscratch: 00000000
PC: 80003830 | Instr: 00000013 | rs1_d: 00000000 | rs2_d: 00000000 | alu_res: 00000000 | mem_w: 0 | reg_w: 1 | csr_w: 0 | csr_op: 00 | csr_addr: 000 | csr_wdata: 00000000 | mscratch: 00000000
PC: 80003834 | Instr: 00000013 | rs1_d: 00000000 | rs2_d: 00000000 | alu_res: 00000000 | mem_w: 0 | reg_w: 1 | csr_w: 0 | csr_op: 00 | csr_addr: 000 | csr_wdata: 00000000 | mscratch: 00000000
PC: 80003838 | Instr: 00000013 | rs1_d: 00000000 | rs2_d: 00000000 | alu_res: 00000000 | mem_w: 0 | reg_w: 1 | csr_w: 0 | csr_op: 00 | csr_addr: 000 | csr_wdata: 00000000 | mscratch: 00000000
PC: 8000383c | Instr: 00000013 | rs1_d: 00000000 | rs2_d: 00000000 | alu_res: 00000000 | mem_w: 0 | reg_w: 1 | csr_w: 0 | csr_op: 00 | csr_addr: 000 | csr_wdata: 00000000 | mscratch: 00000000
PC: 80003840 | Instr: ffffd317 | rs1_d: edbeadfe | rs2_d: edbeadfe | alu_res: 80000840 | mem_w: 0 | reg_w: 1 | csr_w: 0 | csr_op: 00 | csr_addr: fff | csr_wdata: edbeadfe | mscratch: 00000000
PC: 80003844 | Instr: 80030313 | rs1_d: 80000840 | rs2_d: 00000000 | alu_res: 80000040 | mem_w: 0 | reg_w: 1 | csr_w: 0 | csr_op: 00 | csr_addr: 800 | csr_wdata: 80000840 | mscratch: 00000000
PC: 80003848 | Instr: 00000013 | rs1_d: 00000000 | rs2_d: 00000000 | alu_res: 00000000 | mem_w: 0 | reg_w: 1 | csr_w: 0 | csr_op: 00 | csr_addr: 000 | csr_wdata: 00000000 | mscratch: 00000000
PC: 8000384c | Instr: 00000013 | rs1_d: 00000000 | rs2_d: 00000000 | alu_res: 00000000 | mem_w: 0 | reg_w: 1 | csr_w: 0 | csr_op: 00 | csr_addr: 000 | csr_wdata: 00000000 | mscratch: 00000000
PC: 80003850 | Instr: 00000013 | rs1_d: 00000000 | rs2_d: 00000000 | alu_res: 00000000 | mem_w: 0 | reg_w: 1 | csr_w: 0 | csr_op: 00 | csr_addr: 000 | csr_wdata: 00000000 | mscratch: 00000000
PC: 80003854 | Instr: 00000013 | rs1_d: 00000000 | rs2_d: 00000000 | alu_res: 00000000 | mem_w: 0 | reg_w: 1 | csr_w: 0 | csr_op: 00 | csr_addr: 000 | csr_wdata: 00000000 | mscratch: 00000000
PC: 80003858 | Instr: 00000013 | rs1_d: 00000000 | rs2_d: 00000000 | alu_res: 00000000 | mem_w: 0 | reg_w: 1 | csr_w: 0 | csr_op: 00 | csr_addr: 000 | csr_wdata: 00000000 | mscratch: 00000000
PC: 8000385c | Instr: 00000013 | rs1_d: 00000000 | rs2_d: 00000000 | alu_res: 00000000 | mem_w: 0 | reg_w: 1 | csr_w: 0 | csr_op: 00 | csr_addr: 000 | csr_wdata: 00000000 | mscratch: 00000000
PC: 80003860 | Instr: 00030067 | rs1_d: 80000040 | rs2_d: 00000000 | alu_res: 80000040 | mem_w: 0 | reg_w: 1 | csr_w: 0 | csr_op: 00 | csr_addr: 000 | csr_wdata: 80000040 | mscratch: 00000000
PC: 80000040 | Instr: 0001a003 | rs1_d: 80040110 | rs2_d: 00000000 | alu_res: 80040110 | mem_w: 0 | reg_w: 1 | csr_w: 0 | csr_op: 00 | csr_addr: 000 | csr_wdata: 80040110 | mscratch: 00000000
PC: 80000044 | Instr: 00418193 | rs1_d: 80040110 | rs2_d: 6df56ff7 | alu_res: 80040114 | mem_w: 0 | reg_w: 1 | csr_w: 0 | csr_op: 00 | csr_addr: 004 | csr_wdata: 80040110 | mscratch: 00000000
PC: 80000048 | Instr: 00105073 | rs1_d: 00000000 | rs2_d: feedbead | alu_res: feedbead | mem_w: 0 | reg_w: 1 | csr_w: 1 | csr_op: 01 | csr_addr: 001 | csr_wdata: 00000000 | mscratch: 00000000
PC: 8000004c | Instr: d00072d3 | rs1_d: 00000000 | rs2_d: 00000000 | alu_res: 00000000 | mem_w: 0 | reg_w: 0 | csr_w: 0 | csr_op: 00 | csr_addr: d00 | csr_wdata: 00000000 | mscratch: 00000000
PC: 80000050 | Instr: 00000013 | rs1_d: 00000000 | rs2_d: 00000000 | alu_res: 00000000 | mem_w: 0 | reg_w: 1 | csr_w: 0 | csr_op: 00 | csr_addr: 000 | csr_wdata: 00000000 | mscratch: 00000000
PC: 80000054 | Instr: 00000013 | rs1_d: 00000000 | rs2_d: 00000000 | alu_res: 00000000 | mem_w: 0 | reg_w: 1 | csr_w: 0 | csr_op: 00 | csr_addr: 000 | csr_wdata: 00000000 | mscratch: 00000000
PC: 80000058 | Instr: 00000013 | rs1_d: 00000000 | rs2_d: 00000000 | alu_res: 00000000 | mem_w: 0 | reg_w: 1 | csr_w: 0 | csr_op: 00 | csr_addr: 000 | csr_wdata: 00000000 | mscratch: 00000000
PC: 8000005c | Instr: 00000013 | rs1_d: 00000000 | rs2_d: 00000000 | alu_res: 00000000 | mem_w: 0 | reg_w: 1 | csr_w: 0 | csr_op: 00 | csr_addr: 000 | csr_wdata: 00000000 | mscratch: 00000000
PC: 80000060 | Instr: 00040297 | rs1_d: df56ff76 | rs2_d: 00000000 | alu_res: 80040060 | mem_w: 0 | reg_w: 1 | csr_w: 0 | csr_op: 00 | csr_addr: 000 | csr_wdata: df56ff76 | mscratch: 00000000
PC: 80000064 | Instr: fa028293 | rs1_d: 80040060 | rs2_d: 00000000 | alu_res: 80040000 | mem_w: 0 | reg_w: 1 | csr_w: 0 | csr_op: 00 | csr_addr: fa0 | csr_wdata: 80040060 | mscratch: 00000000
PC: 80000068 | Instr: 00000013 | rs1_d: 00000000 | rs2_d: 00000000 | alu_res: 00000000 | mem_w: 0 | reg_w: 1 | csr_w: 0 | csr_op: 00 | csr_addr: 000 | csr_wdata: 00000000 | mscratch: 00000000
PC: 8000006c | Instr: 00000013 | rs1_d: 00000000 | rs2_d: 00000000 | alu_res: 00000000 | mem_w: 0 | reg_w: 1 | csr_w: 0 | csr_op: 00 | csr_addr: 000 | csr_wdata: 00000000 | mscratch: 00000000
PC: 80000070 | Instr: 00000013 | rs1_d: 00000000 | rs2_d: 00000000 | alu_res: 00000000 | mem_w: 0 | reg_w: 1 | csr_w: 0 | csr_op: 00 | csr_addr: 000 | csr_wdata: 00000000 | mscratch: 00000000
PC: 80000074 | Instr: 00000013 | rs1_d: 00000000 | rs2_d: 00000000 | alu_res: 00000000 | mem_w: 0 | reg_w: 1 | csr_w: 0 | csr_op: 00 | csr_addr: 000 | csr_wdata: 00000000 | mscratch: 00000000
PC: 80000078 | Instr: 00000013 | rs1_d: 00000000 | rs2_d: 00000000 | alu_res: 00000000 | mem_w: 0 | reg_w: 1 | csr_w: 0 | csr_op: 00 | csr_addr: 000 | csr_wdata: 00000000 | mscratch: 00000000
PC: 8000007c | Instr: 00000013 | rs1_d: 00000000 | rs2_d: 00000000 | alu_res: 00000000 | mem_w: 0 | reg_w: 1 | csr_w: 0 | csr_op: 00 | csr_addr: 000 | csr_wdata: 00000000 | mscratch: 00000000
PC: 80000080 | Instr: 0052a027 | rs1_d: 80040000 | rs2_d: 80040000 | alu_res: 80040000 | mem_w: 1 | reg_w: 0 | csr_w: 0 | csr_op: 00 | csr_addr: 005 | csr_wdata: 80040000 | mscratch: 00000000
PC: 80000084 | Instr: 0002a283 | rs1_d: 80040000 | rs2_d: 00000000 | alu_res: 80040000 | mem_w: 0 | reg_w: 1 | csr_w: 0 | csr_op: 00 | csr_addr: 000 | csr_wdata: 80040000 | mscratch: 00000000
PC: 80000088 | Instr: 00512023 | rs1_d: 800421b4 | rs2_d: 00000000 | alu_res: 800421b4 | mem_w: 1 | reg_w: 0 | csr_w: 0 | csr_op: 00 | csr_addr: 005 | csr_wdata: 800421b4 | mscratch: 00000000
PC: 8000008c | Instr: 00000863 | rs1_d: 00000000 | rs2_d: 00000000 | alu_res: 00000000 | mem_w: 0 | reg_w: 0 | csr_w: 0 | csr_op: 00 | csr_addr: 000 | csr_wdata: 00000000 | mscratch: 00000000
PC: 8000009c | Instr: 00410113 | rs1_d: 800421b4 | rs2_d: 6df56ff7 | alu_res: 800421b8 | mem_w: 0 | reg_w: 1 | csr_w: 0 | csr_op: 00 | csr_addr: 004 | csr_wdata: 800421b4 | mscratch: 00000000
PC: 800000a0 | Instr: 001022f3 | rs1_d: 00000000 | rs2_d: feedbead | alu_res: feedbead | mem_w: 0 | reg_w: 1 | csr_w: 0 | csr_op: 10 | csr_addr: 001 | csr_wdata: 00000000 | mscratch: 00000000
PC: 800000a4 | Instr: 00512023 | rs1_d: 800421b8 | rs2_d: 00000000 | alu_res: 800421b8 | mem_w: 1 | reg_w: 0 | csr_w: 0 | csr_op: 00 | csr_addr: 005 | csr_wdata: 800421b8 | mscratch: 00000000
PC: 800000a8 | Instr: 00000863 | rs1_d: 00000000 | rs2_d: 00000000 | alu_res: 00000000 | mem_w: 0 | reg_w: 0 | csr_w: 0 | csr_op: 00 | csr_addr: 000 | csr_wdata: 00000000 | mscratch: 00000000
PC: 800000b8 | Instr: 00410113 | rs1_d: 800421b8 | rs2_d: 6df56ff7 | alu_res: 800421bc | mem_w: 0 | reg_w: 1 | csr_w: 0 | csr_op: 00 | csr_addr: 004 | csr_wdata: 800421b8 | mscratch: 00000000
PC: 800000bc | Instr: 0001a083 | rs1_d: 80040114 | rs2_d: 00000000 | alu_res: 80040114 | mem_w: 0 | reg_w: 1 | csr_w: 0 | csr_op: 00 | csr_addr: 000 | csr_wdata: 80040114 | mscratch: 00000000
PC: 800000c0 | Instr: 00418193 | rs1_d: 80040114 | rs2_d: 6df56ff7 | alu_res: 80040118 | mem_w: 0 | reg_w: 1 | csr_w: 0 | csr_op: 00 | csr_addr: 004 | csr_wdata: 80040114 | mscratch: 00000000
PC: 800000c4 | Instr: 00105073 | rs1_d: 00000000 | rs2_d: 5c5c25be | alu_res: 5c5c25be | mem_w: 0 | reg_w: 1 | csr_w: 1 | csr_op: 01 | csr_addr: 001 | csr_wdata: 00000000 | mscratch: 00000000
PC: 800000c8 | Instr: d000ff53 | rs1_d: 5c5c25be | rs2_d: 00000000 | alu_res: 5c5c25be | mem_w: 0 | reg_w: 0 | csr_w: 0 | csr_op: 00 | csr_addr: d00 | csr_wdata: 5c5c25be | mscratch: 00000000
PC: 800000cc | Instr: 00000013 | rs1_d: 00000000 | rs2_d: 00000000 | alu_res: 00000000 | mem_w: 0 | reg_w: 1 | csr_w: 0 | csr_op: 00 | csr_addr: 000 | csr_wdata: 00000000 | mscratch: 00000000
PC: 800000d0 | Instr: 00000013 | rs1_d: 00000000 | rs2_d: 00000000 | alu_res: 00000000 | mem_w: 0 | reg_w: 1 | csr_w: 0 | csr_op: 00 | csr_addr: 000 | csr_wdata: 00000000 | mscratch: 00000000
PC: 800000d4 | Instr: 00000013 | rs1_d: 00000000 | rs2_d: 00000000 | alu_res: 00000000 | mem_w: 0 | reg_w: 1 | csr_w: 0 | csr_op: 00 | csr_addr: 000 | csr_wdata: 00000000 | mscratch: 00000000
PC: 800000d8 | Instr: 00000013 | rs1_d: 00000000 | rs2_d: 00000000 | alu_res: 00000000 | mem_w: 0 | reg_w: 1 | csr_w: 0 | csr_op: 00 | csr_addr: 000 | csr_wdata: 00000000 | mscratch: 00000000
PC: 800000dc | Instr: 00000013 | rs1_d: 00000000 | rs2_d: 00000000 | alu_res: 00000000 | mem_w: 0 | reg_w: 1 | csr_w: 0 | csr_op: 00 | csr_addr: 000 | csr_wdata: 00000000 | mscratch: 00000000
PC: 800000e0 | Instr: 00040297 | rs1_d: df56ff76 | rs2_d: 00000000 | alu_res: 800400e0 | mem_w: 0 | reg_w: 1 | csr_w: 0 | csr_op: 00 | csr_addr: 000 | csr_wdata: df56ff76 | mscratch: 00000000
PC: 800000e4 | Instr: f2028293 | rs1_d: 800400e0 | rs2_d: 00000000 | alu_res: 80040000 | mem_w: 0 | reg_w: 1 | csr_w: 0 | csr_op: 00 | csr_addr: f20 | csr_wdata: 800400e0 | mscratch: 00000000
PC: 800000e8 | Instr: 00000013 | rs1_d: 00000000 | rs2_d: 00000000 | alu_res: 00000000 | mem_w: 0 | reg_w: 1 | csr_w: 0 | csr_op: 00 | csr_addr: 000 | csr_wdata: 00000000 | mscratch: 00000000
PC: 800000ec | Instr: 00000013 | rs1_d: 00000000 | rs2_d: 00000000 | alu_res: 00000000 | mem_w: 0 | reg_w: 1 | csr_w: 0 | csr_op: 00 | csr_addr: 000 | csr_wdata: 00000000 | mscratch: 00000000
PC: 800000f0 | Instr: 00000013 | rs1_d: 00000000 | rs2_d: 00000000 | alu_res: 00000000 | mem_w: 0 | reg_w: 1 | csr_w: 0 | csr_op: 00 | csr_addr: 000 | csr_wdata: 00000000 | mscratch: 00000000
PC: 800000f4 | Instr: 00000013 | rs1_d: 00000000 | rs2_d: 00000000 | alu_res: 00000000 | mem_w: 0 | reg_w: 1 | csr_w: 0 | csr_op: 00 | csr_addr: 000 | csr_wdata: 00000000 | mscratch: 00000000
PC: 800000f8 | Instr: 00000013 | rs1_d: 00000000 | rs2_d: 00000000 | alu_res: 00000000 | mem_w: 0 | reg_w: 1 | csr_w: 0 | csr_op: 00 | csr_addr: 000 | csr_wdata: 00000000 | mscratch: 00000000
PC: 800000fc | Instr: 00000013 | rs1_d: 00000000 | rs2_d: 00000000 | alu_res: 00000000 | mem_w: 0 | reg_w: 1 | csr_w: 0 | csr_op: 00 | csr_addr: 000 | csr_wdata: 00000000 | mscratch: 00000000
PC: 80000100 | Instr: 01e2a027 | rs1_d: 80040000 | rs2_d: df56ff76 | alu_res: 80040000 | mem_w: 1 | reg_w: 0 | csr_w: 0 | csr_op: 00 | csr_addr: 01e | csr_wdata: 80040000 | mscratch: 00000000
PC: 80000104 | Instr: 0002a283 | rs1_d: 80040000 | rs2_d: 00000000 | alu_res: 80040000 | mem_w: 0 | reg_w: 1 | csr_w: 0 | csr_op: 00 | csr_addr: 000 | csr_wdata: 80040000 | mscratch: 00000000
PC: 80000108 | Instr: 00512023 | rs1_d: 800421bc | rs2_d: 4eb8b84b | alu_res: 800421bc | mem_w: 1 | reg_w: 0 | csr_w: 0 | csr_op: 00 | csr_addr: 005 | csr_wdata: 800421bc | mscratch: 00000000
PC: 8000010c | Instr: 00000863 | rs1_d: 00000000 | rs2_d: 00000000 | alu_res: 00000000 | mem_w: 0 | reg_w: 0 | csr_w: 0 | csr_op: 00 | csr_addr: 000 | csr_wdata: 00000000 | mscratch: 00000000
PC: 8000011c | Instr: 00410113 | rs1_d: 800421bc | rs2_d: 6df56ff7 | alu_res: 800421c0 | mem_w: 0 | reg_w: 1 | csr_w: 0 | csr_op: 00 | csr_addr: 004 | csr_wdata: 800421bc | mscratch: 00000000
PC: 80000120 | Instr: 001022f3 | rs1_d: 00000000 | rs2_d: 5c5c25be | alu_res: 5c5c25be | mem_w: 0 | reg_w: 1 | csr_w: 0 | csr_op: 10 | csr_addr: 001 | csr_wdata: 00000000 | mscratch: 00000000
PC: 80000124 | Instr: 00512023 | rs1_d: 800421c0 | rs2_d: 00000001 | alu_res: 800421c0 | mem_w: 1 | reg_w: 0 | csr_w: 0 | csr_op: 00 | csr_addr: 005 | csr_wdata: 800421c0 | mscratch: 00000000
PC: 80000128 | Instr: 00000863 | rs1_d: 00000000 | rs2_d: 00000000 | alu_res: 00000000 | mem_w: 0 | reg_w: 0 | csr_w: 0 | csr_op: 00 | csr_addr: 000 | csr_wdata: 00000000 | mscratch: 00000000
PC: 80000138 | Instr: 00410113 | rs1_d: 800421c0 | rs2_d: 6df56ff7 | alu_res: 800421c4 | mem_w: 0 | reg_w: 1 | csr_w: 0 | csr_op: 00 | csr_addr: 004 | csr_wdata: 800421c0 | mscratch: 00000000
PC: 8000013c | Instr: 00010b93 | rs1_d: 800421c4 | rs2_d: 00000000 | alu_res: 800421c4 | mem_w: 0 | reg_w: 1 | csr_w: 0 | csr_op: 00 | csr_addr: 000 | csr_wdata: 800421c4 | mscratch: 00000000
PC: 80000140 | Instr: 0001a103 | rs1_d: 80040118 | rs2_d: 00000000 | alu_res: 80040118 | mem_w: 0 | reg_w: 1 | csr_w: 0 | csr_op: 00 | csr_addr: 000 | csr_wdata: 80040118 | mscratch: 00000000
PC: 80000144 | Instr: 00418193 | rs1_d: 80040118 | rs2_d: 6df56ff7 | alu_res: 8004011c | mem_w: 0 | reg_w: 1 | csr_w: 0 | csr_op: 00 | csr_addr: 004 | csr_wdata: 80040118 | mscratch: 00000000
PC: 80000148 | Instr: 00105073 | rs1_d: 00000000 | rs2_d: 5c5c25be | alu_res: 5c5c25be | mem_w: 0 | reg_w: 1 | csr_w: 1 | csr_op: 01 | csr_addr: 001 | csr_wdata: 00000000 | mscratch: 00000000
PC: 8000014c | Instr: d0017453 | rs1_d: b1b47cde | rs2_d: 00000000 | alu_res: b1b47cde | mem_w: 0 | reg_w: 0 | csr_w: 0 | csr_op: 00 | csr_addr: d00 | csr_wdata: b1b47cde | mscratch: 00000000
PC: 80000150 | Instr: 00000013 | rs1_d: 00000000 | rs2_d: 00000000 | alu_res: 00000000 | mem_w: 0 | reg_w: 1 | csr_w: 0 | csr_op: 00 | csr_addr: 000 | csr_wdata: 00000000 | mscratch: 00000000
PC: 80000154 | Instr: 00000013 | rs1_d: 00000000 | rs2_d: 00000000 | alu_res: 00000000 | mem_w: 0 | reg_w: 1 | csr_w: 0 | csr_op: 00 | csr_addr: 000 | csr_wdata: 00000000 | mscratch: 00000000
PC: 80000158 | Instr: 00000013 | rs1_d: 00000000 | rs2_d: 00000000 | alu_res: 00000000 | mem_w: 0 | reg_w: 1 | csr_w: 0 | csr_op: 00 | csr_addr: 000 | csr_wdata: 00000000 | mscratch: 00000000
PC: 8000015c | Instr: 00000013 | rs1_d: 00000000 | rs2_d: 00000000 | alu_res: 00000000 | mem_w: 0 | reg_w: 1 | csr_w: 0 | csr_op: 00 | csr_addr: 000 | csr_wdata: 00000000 | mscratch: 00000000
PC: 80000160 | Instr: 00040297 | rs1_d: df56ff76 | rs2_d: 00000000 | alu_res: 80040160 | mem_w: 0 | reg_w: 1 | csr_w: 0 | csr_op: 00 | csr_addr: 000 | csr_wdata: df56ff76 | mscratch: 00000000
PC: 80000164 | Instr: ea028293 | rs1_d: 80040160 | rs2_d: 00000000 | alu_res: 80040000 | mem_w: 0 | reg_w: 1 | csr_w: 0 | csr_op: 00 | csr_addr: ea0 | csr_wdata: 80040160 | mscratch: 00000000
PC: 80000168 | Instr: 00000013 | rs1_d: 00000000 | rs2_d: 00000000 | alu_res: 00000000 | mem_w: 0 | reg_w: 1 | csr_w: 0 | csr_op: 00 | csr_addr: 000 | csr_wdata: 00000000 | mscratch: 00000000
PC: 8000016c | Instr: 00000013 | rs1_d: 00000000 | rs2_d: 00000000 | alu_res: 00000000 | mem_w: 0 | reg_w: 1 | csr_w: 0 | csr_op: 00 | csr_addr: 000 | csr_wdata: 00000000 | mscratch: 00000000
PC: 80000170 | Instr: 00000013 | rs1_d: 00000000 | rs2_d: 00000000 | alu_res: 00000000 | mem_w: 0 | reg_w: 1 | csr_w: 0 | csr_op: 00 | csr_addr: 000 | csr_wdata: 00000000 | mscratch: 00000000
PC: 80000174 | Instr: 00000013 | rs1_d: 00000000 | rs2_d: 00000000 | alu_res: 00000000 | mem_w: 0 | reg_w: 1 | csr_w: 0 | csr_op: 00 | csr_addr: 000 | csr_wdata: 00000000 | mscratch: 00000000
PC: 80000178 | Instr: 00000013 | rs1_d: 00000000 | rs2_d: 00000000 | alu_res: 00000000 | mem_w: 0 | reg_w: 1 | csr_w: 0 | csr_op: 00 | csr_addr: 000 | csr_wdata: 00000000 | mscratch: 00000000
PC: 8000017c | Instr: 00000013 | rs1_d: 00000000 | rs2_d: 00000000 | alu_res: 00000000 | mem_w: 0 | reg_w: 1 | csr_w: 0 | csr_op: 00 | csr_addr: 000 | csr_wdata: 00000000 | mscratch: 00000000
PC: 80000180 | Instr: 0082a027 | rs1_d: 80040000 | rs2_d: df56ff76 | alu_res: 80040000 | mem_w: 1 | reg_w: 0 | csr_w: 0 | csr_op: 00 | csr_addr: 008 | csr_wdata: 80040000 | mscratch: 00000000
PC: 80000184 | Instr: 0002a283 | rs1_d: 80040000 | rs2_d: 00000000 | alu_res: 80040000 | mem_w: 0 | reg_w: 1 | csr_w: 0 | csr_op: 00 | csr_addr: 000 | csr_wdata: 80040000 | mscratch: 00000000
PC: 80000188 | Instr: 005ba023 | rs1_d: 800421c4 | rs2_d: ce9c9706 | alu_res: 800421c4 | mem_w: 1 | reg_w: 0 | csr_w: 0 | csr_op: 00 | csr_addr: 005 | csr_wdata: 800421c4 | mscratch: 00000000
PC: 8000018c | Instr: 00000863 | rs1_d: 00000000 | rs2_d: 00000000 | alu_res: 00000000 | mem_w: 0 | reg_w: 0 | csr_w: 0 | csr_op: 00 | csr_addr: 000 | csr_wdata: 00000000 | mscratch: 00000000
PC: 8000019c | Instr: 004b8b93 | rs1_d: 800421c4 | rs2_d: 6df56ff7 | alu_res: 800421c8 | mem_w: 0 | reg_w: 1 | csr_w: 0 | csr_op: 00 | csr_addr: 004 | csr_wdata: 800421c4 | mscratch: 00000000
PC: 800001a0 | Instr: 001022f3 | rs1_d: 00000000 | rs2_d: 5c5c25be | alu_res: 5c5c25be | mem_w: 0 | reg_w: 1 | csr_w: 0 | csr_op: 10 | csr_addr: 001 | csr_wdata: 00000000 | mscratch: 00000000
PC: 800001a4 | Instr: 005ba023 | rs1_d: 800421c8 | rs2_d: 00000001 | alu_res: 800421c8 | mem_w: 1 | reg_w: 0 | csr_w: 0 | csr_op: 00 | csr_addr: 005 | csr_wdata: 800421c8 | mscratch: 00000000
PC: 800001a8 | Instr: 00000863 | rs1_d: 00000000 | rs2_d: 00000000 | alu_res: 00000000 | mem_w: 0 | reg_w: 0 | csr_w: 0 | csr_op: 00 | csr_addr: 000 | csr_wdata: 00000000 | mscratch: 00000000
PC: 800001b8 | Instr: 004b8b93 | rs1_d: 800421c8 | rs2_d: 6df56ff7 | alu_res: 800421cc | mem_w: 0 | reg_w: 1 | csr_w: 0 | csr_op: 00 | csr_addr: 004 | csr_wdata: 800421c8 | mscratch: 00000000
PC: 800001bc | Instr: 00018093 | rs1_d: 8004011c | rs2_d: 00000000 | alu_res: 8004011c | mem_w: 0 | reg_w: 1 | csr_w: 0 | csr_op: 00 | csr_addr: 000 | csr_wdata: 8004011c | mscratch: 00000000
PC: 800001c0 | Instr: 0000a183 | rs1_d: 8004011c | rs2_d: 00000000 | alu_res: 8004011c | mem_w: 0 | reg_w: 1 | csr_w: 0 | csr_op: 00 | csr_addr: 000 | csr_wdata: 8004011c | mscratch: 00000000
PC: 800001c4 | Instr: 00408093 | rs1_d: 8004011c | rs2_d: 6df56ff7 | alu_res: 80040120 | mem_w: 0 | reg_w: 1 | csr_w: 0 | csr_op: 00 | csr_addr: 004 | csr_wdata: 8004011c | mscratch: 00000000
PC: 800001c8 | Instr: 00105073 | rs1_d: 00000000 | rs2_d: 80040120 | alu_res: 80040120 | mem_w: 0 | reg_w: 1 | csr_w: 1 | csr_op: 01 | csr_addr: 001 | csr_wdata: 00000000 | mscratch: 00000000
PC: 800001cc | Instr: d001f153 | rs1_d: 79d3c041 | rs2_d: 00000000 | alu_res: 79d3c041 | mem_w: 0 | reg_w: 0 | csr_w: 0 | csr_op: 00 | csr_addr: d00 | csr_wdata: 79d3c041 | mscratch: 00000000
PC: 800001d0 | Instr: 00000013 | rs1_d: 00000000 | rs2_d: 00000000 | alu_res: 00000000 | mem_w: 0 | reg_w: 1 | csr_w: 0 | csr_op: 00 | csr_addr: 000 | csr_wdata: 00000000 | mscratch: 00000000
PC: 800001d4 | Instr: 00000013 | rs1_d: 00000000 | rs2_d: 00000000 | alu_res: 00000000 | mem_w: 0 | reg_w: 1 | csr_w: 0 | csr_op: 00 | csr_addr: 000 | csr_wdata: 00000000 | mscratch: 00000000
PC: 800001d8 | Instr: 00000013 | rs1_d: 00000000 | rs2_d: 00000000 | alu_res: 00000000 | mem_w: 0 | reg_w: 1 | csr_w: 0 | csr_op: 00 | csr_addr: 000 | csr_wdata: 00000000 | mscratch: 00000000
PC: 800001dc | Instr: 00000013 | rs1_d: 00000000 | rs2_d: 00000000 | alu_res: 00000000 | mem_w: 0 | reg_w: 1 | csr_w: 0 | csr_op: 00 | csr_addr: 000 | csr_wdata: 00000000 | mscratch: 00000000
PC: 800001e0 | Instr: 00040297 | rs1_d: df56ff76 | rs2_d: 00000000 | alu_res: 800401e0 | mem_w: 0 | reg_w: 1 | csr_w: 0 | csr_op: 00 | csr_addr: 000 | csr_wdata: df56ff76 | mscratch: 00000000
PC: 800001e4 | Instr: e2028293 | rs1_d: 800401e0 | rs2_d: 00000000 | alu_res: 80040000 | mem_w: 0 | reg_w: 1 | csr_w: 0 | csr_op: 00 | csr_addr: e20 | csr_wdata: 800401e0 | mscratch: 00000000
PC: 800001e8 | Instr: 00000013 | rs1_d: 00000000 | rs2_d: 00000000 | alu_res: 00000000 | mem_w: 0 | reg_w: 1 | csr_w: 0 | csr_op: 00 | csr_addr: 000 | csr_wdata: 00000000 | mscratch: 00000000
PC: 800001ec | Instr: 00000013 | rs1_d: 00000000 | rs2_d: 00000000 | alu_res: 00000000 | mem_w: 0 | reg_w: 1 | csr_w: 0 | csr_op: 00 | csr_addr: 000 | csr_wdata: 00000000 | mscratch: 00000000
PC: 800001f0 | Instr: 00000013 | rs1_d: 00000000 | rs2_d: 00000000 | alu_res: 00000000 | mem_w: 0 | reg_w: 1 | csr_w: 0 | csr_op: 00 | csr_addr: 000 | csr_wdata: 00000000 | mscratch: 00000000
PC: 800001f4 | Instr: 00000013 | rs1_d: 00000000 | rs2_d: 00000000 | alu_res: 00000000 | mem_w: 0 | reg_w: 1 | csr_w: 0 | csr_op: 00 | csr_addr: 000 | csr_wdata: 00000000 | mscratch: 00000000
PC: 800001f8 | Instr: 00000013 | rs1_d: 00000000 | rs2_d: 00000000 | alu_res: 00000000 | mem_w: 0 | reg_w: 1 | csr_w: 0 | csr_op: 00 | csr_addr: 000 | csr_wdata: 00000000 | mscratch: 00000000
PC: 800001fc | Instr: 00000013 | rs1_d: 00000000 | rs2_d: 00000000 | alu_res: 00000000 | mem_w: 0 | reg_w: 1 | csr_w: 0 | csr_op: 00 | csr_addr: 000 | csr_wdata: 00000000 | mscratch: 00000000
PC: 80000200 | Instr: 0022a027 | rs1_d: 80040000 | rs2_d: b1b47cde | alu_res: 80040000 | mem_w: 1 | reg_w: 0 | csr_w: 0 | csr_op: 00 | csr_addr: 002 | csr_wdata: 80040000 | mscratch: 00000000
PC: 80000204 | Instr: 0002a283 | rs1_d: 80040000 | rs2_d: 00000000 | alu_res: 80040000 | mem_w: 0 | reg_w: 1 | csr_w: 0 | csr_op: 00 | csr_addr: 000 | csr_wdata: 80040000 | mscratch: 00000000
PC: 80000208 | Instr: 005ba023 | rs1_d: 800421cc | rs2_d: 4ef3a781 | alu_res: 800421cc | mem_w: 1 | reg_w: 0 | csr_w: 0 | csr_op: 00 | csr_addr: 005 | csr_wdata: 800421cc | mscratch: 00000000
PC: 8000020c | Instr: 00000863 | rs1_d: 00000000 | rs2_d: 00000000 | alu_res: 00000000 | mem_w: 0 | reg_w: 0 | csr_w: 0 | csr_op: 00 | csr_addr: 000 | csr_wdata: 00000000 | mscratch: 00000000
PC: 8000021c | Instr: 004b8b93 | rs1_d: 800421cc | rs2_d: 6df56ff7 | alu_res: 800421d0 | mem_w: 0 | reg_w: 1 | csr_w: 0 | csr_op: 00 | csr_addr: 004 | csr_wdata: 800421cc | mscratch: 00000000
PC: 80000220 | Instr: 001022f3 | rs1_d: 00000000 | rs2_d: 80040120 | alu_res: 80040120 | mem_w: 0 | reg_w: 1 | csr_w: 0 | csr_op: 10 | csr_addr: 001 | csr_wdata: 00000000 | mscratch: 00000000
PC: 80000224 | Instr: 005ba023 | rs1_d: 800421d0 | rs2_d: 00000001 | alu_res: 800421d0 | mem_w: 1 | reg_w: 0 | csr_w: 0 | csr_op: 00 | csr_addr: 005 | csr_wdata: 800421d0 | mscratch: 00000000
PC: 80000228 | Instr: 00000863 | rs1_d: 00000000 | rs2_d: 00000000 | alu_res: 00000000 | mem_w: 0 | reg_w: 0 | csr_w: 0 | csr_op: 00 | csr_addr: 000 | csr_wdata: 00000000 | mscratch: 00000000
PC: 80000238 | Instr: 004b8b93 | rs1_d: 800421d0 | rs2_d: 6df56ff7 | alu_res: 800421d4 | mem_w: 0 | reg_w: 1 | csr_w: 0 | csr_op: 00 | csr_addr: 004 | csr_wdata: 800421d0 | mscratch: 00000000
PC: 8000023c | Instr: 00020393 | rs1_d: 6df56ff7 | rs2_d: 00000000 | alu_res: 6df56ff7 | mem_w: 0 | reg_w: 1 | csr_w: 0 | csr_op: 00 | csr_addr: 000 | csr_wdata: 6df56ff7 | mscratch: 00000000
PC: 80000240 | Instr: 00028413 | rs1_d: 00000001 | rs2_d: 00000000 | alu_res: 00000001 | mem_w: 0 | reg_w: 1 | csr_w: 0 | csr_op: 00 | csr_addr: 000 | csr_wdata: 00000001 | mscratch: 00000000
PC: 80000244 | Instr: 0000a203 | rs1_d: 80040120 | rs2_d: 00000000 | alu_res: 80040120 | mem_w: 0 | reg_w: 1 | csr_w: 0 | csr_op: 00 | csr_addr: 000 | csr_wdata: 80040120 | mscratch: 00000000
PC: 80000248 | Instr: 00408093 | rs1_d: 80040120 | rs2_d: ba39b971 | alu_res: 80040124 | mem_w: 0 | reg_w: 1 | csr_w: 0 | csr_op: 00 | csr_addr: 004 | csr_wdata: 80040120 | mscratch: 00000000
PC: 8000024c | Instr: 00105073 | rs1_d: 00000000 | rs2_d: 80040124 | alu_res: 80040124 | mem_w: 0 | reg_w: 1 | csr_w: 1 | csr_op: 01 | csr_addr: 001 | csr_wdata: 00000000 | mscratch: 00000000
PC: 80000250 | Instr: d0027853 | rs1_d: ba39b971 | rs2_d: 00000000 | alu_res: ba39b971 | mem_w: 0 | reg_w: 0 | csr_w: 0 | csr_op: 00 | csr_addr: d00 | csr_wdata: ba39b971 | mscratch: 00000000
PC: 80000254 | Instr: 00000013 | rs1_d: 00000000 | rs2_d: 00000000 | alu_res: 00000000 | mem_w: 0 | reg_w: 1 | csr_w: 0 | csr_op: 00 | csr_addr: 000 | csr_wdata: 00000000 | mscratch: 00000000
PC: 80000258 | Instr: 00000013 | rs1_d: 00000000 | rs2_d: 00000000 | alu_res: 00000000 | mem_w: 0 | reg_w: 1 | csr_w: 0 | csr_op: 00 | csr_addr: 000 | csr_wdata: 00000000 | mscratch: 00000000
PC: 8000025c | Instr: 00000013 | rs1_d: 00000000 | rs2_d: 00000000 | alu_res: 00000000 | mem_w: 0 | reg_w: 1 | csr_w: 0 | csr_op: 00 | csr_addr: 000 | csr_wdata: 00000000 | mscratch: 00000000
PC: 80000260 | Instr: 00040417 | rs1_d: 00000001 | rs2_d: 00000000 | alu_res: 80040260 | mem_w: 0 | reg_w: 1 | csr_w: 0 | csr_op: 00 | csr_addr: 000 | csr_wdata: 00000001 | mscratch: 00000000
PC: 80000264 | Instr: da040413 | rs1_d: 80040260 | rs2_d: 00000000 | alu_res: 80040000 | mem_w: 0 | reg_w: 1 | csr_w: 0 | csr_op: 00 | csr_addr: da0 | csr_wdata: 80040260 | mscratch: 00000000
PC: 80000268 | Instr: 00000013 | rs1_d: 00000000 | rs2_d: 00000000 | alu_res: 00000000 | mem_w: 0 | reg_w: 1 | csr_w: 0 | csr_op: 00 | csr_addr: 000 | csr_wdata: 00000000 | mscratch: 00000000
PC: 8000026c | Instr: 00000013 | rs1_d: 00000000 | rs2_d: 00000000 | alu_res: 00000000 | mem_w: 0 | reg_w: 1 | csr_w: 0 | csr_op: 00 | csr_addr: 000 | csr_wdata: 00000000 | mscratch: 00000000
PC: 80000270 | Instr: 00000013 | rs1_d: 00000000 | rs2_d: 00000000 | alu_res: 00000000 | mem_w: 0 | reg_w: 1 | csr_w: 0 | csr_op: 00 | csr_addr: 000 | csr_wdata: 00000000 | mscratch: 00000000
PC: 80000274 | Instr: 00000013 | rs1_d: 00000000 | rs2_d: 00000000 | alu_res: 00000000 | mem_w: 0 | reg_w: 1 | csr_w: 0 | csr_op: 00 | csr_addr: 000 | csr_wdata: 00000000 | mscratch: 00000000
PC: 80000278 | Instr: 00000013 | rs1_d: 00000000 | rs2_d: 00000000 | alu_res: 00000000 | mem_w: 0 | reg_w: 1 | csr_w: 0 | csr_op: 00 | csr_addr: 000 | csr_wdata: 00000000 | mscratch: 00000000
PC: 8000027c | Instr: 00000013 | rs1_d: 00000000 | rs2_d: 00000000 | alu_res: 00000000 | mem_w: 0 | reg_w: 1 | csr_w: 0 | csr_op: 00 | csr_addr: 000 | csr_wdata: 00000000 | mscratch: 00000000
PC: 80000280 | Instr: 01042027 | rs1_d: 80040000 | rs2_d: 7d5bfddb | alu_res: 80040000 | mem_w: 1 | reg_w: 0 | csr_w: 0 | csr_op: 00 | csr_addr: 010 | csr_wdata: 80040000 | mscratch: 00000000
PC: 80000284 | Instr: 00042403 | rs1_d: 80040000 | rs2_d: 00000000 | alu_res: 80040000 | mem_w: 0 | reg_w: 1 | csr_w: 0 | csr_op: 00 | csr_addr: 000 | csr_wdata: 80040000 | mscratch: 00000000
PC: 80000288 | Instr: 008ba023 | rs1_d: 800421d4 | rs2_d: ce8b8c8d | alu_res: 800421d4 | mem_w: 1 | reg_w: 0 | csr_w: 0 | csr_op: 00 | csr_addr: 008 | csr_wdata: 800421d4 | mscratch: 00000000
PC: 8000028c | Instr: 00000863 | rs1_d: 00000000 | rs2_d: 00000000 | alu_res: 00000000 | mem_w: 0 | reg_w: 0 | csr_w: 0 | csr_op: 00 | csr_addr: 000 | csr_wdata: 00000000 | mscratch: 00000000
PC: 8000029c | Instr: 004b8b93 | rs1_d: 800421d4 | rs2_d: ba39b971 | alu_res: 800421d8 | mem_w: 0 | reg_w: 1 | csr_w: 0 | csr_op: 00 | csr_addr: 004 | csr_wdata: 800421d4 | mscratch: 00000000
PC: 800002a0 | Instr: 00102473 | rs1_d: 00000000 | rs2_d: 80040124 | alu_res: 80040124 | mem_w: 0 | reg_w: 1 | csr_w: 0 | csr_op: 10 | csr_addr: 001 | csr_wdata: 00000000 | mscratch: 00000000
PC: 800002a4 | Instr: 008ba023 | rs1_d: 800421d8 | rs2_d: 00000001 | alu_res: 800421d8 | mem_w: 1 | reg_w: 0 | csr_w: 0 | csr_op: 00 | csr_addr: 008 | csr_wdata: 800421d8 | mscratch: 00000000
PC: 800002a8 | Instr: 00000863 | rs1_d: 00000000 | rs2_d: 00000000 | alu_res: 00000000 | mem_w: 0 | reg_w: 0 | csr_w: 0 | csr_op: 00 | csr_addr: 000 | csr_wdata: 00000000 | mscratch: 00000000
PC: 800002b8 | Instr: 004b8b93 | rs1_d: 800421d8 | rs2_d: ba39b971 | alu_res: 800421dc | mem_w: 0 | reg_w: 1 | csr_w: 0 | csr_op: 00 | csr_addr: 004 | csr_wdata: 800421d8 | mscratch: 00000000
PC: 800002bc | Instr: 0000a283 | rs1_d: 80040124 | rs2_d: 00000000 | alu_res: 80040124 | mem_w: 0 | reg_w: 1 | csr_w: 0 | csr_op: 00 | csr_addr: 000 | csr_wdata: 80040124 | mscratch: 00000000
PC: 800002c0 | Instr: 00408093 | rs1_d: 80040124 | rs2_d: ba39b971 | alu_res: 80040128 | mem_w: 0 | reg_w: 1 | csr_w: 0 | csr_op: 00 | csr_addr: 004 | csr_wdata: 80040124 | mscratch: 00000000
PC: 800002c4 | Instr: 00105073 | rs1_d: 00000000 | rs2_d: 80040128 | alu_res: 80040128 | mem_w: 0 | reg_w: 1 | csr_w: 1 | csr_op: 01 | csr_addr: 001 | csr_wdata: 00000000 | mscratch: 00000000
PC: 800002c8 | Instr: d002fe53 | rs1_d: 932ed4b3 | rs2_d: 00000000 | alu_res: 932ed4b3 | mem_w: 0 | reg_w: 0 | csr_w: 0 | csr_op: 00 | csr_addr: d00 | csr_wdata: 932ed4b3 | mscratch: 00000000
PC: 800002cc | Instr: 00000013 | rs1_d: 00000000 | rs2_d: 00000000 | alu_res: 00000000 | mem_w: 0 | reg_w: 1 | csr_w: 0 | csr_op: 00 | csr_addr: 000 | csr_wdata: 00000000 | mscratch: 00000000
PC: 800002d0 | Instr: 00000013 | rs1_d: 00000000 | rs2_d: 00000000 | alu_res: 00000000 | mem_w: 0 | reg_w: 1 | csr_w: 0 | csr_op: 00 | csr_addr: 000 | csr_wdata: 00000000 | mscratch: 00000000
PC: 800002d4 | Instr: 00000013 | rs1_d: 00000000 | rs2_d: 00000000 | alu_res: 00000000 | mem_w: 0 | reg_w: 1 | csr_w: 0 | csr_op: 00 | csr_addr: 000 | csr_wdata: 00000000 | mscratch: 00000000
PC: 800002d8 | Instr: 00000013 | rs1_d: 00000000 | rs2_d: 00000000 | alu_res: 00000000 | mem_w: 0 | reg_w: 1 | csr_w: 0 | csr_op: 00 | csr_addr: 000 | csr_wdata: 00000000 | mscratch: 00000000
PC: 800002dc | Instr: 00000013 | rs1_d: 00000000 | rs2_d: 00000000 | alu_res: 00000000 | mem_w: 0 | reg_w: 1 | csr_w: 0 | csr_op: 00 | csr_addr: 000 | csr_wdata: 00000000 | mscratch: 00000000
PC: 800002e0 | Instr: 00040417 | rs1_d: 00000001 | rs2_d: 00000000 | alu_res: 800402e0 | mem_w: 0 | reg_w: 1 | csr_w: 0 | csr_op: 00 | csr_addr: 000 | csr_wdata: 00000001 | mscratch: 00000000
PC: 800002e4 | Instr: d2040413 | rs1_d: 800402e0 | rs2_d: 00000000 | alu_res: 80040000 | mem_w: 0 | reg_w: 1 | csr_w: 0 | csr_op: 00 | csr_addr: d20 | csr_wdata: 800402e0 | mscratch: 00000000
PC: 800002e8 | Instr: 00000013 | rs1_d: 00000000 | rs2_d: 00000000 | alu_res: 00000000 | mem_w: 0 | reg_w: 1 | csr_w: 0 | csr_op: 00 | csr_addr: 000 | csr_wdata: 00000000 | mscratch: 00000000
PC: 800002ec | Instr: 00000013 | rs1_d: 00000000 | rs2_d: 00000000 | alu_res: 00000000 | mem_w: 0 | reg_w: 1 | csr_w: 0 | csr_op: 00 | csr_addr: 000 | csr_wdata: 00000000 | mscratch: 00000000
PC: 800002f0 | Instr: 00000013 | rs1_d: 00000000 | rs2_d: 00000000 | alu_res: 00000000 | mem_w: 0 | reg_w: 1 | csr_w: 0 | csr_op: 00 | csr_addr: 000 | csr_wdata: 00000000 | mscratch: 00000000
PC: 800002f4 | Instr: 00000013 | rs1_d: 00000000 | rs2_d: 00000000 | alu_res: 00000000 | mem_w: 0 | reg_w: 1 | csr_w: 0 | csr_op: 00 | csr_addr: 000 | csr_wdata: 00000000 | mscratch: 00000000
PC: 800002f8 | Instr: 00000013 | rs1_d: 00000000 | rs2_d: 00000000 | alu_res: 00000000 | mem_w: 0 | reg_w: 1 | csr_w: 0 | csr_op: 00 | csr_addr: 000 | csr_wdata: 00000000 | mscratch: 00000000
PC: 800002fc | Instr: 00000013 | rs1_d: 00000000 | rs2_d: 00000000 | alu_res: 00000000 | mem_w: 0 | reg_w: 1 | csr_w: 0 | csr_op: 00 | csr_addr: 000 | csr_wdata: 00000000 | mscratch: 00000000
PC: 80000300 | Instr: 01c42027 | rs1_d: 80040000 | rs2_d: bfddb7d5 | alu_res: 80040000 | mem_w: 1 | reg_w: 0 | csr_w: 0 | csr_op: 00 | csr_addr: 01c | csr_wdata: 80040000 | mscratch: 00000000
PC: 80000304 | Instr: 00042403 | rs1_d: 80040000 | rs2_d: 00000000 | alu_res: 80040000 | mem_w: 0 | reg_w: 1 | csr_w: 0 | csr_op: 00 | csr_addr: 000 | csr_wdata: 80040000 | mscratch: 00000000
PC: 80000308 | Instr: 008ba023 | rs1_d: 800421dc | rs2_d: ced9a257 | alu_res: 800421dc | mem_w: 1 | reg_w: 0 | csr_w: 0 | csr_op: 00 | csr_addr: 008 | csr_wdata: 800421dc | mscratch: 00000000
PC: 8000030c | Instr: 00000863 | rs1_d: 00000000 | rs2_d: 00000000 | alu_res: 00000000 | mem_w: 0 | reg_w: 0 | csr_w: 0 | csr_op: 00 | csr_addr: 000 | csr_wdata: 00000000 | mscratch: 00000000
PC: 8000031c | Instr: 004b8b93 | rs1_d: 800421dc | rs2_d: ba39b971 | alu_res: 800421e0 | mem_w: 0 | reg_w: 1 | csr_w: 0 | csr_op: 00 | csr_addr: 004 | csr_wdata: 800421dc | mscratch: 00000000
PC: 80000320 | Instr: 00102473 | rs1_d: 00000000 | rs2_d: 80040128 | alu_res: 80040128 | mem_w: 0 | reg_w: 1 | csr_w: 0 | csr_op: 10 | csr_addr: 001 | csr_wdata: 00000000 | mscratch: 00000000
PC: 80000324 | Instr: 008ba023 | rs1_d: 800421e0 | rs2_d: 00000001 | alu_res: 800421e0 | mem_w: 1 | reg_w: 0 | csr_w: 0 | csr_op: 00 | csr_addr: 008 | csr_wdata: 800421e0 | mscratch: 00000000
PC: 80000328 | Instr: 00000863 | rs1_d: 00000000 | rs2_d: 00000000 | alu_res: 00000000 | mem_w: 0 | reg_w: 0 | csr_w: 0 | csr_op: 00 | csr_addr: 000 | csr_wdata: 00000000 | mscratch: 00000000
PC: 80000338 | Instr: 004b8b93 | rs1_d: 800421e0 | rs2_d: ba39b971 | alu_res: 800421e4 | mem_w: 0 | reg_w: 1 | csr_w: 0 | csr_op: 00 | csr_addr: 004 | csr_wdata: 800421e0 | mscratch: 00000000
PC: 8000033c | Instr: 0000a303 | rs1_d: 80040128 | rs2_d: 00000000 | alu_res: 80040128 | mem_w: 0 | reg_w: 1 | csr_w: 0 | csr_op: 00 | csr_addr: 000 | csr_wdata: 80040128 | mscratch: 00000000
PC: 80000340 | Instr: 00408093 | rs1_d: 80040128 | rs2_d: ba39b971 | alu_res: 8004012c | mem_w: 0 | reg_w: 1 | csr_w: 0 | csr_op: 00 | csr_addr: 004 | csr_wdata: 80040128 | mscratch: 00000000
PC: 80000344 | Instr: 00105073 | rs1_d: 00000000 | rs2_d: 8004012c | alu_res: 8004012c | mem_w: 0 | reg_w: 1 | csr_w: 1 | csr_op: 01 | csr_addr: 001 | csr_wdata: 00000000 | mscratch: 00000000
PC: 80000348 | Instr: d0037f53 | rs1_d: 3a1d3c48 | rs2_d: 00000000 | alu_res: 3a1d3c48 | mem_w: 0 | reg_w: 0 | csr_w: 0 | csr_op: 00 | csr_addr: d00 | csr_wdata: 3a1d3c48 | mscratch: 00000000
PC: 8000034c | Instr: 00000013 | rs1_d: 00000000 | rs2_d: 00000000 | alu_res: 00000000 | mem_w: 0 | reg_w: 1 | csr_w: 0 | csr_op: 00 | csr_addr: 000 | csr_wdata: 00000000 | mscratch: 00000000
PC: 80000350 | Instr: 00000013 | rs1_d: 00000000 | rs2_d: 00000000 | alu_res: 00000000 | mem_w: 0 | reg_w: 1 | csr_w: 0 | csr_op: 00 | csr_addr: 000 | csr_wdata: 00000000 | mscratch: 00000000
PC: 80000354 | Instr: 00000013 | rs1_d: 00000000 | rs2_d: 00000000 | alu_res: 00000000 | mem_w: 0 | reg_w: 1 | csr_w: 0 | csr_op: 00 | csr_addr: 000 | csr_wdata: 00000000 | mscratch: 00000000
PC: 80000358 | Instr: 00000013 | rs1_d: 00000000 | rs2_d: 00000000 | alu_res: 00000000 | mem_w: 0 | reg_w: 1 | csr_w: 0 | csr_op: 00 | csr_addr: 000 | csr_wdata: 00000000 | mscratch: 00000000
PC: 8000035c | Instr: 00000013 | rs1_d: 00000000 | rs2_d: 00000000 | alu_res: 00000000 | mem_w: 0 | reg_w: 1 | csr_w: 0 | csr_op: 00 | csr_addr: 000 | csr_wdata: 00000000 | mscratch: 00000000
PC: 80000360 | Instr: 00040417 | rs1_d: 00000001 | rs2_d: 00000000 | alu_res: 80040360 | mem_w: 0 | reg_w: 1 | csr_w: 0 | csr_op: 00 | csr_addr: 000 | csr_wdata: 00000001 | mscratch: 00000000
PC: 80000364 | Instr: ca040413 | rs1_d: 80040360 | rs2_d: 00000000 | alu_res: 80040000 | mem_w: 0 | reg_w: 1 | csr_w: 0 | csr_op: 00 | csr_addr: ca0 | csr_wdata: 80040360 | mscratch: 00000000
PC: 80000368 | Instr: 00000013 | rs1_d: 00000000 | rs2_d: 00000000 | alu_res: 00000000 | mem_w: 0 | reg_w: 1 | csr_w: 0 | csr_op: 00 | csr_addr: 000 | csr_wdata: 00000000 | mscratch: 00000000
PC: 8000036c | Instr: 00000013 | rs1_d: 00000000 | rs2_d: 00000000 | alu_res: 00000000 | mem_w: 0 | reg_w: 1 | csr_w: 0 | csr_op: 00 | csr_addr: 000 | csr_wdata: 00000000 | mscratch: 00000000
PC: 80000370 | Instr: 00000013 | rs1_d: 00000000 | rs2_d: 00000000 | alu_res: 00000000 | mem_w: 0 | reg_w: 1 | csr_w: 0 | csr_op: 00 | csr_addr: 000 | csr_wdata: 00000000 | mscratch: 00000000
PC: 80000374 | Instr: 00000013 | rs1_d: 00000000 | rs2_d: 00000000 | alu_res: 00000000 | mem_w: 0 | reg_w: 1 | csr_w: 0 | csr_op: 00 | csr_addr: 000 | csr_wdata: 00000000 | mscratch: 00000000
PC: 80000378 | Instr: 00000013 | rs1_d: 00000000 | rs2_d: 00000000 | alu_res: 00000000 | mem_w: 0 | reg_w: 1 | csr_w: 0 | csr_op: 00 | csr_addr: 000 | csr_wdata: 00000000 | mscratch: 00000000
PC: 8000037c | Instr: 00000013 | rs1_d: 00000000 | rs2_d: 00000000 | alu_res: 00000000 | mem_w: 0 | reg_w: 1 | csr_w: 0 | csr_op: 00 | csr_addr: 000 | csr_wdata: 00000000 | mscratch: 00000000
PC: 80000380 | Instr: 01e42027 | rs1_d: 80040000 | rs2_d: df56ff76 | alu_res: 80040000 | mem_w: 1 | reg_w: 0 | csr_w: 0 | csr_op: 00 | csr_addr: 01e | csr_wdata: 80040000 | mscratch: 00000000
PC: 80000384 | Instr: 00042403 | rs1_d: 80040000 | rs2_d: 00000000 | alu_res: 80040000 | mem_w: 0 | reg_w: 1 | csr_w: 0 | csr_op: 00 | csr_addr: 000 | csr_wdata: 80040000 | mscratch: 00000000
PC: 80000388 | Instr: 008ba023 | rs1_d: 800421e4 | rs2_d: 4e6874f1 | alu_res: 800421e4 | mem_w: 1 | reg_w: 0 | csr_w: 0 | csr_op: 00 | csr_addr: 008 | csr_wdata: 800421e4 | mscratch: 00000000
PC: 8000038c | Instr: 00000863 | rs1_d: 00000000 | rs2_d: 00000000 | alu_res: 00000000 | mem_w: 0 | reg_w: 0 | csr_w: 0 | csr_op: 00 | csr_addr: 000 | csr_wdata: 00000000 | mscratch: 00000000
PC: 8000039c | Instr: 004b8b93 | rs1_d: 800421e4 | rs2_d: ba39b971 | alu_res: 800421e8 | mem_w: 0 | reg_w: 1 | csr_w: 0 | csr_op: 00 | csr_addr: 004 | csr_wdata: 800421e4 | mscratch: 00000000
PC: 800003a0 | Instr: 00102473 | rs1_d: 00000000 | rs2_d: 8004012c | alu_res: 8004012c | mem_w: 0 | reg_w: 1 | csr_w: 0 | csr_op: 10 | csr_addr: 001 | csr_wdata: 00000000 | mscratch: 00000000
PC: 800003a4 | Instr: 008ba023 | rs1_d: 800421e8 | rs2_d: 00000001 | alu_res: 800421e8 | mem_w: 1 | reg_w: 0 | csr_w: 0 | csr_op: 00 | csr_addr: 008 | csr_wdata: 800421e8 | mscratch: 00000000
PC: 800003a8 | Instr: 00000863 | rs1_d: 00000000 | rs2_d: 00000000 | alu_res: 00000000 | mem_w: 0 | reg_w: 0 | csr_w: 0 | csr_op: 00 | csr_addr: 000 | csr_wdata: 00000000 | mscratch: 00000000
PC: 800003b8 | Instr: 004b8b93 | rs1_d: 800421e8 | rs2_d: ba39b971 | alu_res: 800421ec | mem_w: 0 | reg_w: 1 | csr_w: 0 | csr_op: 00 | csr_addr: 004 | csr_wdata: 800421e8 | mscratch: 00000000
PC: 800003bc | Instr: 00038613 | rs1_d: 6df56ff7 | rs2_d: 00000000 | alu_res: 6df56ff7 | mem_w: 0 | reg_w: 1 | csr_w: 0 | csr_op: 00 | csr_addr: 000 | csr_wdata: 6df56ff7 | mscratch: 00000000
PC: 800003c0 | Instr: 00040693 | rs1_d: 00000001 | rs2_d: 00000000 | alu_res: 00000001 | mem_w: 0 | reg_w: 1 | csr_w: 0 | csr_op: 00 | csr_addr: 000 | csr_wdata: 00000001 | mscratch: 00000000
PC: 800003c4 | Instr: 0000a383 | rs1_d: 8004012c | rs2_d: 00000000 | alu_res: 8004012c | mem_w: 0 | reg_w: 1 | csr_w: 0 | csr_op: 00 | csr_addr: 000 | csr_wdata: 8004012c | mscratch: 00000000
PC: 800003c8 | Instr: 00408093 | rs1_d: 8004012c | rs2_d: ba39b971 | alu_res: 80040130 | mem_w: 0 | reg_w: 1 | csr_w: 0 | csr_op: 00 | csr_addr: 004 | csr_wdata: 8004012c | mscratch: 00000000
PC: 800003cc | Instr: 00105073 | rs1_d: 00000000 | rs2_d: 80040130 | alu_res: 80040130 | mem_w: 0 | reg_w: 1 | csr_w: 1 | csr_op: 01 | csr_addr: 001 | csr_wdata: 00000000 | mscratch: 00000000
PC: 800003d0 | Instr: d003fd53 | rs1_d: fe9dc592 | rs2_d: 00000000 | alu_res: fe9dc592 | mem_w: 0 | reg_w: 0 | csr_w: 0 | csr_op: 00 | csr_addr: d00 | csr_wdata: fe9dc592 | mscratch: 00000000
PC: 800003d4 | Instr: 00000013 | rs1_d: 00000000 | rs2_d: 00000000 | alu_res: 00000000 | mem_w: 0 | reg_w: 1 | csr_w: 0 | csr_op: 00 | csr_addr: 000 | csr_wdata: 00000000 | mscratch: 00000000
PC: 800003d8 | Instr: 00000013 | rs1_d: 00000000 | rs2_d: 00000000 | alu_res: 00000000 | mem_w: 0 | reg_w: 1 | csr_w: 0 | csr_op: 00 | csr_addr: 000 | csr_wdata: 00000000 | mscratch: 00000000
PC: 800003dc | Instr: 00000013 | rs1_d: 00000000 | rs2_d: 00000000 | alu_res: 00000000 | mem_w: 0 | reg_w: 1 | csr_w: 0 | csr_op: 00 | csr_addr: 000 | csr_wdata: 00000000 | mscratch: 00000000
PC: 800003e0 | Instr: 00040697 | rs1_d: 00000001 | rs2_d: 00000000 | alu_res: 800403e0 | mem_w: 0 | reg_w: 1 | csr_w: 0 | csr_op: 00 | csr_addr: 000 | csr_wdata: 00000001 | mscratch: 00000000
PC: 800003e4 | Instr: c2068693 | rs1_d: 800403e0 | rs2_d: 00000000 | alu_res: 80040000 | mem_w: 0 | reg_w: 1 | csr_w: 0 | csr_op: 00 | csr_addr: c20 | csr_wdata: 800403e0 | mscratch: 00000000
PC: 800003e8 | Instr: 00000013 | rs1_d: 00000000 | rs2_d: 00000000 | alu_res: 00000000 | mem_w: 0 | reg_w: 1 | csr_w: 0 | csr_op: 00 | csr_addr: 000 | csr_wdata: 00000000 | mscratch: 00000000
PC: 800003ec | Instr: 00000013 | rs1_d: 00000000 | rs2_d: 00000000 | alu_res: 00000000 | mem_w: 0 | reg_w: 1 | csr_w: 0 | csr_op: 00 | csr_addr: 000 | csr_wdata: 00000000 | mscratch: 00000000
PC: 800003f0 | Instr: 00000013 | rs1_d: 00000000 | rs2_d: 00000000 | alu_res: 00000000 | mem_w: 0 | reg_w: 1 | csr_w: 0 | csr_op: 00 | csr_addr: 000 | csr_wdata: 00000000 | mscratch: 00000000
PC: 800003f4 | Instr: 00000013 | rs1_d: 00000000 | rs2_d: 00000000 | alu_res: 00000000 | mem_w: 0 | reg_w: 1 | csr_w: 0 | csr_op: 00 | csr_addr: 000 | csr_wdata: 00000000 | mscratch: 00000000
PC: 800003f8 | Instr: 00000013 | rs1_d: 00000000 | rs2_d: 00000000 | alu_res: 00000000 | mem_w: 0 | reg_w: 1 | csr_w: 0 | csr_op: 00 | csr_addr: 000 | csr_wdata: 00000000 | mscratch: 00000000
PC: 800003fc | Instr: 00000013 | rs1_d: 00000000 | rs2_d: 00000000 | alu_res: 00000000 | mem_w: 0 | reg_w: 1 | csr_w: 0 | csr_op: 00 | csr_addr: 000 | csr_wdata: 00000000 | mscratch: 00000000
PC: 80000400 | Instr: 01a6a027 | rs1_d: 80040000 | rs2_d: 6df56ff7 | alu_res: 80040000 | mem_w: 1 | reg_w: 0 | csr_w: 0 | csr_op: 00 | csr_addr: 01a | csr_wdata: 80040000 | mscratch: 00000000
PC: 80000404 | Instr: 0006a683 | rs1_d: 80040000 | rs2_d: 00000000 | alu_res: 80040000 | mem_w: 0 | reg_w: 1 | csr_w: 0 | csr_op: 00 | csr_addr: 000 | csr_wdata: 80040000 | mscratch: 00000000
PC: 80000408 | Instr: 00dba023 | rs1_d: 800421ec | rs2_d: cbb11d37 | alu_res: 800421ec | mem_w: 1 | reg_w: 0 | csr_w: 0 | csr_op: 00 | csr_addr: 00d | csr_wdata: 800421ec | mscratch: 00000000
PC: 8000040c | Instr: 00000863 | rs1_d: 00000000 | rs2_d: 00000000 | alu_res: 00000000 | mem_w: 0 | reg_w: 0 | csr_w: 0 | csr_op: 00 | csr_addr: 000 | csr_wdata: 00000000 | mscratch: 00000000
PC: 8000041c | Instr: 004b8b93 | rs1_d: 800421ec | rs2_d: ba39b971 | alu_res: 800421f0 | mem_w: 0 | reg_w: 1 | csr_w: 0 | csr_op: 00 | csr_addr: 004 | csr_wdata: 800421ec | mscratch: 00000000
PC: 80000420 | Instr: 001026f3 | rs1_d: 00000000 | rs2_d: 80040130 | alu_res: 80040130 | mem_w: 0 | reg_w: 1 | csr_w: 0 | csr_op: 10 | csr_addr: 001 | csr_wdata: 00000000 | mscratch: 00000000
PC: 80000424 | Instr: 00dba023 | rs1_d: 800421f0 | rs2_d: 00000000 | alu_res: 800421f0 | mem_w: 1 | reg_w: 0 | csr_w: 0 | csr_op: 00 | csr_addr: 00d | csr_wdata: 800421f0 | mscratch: 00000000
PC: 80000428 | Instr: 00000863 | rs1_d: 00000000 | rs2_d: 00000000 | alu_res: 00000000 | mem_w: 0 | reg_w: 0 | csr_w: 0 | csr_op: 00 | csr_addr: 000 | csr_wdata: 00000000 | mscratch: 00000000
PC: 80000438 | Instr: 004b8b93 | rs1_d: 800421f0 | rs2_d: ba39b971 | alu_res: 800421f4 | mem_w: 0 | reg_w: 1 | csr_w: 0 | csr_op: 00 | csr_addr: 004 | csr_wdata: 800421f0 | mscratch: 00000000
PC: 8000043c | Instr: 0000a403 | rs1_d: 80040130 | rs2_d: 00000000 | alu_res: 80040130 | mem_w: 0 | reg_w: 1 | csr_w: 0 | csr_op: 00 | csr_addr: 000 | csr_wdata: 80040130 | mscratch: 00000000
PC: 80000440 | Instr: 00408093 | rs1_d: 80040130 | rs2_d: ba39b971 | alu_res: 80040134 | mem_w: 0 | reg_w: 1 | csr_w: 0 | csr_op: 00 | csr_addr: 004 | csr_wdata: 80040130 | mscratch: 00000000
PC: 80000444 | Instr: 00105073 | rs1_d: 00000000 | rs2_d: 80040134 | alu_res: 80040134 | mem_w: 0 | reg_w: 1 | csr_w: 1 | csr_op: 01 | csr_addr: 001 | csr_wdata: 00000000 | mscratch: 00000000
PC: 80000448 | Instr: d0047fd3 | rs1_d: c23524fa | rs2_d: 00000000 | alu_res: c23524fa | mem_w: 0 | reg_w: 0 | csr_w: 0 | csr_op: 00 | csr_addr: d00 | csr_wdata: c23524fa | mscratch: 00000000
PC: 8000044c | Instr: 00000013 | rs1_d: 00000000 | rs2_d: 00000000 | alu_res: 00000000 | mem_w: 0 | reg_w: 1 | csr_w: 0 | csr_op: 00 | csr_addr: 000 | csr_wdata: 00000000 | mscratch: 00000000
PC: 80000450 | Instr: 00000013 | rs1_d: 00000000 | rs2_d: 00000000 | alu_res: 00000000 | mem_w: 0 | reg_w: 1 | csr_w: 0 | csr_op: 00 | csr_addr: 000 | csr_wdata: 00000000 | mscratch: 00000000
PC: 80000454 | Instr: 00000013 | rs1_d: 00000000 | rs2_d: 00000000 | alu_res: 00000000 | mem_w: 0 | reg_w: 1 | csr_w: 0 | csr_op: 00 | csr_addr: 000 | csr_wdata: 00000000 | mscratch: 00000000
PC: 80000458 | Instr: 00000013 | rs1_d: 00000000 | rs2_d: 00000000 | alu_res: 00000000 | mem_w: 0 | reg_w: 1 | csr_w: 0 | csr_op: 00 | csr_addr: 000 | csr_wdata: 00000000 | mscratch: 00000000
PC: 8000045c | Instr: 00000013 | rs1_d: 00000000 | rs2_d: 00000000 | alu_res: 00000000 | mem_w: 0 | reg_w: 1 | csr_w: 0 | csr_op: 00 | csr_addr: 000 | csr_wdata: 00000000 | mscratch: 00000000
PC: 80000460 | Instr: 00040697 | rs1_d: c23524fa | rs2_d: 00000000 | alu_res: 80040460 | mem_w: 0 | reg_w: 1 | csr_w: 0 | csr_op: 00 | csr_addr: 000 | csr_wdata: c23524fa | mscratch: 00000000
PC: 80000464 | Instr: ba068693 | rs1_d: 80040460 | rs2_d: 00000000 | alu_res: 80040000 | mem_w: 0 | reg_w: 1 | csr_w: 0 | csr_op: 00 | csr_addr: ba0 | csr_wdata: 80040460 | mscratch: 00000000
PC: 80000468 | Instr: 00000013 | rs1_d: 00000000 | rs2_d: 00000000 | alu_res: 00000000 | mem_w: 0 | reg_w: 1 | csr_w: 0 | csr_op: 00 | csr_addr: 000 | csr_wdata: 00000000 | mscratch: 00000000
PC: 8000046c | Instr: 00000013 | rs1_d: 00000000 | rs2_d: 00000000 | alu_res: 00000000 | mem_w: 0 | reg_w: 1 | csr_w: 0 | csr_op: 00 | csr_addr: 000 | csr_wdata: 00000000 | mscratch: 00000000
PC: 80000470 | Instr: 00000013 | rs1_d: 00000000 | rs2_d: 00000000 | alu_res: 00000000 | mem_w: 0 | reg_w: 1 | csr_w: 0 | csr_op: 00 | csr_addr: 000 | csr_wdata: 00000000 | mscratch: 00000000
PC: 80000474 | Instr: 00000013 | rs1_d: 00000000 | rs2_d: 00000000 | alu_res: 00000000 | mem_w: 0 | reg_w: 1 | csr_w: 0 | csr_op: 00 | csr_addr: 000 | csr_wdata: 00000000 | mscratch: 00000000
PC: 80000478 | Instr: 00000013 | rs1_d: 00000000 | rs2_d: 00000000 | alu_res: 00000000 | mem_w: 0 | reg_w: 1 | csr_w: 0 | csr_op: 00 | csr_addr: 000 | csr_wdata: 00000000 | mscratch: 00000000
PC: 8000047c | Instr: 00000013 | rs1_d: 00000000 | rs2_d: 00000000 | alu_res: 00000000 | mem_w: 0 | reg_w: 1 | csr_w: 0 | csr_op: 00 | csr_addr: 000 | csr_wdata: 00000000 | mscratch: 00000000
PC: 80000480 | Instr: 01f6a027 | rs1_d: 80040000 | rs2_d: edbeadfe | alu_res: 80040000 | mem_w: 1 | reg_w: 0 | csr_w: 0 | csr_op: 00 | csr_addr: 01f | csr_wdata: 80040000 | mscratch: 00000000
PC: 80000484 | Instr: 0006a683 | rs1_d: 80040000 | rs2_d: 00000000 | alu_res: 80040000 | mem_w: 0 | reg_w: 1 | csr_w: 0 | csr_op: 00 | csr_addr: 000 | csr_wdata: 80040000 | mscratch: 00000000
PC: 80000488 | Instr: 00dba023 | rs1_d: 800421f4 | rs2_d: ce772b6c | alu_res: 800421f4 | mem_w: 1 | reg_w: 0 | csr_w: 0 | csr_op: 00 | csr_addr: 00d | csr_wdata: 800421f4 | mscratch: 00000000
PC: 8000048c | Instr: 00000863 | rs1_d: 00000000 | rs2_d: 00000000 | alu_res: 00000000 | mem_w: 0 | reg_w: 0 | csr_w: 0 | csr_op: 00 | csr_addr: 000 | csr_wdata: 00000000 | mscratch: 00000000
PC: 8000049c | Instr: 004b8b93 | rs1_d: 800421f4 | rs2_d: ba39b971 | alu_res: 800421f8 | mem_w: 0 | reg_w: 1 | csr_w: 0 | csr_op: 00 | csr_addr: 004 | csr_wdata: 800421f4 | mscratch: 00000000
PC: 800004a0 | Instr: 001026f3 | rs1_d: 00000000 | rs2_d: 80040134 | alu_res: 80040134 | mem_w: 0 | reg_w: 1 | csr_w: 0 | csr_op: 10 | csr_addr: 001 | csr_wdata: 00000000 | mscratch: 00000000
PC: 800004a4 | Instr: 00dba023 | rs1_d: 800421f8 | rs2_d: 00000001 | alu_res: 800421f8 | mem_w: 1 | reg_w: 0 | csr_w: 0 | csr_op: 00 | csr_addr: 00d | csr_wdata: 800421f8 | mscratch: 00000000
PC: 800004a8 | Instr: 00000863 | rs1_d: 00000000 | rs2_d: 00000000 | alu_res: 00000000 | mem_w: 0 | reg_w: 0 | csr_w: 0 | csr_op: 00 | csr_addr: 000 | csr_wdata: 00000000 | mscratch: 00000000
PC: 800004b8 | Instr: 004b8b93 | rs1_d: 800421f8 | rs2_d: ba39b971 | alu_res: 800421fc | mem_w: 0 | reg_w: 1 | csr_w: 0 | csr_op: 00 | csr_addr: 004 | csr_wdata: 800421f8 | mscratch: 00000000
PC: 800004bc | Instr: 0000a483 | rs1_d: 80040134 | rs2_d: 00000000 | alu_res: 80040134 | mem_w: 0 | reg_w: 1 | csr_w: 0 | csr_op: 00 | csr_addr: 000 | csr_wdata: 80040134 | mscratch: 00000000
PC: 800004c0 | Instr: 00408093 | rs1_d: 80040134 | rs2_d: ba39b971 | alu_res: 80040138 | mem_w: 0 | reg_w: 1 | csr_w: 0 | csr_op: 00 | csr_addr: 004 | csr_wdata: 80040134 | mscratch: 00000000
PC: 800004c4 | Instr: 00105073 | rs1_d: 00000000 | rs2_d: 80040138 | alu_res: 80040138 | mem_w: 0 | reg_w: 1 | csr_w: 1 | csr_op: 01 | csr_addr: 001 | csr_wdata: 00000000 | mscratch: 00000000
PC: 800004c8 | Instr: d004fad3 | rs1_d: 86ff3997 | rs2_d: 00000000 | alu_res: 86ff3997 | mem_w: 0 | reg_w: 0 | csr_w: 0 | csr_op: 00 | csr_addr: d00 | csr_wdata: 86ff3997 | mscratch: 00000000
PC: 800004cc | Instr: 00000013 | rs1_d: 00000000 | rs2_d: 00000000 | alu_res: 00000000 | mem_w: 0 | reg_w: 1 | csr_w: 0 | csr_op: 00 | csr_addr: 000 | csr_wdata: 00000000 | mscratch: 00000000
PC: 800004d0 | Instr: 00000013 | rs1_d: 00000000 | rs2_d: 00000000 | alu_res: 00000000 | mem_w: 0 | reg_w: 1 | csr_w: 0 | csr_op: 00 | csr_addr: 000 | csr_wdata: 00000000 | mscratch: 00000000
PC: 800004d4 | Instr: 00000013 | rs1_d: 00000000 | rs2_d: 00000000 | alu_res: 00000000 | mem_w: 0 | reg_w: 1 | csr_w: 0 | csr_op: 00 | csr_addr: 000 | csr_wdata: 00000000 | mscratch: 00000000
PC: 800004d8 | Instr: 00000013 | rs1_d: 00000000 | rs2_d: 00000000 | alu_res: 00000000 | mem_w: 0 | reg_w: 1 | csr_w: 0 | csr_op: 00 | csr_addr: 000 | csr_wdata: 00000000 | mscratch: 00000000
PC: 800004dc | Instr: 00000013 | rs1_d: 00000000 | rs2_d: 00000000 | alu_res: 00000000 | mem_w: 0 | reg_w: 1 | csr_w: 0 | csr_op: 00 | csr_addr: 000 | csr_wdata: 00000000 | mscratch: 00000000
PC: 800004e0 | Instr: 00040697 | rs1_d: c23524fa | rs2_d: 00000000 | alu_res: 800404e0 | mem_w: 0 | reg_w: 1 | csr_w: 0 | csr_op: 00 | csr_addr: 000 | csr_wdata: c23524fa | mscratch: 00000000
PC: 800004e4 | Instr: b2068693 | rs1_d: 800404e0 | rs2_d: 00000000 | alu_res: 80040000 | mem_w: 0 | reg_w: 1 | csr_w: 0 | csr_op: 00 | csr_addr: b20 | csr_wdata: 800404e0 | mscratch: 00000000
PC: 800004e8 | Instr: 00000013 | rs1_d: 00000000 | rs2_d: 00000000 | alu_res: 00000000 | mem_w: 0 | reg_w: 1 | csr_w: 0 | csr_op: 00 | csr_addr: 000 | csr_wdata: 00000000 | mscratch: 00000000
PC: 800004ec | Instr: 00000013 | rs1_d: 00000000 | rs2_d: 00000000 | alu_res: 00000000 | mem_w: 0 | reg_w: 1 | csr_w: 0 | csr_op: 00 | csr_addr: 000 | csr_wdata: 00000000 | mscratch: 00000000
PC: 800004f0 | Instr: 00000013 | rs1_d: 00000000 | rs2_d: 00000000 | alu_res: 00000000 | mem_w: 0 | reg_w: 1 | csr_w: 0 | csr_op: 00 | csr_addr: 000 | csr_wdata: 00000000 | mscratch: 00000000
PC: 800004f4 | Instr: 00000013 | rs1_d: 00000000 | rs2_d: 00000000 | alu_res: 00000000 | mem_w: 0 | reg_w: 1 | csr_w: 0 | csr_op: 00 | csr_addr: 000 | csr_wdata: 00000000 | mscratch: 00000000
PC: 800004f8 | Instr: 00000013 | rs1_d: 00000000 | rs2_d: 00000000 | alu_res: 00000000 | mem_w: 0 | reg_w: 1 | csr_w: 0 | csr_op: 00 | csr_addr: 000 | csr_wdata: 00000000 | mscratch: 00000000
PC: 800004fc | Instr: 00000013 | rs1_d: 00000000 | rs2_d: 00000000 | alu_res: 00000000 | mem_w: 0 | reg_w: 1 | csr_w: 0 | csr_op: 00 | csr_addr: 000 | csr_wdata: 00000000 | mscratch: 00000000
PC: 80000500 | Instr: 0156a027 | rs1_d: 80040000 | rs2_d: 6fab7fbb | alu_res: 80040000 | mem_w: 1 | reg_w: 0 | csr_w: 0 | csr_op: 00 | csr_addr: 015 | csr_wdata: 80040000 | mscratch: 00000000
PC: 80000504 | Instr: 0006a683 | rs1_d: 80040000 | rs2_d: 00000000 | alu_res: 80040000 | mem_w: 0 | reg_w: 1 | csr_w: 0 | csr_op: 00 | csr_addr: 000 | csr_wdata: 80040000 | mscratch: 00000000
PC: 80000508 | Instr: 00dba023 | rs1_d: 800421fc | rs2_d: cef2018d | alu_res: 800421fc | mem_w: 1 | reg_w: 0 | csr_w: 0 | csr_op: 00 | csr_addr: 00d | csr_wdata: 800421fc | mscratch: 00000000
PC: 8000050c | Instr: 00000863 | rs1_d: 00000000 | rs2_d: 00000000 | alu_res: 00000000 | mem_w: 0 | reg_w: 0 | csr_w: 0 | csr_op: 00 | csr_addr: 000 | csr_wdata: 00000000 | mscratch: 00000000
PC: 8000051c | Instr: 004b8b93 | rs1_d: 800421fc | rs2_d: ba39b971 | alu_res: 80042200 | mem_w: 0 | reg_w: 1 | csr_w: 0 | csr_op: 00 | csr_addr: 004 | csr_wdata: 800421fc | mscratch: 00000000
PC: 80000520 | Instr: 001026f3 | rs1_d: 00000000 | rs2_d: 80040138 | alu_res: 80040138 | mem_w: 0 | reg_w: 1 | csr_w: 0 | csr_op: 10 | csr_addr: 001 | csr_wdata: 00000000 | mscratch: 00000000
PC: 80000524 | Instr: 00dba023 | rs1_d: 80042200 | rs2_d: 00000001 | alu_res: 80042200 | mem_w: 1 | reg_w: 0 | csr_w: 0 | csr_op: 00 | csr_addr: 00d | csr_wdata: 80042200 | mscratch: 00000000
PC: 80000528 | Instr: 00000863 | rs1_d: 00000000 | rs2_d: 00000000 | alu_res: 00000000 | mem_w: 0 | reg_w: 0 | csr_w: 0 | csr_op: 00 | csr_addr: 000 | csr_wdata: 00000000 | mscratch: 00000000
PC: 80000538 | Instr: 004b8b93 | rs1_d: 80042200 | rs2_d: ba39b971 | alu_res: 80042204 | mem_w: 0 | reg_w: 1 | csr_w: 0 | csr_op: 00 | csr_addr: 004 | csr_wdata: 80042200 | mscratch: 00000000
PC: 8000053c | Instr: 0000a503 | rs1_d: 80040138 | rs2_d: 00000000 | alu_res: 80040138 | mem_w: 0 | reg_w: 1 | csr_w: 0 | csr_op: 00 | csr_addr: 000 | csr_wdata: 80040138 | mscratch: 00000000
PC: 80000540 | Instr: 00408093 | rs1_d: 80040138 | rs2_d: ba39b971 | alu_res: 8004013c | mem_w: 0 | reg_w: 1 | csr_w: 0 | csr_op: 00 | csr_addr: 004 | csr_wdata: 80040138 | mscratch: 00000000
PC: 80000544 | Instr: 00105073 | rs1_d: 00000000 | rs2_d: 8004013c | alu_res: 8004013c | mem_w: 0 | reg_w: 1 | csr_w: 1 | csr_op: 01 | csr_addr: 001 | csr_wdata: 00000000 | mscratch: 00000000
PC: 80000548 | Instr: d00571d3 | rs1_d: fcce0a2d | rs2_d: 00000000 | alu_res: fcce0a2d | mem_w: 0 | reg_w: 0 | csr_w: 0 | csr_op: 00 | csr_addr: d00 | csr_wdata: fcce0a2d | mscratch: 00000000
PC: 8000054c | Instr: 00000013 | rs1_d: 00000000 | rs2_d: 00000000 | alu_res: 00000000 | mem_w: 0 | reg_w: 1 | csr_w: 0 | csr_op: 00 | csr_addr: 000 | csr_wdata: 00000000 | mscratch: 00000000
PC: 80000550 | Instr: 00000013 | rs1_d: 00000000 | rs2_d: 00000000 | alu_res: 00000000 | mem_w: 0 | reg_w: 1 | csr_w: 0 | csr_op: 00 | csr_addr: 000 | csr_wdata: 00000000 | mscratch: 00000000
PC: 80000554 | Instr: 00000013 | rs1_d: 00000000 | rs2_d: 00000000 | alu_res: 00000000 | mem_w: 0 | reg_w: 1 | csr_w: 0 | csr_op: 00 | csr_addr: 000 | csr_wdata: 00000000 | mscratch: 00000000
PC: 80000558 | Instr: 00000013 | rs1_d: 00000000 | rs2_d: 00000000 | alu_res: 00000000 | mem_w: 0 | reg_w: 1 | csr_w: 0 | csr_op: 00 | csr_addr: 000 | csr_wdata: 00000000 | mscratch: 00000000
PC: 8000055c | Instr: 00000013 | rs1_d: 00000000 | rs2_d: 00000000 | alu_res: 00000000 | mem_w: 0 | reg_w: 1 | csr_w: 0 | csr_op: 00 | csr_addr: 000 | csr_wdata: 00000000 | mscratch: 00000000
PC: 80000560 | Instr: 00040697 | rs1_d: c23524fa | rs2_d: 00000000 | alu_res: 80040560 | mem_w: 0 | reg_w: 1 | csr_w: 0 | csr_op: 00 | csr_addr: 000 | csr_wdata: c23524fa | mscratch: 00000000
PC: 80000564 | Instr: aa068693 | rs1_d: 80040560 | rs2_d: 00000000 | alu_res: 80040000 | mem_w: 0 | reg_w: 1 | csr_w: 0 | csr_op: 00 | csr_addr: aa0 | csr_wdata: 80040560 | mscratch: 00000000
PC: 80000568 | Instr: 00000013 | rs1_d: 00000000 | rs2_d: 00000000 | alu_res: 00000000 | mem_w: 0 | reg_w: 1 | csr_w: 0 | csr_op: 00 | csr_addr: 000 | csr_wdata: 00000000 | mscratch: 00000000
PC: 8000056c | Instr: 00000013 | rs1_d: 00000000 | rs2_d: 00000000 | alu_res: 00000000 | mem_w: 0 | reg_w: 1 | csr_w: 0 | csr_op: 00 | csr_addr: 000 | csr_wdata: 00000000 | mscratch: 00000000
PC: 80000570 | Instr: 00000013 | rs1_d: 00000000 | rs2_d: 00000000 | alu_res: 00000000 | mem_w: 0 | reg_w: 1 | csr_w: 0 | csr_op: 00 | csr_addr: 000 | csr_wdata: 00000000 | mscratch: 00000000
PC: 80000574 | Instr: 00000013 | rs1_d: 00000000 | rs2_d: 00000000 | alu_res: 00000000 | mem_w: 0 | reg_w: 1 | csr_w: 0 | csr_op: 00 | csr_addr: 000 | csr_wdata: 00000000 | mscratch: 00000000
PC: 80000578 | Instr: 00000013 | rs1_d: 00000000 | rs2_d: 00000000 | alu_res: 00000000 | mem_w: 0 | reg_w: 1 | csr_w: 0 | csr_op: 00 | csr_addr: 000 | csr_wdata: 00000000 | mscratch: 00000000
PC: 8000057c | Instr: 00000013 | rs1_d: 00000000 | rs2_d: 00000000 | alu_res: 00000000 | mem_w: 0 | reg_w: 1 | csr_w: 0 | csr_op: 00 | csr_addr: 000 | csr_wdata: 00000000 | mscratch: 00000000
PC: 80000580 | Instr: 0036a027 | rs1_d: 80040000 | rs2_d: 79d3c041 | alu_res: 80040000 | mem_w: 1 | reg_w: 0 | csr_w: 0 | csr_op: 00 | csr_addr: 003 | csr_wdata: 80040000 | mscratch: 00000000
PC: 80000584 | Instr: 0006a683 | rs1_d: 80040000 | rs2_d: 00000000 | alu_res: 80040000 | mem_w: 0 | reg_w: 1 | csr_w: 0 | csr_op: 00 | csr_addr: 000 | csr_wdata: 80040000 | mscratch: 00000000
PC: 80000588 | Instr: 00dba023 | rs1_d: 80042204 | rs2_d: cc4c7d75 | alu_res: 80042204 | mem_w: 1 | reg_w: 0 | csr_w: 0 | csr_op: 00 | csr_addr: 00d | csr_wdata: 80042204 | mscratch: 00000000
PC: 8000058c | Instr: 00000863 | rs1_d: 00000000 | rs2_d: 00000000 | alu_res: 00000000 | mem_w: 0 | reg_w: 0 | csr_w: 0 | csr_op: 00 | csr_addr: 000 | csr_wdata: 00000000 | mscratch: 00000000
PC: 8000059c | Instr: 004b8b93 | rs1_d: 80042204 | rs2_d: ba39b971 | alu_res: 80042208 | mem_w: 0 | reg_w: 1 | csr_w: 0 | csr_op: 00 | csr_addr: 004 | csr_wdata: 80042204 | mscratch: 00000000
PC: 800005a0 | Instr: 001026f3 | rs1_d: 00000000 | rs2_d: 8004013c | alu_res: 8004013c | mem_w: 0 | reg_w: 1 | csr_w: 0 | csr_op: 10 | csr_addr: 001 | csr_wdata: 00000000 | mscratch: 00000000
PC: 800005a4 | Instr: 00dba023 | rs1_d: 80042208 | rs2_d: 00000001 | alu_res: 80042208 | mem_w: 1 | reg_w: 0 | csr_w: 0 | csr_op: 00 | csr_addr: 00d | csr_wdata: 80042208 | mscratch: 00000000
PC: 800005a8 | Instr: 00000863 | rs1_d: 00000000 | rs2_d: 00000000 | alu_res: 00000000 | mem_w: 0 | reg_w: 0 | csr_w: 0 | csr_op: 00 | csr_addr: 000 | csr_wdata: 00000000 | mscratch: 00000000
PC: 800005b8 | Instr: 004b8b93 | rs1_d: 80042208 | rs2_d: ba39b971 | alu_res: 8004220c | mem_w: 0 | reg_w: 1 | csr_w: 0 | csr_op: 00 | csr_addr: 004 | csr_wdata: 80042208 | mscratch: 00000000
PC: 800005bc | Instr: 0000a583 | rs1_d: 8004013c | rs2_d: 00000000 | alu_res: 8004013c | mem_w: 0 | reg_w: 1 | csr_w: 0 | csr_op: 00 | csr_addr: 000 | csr_wdata: 8004013c | mscratch: 00000000
PC: 800005c0 | Instr: 00408093 | rs1_d: 8004013c | rs2_d: ba39b971 | alu_res: 80040140 | mem_w: 0 | reg_w: 1 | csr_w: 0 | csr_op: 00 | csr_addr: 004 | csr_wdata: 8004013c | mscratch: 00000000
PC: 800005c4 | Instr: 00105073 | rs1_d: 00000000 | rs2_d: 80040140 | alu_res: 80040140 | mem_w: 0 | reg_w: 1 | csr_w: 1 | csr_op: 01 | csr_addr: 001 | csr_wdata: 00000000 | mscratch: 00000000
PC: 800005c8 | Instr: d005f653 | rs1_d: 50f433bf | rs2_d: 00000000 | alu_res: 50f433bf | mem_w: 0 | reg_w: 0 | csr_w: 0 | csr_op: 00 | csr_addr: d00 | csr_wdata: 50f433bf | mscratch: 00000000
PC: 800005cc | Instr: 00000013 | rs1_d: 00000000 | rs2_d: 00000000 | alu_res: 00000000 | mem_w: 0 | reg_w: 1 | csr_w: 0 | csr_op: 00 | csr_addr: 000 | csr_wdata: 00000000 | mscratch: 00000000
PC: 800005d0 | Instr: 00000013 | rs1_d: 00000000 | rs2_d: 00000000 | alu_res: 00000000 | mem_w: 0 | reg_w: 1 | csr_w: 0 | csr_op: 00 | csr_addr: 000 | csr_wdata: 00000000 | mscratch: 00000000
PC: 800005d4 | Instr: 00000013 | rs1_d: 00000000 | rs2_d: 00000000 | alu_res: 00000000 | mem_w: 0 | reg_w: 1 | csr_w: 0 | csr_op: 00 | csr_addr: 000 | csr_wdata: 00000000 | mscratch: 00000000
PC: 800005d8 | Instr: 00000013 | rs1_d: 00000000 | rs2_d: 00000000 | alu_res: 00000000 | mem_w: 0 | reg_w: 1 | csr_w: 0 | csr_op: 00 | csr_addr: 000 | csr_wdata: 00000000 | mscratch: 00000000
PC: 800005dc | Instr: 00000013 | rs1_d: 00000000 | rs2_d: 00000000 | alu_res: 00000000 | mem_w: 0 | reg_w: 1 | csr_w: 0 | csr_op: 00 | csr_addr: 000 | csr_wdata: 00000000 | mscratch: 00000000
PC: 800005e0 | Instr: 00040697 | rs1_d: c23524fa | rs2_d: 00000000 | alu_res: 800405e0 | mem_w: 0 | reg_w: 1 | csr_w: 0 | csr_op: 00 | csr_addr: 000 | csr_wdata: c23524fa | mscratch: 00000000
PC: 800005e4 | Instr: a2068693 | rs1_d: 800405e0 | rs2_d: 00000000 | alu_res: 80040000 | mem_w: 0 | reg_w: 1 | csr_w: 0 | csr_op: 00 | csr_addr: a20 | csr_wdata: 800405e0 | mscratch: 00000000
PC: 800005e8 | Instr: 00000013 | rs1_d: 00000000 | rs2_d: 00000000 | alu_res: 00000000 | mem_w: 0 | reg_w: 1 | csr_w: 0 | csr_op: 00 | csr_addr: 000 | csr_wdata: 00000000 | mscratch: 00000000
PC: 800005ec | Instr: 00000013 | rs1_d: 00000000 | rs2_d: 00000000 | alu_res: 00000000 | mem_w: 0 | reg_w: 1 | csr_w: 0 | csr_op: 00 | csr_addr: 000 | csr_wdata: 00000000 | mscratch: 00000000
PC: 800005f0 | Instr: 00000013 | rs1_d: 00000000 | rs2_d: 00000000 | alu_res: 00000000 | mem_w: 0 | reg_w: 1 | csr_w: 0 | csr_op: 00 | csr_addr: 000 | csr_wdata: 00000000 | mscratch: 00000000
PC: 800005f4 | Instr: 00000013 | rs1_d: 00000000 | rs2_d: 00000000 | alu_res: 00000000 | mem_w: 0 | reg_w: 1 | csr_w: 0 | csr_op: 00 | csr_addr: 000 | csr_wdata: 00000000 | mscratch: 00000000
PC: 800005f8 | Instr: 00000013 | rs1_d: 00000000 | rs2_d: 00000000 | alu_res: 00000000 | mem_w: 0 | reg_w: 1 | csr_w: 0 | csr_op: 00 | csr_addr: 000 | csr_wdata: 00000000 | mscratch: 00000000
PC: 800005fc | Instr: 00000013 | rs1_d: 00000000 | rs2_d: 00000000 | alu_res: 00000000 | mem_w: 0 | reg_w: 1 | csr_w: 0 | csr_op: 00 | csr_addr: 000 | csr_wdata: 00000000 | mscratch: 00000000
PC: 80000600 | Instr: 00c6a027 | rs1_d: 80040000 | rs2_d: 6df56ff7 | alu_res: 80040000 | mem_w: 1 | reg_w: 0 | csr_w: 0 | csr_op: 00 | csr_addr: 00c | csr_wdata: 80040000 | mscratch: 00000000
PC: 80000604 | Instr: 0006a683 | rs1_d: 80040000 | rs2_d: 00000000 | alu_res: 80040000 | mem_w: 0 | reg_w: 1 | csr_w: 0 | csr_op: 00 | csr_addr: 000 | csr_wdata: 80040000 | mscratch: 00000000
PC: 80000608 | Instr: 00dba023 | rs1_d: 8004220c | rs2_d: 4ea1e867 | alu_res: 8004220c | mem_w: 1 | reg_w: 0 | csr_w: 0 | csr_op: 00 | csr_addr: 00d | csr_wdata: 8004220c | mscratch: 00000000
PC: 8000060c | Instr: 00000863 | rs1_d: 00000000 | rs2_d: 00000000 | alu_res: 00000000 | mem_w: 0 | reg_w: 0 | csr_w: 0 | csr_op: 00 | csr_addr: 000 | csr_wdata: 00000000 | mscratch: 00000000
PC: 8000061c | Instr: 004b8b93 | rs1_d: 8004220c | rs2_d: ba39b971 | alu_res: 80042210 | mem_w: 0 | reg_w: 1 | csr_w: 0 | csr_op: 00 | csr_addr: 004 | csr_wdata: 8004220c | mscratch: 00000000
PC: 80000620 | Instr: 001026f3 | rs1_d: 00000000 | rs2_d: 80040140 | alu_res: 80040140 | mem_w: 0 | reg_w: 1 | csr_w: 0 | csr_op: 10 | csr_addr: 001 | csr_wdata: 00000000 | mscratch: 00000000
PC: 80000624 | Instr: 00dba023 | rs1_d: 80042210 | rs2_d: 00000001 | alu_res: 80042210 | mem_w: 1 | reg_w: 0 | csr_w: 0 | csr_op: 00 | csr_addr: 00d | csr_wdata: 80042210 | mscratch: 00000000
PC: 80000628 | Instr: 00000863 | rs1_d: 00000000 | rs2_d: 00000000 | alu_res: 00000000 | mem_w: 0 | reg_w: 0 | csr_w: 0 | csr_op: 00 | csr_addr: 000 | csr_wdata: 00000000 | mscratch: 00000000
PC: 80000638 | Instr: 004b8b93 | rs1_d: 80042210 | rs2_d: ba39b971 | alu_res: 80042214 | mem_w: 0 | reg_w: 1 | csr_w: 0 | csr_op: 00 | csr_addr: 004 | csr_wdata: 80042210 | mscratch: 00000000
PC: 8000063c | Instr: 00060393 | rs1_d: 6df56ff7 | rs2_d: 00000000 | alu_res: 6df56ff7 | mem_w: 0 | reg_w: 1 | csr_w: 0 | csr_op: 00 | csr_addr: 000 | csr_wdata: 6df56ff7 | mscratch: 00000000
PC: 80000640 | Instr: 00068413 | rs1_d: 00000001 | rs2_d: 00000000 | alu_res: 00000001 | mem_w: 0 | reg_w: 1 | csr_w: 0 | csr_op: 00 | csr_addr: 000 | csr_wdata: 00000001 | mscratch: 00000000
PC: 80000644 | Instr: 0000a603 | rs1_d: 80040140 | rs2_d: 00000000 | alu_res: 80040140 | mem_w: 0 | reg_w: 1 | csr_w: 0 | csr_op: 00 | csr_addr: 000 | csr_wdata: 80040140 | mscratch: 00000000
PC: 80000648 | Instr: 00408093 | rs1_d: 80040140 | rs2_d: ba39b971 | alu_res: 80040144 | mem_w: 0 | reg_w: 1 | csr_w: 0 | csr_op: 00 | csr_addr: 004 | csr_wdata: 80040140 | mscratch: 00000000
PC: 8000064c | Instr: 00105073 | rs1_d: 00000000 | rs2_d: 80040144 | alu_res: 80040144 | mem_w: 0 | reg_w: 1 | csr_w: 1 | csr_op: 01 | csr_addr: 001 | csr_wdata: 00000000 | mscratch: 00000000
PC: 80000650 | Instr: d0067753 | rs1_d: 4f3cebc9 | rs2_d: 00000000 | alu_res: 4f3cebc9 | mem_w: 0 | reg_w: 0 | csr_w: 0 | csr_op: 00 | csr_addr: d00 | csr_wdata: 4f3cebc9 | mscratch: 00000000
PC: 80000654 | Instr: 00000013 | rs1_d: 00000000 | rs2_d: 00000000 | alu_res: 00000000 | mem_w: 0 | reg_w: 1 | csr_w: 0 | csr_op: 00 | csr_addr: 000 | csr_wdata: 00000000 | mscratch: 00000000
PC: 80000658 | Instr: 00000013 | rs1_d: 00000000 | rs2_d: 00000000 | alu_res: 00000000 | mem_w: 0 | reg_w: 1 | csr_w: 0 | csr_op: 00 | csr_addr: 000 | csr_wdata: 00000000 | mscratch: 00000000
PC: 8000065c | Instr: 00000013 | rs1_d: 00000000 | rs2_d: 00000000 | alu_res: 00000000 | mem_w: 0 | reg_w: 1 | csr_w: 0 | csr_op: 00 | csr_addr: 000 | csr_wdata: 00000000 | mscratch: 00000000
PC: 80000660 | Instr: 00040417 | rs1_d: 00000001 | rs2_d: 00000000 | alu_res: 80040660 | mem_w: 0 | reg_w: 1 | csr_w: 0 | csr_op: 00 | csr_addr: 000 | csr_wdata: 00000001 | mscratch: 00000000
PC: 80000664 | Instr: 9a040413 | rs1_d: 80040660 | rs2_d: 00000000 | alu_res: 80040000 | mem_w: 0 | reg_w: 1 | csr_w: 0 | csr_op: 00 | csr_addr: 9a0 | csr_wdata: 80040660 | mscratch: 00000000
PC: 80000668 | Instr: 00000013 | rs1_d: 00000000 | rs2_d: 00000000 | alu_res: 00000000 | mem_w: 0 | reg_w: 1 | csr_w: 0 | csr_op: 00 | csr_addr: 000 | csr_wdata: 00000000 | mscratch: 00000000
PC: 8000066c | Instr: 00000013 | rs1_d: 00000000 | rs2_d: 00000000 | alu_res: 00000000 | mem_w: 0 | reg_w: 1 | csr_w: 0 | csr_op: 00 | csr_addr: 000 | csr_wdata: 00000000 | mscratch: 00000000
PC: 80000670 | Instr: 00000013 | rs1_d: 00000000 | rs2_d: 00000000 | alu_res: 00000000 | mem_w: 0 | reg_w: 1 | csr_w: 0 | csr_op: 00 | csr_addr: 000 | csr_wdata: 00000000 | mscratch: 00000000
PC: 80000674 | Instr: 00000013 | rs1_d: 00000000 | rs2_d: 00000000 | alu_res: 00000000 | mem_w: 0 | reg_w: 1 | csr_w: 0 | csr_op: 00 | csr_addr: 000 | csr_wdata: 00000000 | mscratch: 00000000
PC: 80000678 | Instr: 00000013 | rs1_d: 00000000 | rs2_d: 00000000 | alu_res: 00000000 | mem_w: 0 | reg_w: 1 | csr_w: 0 | csr_op: 00 | csr_addr: 000 | csr_wdata: 00000000 | mscratch: 00000000
PC: 8000067c | Instr: 00000013 | rs1_d: 00000000 | rs2_d: 00000000 | alu_res: 00000000 | mem_w: 0 | reg_w: 1 | csr_w: 0 | csr_op: 00 | csr_addr: 000 | csr_wdata: 00000000 | mscratch: 00000000
PC: 80000680 | Instr: 00e42027 | rs1_d: 80040000 | rs2_d: ddb7d5bf | alu_res: 80040000 | mem_w: 1 | reg_w: 0 | csr_w: 0 | csr_op: 00 | csr_addr: 00e | csr_wdata: 80040000 | mscratch: 00000000
PC: 80000684 | Instr: 00042403 | rs1_d: 80040000 | rs2_d: 00000000 | alu_res: 80040000 | mem_w: 0 | reg_w: 1 | csr_w: 0 | csr_op: 00 | csr_addr: 000 | csr_wdata: 80040000 | mscratch: 00000000
PC: 80000688 | Instr: 008ba023 | rs1_d: 80042214 | rs2_d: 4e9e79d8 | alu_res: 80042214 | mem_w: 1 | reg_w: 0 | csr_w: 0 | csr_op: 00 | csr_addr: 008 | csr_wdata: 80042214 | mscratch: 00000000
PC: 8000068c | Instr: 00000863 | rs1_d: 00000000 | rs2_d: 00000000 | alu_res: 00000000 | mem_w: 0 | reg_w: 0 | csr_w: 0 | csr_op: 00 | csr_addr: 000 | csr_wdata: 00000000 | mscratch: 00000000
PC: 8000069c | Instr: 004b8b93 | rs1_d: 80042214 | rs2_d: ba39b971 | alu_res: 80042218 | mem_w: 0 | reg_w: 1 | csr_w: 0 | csr_op: 00 | csr_addr: 004 | csr_wdata: 80042214 | mscratch: 00000000
PC: 800006a0 | Instr: 00102473 | rs1_d: 00000000 | rs2_d: 80040144 | alu_res: 80040144 | mem_w: 0 | reg_w: 1 | csr_w: 0 | csr_op: 10 | csr_addr: 001 | csr_wdata: 00000000 | mscratch: 00000000
PC: 800006a4 | Instr: 008ba023 | rs1_d: 80042218 | rs2_d: 00000001 | alu_res: 80042218 | mem_w: 1 | reg_w: 0 | csr_w: 0 | csr_op: 00 | csr_addr: 008 | csr_wdata: 80042218 | mscratch: 00000000
PC: 800006a8 | Instr: 00000863 | rs1_d: 00000000 | rs2_d: 00000000 | alu_res: 00000000 | mem_w: 0 | reg_w: 0 | csr_w: 0 | csr_op: 00 | csr_addr: 000 | csr_wdata: 00000000 | mscratch: 00000000
PC: 800006b8 | Instr: 004b8b93 | rs1_d: 80042218 | rs2_d: ba39b971 | alu_res: 8004221c | mem_w: 0 | reg_w: 1 | csr_w: 0 | csr_op: 00 | csr_addr: 004 | csr_wdata: 80042218 | mscratch: 00000000
PC: 800006bc | Instr: 0000a683 | rs1_d: 80040144 | rs2_d: 00000000 | alu_res: 80040144 | mem_w: 0 | reg_w: 1 | csr_w: 0 | csr_op: 00 | csr_addr: 000 | csr_wdata: 80040144 | mscratch: 00000000
PC: 800006c0 | Instr: 00408093 | rs1_d: 80040144 | rs2_d: ba39b971 | alu_res: 80040148 | mem_w: 0 | reg_w: 1 | csr_w: 0 | csr_op: 00 | csr_addr: 004 | csr_wdata: 80040144 | mscratch: 00000000
PC: 800006c4 | Instr: 00105073 | rs1_d: 00000000 | rs2_d: 80040148 | alu_res: 80040148 | mem_w: 0 | reg_w: 1 | csr_w: 1 | csr_op: 01 | csr_addr: 001 | csr_wdata: 00000000 | mscratch: 00000000
PC: 800006c8 | Instr: d006f9d3 | rs1_d: 893a9e72 | rs2_d: 00000000 | alu_res: 893a9e72 | mem_w: 0 | reg_w: 0 | csr_w: 0 | csr_op: 00 | csr_addr: d00 | csr_wdata: 893a9e72 | mscratch: 00000000
PC: 800006cc | Instr: 00000013 | rs1_d: 00000000 | rs2_d: 00000000 | alu_res: 00000000 | mem_w: 0 | reg_w: 1 | csr_w: 0 | csr_op: 00 | csr_addr: 000 | csr_wdata: 00000000 | mscratch: 00000000
PC: 800006d0 | Instr: 00000013 | rs1_d: 00000000 | rs2_d: 00000000 | alu_res: 00000000 | mem_w: 0 | reg_w: 1 | csr_w: 0 | csr_op: 00 | csr_addr: 000 | csr_wdata: 00000000 | mscratch: 00000000
PC: 800006d4 | Instr: 00000013 | rs1_d: 00000000 | rs2_d: 00000000 | alu_res: 00000000 | mem_w: 0 | reg_w: 1 | csr_w: 0 | csr_op: 00 | csr_addr: 000 | csr_wdata: 00000000 | mscratch: 00000000
PC: 800006d8 | Instr: 00000013 | rs1_d: 00000000 | rs2_d: 00000000 | alu_res: 00000000 | mem_w: 0 | reg_w: 1 | csr_w: 0 | csr_op: 00 | csr_addr: 000 | csr_wdata: 00000000 | mscratch: 00000000
PC: 800006dc | Instr: 00000013 | rs1_d: 00000000 | rs2_d: 00000000 | alu_res: 00000000 | mem_w: 0 | reg_w: 1 | csr_w: 0 | csr_op: 00 | csr_addr: 000 | csr_wdata: 00000000 | mscratch: 00000000
PC: 800006e0 | Instr: 00040417 | rs1_d: 00000001 | rs2_d: 00000000 | alu_res: 800406e0 | mem_w: 0 | reg_w: 1 | csr_w: 0 | csr_op: 00 | csr_addr: 000 | csr_wdata: 00000001 | mscratch: 00000000
PC: 800006e4 | Instr: 92040413 | rs1_d: 800406e0 | rs2_d: 00000000 | alu_res: 80040000 | mem_w: 0 | reg_w: 1 | csr_w: 0 | csr_op: 00 | csr_addr: 920 | csr_wdata: 800406e0 | mscratch: 00000000
PC: 800006e8 | Instr: 00000013 | rs1_d: 00000000 | rs2_d: 00000000 | alu_res: 00000000 | mem_w: 0 | reg_w: 1 | csr_w: 0 | csr_op: 00 | csr_addr: 000 | csr_wdata: 00000000 | mscratch: 00000000
PC: 800006ec | Instr: 00000013 | rs1_d: 00000000 | rs2_d: 00000000 | alu_res: 00000000 | mem_w: 0 | reg_w: 1 | csr_w: 0 | csr_op: 00 | csr_addr: 000 | csr_wdata: 00000000 | mscratch: 00000000
PC: 800006f0 | Instr: 00000013 | rs1_d: 00000000 | rs2_d: 00000000 | alu_res: 00000000 | mem_w: 0 | reg_w: 1 | csr_w: 0 | csr_op: 00 | csr_addr: 000 | csr_wdata: 00000000 | mscratch: 00000000
PC: 800006f4 | Instr: 00000013 | rs1_d: 00000000 | rs2_d: 00000000 | alu_res: 00000000 | mem_w: 0 | reg_w: 1 | csr_w: 0 | csr_op: 00 | csr_addr: 000 | csr_wdata: 00000000 | mscratch: 00000000
PC: 800006f8 | Instr: 00000013 | rs1_d: 00000000 | rs2_d: 00000000 | alu_res: 00000000 | mem_w: 0 | reg_w: 1 | csr_w: 0 | csr_op: 00 | csr_addr: 000 | csr_wdata: 00000000 | mscratch: 00000000
PC: 800006fc | Instr: 00000013 | rs1_d: 00000000 | rs2_d: 00000000 | alu_res: 00000000 | mem_w: 0 | reg_w: 1 | csr_w: 0 | csr_op: 00 | csr_addr: 000 | csr_wdata: 00000000 | mscratch: 00000000
PC: 80000700 | Instr: 01342027 | rs1_d: 80040000 | rs2_d: dfeedbea | alu_res: 80040000 | mem_w: 1 | reg_w: 0 | csr_w: 0 | csr_op: 00 | csr_addr: 013 | csr_wdata: 80040000 | mscratch: 00000000
PC: 80000704 | Instr: 00042403 | rs1_d: 80040000 | rs2_d: 00000000 | alu_res: 80040000 | mem_w: 0 | reg_w: 1 | csr_w: 0 | csr_op: 00 | csr_addr: 000 | csr_wdata: 80040000 | mscratch: 00000000
PC: 80000708 | Instr: 008ba023 | rs1_d: 8004221c | rs2_d: ceed8ac3 | alu_res: 8004221c | mem_w: 1 | reg_w: 0 | csr_w: 0 | csr_op: 00 | csr_addr: 008 | csr_wdata: 8004221c | mscratch: 00000000
PC: 8000070c | Instr: 00000863 | rs1_d: 00000000 | rs2_d: 00000000 | alu_res: 00000000 | mem_w: 0 | reg_w: 0 | csr_w: 0 | csr_op: 00 | csr_addr: 000 | csr_wdata: 00000000 | mscratch: 00000000
PC: 8000071c | Instr: 004b8b93 | rs1_d: 8004221c | rs2_d: ba39b971 | alu_res: 80042220 | mem_w: 0 | reg_w: 1 | csr_w: 0 | csr_op: 00 | csr_addr: 004 | csr_wdata: 8004221c | mscratch: 00000000
PC: 80000720 | Instr: 00102473 | rs1_d: 00000000 | rs2_d: 80040148 | alu_res: 80040148 | mem_w: 0 | reg_w: 1 | csr_w: 0 | csr_op: 10 | csr_addr: 001 | csr_wdata: 00000000 | mscratch: 00000000
PC: 80000724 | Instr: 008ba023 | rs1_d: 80042220 | rs2_d: 00000001 | alu_res: 80042220 | mem_w: 1 | reg_w: 0 | csr_w: 0 | csr_op: 00 | csr_addr: 008 | csr_wdata: 80042220 | mscratch: 00000000
PC: 80000728 | Instr: 00000863 | rs1_d: 00000000 | rs2_d: 00000000 | alu_res: 00000000 | mem_w: 0 | reg_w: 0 | csr_w: 0 | csr_op: 00 | csr_addr: 000 | csr_wdata: 00000000 | mscratch: 00000000
PC: 80000738 | Instr: 004b8b93 | rs1_d: 80042220 | rs2_d: ba39b971 | alu_res: 80042224 | mem_w: 0 | reg_w: 1 | csr_w: 0 | csr_op: 00 | csr_addr: 004 | csr_wdata: 80042220 | mscratch: 00000000
PC: 8000073c | Instr: 0000a703 | rs1_d: 80040148 | rs2_d: 00000000 | alu_res: 80040148 | mem_w: 0 | reg_w: 1 | csr_w: 0 | csr_op: 00 | csr_addr: 000 | csr_wdata: 80040148 | mscratch: 00000000
PC: 80000740 | Instr: 00408093 | rs1_d: 80040148 | rs2_d: ba39b971 | alu_res: 8004014c | mem_w: 0 | reg_w: 1 | csr_w: 0 | csr_op: 00 | csr_addr: 004 | csr_wdata: 80040148 | mscratch: 00000000
PC: 80000744 | Instr: 00105073 | rs1_d: 00000000 | rs2_d: 8004014c | alu_res: 8004014c | mem_w: 0 | reg_w: 1 | csr_w: 1 | csr_op: 01 | csr_addr: 001 | csr_wdata: 00000000 | mscratch: 00000000
PC: 80000748 | Instr: d0077cd3 | rs1_d: 62b803ce | rs2_d: 00000000 | alu_res: 62b803ce | mem_w: 0 | reg_w: 0 | csr_w: 0 | csr_op: 00 | csr_addr: d00 | csr_wdata: 62b803ce | mscratch: 00000000
PC: 8000074c | Instr: 00000013 | rs1_d: 00000000 | rs2_d: 00000000 | alu_res: 00000000 | mem_w: 0 | reg_w: 1 | csr_w: 0 | csr_op: 00 | csr_addr: 000 | csr_wdata: 00000000 | mscratch: 00000000
PC: 80000750 | Instr: 00000013 | rs1_d: 00000000 | rs2_d: 00000000 | alu_res: 00000000 | mem_w: 0 | reg_w: 1 | csr_w: 0 | csr_op: 00 | csr_addr: 000 | csr_wdata: 00000000 | mscratch: 00000000
PC: 80000754 | Instr: 00000013 | rs1_d: 00000000 | rs2_d: 00000000 | alu_res: 00000000 | mem_w: 0 | reg_w: 1 | csr_w: 0 | csr_op: 00 | csr_addr: 000 | csr_wdata: 00000000 | mscratch: 00000000
PC: 80000758 | Instr: 00000013 | rs1_d: 00000000 | rs2_d: 00000000 | alu_res: 00000000 | mem_w: 0 | reg_w: 1 | csr_w: 0 | csr_op: 00 | csr_addr: 000 | csr_wdata: 00000000 | mscratch: 00000000
PC: 8000075c | Instr: 00000013 | rs1_d: 00000000 | rs2_d: 00000000 | alu_res: 00000000 | mem_w: 0 | reg_w: 1 | csr_w: 0 | csr_op: 00 | csr_addr: 000 | csr_wdata: 00000000 | mscratch: 00000000
PC: 80000760 | Instr: 00040417 | rs1_d: 00000001 | rs2_d: 00000000 | alu_res: 80040760 | mem_w: 0 | reg_w: 1 | csr_w: 0 | csr_op: 00 | csr_addr: 000 | csr_wdata: 00000001 | mscratch: 00000000
PC: 80000764 | Instr: 8a040413 | rs1_d: 80040760 | rs2_d: 00000000 | alu_res: 80040000 | mem_w: 0 | reg_w: 1 | csr_w: 0 | csr_op: 00 | csr_addr: 8a0 | csr_wdata: 80040760 | mscratch: 00000000
PC: 80000768 | Instr: 00000013 | rs1_d: 00000000 | rs2_d: 00000000 | alu_res: 00000000 | mem_w: 0 | reg_w: 1 | csr_w: 0 | csr_op: 00 | csr_addr: 000 | csr_wdata: 00000000 | mscratch: 00000000
PC: 8000076c | Instr: 00000013 | rs1_d: 00000000 | rs2_d: 00000000 | alu_res: 00000000 | mem_w: 0 | reg_w: 1 | csr_w: 0 | csr_op: 00 | csr_addr: 000 | csr_wdata: 00000000 | mscratch: 00000000
PC: 80000770 | Instr: 00000013 | rs1_d: 00000000 | rs2_d: 00000000 | alu_res: 00000000 | mem_w: 0 | reg_w: 1 | csr_w: 0 | csr_op: 00 | csr_addr: 000 | csr_wdata: 00000000 | mscratch: 00000000
PC: 80000774 | Instr: 00000013 | rs1_d: 00000000 | rs2_d: 00000000 | alu_res: 00000000 | mem_w: 0 | reg_w: 1 | csr_w: 0 | csr_op: 00 | csr_addr: 000 | csr_wdata: 00000000 | mscratch: 00000000
PC: 80000778 | Instr: 00000013 | rs1_d: 00000000 | rs2_d: 00000000 | alu_res: 00000000 | mem_w: 0 | reg_w: 1 | csr_w: 0 | csr_op: 00 | csr_addr: 000 | csr_wdata: 00000000 | mscratch: 00000000
PC: 8000077c | Instr: 00000013 | rs1_d: 00000000 | rs2_d: 00000000 | alu_res: 00000000 | mem_w: 0 | reg_w: 1 | csr_w: 0 | csr_op: 00 | csr_addr: 000 | csr_wdata: 00000000 | mscratch: 00000000
PC: 80000780 | Instr: 01942027 | rs1_d: 80040000 | rs2_d: fab7fbb6 | alu_res: 80040000 | mem_w: 1 | reg_w: 0 | csr_w: 0 | csr_op: 00 | csr_addr: 019 | csr_wdata: 80040000 | mscratch: 00000000
PC: 80000784 | Instr: 00042403 | rs1_d: 80040000 | rs2_d: 00000000 | alu_res: 80040000 | mem_w: 0 | reg_w: 1 | csr_w: 0 | csr_op: 00 | csr_addr: 000 | csr_wdata: 80040000 | mscratch: 00000000
PC: 80000788 | Instr: 008ba023 | rs1_d: 80042224 | rs2_d: 4ec57008 | alu_res: 80042224 | mem_w: 1 | reg_w: 0 | csr_w: 0 | csr_op: 00 | csr_addr: 008 | csr_wdata: 80042224 | mscratch: 00000000
PC: 8000078c | Instr: 00000863 | rs1_d: 00000000 | rs2_d: 00000000 | alu_res: 00000000 | mem_w: 0 | reg_w: 0 | csr_w: 0 | csr_op: 00 | csr_addr: 000 | csr_wdata: 00000000 | mscratch: 00000000
PC: 8000079c | Instr: 004b8b93 | rs1_d: 80042224 | rs2_d: ba39b971 | alu_res: 80042228 | mem_w: 0 | reg_w: 1 | csr_w: 0 | csr_op: 00 | csr_addr: 004 | csr_wdata: 80042224 | mscratch: 00000000
PC: 800007a0 | Instr: 00102473 | rs1_d: 00000000 | rs2_d: 8004014c | alu_res: 8004014c | mem_w: 0 | reg_w: 1 | csr_w: 0 | csr_op: 10 | csr_addr: 001 | csr_wdata: 00000000 | mscratch: 00000000
PC: 800007a4 | Instr: 008ba023 | rs1_d: 80042228 | rs2_d: 00000001 | alu_res: 80042228 | mem_w: 1 | reg_w: 0 | csr_w: 0 | csr_op: 00 | csr_addr: 008 | csr_wdata: 80042228 | mscratch: 00000000
PC: 800007a8 | Instr: 00000863 | rs1_d: 00000000 | rs2_d: 00000000 | alu_res: 00000000 | mem_w: 0 | reg_w: 0 | csr_w: 0 | csr_op: 00 | csr_addr: 000 | csr_wdata: 00000000 | mscratch: 00000000
PC: 800007b8 | Instr: 004b8b93 | rs1_d: 80042228 | rs2_d: ba39b971 | alu_res: 8004222c | mem_w: 0 | reg_w: 1 | csr_w: 0 | csr_op: 00 | csr_addr: 004 | csr_wdata: 80042228 | mscratch: 00000000
PC: 800007bc | Instr: 0000a783 | rs1_d: 8004014c | rs2_d: 00000000 | alu_res: 8004014c | mem_w: 0 | reg_w: 1 | csr_w: 0 | csr_op: 00 | csr_addr: 000 | csr_wdata: 8004014c | mscratch: 00000000
PC: 800007c0 | Instr: 00408093 | rs1_d: 8004014c | rs2_d: ba39b971 | alu_res: 80040150 | mem_w: 0 | reg_w: 1 | csr_w: 0 | csr_op: 00 | csr_addr: 004 | csr_wdata: 8004014c | mscratch: 00000000
PC: 800007c4 | Instr: 00105073 | rs1_d: 00000000 | rs2_d: 80040150 | alu_res: 80040150 | mem_w: 0 | reg_w: 1 | csr_w: 1 | csr_op: 01 | csr_addr: 001 | csr_wdata: 00000000 | mscratch: 00000000
PC: 800007c8 | Instr: d007f1d3 | rs1_d: 3a33c182 | rs2_d: 00000000 | alu_res: 3a33c182 | mem_w: 0 | reg_w: 0 | csr_w: 0 | csr_op: 00 | csr_addr: d00 | csr_wdata: 3a33c182 | mscratch: 00000000
PC: 800007cc | Instr: 00000013 | rs1_d: 00000000 | rs2_d: 00000000 | alu_res: 00000000 | mem_w: 0 | reg_w: 1 | csr_w: 0 | csr_op: 00 | csr_addr: 000 | csr_wdata: 00000000 | mscratch: 00000000
PC: 800007d0 | Instr: 00000013 | rs1_d: 00000000 | rs2_d: 00000000 | alu_res: 00000000 | mem_w: 0 | reg_w: 1 | csr_w: 0 | csr_op: 00 | csr_addr: 000 | csr_wdata: 00000000 | mscratch: 00000000
PC: 800007d4 | Instr: 00000013 | rs1_d: 00000000 | rs2_d: 00000000 | alu_res: 00000000 | mem_w: 0 | reg_w: 1 | csr_w: 0 | csr_op: 00 | csr_addr: 000 | csr_wdata: 00000000 | mscratch: 00000000
PC: 800007d8 | Instr: 00000013 | rs1_d: 00000000 | rs2_d: 00000000 | alu_res: 00000000 | mem_w: 0 | reg_w: 1 | csr_w: 0 | csr_op: 00 | csr_addr: 000 | csr_wdata: 00000000 | mscratch: 00000000
PC: 800007dc | Instr: 00000013 | rs1_d: 00000000 | rs2_d: 00000000 | alu_res: 00000000 | mem_w: 0 | reg_w: 1 | csr_w: 0 | csr_op: 00 | csr_addr: 000 | csr_wdata: 00000000 | mscratch: 00000000
PC: 800007e0 | Instr: 00040417 | rs1_d: 00000001 | rs2_d: 00000000 | alu_res: 800407e0 | mem_w: 0 | reg_w: 1 | csr_w: 0 | csr_op: 00 | csr_addr: 000 | csr_wdata: 00000001 | mscratch: 00000000
PC: 800007e4 | Instr: 82040413 | rs1_d: 800407e0 | rs2_d: 00000000 | alu_res: 80040000 | mem_w: 0 | reg_w: 1 | csr_w: 0 | csr_op: 00 | csr_addr: 820 | csr_wdata: 800407e0 | mscratch: 00000000
PC: 800007e8 | Instr: 00000013 | rs1_d: 00000000 | rs2_d: 00000000 | alu_res: 00000000 | mem_w: 0 | reg_w: 1 | csr_w: 0 | csr_op: 00 | csr_addr: 000 | csr_wdata: 00000000 | mscratch: 00000000
PC: 800007ec | Instr: 00000013 | rs1_d: 00000000 | rs2_d: 00000000 | alu_res: 00000000 | mem_w: 0 | reg_w: 1 | csr_w: 0 | csr_op: 00 | csr_addr: 000 | csr_wdata: 00000000 | mscratch: 00000000
PC: 800007f0 | Instr: 00000013 | rs1_d: 00000000 | rs2_d: 00000000 | alu_res: 00000000 | mem_w: 0 | reg_w: 1 | csr_w: 0 | csr_op: 00 | csr_addr: 000 | csr_wdata: 00000000 | mscratch: 00000000
PC: 800007f4 | Instr: 00000013 | rs1_d: 00000000 | rs2_d: 00000000 | alu_res: 00000000 | mem_w: 0 | reg_w: 1 | csr_w: 0 | csr_op: 00 | csr_addr: 000 | csr_wdata: 00000000 | mscratch: 00000000
PC: 800007f8 | Instr: 00000013 | rs1_d: 00000000 | rs2_d: 00000000 | alu_res: 00000000 | mem_w: 0 | reg_w: 1 | csr_w: 0 | csr_op: 00 | csr_addr: 000 | csr_wdata: 00000000 | mscratch: 00000000
PC: 800007fc | Instr: 00000013 | rs1_d: 00000000 | rs2_d: 00000000 | alu_res: 00000000 | mem_w: 0 | reg_w: 1 | csr_w: 0 | csr_op: 00 | csr_addr: 000 | csr_wdata: 00000000 | mscratch: 00000000
PC: 80000800 | Instr: 00342027 | rs1_d: 80040000 | rs2_d: 79d3c041 | alu_res: 80040000 | mem_w: 1 | reg_w: 0 | csr_w: 0 | csr_op: 00 | csr_addr: 003 | csr_wdata: 80040000 | mscratch: 00000000
PC: 80000804 | Instr: 00042403 | rs1_d: 80040000 | rs2_d: 00000000 | alu_res: 80040000 | mem_w: 0 | reg_w: 1 | csr_w: 0 | csr_op: 00 | csr_addr: 000 | csr_wdata: 80040000 | mscratch: 00000000
PC: 80000808 | Instr: 008ba023 | rs1_d: 8004222c | rs2_d: 4e68cf06 | alu_res: 8004222c | mem_w: 1 | reg_w: 0 | csr_w: 0 | csr_op: 00 | csr_addr: 008 | csr_wdata: 8004222c | mscratch: 00000000
PC: 8000080c | Instr: 00000863 | rs1_d: 00000000 | rs2_d: 00000000 | alu_res: 00000000 | mem_w: 0 | reg_w: 0 | csr_w: 0 | csr_op: 00 | csr_addr: 000 | csr_wdata: 00000000 | mscratch: 00000000
PC: 8000081c | Instr: 004b8b93 | rs1_d: 8004222c | rs2_d: ba39b971 | alu_res: 80042230 | mem_w: 0 | reg_w: 1 | csr_w: 0 | csr_op: 00 | csr_addr: 004 | csr_wdata: 8004222c | mscratch: 00000000
PC: 80000820 | Instr: 00102473 | rs1_d: 00000000 | rs2_d: 80040150 | alu_res: 80040150 | mem_w: 0 | reg_w: 1 | csr_w: 0 | csr_op: 10 | csr_addr: 001 | csr_wdata: 00000000 | mscratch: 00000000
PC: 80000824 | Instr: 008ba023 | rs1_d: 80042230 | rs2_d: 00000001 | alu_res: 80042230 | mem_w: 1 | reg_w: 0 | csr_w: 0 | csr_op: 00 | csr_addr: 008 | csr_wdata: 80042230 | mscratch: 00000000
PC: 80000828 | Instr: 00000863 | rs1_d: 00000000 | rs2_d: 00000000 | alu_res: 00000000 | mem_w: 0 | reg_w: 0 | csr_w: 0 | csr_op: 00 | csr_addr: 000 | csr_wdata: 00000000 | mscratch: 00000000
PC: 80000838 | Instr: 004b8b93 | rs1_d: 80042230 | rs2_d: ba39b971 | alu_res: 80042234 | mem_w: 0 | reg_w: 1 | csr_w: 0 | csr_op: 00 | csr_addr: 004 | csr_wdata: 80042230 | mscratch: 00000000
PC: 8000083c | Instr: 0000a803 | rs1_d: 80040150 | rs2_d: 00000000 | alu_res: 80040150 | mem_w: 0 | reg_w: 1 | csr_w: 0 | csr_op: 00 | csr_addr: 000 | csr_wdata: 80040150 | mscratch: 00000000
PC: 80000840 | Instr: 00408093 | rs1_d: 80040150 | rs2_d: ba39b971 | alu_res: 80040154 | mem_w: 0 | reg_w: 1 | csr_w: 0 | csr_op: 00 | csr_addr: 004 | csr_wdata: 80040150 | mscratch: 00000000
PC: 80000844 | Instr: 00105073 | rs1_d: 00000000 | rs2_d: 80040154 | alu_res: 80040154 | mem_w: 0 | reg_w: 1 | csr_w: 1 | csr_op: 01 | csr_addr: 001 | csr_wdata: 00000000 | mscratch: 00000000
PC: 80000848 | Instr: d0087653 | rs1_d: a8161cf1 | rs2_d: 00000000 | alu_res: a8161cf1 | mem_w: 0 | reg_w: 0 | csr_w: 0 | csr_op: 00 | csr_addr: d00 | csr_wdata: a8161cf1 | mscratch: 00000000
PC: 8000084c | Instr: 00000013 | rs1_d: 00000000 | rs2_d: 00000000 | alu_res: 00000000 | mem_w: 0 | reg_w: 1 | csr_w: 0 | csr_op: 00 | csr_addr: 000 | csr_wdata: 00000000 | mscratch: 00000000
PC: 80000850 | Instr: 00000013 | rs1_d: 00000000 | rs2_d: 00000000 | alu_res: 00000000 | mem_w: 0 | reg_w: 1 | csr_w: 0 | csr_op: 00 | csr_addr: 000 | csr_wdata: 00000000 | mscratch: 00000000
PC: 80000854 | Instr: 00000013 | rs1_d: 00000000 | rs2_d: 00000000 | alu_res: 00000000 | mem_w: 0 | reg_w: 1 | csr_w: 0 | csr_op: 00 | csr_addr: 000 | csr_wdata: 00000000 | mscratch: 00000000
PC: 80000858 | Instr: 00000013 | rs1_d: 00000000 | rs2_d: 00000000 | alu_res: 00000000 | mem_w: 0 | reg_w: 1 | csr_w: 0 | csr_op: 00 | csr_addr: 000 | csr_wdata: 00000000 | mscratch: 00000000
PC: 8000085c | Instr: 00000013 | rs1_d: 00000000 | rs2_d: 00000000 | alu_res: 00000000 | mem_w: 0 | reg_w: 1 | csr_w: 0 | csr_op: 00 | csr_addr: 000 | csr_wdata: 00000000 | mscratch: 00000000
PC: 80000860 | Instr: 0003f417 | rs1_d: 6df56ff7 | rs2_d: 00000000 | alu_res: 8003f860 | mem_w: 0 | reg_w: 1 | csr_w: 0 | csr_op: 00 | csr_addr: 000 | csr_wdata: 6df56ff7 | mscratch: 00000000
PC: 80000864 | Instr: 7a040413 | rs1_d: 8003f860 | rs2_d: 00000000 | alu_res: 80040000 | mem_w: 0 | reg_w: 1 | csr_w: 0 | csr_op: 00 | csr_addr: 7a0 | csr_wdata: 8003f860 | mscratch: 00000000
PC: 80000868 | Instr: 00000013 | rs1_d: 00000000 | rs2_d: 00000000 | alu_res: 00000000 | mem_w: 0 | reg_w: 1 | csr_w: 0 | csr_op: 00 | csr_addr: 000 | csr_wdata: 00000000 | mscratch: 00000000
PC: 8000086c | Instr: 00000013 | rs1_d: 00000000 | rs2_d: 00000000 | alu_res: 00000000 | mem_w: 0 | reg_w: 1 | csr_w: 0 | csr_op: 00 | csr_addr: 000 | csr_wdata: 00000000 | mscratch: 00000000
PC: 80000870 | Instr: 00000013 | rs1_d: 00000000 | rs2_d: 00000000 | alu_res: 00000000 | mem_w: 0 | reg_w: 1 | csr_w: 0 | csr_op: 00 | csr_addr: 000 | csr_wdata: 00000000 | mscratch: 00000000
PC: 80000874 | Instr: 00000013 | rs1_d: 00000000 | rs2_d: 00000000 | alu_res: 00000000 | mem_w: 0 | reg_w: 1 | csr_w: 0 | csr_op: 00 | csr_addr: 000 | csr_wdata: 00000000 | mscratch: 00000000
PC: 80000878 | Instr: 00000013 | rs1_d: 00000000 | rs2_d: 00000000 | alu_res: 00000000 | mem_w: 0 | reg_w: 1 | csr_w: 0 | csr_op: 00 | csr_addr: 000 | csr_wdata: 00000000 | mscratch: 00000000
PC: 8000087c | Instr: 00000013 | rs1_d: 00000000 | rs2_d: 00000000 | alu_res: 00000000 | mem_w: 0 | reg_w: 1 | csr_w: 0 | csr_op: 00 | csr_addr: 000 | csr_wdata: 00000000 | mscratch: 00000000
PC: 80000880 | Instr: 00c42027 | rs1_d: 80040000 | rs2_d: 4f3cebc9 | alu_res: 80040000 | mem_w: 1 | reg_w: 0 | csr_w: 0 | csr_op: 00 | csr_addr: 00c | csr_wdata: 80040000 | mscratch: 00000000
PC: 80000884 | Instr: 00042403 | rs1_d: 80040000 | rs2_d: 00000000 | alu_res: 80040000 | mem_w: 0 | reg_w: 1 | csr_w: 0 | csr_op: 00 | csr_addr: 000 | csr_wdata: 80040000 | mscratch: 00000000
PC: 80000888 | Instr: 008ba023 | rs1_d: 80042234 | rs2_d: ceafd3c6 | alu_res: 80042234 | mem_w: 1 | reg_w: 0 | csr_w: 0 | csr_op: 00 | csr_addr: 008 | csr_wdata: 80042234 | mscratch: 00000000
PC: 8000088c | Instr: 00000863 | rs1_d: 00000000 | rs2_d: 00000000 | alu_res: 00000000 | mem_w: 0 | reg_w: 0 | csr_w: 0 | csr_op: 00 | csr_addr: 000 | csr_wdata: 00000000 | mscratch: 00000000
PC: 8000089c | Instr: 004b8b93 | rs1_d: 80042234 | rs2_d: ba39b971 | alu_res: 80042238 | mem_w: 0 | reg_w: 1 | csr_w: 0 | csr_op: 00 | csr_addr: 004 | csr_wdata: 80042234 | mscratch: 00000000
PC: 800008a0 | Instr: 00102473 | rs1_d: 00000000 | rs2_d: 80040154 | alu_res: 80040154 | mem_w: 0 | reg_w: 1 | csr_w: 0 | csr_op: 10 | csr_addr: 001 | csr_wdata: 00000000 | mscratch: 00000000
PC: 800008a4 | Instr: 008ba023 | rs1_d: 80042238 | rs2_d: 00000001 | alu_res: 80042238 | mem_w: 1 | reg_w: 0 | csr_w: 0 | csr_op: 00 | csr_addr: 008 | csr_wdata: 80042238 | mscratch: 00000000
PC: 800008a8 | Instr: 00000863 | rs1_d: 00000000 | rs2_d: 00000000 | alu_res: 00000000 | mem_w: 0 | reg_w: 0 | csr_w: 0 | csr_op: 00 | csr_addr: 000 | csr_wdata: 00000000 | mscratch: 00000000
PC: 800008b8 | Instr: 004b8b93 | rs1_d: 80042238 | rs2_d: ba39b971 | alu_res: 8004223c | mem_w: 0 | reg_w: 1 | csr_w: 0 | csr_op: 00 | csr_addr: 004 | csr_wdata: 80042238 | mscratch: 00000000
PC: 800008bc | Instr: 0000a883 | rs1_d: 80040154 | rs2_d: 00000000 | alu_res: 80040154 | mem_w: 0 | reg_w: 1 | csr_w: 0 | csr_op: 00 | csr_addr: 000 | csr_wdata: 80040154 | mscratch: 00000000
PC: 800008c0 | Instr: 00408093 | rs1_d: 80040154 | rs2_d: ba39b971 | alu_res: 80040158 | mem_w: 0 | reg_w: 1 | csr_w: 0 | csr_op: 00 | csr_addr: 004 | csr_wdata: 80040154 | mscratch: 00000000
PC: 800008c4 | Instr: 00105073 | rs1_d: 00000000 | rs2_d: 80040158 | alu_res: 80040158 | mem_w: 0 | reg_w: 1 | csr_w: 1 | csr_op: 01 | csr_addr: 001 | csr_wdata: 00000000 | mscratch: 00000000
PC: 800008c8 | Instr: d008ff53 | rs1_d: aa141bb1 | rs2_d: 00000000 | alu_res: aa141bb1 | mem_w: 0 | reg_w: 0 | csr_w: 0 | csr_op: 00 | csr_addr: d00 | csr_wdata: aa141bb1 | mscratch: 00000000
PC: 800008cc | Instr: 00000013 | rs1_d: 00000000 | rs2_d: 00000000 | alu_res: 00000000 | mem_w: 0 | reg_w: 1 | csr_w: 0 | csr_op: 00 | csr_addr: 000 | csr_wdata: 00000000 | mscratch: 00000000
PC: 800008d0 | Instr: 00000013 | rs1_d: 00000000 | rs2_d: 00000000 | alu_res: 00000000 | mem_w: 0 | reg_w: 1 | csr_w: 0 | csr_op: 00 | csr_addr: 000 | csr_wdata: 00000000 | mscratch: 00000000
PC: 800008d4 | Instr: 00000013 | rs1_d: 00000000 | rs2_d: 00000000 | alu_res: 00000000 | mem_w: 0 | reg_w: 1 | csr_w: 0 | csr_op: 00 | csr_addr: 000 | csr_wdata: 00000000 | mscratch: 00000000
PC: 800008d8 | Instr: 00000013 | rs1_d: 00000000 | rs2_d: 00000000 | alu_res: 00000000 | mem_w: 0 | reg_w: 1 | csr_w: 0 | csr_op: 00 | csr_addr: 000 | csr_wdata: 00000000 | mscratch: 00000000
PC: 800008dc | Instr: 00000013 | rs1_d: 00000000 | rs2_d: 00000000 | alu_res: 00000000 | mem_w: 0 | reg_w: 1 | csr_w: 0 | csr_op: 00 | csr_addr: 000 | csr_wdata: 00000000 | mscratch: 00000000
PC: 800008e0 | Instr: 0003f417 | rs1_d: 6df56ff7 | rs2_d: 00000000 | alu_res: 8003f8e0 | mem_w: 0 | reg_w: 1 | csr_w: 0 | csr_op: 00 | csr_addr: 000 | csr_wdata: 6df56ff7 | mscratch: 00000000
PC: 800008e4 | Instr: 72040413 | rs1_d: 8003f8e0 | rs2_d: 00000000 | alu_res: 80040000 | mem_w: 0 | reg_w: 1 | csr_w: 0 | csr_op: 00 | csr_addr: 720 | csr_wdata: 8003f8e0 | mscratch: 00000000
PC: 800008e8 | Instr: 00000013 | rs1_d: 00000000 | rs2_d: 00000000 | alu_res: 00000000 | mem_w: 0 | reg_w: 1 | csr_w: 0 | csr_op: 00 | csr_addr: 000 | csr_wdata: 00000000 | mscratch: 00000000
PC: 800008ec | Instr: 00000013 | rs1_d: 00000000 | rs2_d: 00000000 | alu_res: 00000000 | mem_w: 0 | reg_w: 1 | csr_w: 0 | csr_op: 00 | csr_addr: 000 | csr_wdata: 00000000 | mscratch: 00000000
PC: 800008f0 | Instr: 00000013 | rs1_d: 00000000 | rs2_d: 00000000 | alu_res: 00000000 | mem_w: 0 | reg_w: 1 | csr_w: 0 | csr_op: 00 | csr_addr: 000 | csr_wdata: 00000000 | mscratch: 00000000
PC: 800008f4 | Instr: 00000013 | rs1_d: 00000000 | rs2_d: 00000000 | alu_res: 00000000 | mem_w: 0 | reg_w: 1 | csr_w: 0 | csr_op: 00 | csr_addr: 000 | csr_wdata: 00000000 | mscratch: 00000000
PC: 800008f8 | Instr: 00000013 | rs1_d: 00000000 | rs2_d: 00000000 | alu_res: 00000000 | mem_w: 0 | reg_w: 1 | csr_w: 0 | csr_op: 00 | csr_addr: 000 | csr_wdata: 00000000 | mscratch: 00000000
PC: 800008fc | Instr: 00000013 | rs1_d: 00000000 | rs2_d: 00000000 | alu_res: 00000000 | mem_w: 0 | reg_w: 1 | csr_w: 0 | csr_op: 00 | csr_addr: 000 | csr_wdata: 00000000 | mscratch: 00000000
PC: 80000900 | Instr: 01e42027 | rs1_d: 80040000 | rs2_d: df56ff76 | alu_res: 80040000 | mem_w: 1 | reg_w: 0 | csr_w: 0 | csr_op: 00 | csr_addr: 01e | csr_wdata: 80040000 | mscratch: 00000000
PC: 80000904 | Instr: 00042403 | rs1_d: 80040000 | rs2_d: 00000000 | alu_res: 80040000 | mem_w: 0 | reg_w: 1 | csr_w: 0 | csr_op: 00 | csr_addr: 000 | csr_wdata: 80040000 | mscratch: 00000000
PC: 80000908 | Instr: 008ba023 | rs1_d: 8004223c | rs2_d: ceabd7c9 | alu_res: 8004223c | mem_w: 1 | reg_w: 0 | csr_w: 0 | csr_op: 00 | csr_addr: 008 | csr_wdata: 8004223c | mscratch: 00000000
PC: 8000090c | Instr: 00000863 | rs1_d: 00000000 | rs2_d: 00000000 | alu_res: 00000000 | mem_w: 0 | reg_w: 0 | csr_w: 0 | csr_op: 00 | csr_addr: 000 | csr_wdata: 00000000 | mscratch: 00000000
PC: 8000091c | Instr: 004b8b93 | rs1_d: 8004223c | rs2_d: ba39b971 | alu_res: 80042240 | mem_w: 0 | reg_w: 1 | csr_w: 0 | csr_op: 00 | csr_addr: 004 | csr_wdata: 8004223c | mscratch: 00000000
PC: 80000920 | Instr: 00102473 | rs1_d: 00000000 | rs2_d: 80040158 | alu_res: 80040158 | mem_w: 0 | reg_w: 1 | csr_w: 0 | csr_op: 10 | csr_addr: 001 | csr_wdata: 00000000 | mscratch: 00000000
PC: 80000924 | Instr: 008ba023 | rs1_d: 80042240 | rs2_d: 00000001 | alu_res: 80042240 | mem_w: 1 | reg_w: 0 | csr_w: 0 | csr_op: 00 | csr_addr: 008 | csr_wdata: 80042240 | mscratch: 00000000
PC: 80000928 | Instr: 00000863 | rs1_d: 00000000 | rs2_d: 00000000 | alu_res: 00000000 | mem_w: 0 | reg_w: 0 | csr_w: 0 | csr_op: 00 | csr_addr: 000 | csr_wdata: 00000000 | mscratch: 00000000
PC: 80000938 | Instr: 004b8b93 | rs1_d: 80042240 | rs2_d: ba39b971 | alu_res: 80042244 | mem_w: 0 | reg_w: 1 | csr_w: 0 | csr_op: 00 | csr_addr: 004 | csr_wdata: 80042240 | mscratch: 00000000
PC: 8000093c | Instr: 0000a903 | rs1_d: 80040158 | rs2_d: 00000000 | alu_res: 80040158 | mem_w: 0 | reg_w: 1 | csr_w: 0 | csr_op: 00 | csr_addr: 000 | csr_wdata: 80040158 | mscratch: 00000000
PC: 80000940 | Instr: 00408093 | rs1_d: 80040158 | rs2_d: ba39b971 | alu_res: 8004015c | mem_w: 0 | reg_w: 1 | csr_w: 0 | csr_op: 00 | csr_addr: 004 | csr_wdata: 80040158 | mscratch: 00000000
PC: 80000944 | Instr: 00105073 | rs1_d: 00000000 | rs2_d: 8004015c | alu_res: 8004015c | mem_w: 0 | reg_w: 1 | csr_w: 1 | csr_op: 01 | csr_addr: 001 | csr_wdata: 00000000 | mscratch: 00000000
PC: 80000948 | Instr: d0097853 | rs1_d: e5634077 | rs2_d: 00000000 | alu_res: e5634077 | mem_w: 0 | reg_w: 0 | csr_w: 0 | csr_op: 00 | csr_addr: d00 | csr_wdata: e5634077 | mscratch: 00000000
PC: 8000094c | Instr: 00000013 | rs1_d: 00000000 | rs2_d: 00000000 | alu_res: 00000000 | mem_w: 0 | reg_w: 1 | csr_w: 0 | csr_op: 00 | csr_addr: 000 | csr_wdata: 00000000 | mscratch: 00000000
PC: 80000950 | Instr: 00000013 | rs1_d: 00000000 | rs2_d: 00000000 | alu_res: 00000000 | mem_w: 0 | reg_w: 1 | csr_w: 0 | csr_op: 00 | csr_addr: 000 | csr_wdata: 00000000 | mscratch: 00000000
PC: 80000954 | Instr: 00000013 | rs1_d: 00000000 | rs2_d: 00000000 | alu_res: 00000000 | mem_w: 0 | reg_w: 1 | csr_w: 0 | csr_op: 00 | csr_addr: 000 | csr_wdata: 00000000 | mscratch: 00000000
PC: 80000958 | Instr: 00000013 | rs1_d: 00000000 | rs2_d: 00000000 | alu_res: 00000000 | mem_w: 0 | reg_w: 1 | csr_w: 0 | csr_op: 00 | csr_addr: 000 | csr_wdata: 00000000 | mscratch: 00000000
PC: 8000095c | Instr: 00000013 | rs1_d: 00000000 | rs2_d: 00000000 | alu_res: 00000000 | mem_w: 0 | reg_w: 1 | csr_w: 0 | csr_op: 00 | csr_addr: 000 | csr_wdata: 00000000 | mscratch: 00000000
PC: 80000960 | Instr: 0003f417 | rs1_d: 6df56ff7 | rs2_d: 00000000 | alu_res: 8003f960 | mem_w: 0 | reg_w: 1 | csr_w: 0 | csr_op: 00 | csr_addr: 000 | csr_wdata: 6df56ff7 | mscratch: 00000000
PC: 80000964 | Instr: 6a040413 | rs1_d: 8003f960 | rs2_d: 00000000 | alu_res: 80040000 | mem_w: 0 | reg_w: 1 | csr_w: 0 | csr_op: 00 | csr_addr: 6a0 | csr_wdata: 8003f960 | mscratch: 00000000
PC: 80000968 | Instr: 00000013 | rs1_d: 00000000 | rs2_d: 00000000 | alu_res: 00000000 | mem_w: 0 | reg_w: 1 | csr_w: 0 | csr_op: 00 | csr_addr: 000 | csr_wdata: 00000000 | mscratch: 00000000
PC: 8000096c | Instr: 00000013 | rs1_d: 00000000 | rs2_d: 00000000 | alu_res: 00000000 | mem_w: 0 | reg_w: 1 | csr_w: 0 | csr_op: 00 | csr_addr: 000 | csr_wdata: 00000000 | mscratch: 00000000
PC: 80000970 | Instr: 00000013 | rs1_d: 00000000 | rs2_d: 00000000 | alu_res: 00000000 | mem_w: 0 | reg_w: 1 | csr_w: 0 | csr_op: 00 | csr_addr: 000 | csr_wdata: 00000000 | mscratch: 00000000
PC: 80000974 | Instr: 00000013 | rs1_d: 00000000 | rs2_d: 00000000 | alu_res: 00000000 | mem_w: 0 | reg_w: 1 | csr_w: 0 | csr_op: 00 | csr_addr: 000 | csr_wdata: 00000000 | mscratch: 00000000
PC: 80000978 | Instr: 00000013 | rs1_d: 00000000 | rs2_d: 00000000 | alu_res: 00000000 | mem_w: 0 | reg_w: 1 | csr_w: 0 | csr_op: 00 | csr_addr: 000 | csr_wdata: 00000000 | mscratch: 00000000
PC: 8000097c | Instr: 00000013 | rs1_d: 00000000 | rs2_d: 00000000 | alu_res: 00000000 | mem_w: 0 | reg_w: 1 | csr_w: 0 | csr_op: 00 | csr_addr: 000 | csr_wdata: 00000000 | mscratch: 00000000
PC: 80000980 | Instr: 01042027 | rs1_d: 80040000 | rs2_d: a8161cf1 | alu_res: 80040000 | mem_w: 1 | reg_w: 0 | csr_w: 0 | csr_op: 00 | csr_addr: 010 | csr_wdata: 80040000 | mscratch: 00000000
PC: 80000984 | Instr: 00042403 | rs1_d: 80040000 | rs2_d: 00000000 | alu_res: 80040000 | mem_w: 0 | reg_w: 1 | csr_w: 0 | csr_op: 00 | csr_addr: 000 | csr_wdata: 80040000 | mscratch: 00000000
PC: 80000988 | Instr: 008ba023 | rs1_d: 80042244 | rs2_d: cdd4e5fc | alu_res: 80042244 | mem_w: 1 | reg_w: 0 | csr_w: 0 | csr_op: 00 | csr_addr: 008 | csr_wdata: 80042244 | mscratch: 00000000
PC: 8000098c | Instr: 00000863 | rs1_d: 00000000 | rs2_d: 00000000 | alu_res: 00000000 | mem_w: 0 | reg_w: 0 | csr_w: 0 | csr_op: 00 | csr_addr: 000 | csr_wdata: 00000000 | mscratch: 00000000
PC: 8000099c | Instr: 004b8b93 | rs1_d: 80042244 | rs2_d: ba39b971 | alu_res: 80042248 | mem_w: 0 | reg_w: 1 | csr_w: 0 | csr_op: 00 | csr_addr: 004 | csr_wdata: 80042244 | mscratch: 00000000
PC: 800009a0 | Instr: 00102473 | rs1_d: 00000000 | rs2_d: 8004015c | alu_res: 8004015c | mem_w: 0 | reg_w: 1 | csr_w: 0 | csr_op: 10 | csr_addr: 001 | csr_wdata: 00000000 | mscratch: 00000000
PC: 800009a4 | Instr: 008ba023 | rs1_d: 80042248 | rs2_d: 00000001 | alu_res: 80042248 | mem_w: 1 | reg_w: 0 | csr_w: 0 | csr_op: 00 | csr_addr: 008 | csr_wdata: 80042248 | mscratch: 00000000
PC: 800009a8 | Instr: 00000863 | rs1_d: 00000000 | rs2_d: 00000000 | alu_res: 00000000 | mem_w: 0 | reg_w: 0 | csr_w: 0 | csr_op: 00 | csr_addr: 000 | csr_wdata: 00000000 | mscratch: 00000000
PC: 800009b8 | Instr: 004b8b93 | rs1_d: 80042248 | rs2_d: ba39b971 | alu_res: 8004224c | mem_w: 0 | reg_w: 1 | csr_w: 0 | csr_op: 00 | csr_addr: 004 | csr_wdata: 80042248 | mscratch: 00000000
PC: 800009bc | Instr: 0000a983 | rs1_d: 8004015c | rs2_d: 00000000 | alu_res: 8004015c | mem_w: 0 | reg_w: 1 | csr_w: 0 | csr_op: 00 | csr_addr: 000 | csr_wdata: 8004015c | mscratch: 00000000
PC: 800009c0 | Instr: 00408093 | rs1_d: 8004015c | rs2_d: ba39b971 | alu_res: 80040160 | mem_w: 0 | reg_w: 1 | csr_w: 0 | csr_op: 00 | csr_addr: 004 | csr_wdata: 8004015c | mscratch: 00000000
PC: 800009c4 | Instr: 00105073 | rs1_d: 00000000 | rs2_d: 80040160 | alu_res: 80040160 | mem_w: 0 | reg_w: 1 | csr_w: 1 | csr_op: 01 | csr_addr: 001 | csr_wdata: 00000000 | mscratch: 00000000
PC: 800009c8 | Instr: d009f7d3 | rs1_d: bb47bc62 | rs2_d: 00000000 | alu_res: bb47bc62 | mem_w: 0 | reg_w: 0 | csr_w: 0 | csr_op: 00 | csr_addr: d00 | csr_wdata: bb47bc62 | mscratch: 00000000
PC: 800009cc | Instr: 00000013 | rs1_d: 00000000 | rs2_d: 00000000 | alu_res: 00000000 | mem_w: 0 | reg_w: 1 | csr_w: 0 | csr_op: 00 | csr_addr: 000 | csr_wdata: 00000000 | mscratch: 00000000
PC: 800009d0 | Instr: 00000013 | rs1_d: 00000000 | rs2_d: 00000000 | alu_res: 00000000 | mem_w: 0 | reg_w: 1 | csr_w: 0 | csr_op: 00 | csr_addr: 000 | csr_wdata: 00000000 | mscratch: 00000000
PC: 800009d4 | Instr: 00000013 | rs1_d: 00000000 | rs2_d: 00000000 | alu_res: 00000000 | mem_w: 0 | reg_w: 1 | csr_w: 0 | csr_op: 00 | csr_addr: 000 | csr_wdata: 00000000 | mscratch: 00000000
PC: 800009d8 | Instr: 00000013 | rs1_d: 00000000 | rs2_d: 00000000 | alu_res: 00000000 | mem_w: 0 | reg_w: 1 | csr_w: 0 | csr_op: 00 | csr_addr: 000 | csr_wdata: 00000000 | mscratch: 00000000
PC: 800009dc | Instr: 00000013 | rs1_d: 00000000 | rs2_d: 00000000 | alu_res: 00000000 | mem_w: 0 | reg_w: 1 | csr_w: 0 | csr_op: 00 | csr_addr: 000 | csr_wdata: 00000000 | mscratch: 00000000
PC: 800009e0 | Instr: 0003f417 | rs1_d: 6df56ff7 | rs2_d: 00000000 | alu_res: 8003f9e0 | mem_w: 0 | reg_w: 1 | csr_w: 0 | csr_op: 00 | csr_addr: 000 | csr_wdata: 6df56ff7 | mscratch: 00000000
PC: 800009e4 | Instr: 62040413 | rs1_d: 8003f9e0 | rs2_d: 00000000 | alu_res: 80040000 | mem_w: 0 | reg_w: 1 | csr_w: 0 | csr_op: 00 | csr_addr: 620 | csr_wdata: 8003f9e0 | mscratch: 00000000
PC: 800009e8 | Instr: 00000013 | rs1_d: 00000000 | rs2_d: 00000000 | alu_res: 00000000 | mem_w: 0 | reg_w: 1 | csr_w: 0 | csr_op: 00 | csr_addr: 000 | csr_wdata: 00000000 | mscratch: 00000000
PC: 800009ec | Instr: 00000013 | rs1_d: 00000000 | rs2_d: 00000000 | alu_res: 00000000 | mem_w: 0 | reg_w: 1 | csr_w: 0 | csr_op: 00 | csr_addr: 000 | csr_wdata: 00000000 | mscratch: 00000000
PC: 800009f0 | Instr: 00000013 | rs1_d: 00000000 | rs2_d: 00000000 | alu_res: 00000000 | mem_w: 0 | reg_w: 1 | csr_w: 0 | csr_op: 00 | csr_addr: 000 | csr_wdata: 00000000 | mscratch: 00000000
PC: 800009f4 | Instr: 00000013 | rs1_d: 00000000 | rs2_d: 00000000 | alu_res: 00000000 | mem_w: 0 | reg_w: 1 | csr_w: 0 | csr_op: 00 | csr_addr: 000 | csr_wdata: 00000000 | mscratch: 00000000
PC: 800009f8 | Instr: 00000013 | rs1_d: 00000000 | rs2_d: 00000000 | alu_res: 00000000 | mem_w: 0 | reg_w: 1 | csr_w: 0 | csr_op: 00 | csr_addr: 000 | csr_wdata: 00000000 | mscratch: 00000000
PC: 800009fc | Instr: 00000013 | rs1_d: 00000000 | rs2_d: 00000000 | alu_res: 00000000 | mem_w: 0 | reg_w: 1 | csr_w: 0 | csr_op: 00 | csr_addr: 000 | csr_wdata: 00000000 | mscratch: 00000000
PC: 80000a00 | Instr: 00f42027 | rs1_d: 80040000 | rs2_d: 3a33c182 | alu_res: 80040000 | mem_w: 1 | reg_w: 0 | csr_w: 0 | csr_op: 00 | csr_addr: 00f | csr_wdata: 80040000 | mscratch: 00000000
PC: 80000a04 | Instr: 00042403 | rs1_d: 80040000 | rs2_d: 00000000 | alu_res: 80040000 | mem_w: 0 | reg_w: 1 | csr_w: 0 | csr_op: 00 | csr_addr: 000 | csr_wdata: 80040000 | mscratch: 00000000
PC: 80000a08 | Instr: 008ba023 | rs1_d: 8004224c | rs2_d: ce897087 | alu_res: 8004224c | mem_w: 1 | reg_w: 0 | csr_w: 0 | csr_op: 00 | csr_addr: 008 | csr_wdata: 8004224c | mscratch: 00000000
PC: 80000a0c | Instr: 00000863 | rs1_d: 00000000 | rs2_d: 00000000 | alu_res: 00000000 | mem_w: 0 | reg_w: 0 | csr_w: 0 | csr_op: 00 | csr_addr: 000 | csr_wdata: 00000000 | mscratch: 00000000
PC: 80000a1c | Instr: 004b8b93 | rs1_d: 8004224c | rs2_d: ba39b971 | alu_res: 80042250 | mem_w: 0 | reg_w: 1 | csr_w: 0 | csr_op: 00 | csr_addr: 004 | csr_wdata: 8004224c | mscratch: 00000000
PC: 80000a20 | Instr: 00102473 | rs1_d: 00000000 | rs2_d: 80040160 | alu_res: 80040160 | mem_w: 0 | reg_w: 1 | csr_w: 0 | csr_op: 10 | csr_addr: 001 | csr_wdata: 00000000 | mscratch: 00000000
PC: 80000a24 | Instr: 008ba023 | rs1_d: 80042250 | rs2_d: 00000001 | alu_res: 80042250 | mem_w: 1 | reg_w: 0 | csr_w: 0 | csr_op: 00 | csr_addr: 008 | csr_wdata: 80042250 | mscratch: 00000000
PC: 80000a28 | Instr: 00000863 | rs1_d: 00000000 | rs2_d: 00000000 | alu_res: 00000000 | mem_w: 0 | reg_w: 0 | csr_w: 0 | csr_op: 00 | csr_addr: 000 | csr_wdata: 00000000 | mscratch: 00000000
PC: 80000a38 | Instr: 004b8b93 | rs1_d: 80042250 | rs2_d: ba39b971 | alu_res: 80042254 | mem_w: 0 | reg_w: 1 | csr_w: 0 | csr_op: 00 | csr_addr: 004 | csr_wdata: 80042250 | mscratch: 00000000
PC: 80000a3c | Instr: 0000aa03 | rs1_d: 80040160 | rs2_d: 00000000 | alu_res: 80040160 | mem_w: 0 | reg_w: 1 | csr_w: 0 | csr_op: 00 | csr_addr: 000 | csr_wdata: 80040160 | mscratch: 00000000
PC: 80000a40 | Instr: 00408093 | rs1_d: 80040160 | rs2_d: ba39b971 | alu_res: 80040164 | mem_w: 0 | reg_w: 1 | csr_w: 0 | csr_op: 00 | csr_addr: 004 | csr_wdata: 80040160 | mscratch: 00000000
PC: 80000a44 | Instr: 00105073 | rs1_d: 00000000 | rs2_d: 80040164 | alu_res: 80040164 | mem_w: 0 | reg_w: 1 | csr_w: 1 | csr_op: 01 | csr_addr: 001 | csr_wdata: 00000000 | mscratch: 00000000
PC: 80000a48 | Instr: d00a7d53 | rs1_d: bd50a061 | rs2_d: 00000000 | alu_res: bd50a061 | mem_w: 0 | reg_w: 0 | csr_w: 0 | csr_op: 00 | csr_addr: d00 | csr_wdata: bd50a061 | mscratch: 00000000
PC: 80000a4c | Instr: 00000013 | rs1_d: 00000000 | rs2_d: 00000000 | alu_res: 00000000 | mem_w: 0 | reg_w: 1 | csr_w: 0 | csr_op: 00 | csr_addr: 000 | csr_wdata: 00000000 | mscratch: 00000000
PC: 80000a50 | Instr: 00000013 | rs1_d: 00000000 | rs2_d: 00000000 | alu_res: 00000000 | mem_w: 0 | reg_w: 1 | csr_w: 0 | csr_op: 00 | csr_addr: 000 | csr_wdata: 00000000 | mscratch: 00000000
PC: 80000a54 | Instr: 00000013 | rs1_d: 00000000 | rs2_d: 00000000 | alu_res: 00000000 | mem_w: 0 | reg_w: 1 | csr_w: 0 | csr_op: 00 | csr_addr: 000 | csr_wdata: 00000000 | mscratch: 00000000
PC: 80000a58 | Instr: 00000013 | rs1_d: 00000000 | rs2_d: 00000000 | alu_res: 00000000 | mem_w: 0 | reg_w: 1 | csr_w: 0 | csr_op: 00 | csr_addr: 000 | csr_wdata: 00000000 | mscratch: 00000000
PC: 80000a5c | Instr: 00000013 | rs1_d: 00000000 | rs2_d: 00000000 | alu_res: 00000000 | mem_w: 0 | reg_w: 1 | csr_w: 0 | csr_op: 00 | csr_addr: 000 | csr_wdata: 00000000 | mscratch: 00000000
PC: 80000a60 | Instr: 0003f417 | rs1_d: 6df56ff7 | rs2_d: 00000000 | alu_res: 8003fa60 | mem_w: 0 | reg_w: 1 | csr_w: 0 | csr_op: 00 | csr_addr: 000 | csr_wdata: 6df56ff7 | mscratch: 00000000
PC: 80000a64 | Instr: 5a040413 | rs1_d: 8003fa60 | rs2_d: 00000000 | alu_res: 80040000 | mem_w: 0 | reg_w: 1 | csr_w: 0 | csr_op: 00 | csr_addr: 5a0 | csr_wdata: 8003fa60 | mscratch: 00000000
PC: 80000a68 | Instr: 00000013 | rs1_d: 00000000 | rs2_d: 00000000 | alu_res: 00000000 | mem_w: 0 | reg_w: 1 | csr_w: 0 | csr_op: 00 | csr_addr: 000 | csr_wdata: 00000000 | mscratch: 00000000
PC: 80000a6c | Instr: 00000013 | rs1_d: 00000000 | rs2_d: 00000000 | alu_res: 00000000 | mem_w: 0 | reg_w: 1 | csr_w: 0 | csr_op: 00 | csr_addr: 000 | csr_wdata: 00000000 | mscratch: 00000000
PC: 80000a70 | Instr: 00000013 | rs1_d: 00000000 | rs2_d: 00000000 | alu_res: 00000000 | mem_w: 0 | reg_w: 1 | csr_w: 0 | csr_op: 00 | csr_addr: 000 | csr_wdata: 00000000 | mscratch: 00000000
PC: 80000a74 | Instr: 00000013 | rs1_d: 00000000 | rs2_d: 00000000 | alu_res: 00000000 | mem_w: 0 | reg_w: 1 | csr_w: 0 | csr_op: 00 | csr_addr: 000 | csr_wdata: 00000000 | mscratch: 00000000
PC: 80000a78 | Instr: 00000013 | rs1_d: 00000000 | rs2_d: 00000000 | alu_res: 00000000 | mem_w: 0 | reg_w: 1 | csr_w: 0 | csr_op: 00 | csr_addr: 000 | csr_wdata: 00000000 | mscratch: 00000000
PC: 80000a7c | Instr: 00000013 | rs1_d: 00000000 | rs2_d: 00000000 | alu_res: 00000000 | mem_w: 0 | reg_w: 1 | csr_w: 0 | csr_op: 00 | csr_addr: 000 | csr_wdata: 00000000 | mscratch: 00000000
PC: 80000a80 | Instr: 01a42027 | rs1_d: 80040000 | rs2_d: 6df56ff7 | alu_res: 80040000 | mem_w: 1 | reg_w: 0 | csr_w: 0 | csr_op: 00 | csr_addr: 01a | csr_wdata: 80040000 | mscratch: 00000000
PC: 80000a84 | Instr: 00042403 | rs1_d: 80040000 | rs2_d: 00000000 | alu_res: 80040000 | mem_w: 0 | reg_w: 1 | csr_w: 0 | csr_op: 00 | csr_addr: 000 | csr_wdata: 80040000 | mscratch: 00000000
PC: 80000a88 | Instr: 008ba023 | rs1_d: 80042254 | rs2_d: ce855ebf | alu_res: 80042254 | mem_w: 1 | reg_w: 0 | csr_w: 0 | csr_op: 00 | csr_addr: 008 | csr_wdata: 80042254 | mscratch: 00000000
PC: 80000a8c | Instr: 00000863 | rs1_d: 00000000 | rs2_d: 00000000 | alu_res: 00000000 | mem_w: 0 | reg_w: 0 | csr_w: 0 | csr_op: 00 | csr_addr: 000 | csr_wdata: 00000000 | mscratch: 00000000
PC: 80000a9c | Instr: 004b8b93 | rs1_d: 80042254 | rs2_d: ba39b971 | alu_res: 80042258 | mem_w: 0 | reg_w: 1 | csr_w: 0 | csr_op: 00 | csr_addr: 004 | csr_wdata: 80042254 | mscratch: 00000000
PC: 80000aa0 | Instr: 00102473 | rs1_d: 00000000 | rs2_d: 80040164 | alu_res: 80040164 | mem_w: 0 | reg_w: 1 | csr_w: 0 | csr_op: 10 | csr_addr: 001 | csr_wdata: 00000000 | mscratch: 00000000
PC: 80000aa4 | Instr: 008ba023 | rs1_d: 80042258 | rs2_d: 00000001 | alu_res: 80042258 | mem_w: 1 | reg_w: 0 | csr_w: 0 | csr_op: 00 | csr_addr: 008 | csr_wdata: 80042258 | mscratch: 00000000
PC: 80000aa8 | Instr: 00000863 | rs1_d: 00000000 | rs2_d: 00000000 | alu_res: 00000000 | mem_w: 0 | reg_w: 0 | csr_w: 0 | csr_op: 00 | csr_addr: 000 | csr_wdata: 00000000 | mscratch: 00000000
PC: 80000ab8 | Instr: 004b8b93 | rs1_d: 80042258 | rs2_d: ba39b971 | alu_res: 8004225c | mem_w: 0 | reg_w: 1 | csr_w: 0 | csr_op: 00 | csr_addr: 004 | csr_wdata: 80042258 | mscratch: 00000000
PC: 80000abc | Instr: 0000aa83 | rs1_d: 80040164 | rs2_d: 00000000 | alu_res: 80040164 | mem_w: 0 | reg_w: 1 | csr_w: 0 | csr_op: 00 | csr_addr: 000 | csr_wdata: 80040164 | mscratch: 00000000
PC: 80000ac0 | Instr: 00408093 | rs1_d: 80040164 | rs2_d: ba39b971 | alu_res: 80040168 | mem_w: 0 | reg_w: 1 | csr_w: 0 | csr_op: 00 | csr_addr: 004 | csr_wdata: 80040164 | mscratch: 00000000
PC: 80000ac4 | Instr: 00105073 | rs1_d: 00000000 | rs2_d: 80040168 | alu_res: 80040168 | mem_w: 0 | reg_w: 1 | csr_w: 1 | csr_op: 01 | csr_addr: 001 | csr_wdata: 00000000 | mscratch: 00000000
PC: 80000ac8 | Instr: d00afd53 | rs1_d: 5c53abf3 | rs2_d: 00000000 | alu_res: 5c53abf3 | mem_w: 0 | reg_w: 0 | csr_w: 0 | csr_op: 00 | csr_addr: d00 | csr_wdata: 5c53abf3 | mscratch: 00000000
PC: 80000acc | Instr: 00000013 | rs1_d: 00000000 | rs2_d: 00000000 | alu_res: 00000000 | mem_w: 0 | reg_w: 1 | csr_w: 0 | csr_op: 00 | csr_addr: 000 | csr_wdata: 00000000 | mscratch: 00000000
PC: 80000ad0 | Instr: 00000013 | rs1_d: 00000000 | rs2_d: 00000000 | alu_res: 00000000 | mem_w: 0 | reg_w: 1 | csr_w: 0 | csr_op: 00 | csr_addr: 000 | csr_wdata: 00000000 | mscratch: 00000000
PC: 80000ad4 | Instr: 00000013 | rs1_d: 00000000 | rs2_d: 00000000 | alu_res: 00000000 | mem_w: 0 | reg_w: 1 | csr_w: 0 | csr_op: 00 | csr_addr: 000 | csr_wdata: 00000000 | mscratch: 00000000
PC: 80000ad8 | Instr: 00000013 | rs1_d: 00000000 | rs2_d: 00000000 | alu_res: 00000000 | mem_w: 0 | reg_w: 1 | csr_w: 0 | csr_op: 00 | csr_addr: 000 | csr_wdata: 00000000 | mscratch: 00000000
PC: 80000adc | Instr: 00000013 | rs1_d: 00000000 | rs2_d: 00000000 | alu_res: 00000000 | mem_w: 0 | reg_w: 1 | csr_w: 0 | csr_op: 00 | csr_addr: 000 | csr_wdata: 00000000 | mscratch: 00000000
PC: 80000ae0 | Instr: 0003f417 | rs1_d: 6df56ff7 | rs2_d: 00000000 | alu_res: 8003fae0 | mem_w: 0 | reg_w: 1 | csr_w: 0 | csr_op: 00 | csr_addr: 000 | csr_wdata: 6df56ff7 | mscratch: 00000000
PC: 80000ae4 | Instr: 52040413 | rs1_d: 8003fae0 | rs2_d: 00000000 | alu_res: 80040000 | mem_w: 0 | reg_w: 1 | csr_w: 0 | csr_op: 00 | csr_addr: 520 | csr_wdata: 8003fae0 | mscratch: 00000000
PC: 80000ae8 | Instr: 00000013 | rs1_d: 00000000 | rs2_d: 00000000 | alu_res: 00000000 | mem_w: 0 | reg_w: 1 | csr_w: 0 | csr_op: 00 | csr_addr: 000 | csr_wdata: 00000000 | mscratch: 00000000
PC: 80000aec | Instr: 00000013 | rs1_d: 00000000 | rs2_d: 00000000 | alu_res: 00000000 | mem_w: 0 | reg_w: 1 | csr_w: 0 | csr_op: 00 | csr_addr: 000 | csr_wdata: 00000000 | mscratch: 00000000
PC: 80000af0 | Instr: 00000013 | rs1_d: 00000000 | rs2_d: 00000000 | alu_res: 00000000 | mem_w: 0 | reg_w: 1 | csr_w: 0 | csr_op: 00 | csr_addr: 000 | csr_wdata: 00000000 | mscratch: 00000000
PC: 80000af4 | Instr: 00000013 | rs1_d: 00000000 | rs2_d: 00000000 | alu_res: 00000000 | mem_w: 0 | reg_w: 1 | csr_w: 0 | csr_op: 00 | csr_addr: 000 | csr_wdata: 00000000 | mscratch: 00000000
PC: 80000af8 | Instr: 00000013 | rs1_d: 00000000 | rs2_d: 00000000 | alu_res: 00000000 | mem_w: 0 | reg_w: 1 | csr_w: 0 | csr_op: 00 | csr_addr: 000 | csr_wdata: 00000000 | mscratch: 00000000
PC: 80000afc | Instr: 00000013 | rs1_d: 00000000 | rs2_d: 00000000 | alu_res: 00000000 | mem_w: 0 | reg_w: 1 | csr_w: 0 | csr_op: 00 | csr_addr: 000 | csr_wdata: 00000000 | mscratch: 00000000
PC: 80000b00 | Instr: 01a42027 | rs1_d: 80040000 | rs2_d: 6df56ff7 | alu_res: 80040000 | mem_w: 1 | reg_w: 0 | csr_w: 0 | csr_op: 00 | csr_addr: 01a | csr_wdata: 80040000 | mscratch: 00000000
PC: 80000b04 | Instr: 00042403 | rs1_d: 80040000 | rs2_d: 00000000 | alu_res: 80040000 | mem_w: 0 | reg_w: 1 | csr_w: 0 | csr_op: 00 | csr_addr: 000 | csr_wdata: 80040000 | mscratch: 00000000
PC: 80000b08 | Instr: 008ba023 | rs1_d: 8004225c | rs2_d: 4eb8a758 | alu_res: 8004225c | mem_w: 1 | reg_w: 0 | csr_w: 0 | csr_op: 00 | csr_addr: 008 | csr_wdata: 8004225c | mscratch: 00000000
PC: 80000b0c | Instr: 00000863 | rs1_d: 00000000 | rs2_d: 00000000 | alu_res: 00000000 | mem_w: 0 | reg_w: 0 | csr_w: 0 | csr_op: 00 | csr_addr: 000 | csr_wdata: 00000000 | mscratch: 00000000
PC: 80000b1c | Instr: 004b8b93 | rs1_d: 8004225c | rs2_d: ba39b971 | alu_res: 80042260 | mem_w: 0 | reg_w: 1 | csr_w: 0 | csr_op: 00 | csr_addr: 004 | csr_wdata: 8004225c | mscratch: 00000000
PC: 80000b20 | Instr: 00102473 | rs1_d: 00000000 | rs2_d: 80040168 | alu_res: 80040168 | mem_w: 0 | reg_w: 1 | csr_w: 0 | csr_op: 10 | csr_addr: 001 | csr_wdata: 00000000 | mscratch: 00000000
PC: 80000b24 | Instr: 008ba023 | rs1_d: 80042260 | rs2_d: 00000001 | alu_res: 80042260 | mem_w: 1 | reg_w: 0 | csr_w: 0 | csr_op: 00 | csr_addr: 008 | csr_wdata: 80042260 | mscratch: 00000000
PC: 80000b28 | Instr: 00000863 | rs1_d: 00000000 | rs2_d: 00000000 | alu_res: 00000000 | mem_w: 0 | reg_w: 0 | csr_w: 0 | csr_op: 00 | csr_addr: 000 | csr_wdata: 00000000 | mscratch: 00000000
PC: 80000b38 | Instr: 004b8b93 | rs1_d: 80042260 | rs2_d: ba39b971 | alu_res: 80042264 | mem_w: 0 | reg_w: 1 | csr_w: 0 | csr_op: 00 | csr_addr: 004 | csr_wdata: 80042260 | mscratch: 00000000
PC: 80000b3c | Instr: 0000ab03 | rs1_d: 80040168 | rs2_d: 00000000 | alu_res: 80040168 | mem_w: 0 | reg_w: 1 | csr_w: 0 | csr_op: 00 | csr_addr: 000 | csr_wdata: 80040168 | mscratch: 00000000
PC: 80000b40 | Instr: 00408093 | rs1_d: 80040168 | rs2_d: ba39b971 | alu_res: 8004016c | mem_w: 0 | reg_w: 1 | csr_w: 0 | csr_op: 00 | csr_addr: 004 | csr_wdata: 80040168 | mscratch: 00000000
PC: 80000b44 | Instr: 00105073 | rs1_d: 00000000 | rs2_d: 8004016c | alu_res: 8004016c | mem_w: 0 | reg_w: 1 | csr_w: 1 | csr_op: 01 | csr_addr: 001 | csr_wdata: 00000000 | mscratch: 00000000
PC: 80000b48 | Instr: d00b7dd3 | rs1_d: aa13ece0 | rs2_d: 00000000 | alu_res: aa13ece0 | mem_w: 0 | reg_w: 0 | csr_w: 0 | csr_op: 00 | csr_addr: d00 | csr_wdata: aa13ece0 | mscratch: 00000000
PC: 80000b4c | Instr: 00000013 | rs1_d: 00000000 | rs2_d: 00000000 | alu_res: 00000000 | mem_w: 0 | reg_w: 1 | csr_w: 0 | csr_op: 00 | csr_addr: 000 | csr_wdata: 00000000 | mscratch: 00000000
PC: 80000b50 | Instr: 00000013 | rs1_d: 00000000 | rs2_d: 00000000 | alu_res: 00000000 | mem_w: 0 | reg_w: 1 | csr_w: 0 | csr_op: 00 | csr_addr: 000 | csr_wdata: 00000000 | mscratch: 00000000
PC: 80000b54 | Instr: 00000013 | rs1_d: 00000000 | rs2_d: 00000000 | alu_res: 00000000 | mem_w: 0 | reg_w: 1 | csr_w: 0 | csr_op: 00 | csr_addr: 000 | csr_wdata: 00000000 | mscratch: 00000000
PC: 80000b58 | Instr: 00000013 | rs1_d: 00000000 | rs2_d: 00000000 | alu_res: 00000000 | mem_w: 0 | reg_w: 1 | csr_w: 0 | csr_op: 00 | csr_addr: 000 | csr_wdata: 00000000 | mscratch: 00000000
PC: 80000b5c | Instr: 00000013 | rs1_d: 00000000 | rs2_d: 00000000 | alu_res: 00000000 | mem_w: 0 | reg_w: 1 | csr_w: 0 | csr_op: 00 | csr_addr: 000 | csr_wdata: 00000000 | mscratch: 00000000
PC: 80000b60 | Instr: 0003f417 | rs1_d: 6df56ff7 | rs2_d: 00000000 | alu_res: 8003fb60 | mem_w: 0 | reg_w: 1 | csr_w: 0 | csr_op: 00 | csr_addr: 000 | csr_wdata: 6df56ff7 | mscratch: 00000000
PC: 80000b64 | Instr: 4a040413 | rs1_d: 8003fb60 | rs2_d: 00000000 | alu_res: 80040000 | mem_w: 0 | reg_w: 1 | csr_w: 0 | csr_op: 00 | csr_addr: 4a0 | csr_wdata: 8003fb60 | mscratch: 00000000
PC: 80000b68 | Instr: 00000013 | rs1_d: 00000000 | rs2_d: 00000000 | alu_res: 00000000 | mem_w: 0 | reg_w: 1 | csr_w: 0 | csr_op: 00 | csr_addr: 000 | csr_wdata: 00000000 | mscratch: 00000000
PC: 80000b6c | Instr: 00000013 | rs1_d: 00000000 | rs2_d: 00000000 | alu_res: 00000000 | mem_w: 0 | reg_w: 1 | csr_w: 0 | csr_op: 00 | csr_addr: 000 | csr_wdata: 00000000 | mscratch: 00000000
PC: 80000b70 | Instr: 00000013 | rs1_d: 00000000 | rs2_d: 00000000 | alu_res: 00000000 | mem_w: 0 | reg_w: 1 | csr_w: 0 | csr_op: 00 | csr_addr: 000 | csr_wdata: 00000000 | mscratch: 00000000
PC: 80000b74 | Instr: 00000013 | rs1_d: 00000000 | rs2_d: 00000000 | alu_res: 00000000 | mem_w: 0 | reg_w: 1 | csr_w: 0 | csr_op: 00 | csr_addr: 000 | csr_wdata: 00000000 | mscratch: 00000000
PC: 80000b78 | Instr: 00000013 | rs1_d: 00000000 | rs2_d: 00000000 | alu_res: 00000000 | mem_w: 0 | reg_w: 1 | csr_w: 0 | csr_op: 00 | csr_addr: 000 | csr_wdata: 00000000 | mscratch: 00000000
PC: 80000b7c | Instr: 00000013 | rs1_d: 00000000 | rs2_d: 00000000 | alu_res: 00000000 | mem_w: 0 | reg_w: 1 | csr_w: 0 | csr_op: 00 | csr_addr: 000 | csr_wdata: 00000000 | mscratch: 00000000
PC: 80000b80 | Instr: 01b42027 | rs1_d: 80040000 | rs2_d: eedbeadf | alu_res: 80040000 | mem_w: 1 | reg_w: 0 | csr_w: 0 | csr_op: 00 | csr_addr: 01b | csr_wdata: 80040000 | mscratch: 00000000
PC: 80000b84 | Instr: 00042403 | rs1_d: 80040000 | rs2_d: 00000000 | alu_res: 80040000 | mem_w: 0 | reg_w: 1 | csr_w: 0 | csr_op: 00 | csr_addr: 000 | csr_wdata: 80040000 | mscratch: 00000000
PC: 80000b88 | Instr: 008ba023 | rs1_d: 80042264 | rs2_d: ceabd826 | alu_res: 80042264 | mem_w: 1 | reg_w: 0 | csr_w: 0 | csr_op: 00 | csr_addr: 008 | csr_wdata: 80042264 | mscratch: 00000000
PC: 80000b8c | Instr: 00000863 | rs1_d: 00000000 | rs2_d: 00000000 | alu_res: 00000000 | mem_w: 0 | reg_w: 0 | csr_w: 0 | csr_op: 00 | csr_addr: 000 | csr_wdata: 00000000 | mscratch: 00000000
PC: 80000b9c | Instr: 004b8b93 | rs1_d: 80042264 | rs2_d: ba39b971 | alu_res: 80042268 | mem_w: 0 | reg_w: 1 | csr_w: 0 | csr_op: 00 | csr_addr: 004 | csr_wdata: 80042264 | mscratch: 00000000
PC: 80000ba0 | Instr: 00102473 | rs1_d: 00000000 | rs2_d: 8004016c | alu_res: 8004016c | mem_w: 0 | reg_w: 1 | csr_w: 0 | csr_op: 10 | csr_addr: 001 | csr_wdata: 00000000 | mscratch: 00000000
PC: 80000ba4 | Instr: 008ba023 | rs1_d: 80042268 | rs2_d: 00000001 | alu_res: 80042268 | mem_w: 1 | reg_w: 0 | csr_w: 0 | csr_op: 00 | csr_addr: 008 | csr_wdata: 80042268 | mscratch: 00000000
PC: 80000ba8 | Instr: 00000863 | rs1_d: 00000000 | rs2_d: 00000000 | alu_res: 00000000 | mem_w: 0 | reg_w: 0 | csr_w: 0 | csr_op: 00 | csr_addr: 000 | csr_wdata: 00000000 | mscratch: 00000000
PC: 80000bb8 | Instr: 004b8b93 | rs1_d: 80042268 | rs2_d: ba39b971 | alu_res: 8004226c | mem_w: 0 | reg_w: 1 | csr_w: 0 | csr_op: 00 | csr_addr: 004 | csr_wdata: 80042268 | mscratch: 00000000
PC: 80000bbc | Instr: 000b8593 | rs1_d: 8004226c | rs2_d: 00000000 | alu_res: 8004226c | mem_w: 0 | reg_w: 1 | csr_w: 0 | csr_op: 00 | csr_addr: 000 | csr_wdata: 8004226c | mscratch: 00000000
PC: 80000bc0 | Instr: 0000ab83 | rs1_d: 8004016c | rs2_d: 00000000 | alu_res: 8004016c | mem_w: 0 | reg_w: 1 | csr_w: 0 | csr_op: 00 | csr_addr: 000 | csr_wdata: 8004016c | mscratch: 00000000
PC: 80000bc4 | Instr: 00408093 | rs1_d: 8004016c | rs2_d: ba39b971 | alu_res: 80040170 | mem_w: 0 | reg_w: 1 | csr_w: 0 | csr_op: 00 | csr_addr: 004 | csr_wdata: 8004016c | mscratch: 00000000
PC: 80000bc8 | Instr: 00105073 | rs1_d: 00000000 | rs2_d: 80040170 | alu_res: 80040170 | mem_w: 0 | reg_w: 1 | csr_w: 1 | csr_op: 01 | csr_addr: 001 | csr_wdata: 00000000 | mscratch: 00000000
PC: 80000bcc | Instr: d00bf1d3 | rs1_d: da1a21b6 | rs2_d: 00000000 | alu_res: da1a21b6 | mem_w: 0 | reg_w: 0 | csr_w: 0 | csr_op: 00 | csr_addr: d00 | csr_wdata: da1a21b6 | mscratch: 00000000
PC: 80000bd0 | Instr: 00000013 | rs1_d: 00000000 | rs2_d: 00000000 | alu_res: 00000000 | mem_w: 0 | reg_w: 1 | csr_w: 0 | csr_op: 00 | csr_addr: 000 | csr_wdata: 00000000 | mscratch: 00000000
PC: 80000bd4 | Instr: 00000013 | rs1_d: 00000000 | rs2_d: 00000000 | alu_res: 00000000 | mem_w: 0 | reg_w: 1 | csr_w: 0 | csr_op: 00 | csr_addr: 000 | csr_wdata: 00000000 | mscratch: 00000000
PC: 80000bd8 | Instr: 00000013 | rs1_d: 00000000 | rs2_d: 00000000 | alu_res: 00000000 | mem_w: 0 | reg_w: 1 | csr_w: 0 | csr_op: 00 | csr_addr: 000 | csr_wdata: 00000000 | mscratch: 00000000
PC: 80000bdc | Instr: 00000013 | rs1_d: 00000000 | rs2_d: 00000000 | alu_res: 00000000 | mem_w: 0 | reg_w: 1 | csr_w: 0 | csr_op: 00 | csr_addr: 000 | csr_wdata: 00000000 | mscratch: 00000000
PC: 80000be0 | Instr: 0003f417 | rs1_d: 6df56ff7 | rs2_d: 00000000 | alu_res: 8003fbe0 | mem_w: 0 | reg_w: 1 | csr_w: 0 | csr_op: 00 | csr_addr: 000 | csr_wdata: 6df56ff7 | mscratch: 00000000
PC: 80000be4 | Instr: 42040413 | rs1_d: 8003fbe0 | rs2_d: 00000000 | alu_res: 80040000 | mem_w: 0 | reg_w: 1 | csr_w: 0 | csr_op: 00 | csr_addr: 420 | csr_wdata: 8003fbe0 | mscratch: 00000000
PC: 80000be8 | Instr: 00000013 | rs1_d: 00000000 | rs2_d: 00000000 | alu_res: 00000000 | mem_w: 0 | reg_w: 1 | csr_w: 0 | csr_op: 00 | csr_addr: 000 | csr_wdata: 00000000 | mscratch: 00000000
PC: 80000bec | Instr: 00000013 | rs1_d: 00000000 | rs2_d: 00000000 | alu_res: 00000000 | mem_w: 0 | reg_w: 1 | csr_w: 0 | csr_op: 00 | csr_addr: 000 | csr_wdata: 00000000 | mscratch: 00000000
PC: 80000bf0 | Instr: 00000013 | rs1_d: 00000000 | rs2_d: 00000000 | alu_res: 00000000 | mem_w: 0 | reg_w: 1 | csr_w: 0 | csr_op: 00 | csr_addr: 000 | csr_wdata: 00000000 | mscratch: 00000000
PC: 80000bf4 | Instr: 00000013 | rs1_d: 00000000 | rs2_d: 00000000 | alu_res: 00000000 | mem_w: 0 | reg_w: 1 | csr_w: 0 | csr_op: 00 | csr_addr: 000 | csr_wdata: 00000000 | mscratch: 00000000
PC: 80000bf8 | Instr: 00000013 | rs1_d: 00000000 | rs2_d: 00000000 | alu_res: 00000000 | mem_w: 0 | reg_w: 1 | csr_w: 0 | csr_op: 00 | csr_addr: 000 | csr_wdata: 00000000 | mscratch: 00000000
PC: 80000bfc | Instr: 00000013 | rs1_d: 00000000 | rs2_d: 00000000 | alu_res: 00000000 | mem_w: 0 | reg_w: 1 | csr_w: 0 | csr_op: 00 | csr_addr: 000 | csr_wdata: 00000000 | mscratch: 00000000
PC: 80000c00 | Instr: 00342027 | rs1_d: 80040000 | rs2_d: 79d3c041 | alu_res: 80040000 | mem_w: 1 | reg_w: 0 | csr_w: 0 | csr_op: 00 | csr_addr: 003 | csr_wdata: 80040000 | mscratch: 00000000
PC: 80000c04 | Instr: 00042403 | rs1_d: 80040000 | rs2_d: 00000000 | alu_res: 80040000 | mem_w: 0 | reg_w: 1 | csr_w: 0 | csr_op: 00 | csr_addr: 000 | csr_wdata: 80040000 | mscratch: 00000000
PC: 80000c08 | Instr: 0085a023 | rs1_d: 8004226c | rs2_d: ce179779 | alu_res: 8004226c | mem_w: 1 | reg_w: 0 | csr_w: 0 | csr_op: 00 | csr_addr: 008 | csr_wdata: 8004226c | mscratch: 00000000
PC: 80000c0c | Instr: 00000863 | rs1_d: 00000000 | rs2_d: 00000000 | alu_res: 00000000 | mem_w: 0 | reg_w: 0 | csr_w: 0 | csr_op: 00 | csr_addr: 000 | csr_wdata: 00000000 | mscratch: 00000000
PC: 80000c1c | Instr: 00458593 | rs1_d: 8004226c | rs2_d: ba39b971 | alu_res: 80042270 | mem_w: 0 | reg_w: 1 | csr_w: 0 | csr_op: 00 | csr_addr: 004 | csr_wdata: 8004226c | mscratch: 00000000
PC: 80000c20 | Instr: 00102473 | rs1_d: 00000000 | rs2_d: 80040170 | alu_res: 80040170 | mem_w: 0 | reg_w: 1 | csr_w: 0 | csr_op: 10 | csr_addr: 001 | csr_wdata: 00000000 | mscratch: 00000000
PC: 80000c24 | Instr: 0085a023 | rs1_d: 80042270 | rs2_d: 00000001 | alu_res: 80042270 | mem_w: 1 | reg_w: 0 | csr_w: 0 | csr_op: 00 | csr_addr: 008 | csr_wdata: 80042270 | mscratch: 00000000
PC: 80000c28 | Instr: 00000863 | rs1_d: 00000000 | rs2_d: 00000000 | alu_res: 00000000 | mem_w: 0 | reg_w: 0 | csr_w: 0 | csr_op: 00 | csr_addr: 000 | csr_wdata: 00000000 | mscratch: 00000000
PC: 80000c38 | Instr: 00458593 | rs1_d: 80042270 | rs2_d: ba39b971 | alu_res: 80042274 | mem_w: 0 | reg_w: 1 | csr_w: 0 | csr_op: 00 | csr_addr: 004 | csr_wdata: 80042270 | mscratch: 00000000
PC: 80000c3c | Instr: 0000ac03 | rs1_d: 80040170 | rs2_d: 00000000 | alu_res: 80040170 | mem_w: 0 | reg_w: 1 | csr_w: 0 | csr_op: 00 | csr_addr: 000 | csr_wdata: 80040170 | mscratch: 00000000
PC: 80000c40 | Instr: 00408093 | rs1_d: 80040170 | rs2_d: ba39b971 | alu_res: 80040174 | mem_w: 0 | reg_w: 1 | csr_w: 0 | csr_op: 00 | csr_addr: 004 | csr_wdata: 80040170 | mscratch: 00000000
PC: 80000c44 | Instr: 00105073 | rs1_d: 00000000 | rs2_d: 80040174 | alu_res: 80040174 | mem_w: 0 | reg_w: 1 | csr_w: 1 | csr_op: 01 | csr_addr: 001 | csr_wdata: 00000000 | mscratch: 00000000
PC: 80000c48 | Instr: d00c70d3 | rs1_d: 60410e6f | rs2_d: 00000000 | alu_res: 60410e6f | mem_w: 0 | reg_w: 0 | csr_w: 0 | csr_op: 00 | csr_addr: d00 | csr_wdata: 60410e6f | mscratch: 00000000
PC: 80000c4c | Instr: 00000013 | rs1_d: 00000000 | rs2_d: 00000000 | alu_res: 00000000 | mem_w: 0 | reg_w: 1 | csr_w: 0 | csr_op: 00 | csr_addr: 000 | csr_wdata: 00000000 | mscratch: 00000000
PC: 80000c50 | Instr: 00000013 | rs1_d: 00000000 | rs2_d: 00000000 | alu_res: 00000000 | mem_w: 0 | reg_w: 1 | csr_w: 0 | csr_op: 00 | csr_addr: 000 | csr_wdata: 00000000 | mscratch: 00000000
PC: 80000c54 | Instr: 00000013 | rs1_d: 00000000 | rs2_d: 00000000 | alu_res: 00000000 | mem_w: 0 | reg_w: 1 | csr_w: 0 | csr_op: 00 | csr_addr: 000 | csr_wdata: 00000000 | mscratch: 00000000
PC: 80000c58 | Instr: 00000013 | rs1_d: 00000000 | rs2_d: 00000000 | alu_res: 00000000 | mem_w: 0 | reg_w: 1 | csr_w: 0 | csr_op: 00 | csr_addr: 000 | csr_wdata: 00000000 | mscratch: 00000000
PC: 80000c5c | Instr: 00000013 | rs1_d: 00000000 | rs2_d: 00000000 | alu_res: 00000000 | mem_w: 0 | reg_w: 1 | csr_w: 0 | csr_op: 00 | csr_addr: 000 | csr_wdata: 00000000 | mscratch: 00000000
PC: 80000c60 | Instr: 0003f417 | rs1_d: 6df56ff7 | rs2_d: 00000000 | alu_res: 8003fc60 | mem_w: 0 | reg_w: 1 | csr_w: 0 | csr_op: 00 | csr_addr: 000 | csr_wdata: 6df56ff7 | mscratch: 00000000
PC: 80000c64 | Instr: 3a040413 | rs1_d: 8003fc60 | rs2_d: 00000000 | alu_res: 80040000 | mem_w: 0 | reg_w: 1 | csr_w: 0 | csr_op: 00 | csr_addr: 3a0 | csr_wdata: 8003fc60 | mscratch: 00000000
PC: 80000c68 | Instr: 00000013 | rs1_d: 00000000 | rs2_d: 00000000 | alu_res: 00000000 | mem_w: 0 | reg_w: 1 | csr_w: 0 | csr_op: 00 | csr_addr: 000 | csr_wdata: 00000000 | mscratch: 00000000
PC: 80000c6c | Instr: 00000013 | rs1_d: 00000000 | rs2_d: 00000000 | alu_res: 00000000 | mem_w: 0 | reg_w: 1 | csr_w: 0 | csr_op: 00 | csr_addr: 000 | csr_wdata: 00000000 | mscratch: 00000000
PC: 80000c70 | Instr: 00000013 | rs1_d: 00000000 | rs2_d: 00000000 | alu_res: 00000000 | mem_w: 0 | reg_w: 1 | csr_w: 0 | csr_op: 00 | csr_addr: 000 | csr_wdata: 00000000 | mscratch: 00000000
PC: 80000c74 | Instr: 00000013 | rs1_d: 00000000 | rs2_d: 00000000 | alu_res: 00000000 | mem_w: 0 | reg_w: 1 | csr_w: 0 | csr_op: 00 | csr_addr: 000 | csr_wdata: 00000000 | mscratch: 00000000
PC: 80000c78 | Instr: 00000013 | rs1_d: 00000000 | rs2_d: 00000000 | alu_res: 00000000 | mem_w: 0 | reg_w: 1 | csr_w: 0 | csr_op: 00 | csr_addr: 000 | csr_wdata: 00000000 | mscratch: 00000000
PC: 80000c7c | Instr: 00000013 | rs1_d: 00000000 | rs2_d: 00000000 | alu_res: 00000000 | mem_w: 0 | reg_w: 1 | csr_w: 0 | csr_op: 00 | csr_addr: 000 | csr_wdata: 00000000 | mscratch: 00000000
PC: 80000c80 | Instr: 00142027 | rs1_d: 80040000 | rs2_d: 80040174 | alu_res: 80040000 | mem_w: 1 | reg_w: 0 | csr_w: 0 | csr_op: 00 | csr_addr: 001 | csr_wdata: 80040000 | mscratch: 00000000
PC: 80000c84 | Instr: 00042403 | rs1_d: 80040000 | rs2_d: 00000000 | alu_res: 80040000 | mem_w: 0 | reg_w: 1 | csr_w: 0 | csr_op: 00 | csr_addr: 000 | csr_wdata: 80040000 | mscratch: 00000000
PC: 80000c88 | Instr: 0085a023 | rs1_d: 80042274 | rs2_d: 4ec0821d | alu_res: 80042274 | mem_w: 1 | reg_w: 0 | csr_w: 0 | csr_op: 00 | csr_addr: 008 | csr_wdata: 80042274 | mscratch: 00000000
PC: 80000c8c | Instr: 00000863 | rs1_d: 00000000 | rs2_d: 00000000 | alu_res: 00000000 | mem_w: 0 | reg_w: 0 | csr_w: 0 | csr_op: 00 | csr_addr: 000 | csr_wdata: 00000000 | mscratch: 00000000
PC: 80000c9c | Instr: 00458593 | rs1_d: 80042274 | rs2_d: ba39b971 | alu_res: 80042278 | mem_w: 0 | reg_w: 1 | csr_w: 0 | csr_op: 00 | csr_addr: 004 | csr_wdata: 80042274 | mscratch: 00000000
PC: 80000ca0 | Instr: 00102473 | rs1_d: 00000000 | rs2_d: 80040174 | alu_res: 80040174 | mem_w: 0 | reg_w: 1 | csr_w: 0 | csr_op: 10 | csr_addr: 001 | csr_wdata: 00000000 | mscratch: 00000000
PC: 80000ca4 | Instr: 0085a023 | rs1_d: 80042278 | rs2_d: 00000001 | alu_res: 80042278 | mem_w: 1 | reg_w: 0 | csr_w: 0 | csr_op: 00 | csr_addr: 008 | csr_wdata: 80042278 | mscratch: 00000000
PC: 80000ca8 | Instr: 00000863 | rs1_d: 00000000 | rs2_d: 00000000 | alu_res: 00000000 | mem_w: 0 | reg_w: 0 | csr_w: 0 | csr_op: 00 | csr_addr: 000 | csr_wdata: 00000000 | mscratch: 00000000
PC: 80000cb8 | Instr: 00458593 | rs1_d: 80042278 | rs2_d: ba39b971 | alu_res: 8004227c | mem_w: 0 | reg_w: 1 | csr_w: 0 | csr_op: 00 | csr_addr: 004 | csr_wdata: 80042278 | mscratch: 00000000
PC: 80000cbc | Instr: 0000ac83 | rs1_d: 80040174 | rs2_d: 00000000 | alu_res: 80040174 | mem_w: 0 | reg_w: 1 | csr_w: 0 | csr_op: 00 | csr_addr: 000 | csr_wdata: 80040174 | mscratch: 00000000
PC: 80000cc0 | Instr: 00408093 | rs1_d: 80040174 | rs2_d: ba39b971 | alu_res: 80040178 | mem_w: 0 | reg_w: 1 | csr_w: 0 | csr_op: 00 | csr_addr: 004 | csr_wdata: 80040174 | mscratch: 00000000
PC: 80000cc4 | Instr: 00105073 | rs1_d: 00000000 | rs2_d: 80040178 | alu_res: 80040178 | mem_w: 0 | reg_w: 1 | csr_w: 1 | csr_op: 01 | csr_addr: 001 | csr_wdata: 00000000 | mscratch: 00000000
PC: 80000cc8 | Instr: d00cf353 | rs1_d: 00212d5f | rs2_d: 00000000 | alu_res: 00212d5f | mem_w: 0 | reg_w: 0 | csr_w: 0 | csr_op: 00 | csr_addr: d00 | csr_wdata: 00212d5f | mscratch: 00000000
PC: 80000ccc | Instr: 00000013 | rs1_d: 00000000 | rs2_d: 00000000 | alu_res: 00000000 | mem_w: 0 | reg_w: 1 | csr_w: 0 | csr_op: 00 | csr_addr: 000 | csr_wdata: 00000000 | mscratch: 00000000
PC: 80000cd0 | Instr: 00000013 | rs1_d: 00000000 | rs2_d: 00000000 | alu_res: 00000000 | mem_w: 0 | reg_w: 1 | csr_w: 0 | csr_op: 00 | csr_addr: 000 | csr_wdata: 00000000 | mscratch: 00000000
PC: 80000cd4 | Instr: 00000013 | rs1_d: 00000000 | rs2_d: 00000000 | alu_res: 00000000 | mem_w: 0 | reg_w: 1 | csr_w: 0 | csr_op: 00 | csr_addr: 000 | csr_wdata: 00000000 | mscratch: 00000000
PC: 80000cd8 | Instr: 00000013 | rs1_d: 00000000 | rs2_d: 00000000 | alu_res: 00000000 | mem_w: 0 | reg_w: 1 | csr_w: 0 | csr_op: 00 | csr_addr: 000 | csr_wdata: 00000000 | mscratch: 00000000
PC: 80000cdc | Instr: 00000013 | rs1_d: 00000000 | rs2_d: 00000000 | alu_res: 00000000 | mem_w: 0 | reg_w: 1 | csr_w: 0 | csr_op: 00 | csr_addr: 000 | csr_wdata: 00000000 | mscratch: 00000000
PC: 80000ce0 | Instr: 0003f417 | rs1_d: 6df56ff7 | rs2_d: 00000000 | alu_res: 8003fce0 | mem_w: 0 | reg_w: 1 | csr_w: 0 | csr_op: 00 | csr_addr: 000 | csr_wdata: 6df56ff7 | mscratch: 00000000
PC: 80000ce4 | Instr: 32040413 | rs1_d: 8003fce0 | rs2_d: 00000000 | alu_res: 80040000 | mem_w: 0 | reg_w: 1 | csr_w: 0 | csr_op: 00 | csr_addr: 320 | csr_wdata: 8003fce0 | mscratch: 00000000
PC: 80000ce8 | Instr: 00000013 | rs1_d: 00000000 | rs2_d: 00000000 | alu_res: 00000000 | mem_w: 0 | reg_w: 1 | csr_w: 0 | csr_op: 00 | csr_addr: 000 | csr_wdata: 00000000 | mscratch: 00000000
PC: 80000cec | Instr: 00000013 | rs1_d: 00000000 | rs2_d: 00000000 | alu_res: 00000000 | mem_w: 0 | reg_w: 1 | csr_w: 0 | csr_op: 00 | csr_addr: 000 | csr_wdata: 00000000 | mscratch: 00000000
PC: 80000cf0 | Instr: 00000013 | rs1_d: 00000000 | rs2_d: 00000000 | alu_res: 00000000 | mem_w: 0 | reg_w: 1 | csr_w: 0 | csr_op: 00 | csr_addr: 000 | csr_wdata: 00000000 | mscratch: 00000000
PC: 80000cf4 | Instr: 00000013 | rs1_d: 00000000 | rs2_d: 00000000 | alu_res: 00000000 | mem_w: 0 | reg_w: 1 | csr_w: 0 | csr_op: 00 | csr_addr: 000 | csr_wdata: 00000000 | mscratch: 00000000
PC: 80000cf8 | Instr: 00000013 | rs1_d: 00000000 | rs2_d: 00000000 | alu_res: 00000000 | mem_w: 0 | reg_w: 1 | csr_w: 0 | csr_op: 00 | csr_addr: 000 | csr_wdata: 00000000 | mscratch: 00000000
PC: 80000cfc | Instr: 00000013 | rs1_d: 00000000 | rs2_d: 00000000 | alu_res: 00000000 | mem_w: 0 | reg_w: 1 | csr_w: 0 | csr_op: 00 | csr_addr: 000 | csr_wdata: 00000000 | mscratch: 00000000
PC: 80000d00 | Instr: 00642027 | rs1_d: 80040000 | rs2_d: 3a1d3c48 | alu_res: 80040000 | mem_w: 1 | reg_w: 0 | csr_w: 0 | csr_op: 00 | csr_addr: 006 | csr_wdata: 80040000 | mscratch: 00000000
PC: 80000d04 | Instr: 00042403 | rs1_d: 80040000 | rs2_d: 00000000 | alu_res: 80040000 | mem_w: 0 | reg_w: 1 | csr_w: 0 | csr_op: 00 | csr_addr: 000 | csr_wdata: 80040000 | mscratch: 00000000
PC: 80000d08 | Instr: 0085a023 | rs1_d: 8004227c | rs2_d: 4a04b57c | alu_res: 8004227c | mem_w: 1 | reg_w: 0 | csr_w: 0 | csr_op: 00 | csr_addr: 008 | csr_wdata: 8004227c | mscratch: 00000000
PC: 80000d0c | Instr: 00000863 | rs1_d: 00000000 | rs2_d: 00000000 | alu_res: 00000000 | mem_w: 0 | reg_w: 0 | csr_w: 0 | csr_op: 00 | csr_addr: 000 | csr_wdata: 00000000 | mscratch: 00000000
PC: 80000d1c | Instr: 00458593 | rs1_d: 8004227c | rs2_d: ba39b971 | alu_res: 80042280 | mem_w: 0 | reg_w: 1 | csr_w: 0 | csr_op: 00 | csr_addr: 004 | csr_wdata: 8004227c | mscratch: 00000000
PC: 80000d20 | Instr: 00102473 | rs1_d: 00000000 | rs2_d: 80040178 | alu_res: 80040178 | mem_w: 0 | reg_w: 1 | csr_w: 0 | csr_op: 10 | csr_addr: 001 | csr_wdata: 00000000 | mscratch: 00000000
PC: 80000d24 | Instr: 0085a023 | rs1_d: 80042280 | rs2_d: 00000000 | alu_res: 80042280 | mem_w: 1 | reg_w: 0 | csr_w: 0 | csr_op: 00 | csr_addr: 008 | csr_wdata: 80042280 | mscratch: 00000000
PC: 80000d28 | Instr: 00000863 | rs1_d: 00000000 | rs2_d: 00000000 | alu_res: 00000000 | mem_w: 0 | reg_w: 0 | csr_w: 0 | csr_op: 00 | csr_addr: 000 | csr_wdata: 00000000 | mscratch: 00000000
PC: 80000d38 | Instr: 00458593 | rs1_d: 80042280 | rs2_d: ba39b971 | alu_res: 80042284 | mem_w: 0 | reg_w: 1 | csr_w: 0 | csr_op: 00 | csr_addr: 004 | csr_wdata: 80042280 | mscratch: 00000000
PC: 80000d3c | Instr: 0000ad03 | rs1_d: 80040178 | rs2_d: 00000000 | alu_res: 80040178 | mem_w: 0 | reg_w: 1 | csr_w: 0 | csr_op: 00 | csr_addr: 000 | csr_wdata: 80040178 | mscratch: 00000000
PC: 80000d40 | Instr: 00408093 | rs1_d: 80040178 | rs2_d: ba39b971 | alu_res: 8004017c | mem_w: 0 | reg_w: 1 | csr_w: 0 | csr_op: 00 | csr_addr: 004 | csr_wdata: 80040178 | mscratch: 00000000
PC: 80000d44 | Instr: 00105073 | rs1_d: 00000000 | rs2_d: 8004017c | alu_res: 8004017c | mem_w: 0 | reg_w: 1 | csr_w: 1 | csr_op: 01 | csr_addr: 001 | csr_wdata: 00000000 | mscratch: 00000000
PC: 80000d48 | Instr: d00d7c53 | rs1_d: a806f866 | rs2_d: 00000000 | alu_res: a806f866 | mem_w: 0 | reg_w: 0 | csr_w: 0 | csr_op: 00 | csr_addr: d00 | csr_wdata: a806f866 | mscratch: 00000000
PC: 80000d4c | Instr: 00000013 | rs1_d: 00000000 | rs2_d: 00000000 | alu_res: 00000000 | mem_w: 0 | reg_w: 1 | csr_w: 0 | csr_op: 00 | csr_addr: 000 | csr_wdata: 00000000 | mscratch: 00000000
PC: 80000d50 | Instr: 00000013 | rs1_d: 00000000 | rs2_d: 00000000 | alu_res: 00000000 | mem_w: 0 | reg_w: 1 | csr_w: 0 | csr_op: 00 | csr_addr: 000 | csr_wdata: 00000000 | mscratch: 00000000
PC: 80000d54 | Instr: 00000013 | rs1_d: 00000000 | rs2_d: 00000000 | alu_res: 00000000 | mem_w: 0 | reg_w: 1 | csr_w: 0 | csr_op: 00 | csr_addr: 000 | csr_wdata: 00000000 | mscratch: 00000000
PC: 80000d58 | Instr: 00000013 | rs1_d: 00000000 | rs2_d: 00000000 | alu_res: 00000000 | mem_w: 0 | reg_w: 1 | csr_w: 0 | csr_op: 00 | csr_addr: 000 | csr_wdata: 00000000 | mscratch: 00000000
PC: 80000d5c | Instr: 00000013 | rs1_d: 00000000 | rs2_d: 00000000 | alu_res: 00000000 | mem_w: 0 | reg_w: 1 | csr_w: 0 | csr_op: 00 | csr_addr: 000 | csr_wdata: 00000000 | mscratch: 00000000
PC: 80000d60 | Instr: 0003f417 | rs1_d: 6df56ff7 | rs2_d: 00000000 | alu_res: 8003fd60 | mem_w: 0 | reg_w: 1 | csr_w: 0 | csr_op: 00 | csr_addr: 000 | csr_wdata: 6df56ff7 | mscratch: 00000000
PC: 80000d64 | Instr: 2a040413 | rs1_d: 8003fd60 | rs2_d: 00000000 | alu_res: 80040000 | mem_w: 0 | reg_w: 1 | csr_w: 0 | csr_op: 00 | csr_addr: 2a0 | csr_wdata: 8003fd60 | mscratch: 00000000
PC: 80000d68 | Instr: 00000013 | rs1_d: 00000000 | rs2_d: 00000000 | alu_res: 00000000 | mem_w: 0 | reg_w: 1 | csr_w: 0 | csr_op: 00 | csr_addr: 000 | csr_wdata: 00000000 | mscratch: 00000000
PC: 80000d6c | Instr: 00000013 | rs1_d: 00000000 | rs2_d: 00000000 | alu_res: 00000000 | mem_w: 0 | reg_w: 1 | csr_w: 0 | csr_op: 00 | csr_addr: 000 | csr_wdata: 00000000 | mscratch: 00000000
PC: 80000d70 | Instr: 00000013 | rs1_d: 00000000 | rs2_d: 00000000 | alu_res: 00000000 | mem_w: 0 | reg_w: 1 | csr_w: 0 | csr_op: 00 | csr_addr: 000 | csr_wdata: 00000000 | mscratch: 00000000
PC: 80000d74 | Instr: 00000013 | rs1_d: 00000000 | rs2_d: 00000000 | alu_res: 00000000 | mem_w: 0 | reg_w: 1 | csr_w: 0 | csr_op: 00 | csr_addr: 000 | csr_wdata: 00000000 | mscratch: 00000000
PC: 80000d78 | Instr: 00000013 | rs1_d: 00000000 | rs2_d: 00000000 | alu_res: 00000000 | mem_w: 0 | reg_w: 1 | csr_w: 0 | csr_op: 00 | csr_addr: 000 | csr_wdata: 00000000 | mscratch: 00000000
PC: 80000d7c | Instr: 00000013 | rs1_d: 00000000 | rs2_d: 00000000 | alu_res: 00000000 | mem_w: 0 | reg_w: 1 | csr_w: 0 | csr_op: 00 | csr_addr: 000 | csr_wdata: 00000000 | mscratch: 00000000
PC: 80000d80 | Instr: 01842027 | rs1_d: 80040000 | rs2_d: 60410e6f | alu_res: 80040000 | mem_w: 1 | reg_w: 0 | csr_w: 0 | csr_op: 00 | csr_addr: 018 | csr_wdata: 80040000 | mscratch: 00000000
PC: 80000d84 | Instr: 00042403 | rs1_d: 80040000 | rs2_d: 00000000 | alu_res: 80040000 | mem_w: 0 | reg_w: 1 | csr_w: 0 | csr_op: 00 | csr_addr: 000 | csr_wdata: 80040000 | mscratch: 00000000
PC: 80000d88 | Instr: 0085a023 | rs1_d: 80042284 | rs2_d: ceaff20f | alu_res: 80042284 | mem_w: 1 | reg_w: 0 | csr_w: 0 | csr_op: 00 | csr_addr: 008 | csr_wdata: 80042284 | mscratch: 00000000
PC: 80000d8c | Instr: 00000863 | rs1_d: 00000000 | rs2_d: 00000000 | alu_res: 00000000 | mem_w: 0 | reg_w: 0 | csr_w: 0 | csr_op: 00 | csr_addr: 000 | csr_wdata: 00000000 | mscratch: 00000000
PC: 80000d9c | Instr: 00458593 | rs1_d: 80042284 | rs2_d: ba39b971 | alu_res: 80042288 | mem_w: 0 | reg_w: 1 | csr_w: 0 | csr_op: 00 | csr_addr: 004 | csr_wdata: 80042284 | mscratch: 00000000
PC: 80000da0 | Instr: 00102473 | rs1_d: 00000000 | rs2_d: 8004017c | alu_res: 8004017c | mem_w: 0 | reg_w: 1 | csr_w: 0 | csr_op: 10 | csr_addr: 001 | csr_wdata: 00000000 | mscratch: 00000000
PC: 80000da4 | Instr: 0085a023 | rs1_d: 80042288 | rs2_d: 00000001 | alu_res: 80042288 | mem_w: 1 | reg_w: 0 | csr_w: 0 | csr_op: 00 | csr_addr: 008 | csr_wdata: 80042288 | mscratch: 00000000
PC: 80000da8 | Instr: 00000863 | rs1_d: 00000000 | rs2_d: 00000000 | alu_res: 00000000 | mem_w: 0 | reg_w: 0 | csr_w: 0 | csr_op: 00 | csr_addr: 000 | csr_wdata: 00000000 | mscratch: 00000000
PC: 80000db8 | Instr: 00458593 | rs1_d: 80042288 | rs2_d: ba39b971 | alu_res: 8004228c | mem_w: 0 | reg_w: 1 | csr_w: 0 | csr_op: 00 | csr_addr: 004 | csr_wdata: 80042288 | mscratch: 00000000
PC: 80000dbc | Instr: 0000ad83 | rs1_d: 8004017c | rs2_d: 00000000 | alu_res: 8004017c | mem_w: 0 | reg_w: 1 | csr_w: 0 | csr_op: 00 | csr_addr: 000 | csr_wdata: 8004017c | mscratch: 00000000
PC: 80000dc0 | Instr: 00408093 | rs1_d: 8004017c | rs2_d: ba39b971 | alu_res: 80040180 | mem_w: 0 | reg_w: 1 | csr_w: 0 | csr_op: 00 | csr_addr: 004 | csr_wdata: 8004017c | mscratch: 00000000
PC: 80000dc4 | Instr: 00105073 | rs1_d: 00000000 | rs2_d: 80040180 | alu_res: 80040180 | mem_w: 0 | reg_w: 1 | csr_w: 1 | csr_op: 01 | csr_addr: 001 | csr_wdata: 00000000 | mscratch: 00000000
PC: 80000dc8 | Instr: d00df053 | rs1_d: 94a891a0 | rs2_d: 00000000 | alu_res: 94a891a0 | mem_w: 0 | reg_w: 0 | csr_w: 0 | csr_op: 00 | csr_addr: d00 | csr_wdata: 94a891a0 | mscratch: 00000000
PC: 80000dcc | Instr: 00000013 | rs1_d: 00000000 | rs2_d: 00000000 | alu_res: 00000000 | mem_w: 0 | reg_w: 1 | csr_w: 0 | csr_op: 00 | csr_addr: 000 | csr_wdata: 00000000 | mscratch: 00000000
PC: 80000dd0 | Instr: 00000013 | rs1_d: 00000000 | rs2_d: 00000000 | alu_res: 00000000 | mem_w: 0 | reg_w: 1 | csr_w: 0 | csr_op: 00 | csr_addr: 000 | csr_wdata: 00000000 | mscratch: 00000000
PC: 80000dd4 | Instr: 00000013 | rs1_d: 00000000 | rs2_d: 00000000 | alu_res: 00000000 | mem_w: 0 | reg_w: 1 | csr_w: 0 | csr_op: 00 | csr_addr: 000 | csr_wdata: 00000000 | mscratch: 00000000
PC: 80000dd8 | Instr: 00000013 | rs1_d: 00000000 | rs2_d: 00000000 | alu_res: 00000000 | mem_w: 0 | reg_w: 1 | csr_w: 0 | csr_op: 00 | csr_addr: 000 | csr_wdata: 00000000 | mscratch: 00000000
PC: 80000ddc | Instr: 00000013 | rs1_d: 00000000 | rs2_d: 00000000 | alu_res: 00000000 | mem_w: 0 | reg_w: 1 | csr_w: 0 | csr_op: 00 | csr_addr: 000 | csr_wdata: 00000000 | mscratch: 00000000
PC: 80000de0 | Instr: 0003f417 | rs1_d: 6df56ff7 | rs2_d: 00000000 | alu_res: 8003fde0 | mem_w: 0 | reg_w: 1 | csr_w: 0 | csr_op: 00 | csr_addr: 000 | csr_wdata: 6df56ff7 | mscratch: 00000000
PC: 80000de4 | Instr: 22040413 | rs1_d: 8003fde0 | rs2_d: 00000000 | alu_res: 80040000 | mem_w: 0 | reg_w: 1 | csr_w: 0 | csr_op: 00 | csr_addr: 220 | csr_wdata: 8003fde0 | mscratch: 00000000
PC: 80000de8 | Instr: 00000013 | rs1_d: 00000000 | rs2_d: 00000000 | alu_res: 00000000 | mem_w: 0 | reg_w: 1 | csr_w: 0 | csr_op: 00 | csr_addr: 000 | csr_wdata: 00000000 | mscratch: 00000000
PC: 80000dec | Instr: 00000013 | rs1_d: 00000000 | rs2_d: 00000000 | alu_res: 00000000 | mem_w: 0 | reg_w: 1 | csr_w: 0 | csr_op: 00 | csr_addr: 000 | csr_wdata: 00000000 | mscratch: 00000000
PC: 80000df0 | Instr: 00000013 | rs1_d: 00000000 | rs2_d: 00000000 | alu_res: 00000000 | mem_w: 0 | reg_w: 1 | csr_w: 0 | csr_op: 00 | csr_addr: 000 | csr_wdata: 00000000 | mscratch: 00000000
PC: 80000df4 | Instr: 00000013 | rs1_d: 00000000 | rs2_d: 00000000 | alu_res: 00000000 | mem_w: 0 | reg_w: 1 | csr_w: 0 | csr_op: 00 | csr_addr: 000 | csr_wdata: 00000000 | mscratch: 00000000
PC: 80000df8 | Instr: 00000013 | rs1_d: 00000000 | rs2_d: 00000000 | alu_res: 00000000 | mem_w: 0 | reg_w: 1 | csr_w: 0 | csr_op: 00 | csr_addr: 000 | csr_wdata: 00000000 | mscratch: 00000000
PC: 80000dfc | Instr: 00000013 | rs1_d: 00000000 | rs2_d: 00000000 | alu_res: 00000000 | mem_w: 0 | reg_w: 1 | csr_w: 0 | csr_op: 00 | csr_addr: 000 | csr_wdata: 00000000 | mscratch: 00000000
PC: 80000e00 | Instr: 00042027 | rs1_d: 80040000 | rs2_d: 00000000 | alu_res: 80040000 | mem_w: 1 | reg_w: 0 | csr_w: 0 | csr_op: 00 | csr_addr: 000 | csr_wdata: 80040000 | mscratch: 00000000
PC: 80000e04 | Instr: 00042403 | rs1_d: 80040000 | rs2_d: 00000000 | alu_res: 80040000 | mem_w: 0 | reg_w: 1 | csr_w: 0 | csr_op: 00 | csr_addr: 000 | csr_wdata: 80040000 | mscratch: 00000000
PC: 80000e08 | Instr: 0085a023 | rs1_d: 8004228c | rs2_d: ced6aedd | alu_res: 8004228c | mem_w: 1 | reg_w: 0 | csr_w: 0 | csr_op: 00 | csr_addr: 008 | csr_wdata: 8004228c | mscratch: 00000000
PC: 80000e0c | Instr: 00000863 | rs1_d: 00000000 | rs2_d: 00000000 | alu_res: 00000000 | mem_w: 0 | reg_w: 0 | csr_w: 0 | csr_op: 00 | csr_addr: 000 | csr_wdata: 00000000 | mscratch: 00000000
PC: 80000e1c | Instr: 00458593 | rs1_d: 8004228c | rs2_d: ba39b971 | alu_res: 80042290 | mem_w: 0 | reg_w: 1 | csr_w: 0 | csr_op: 00 | csr_addr: 004 | csr_wdata: 8004228c | mscratch: 00000000
PC: 80000e20 | Instr: 00102473 | rs1_d: 00000000 | rs2_d: 80040180 | alu_res: 80040180 | mem_w: 0 | reg_w: 1 | csr_w: 0 | csr_op: 10 | csr_addr: 001 | csr_wdata: 00000000 | mscratch: 00000000
PC: 80000e24 | Instr: 0085a023 | rs1_d: 80042290 | rs2_d: 00000001 | alu_res: 80042290 | mem_w: 1 | reg_w: 0 | csr_w: 0 | csr_op: 00 | csr_addr: 008 | csr_wdata: 80042290 | mscratch: 00000000
PC: 80000e28 | Instr: 00000863 | rs1_d: 00000000 | rs2_d: 00000000 | alu_res: 00000000 | mem_w: 0 | reg_w: 0 | csr_w: 0 | csr_op: 00 | csr_addr: 000 | csr_wdata: 00000000 | mscratch: 00000000
PC: 80000e38 | Instr: 00458593 | rs1_d: 80042290 | rs2_d: ba39b971 | alu_res: 80042294 | mem_w: 0 | reg_w: 1 | csr_w: 0 | csr_op: 00 | csr_addr: 004 | csr_wdata: 80042290 | mscratch: 00000000
PC: 80000e3c | Instr: 0000ae03 | rs1_d: 80040180 | rs2_d: 00000000 | alu_res: 80040180 | mem_w: 0 | reg_w: 1 | csr_w: 0 | csr_op: 00 | csr_addr: 000 | csr_wdata: 80040180 | mscratch: 00000000
PC: 80000e40 | Instr: 00408093 | rs1_d: 80040180 | rs2_d: ba39b971 | alu_res: 80040184 | mem_w: 0 | reg_w: 1 | csr_w: 0 | csr_op: 00 | csr_addr: 004 | csr_wdata: 80040180 | mscratch: 00000000
PC: 80000e44 | Instr: 00105073 | rs1_d: 00000000 | rs2_d: 80040184 | alu_res: 80040184 | mem_w: 0 | reg_w: 1 | csr_w: 1 | csr_op: 01 | csr_addr: 001 | csr_wdata: 00000000 | mscratch: 00000000
PC: 80000e48 | Instr: d00e7f53 | rs1_d: 005aee9f | rs2_d: 00000000 | alu_res: 005aee9f | mem_w: 0 | reg_w: 0 | csr_w: 0 | csr_op: 00 | csr_addr: d00 | csr_wdata: 005aee9f | mscratch: 00000000
PC: 80000e4c | Instr: 00000013 | rs1_d: 00000000 | rs2_d: 00000000 | alu_res: 00000000 | mem_w: 0 | reg_w: 1 | csr_w: 0 | csr_op: 00 | csr_addr: 000 | csr_wdata: 00000000 | mscratch: 00000000
PC: 80000e50 | Instr: 00000013 | rs1_d: 00000000 | rs2_d: 00000000 | alu_res: 00000000 | mem_w: 0 | reg_w: 1 | csr_w: 0 | csr_op: 00 | csr_addr: 000 | csr_wdata: 00000000 | mscratch: 00000000
PC: 80000e54 | Instr: 00000013 | rs1_d: 00000000 | rs2_d: 00000000 | alu_res: 00000000 | mem_w: 0 | reg_w: 1 | csr_w: 0 | csr_op: 00 | csr_addr: 000 | csr_wdata: 00000000 | mscratch: 00000000
PC: 80000e58 | Instr: 00000013 | rs1_d: 00000000 | rs2_d: 00000000 | alu_res: 00000000 | mem_w: 0 | reg_w: 1 | csr_w: 0 | csr_op: 00 | csr_addr: 000 | csr_wdata: 00000000 | mscratch: 00000000
PC: 80000e5c | Instr: 00000013 | rs1_d: 00000000 | rs2_d: 00000000 | alu_res: 00000000 | mem_w: 0 | reg_w: 1 | csr_w: 0 | csr_op: 00 | csr_addr: 000 | csr_wdata: 00000000 | mscratch: 00000000
PC: 80000e60 | Instr: 0003f417 | rs1_d: 6df56ff7 | rs2_d: 00000000 | alu_res: 8003fe60 | mem_w: 0 | reg_w: 1 | csr_w: 0 | csr_op: 00 | csr_addr: 000 | csr_wdata: 6df56ff7 | mscratch: 00000000
PC: 80000e64 | Instr: 1a040413 | rs1_d: 8003fe60 | rs2_d: 00000000 | alu_res: 80040000 | mem_w: 0 | reg_w: 1 | csr_w: 0 | csr_op: 00 | csr_addr: 1a0 | csr_wdata: 8003fe60 | mscratch: 00000000
PC: 80000e68 | Instr: 00000013 | rs1_d: 00000000 | rs2_d: 00000000 | alu_res: 00000000 | mem_w: 0 | reg_w: 1 | csr_w: 0 | csr_op: 00 | csr_addr: 000 | csr_wdata: 00000000 | mscratch: 00000000
PC: 80000e6c | Instr: 00000013 | rs1_d: 00000000 | rs2_d: 00000000 | alu_res: 00000000 | mem_w: 0 | reg_w: 1 | csr_w: 0 | csr_op: 00 | csr_addr: 000 | csr_wdata: 00000000 | mscratch: 00000000
PC: 80000e70 | Instr: 00000013 | rs1_d: 00000000 | rs2_d: 00000000 | alu_res: 00000000 | mem_w: 0 | reg_w: 1 | csr_w: 0 | csr_op: 00 | csr_addr: 000 | csr_wdata: 00000000 | mscratch: 00000000
PC: 80000e74 | Instr: 00000013 | rs1_d: 00000000 | rs2_d: 00000000 | alu_res: 00000000 | mem_w: 0 | reg_w: 1 | csr_w: 0 | csr_op: 00 | csr_addr: 000 | csr_wdata: 00000000 | mscratch: 00000000
PC: 80000e78 | Instr: 00000013 | rs1_d: 00000000 | rs2_d: 00000000 | alu_res: 00000000 | mem_w: 0 | reg_w: 1 | csr_w: 0 | csr_op: 00 | csr_addr: 000 | csr_wdata: 00000000 | mscratch: 00000000
PC: 80000e7c | Instr: 00000013 | rs1_d: 00000000 | rs2_d: 00000000 | alu_res: 00000000 | mem_w: 0 | reg_w: 1 | csr_w: 0 | csr_op: 00 | csr_addr: 000 | csr_wdata: 00000000 | mscratch: 00000000
PC: 80000e80 | Instr: 01e42027 | rs1_d: 80040000 | rs2_d: df56ff76 | alu_res: 80040000 | mem_w: 1 | reg_w: 0 | csr_w: 0 | csr_op: 00 | csr_addr: 01e | csr_wdata: 80040000 | mscratch: 00000000
PC: 80000e84 | Instr: 00042403 | rs1_d: 80040000 | rs2_d: 00000000 | alu_res: 80040000 | mem_w: 0 | reg_w: 1 | csr_w: 0 | csr_op: 00 | csr_addr: 000 | csr_wdata: 80040000 | mscratch: 00000000
PC: 80000e88 | Instr: 0085a023 | rs1_d: 80042294 | rs2_d: 4ab5dd3e | alu_res: 80042294 | mem_w: 1 | reg_w: 0 | csr_w: 0 | csr_op: 00 | csr_addr: 008 | csr_wdata: 80042294 | mscratch: 00000000
PC: 80000e8c | Instr: 00000863 | rs1_d: 00000000 | rs2_d: 00000000 | alu_res: 00000000 | mem_w: 0 | reg_w: 0 | csr_w: 0 | csr_op: 00 | csr_addr: 000 | csr_wdata: 00000000 | mscratch: 00000000
PC: 80000e9c | Instr: 00458593 | rs1_d: 80042294 | rs2_d: ba39b971 | alu_res: 80042298 | mem_w: 0 | reg_w: 1 | csr_w: 0 | csr_op: 00 | csr_addr: 004 | csr_wdata: 80042294 | mscratch: 00000000
PC: 80000ea0 | Instr: 00102473 | rs1_d: 00000000 | rs2_d: 80040184 | alu_res: 80040184 | mem_w: 0 | reg_w: 1 | csr_w: 0 | csr_op: 10 | csr_addr: 001 | csr_wdata: 00000000 | mscratch: 00000000
PC: 80000ea4 | Instr: 0085a023 | rs1_d: 80042298 | rs2_d: 00000000 | alu_res: 80042298 | mem_w: 1 | reg_w: 0 | csr_w: 0 | csr_op: 00 | csr_addr: 008 | csr_wdata: 80042298 | mscratch: 00000000
PC: 80000ea8 | Instr: 00000863 | rs1_d: 00000000 | rs2_d: 00000000 | alu_res: 00000000 | mem_w: 0 | reg_w: 0 | csr_w: 0 | csr_op: 00 | csr_addr: 000 | csr_wdata: 00000000 | mscratch: 00000000
PC: 80000eb8 | Instr: 00458593 | rs1_d: 80042298 | rs2_d: ba39b971 | alu_res: 8004229c | mem_w: 0 | reg_w: 1 | csr_w: 0 | csr_op: 00 | csr_addr: 004 | csr_wdata: 80042298 | mscratch: 00000000
PC: 80000ebc | Instr: 0000ae83 | rs1_d: 80040184 | rs2_d: 00000000 | alu_res: 80040184 | mem_w: 0 | reg_w: 1 | csr_w: 0 | csr_op: 00 | csr_addr: 000 | csr_wdata: 80040184 | mscratch: 00000000
PC: 80000ec0 | Instr: 00408093 | rs1_d: 80040184 | rs2_d: ba39b971 | alu_res: 80040188 | mem_w: 0 | reg_w: 1 | csr_w: 0 | csr_op: 00 | csr_addr: 004 | csr_wdata: 80040184 | mscratch: 00000000
PC: 80000ec4 | Instr: 00105073 | rs1_d: 00000000 | rs2_d: 80040188 | alu_res: 80040188 | mem_w: 0 | reg_w: 1 | csr_w: 1 | csr_op: 01 | csr_addr: 001 | csr_wdata: 00000000 | mscratch: 00000000
PC: 80000ec8 | Instr: d00efd53 | rs1_d: ebe8f2e6 | rs2_d: 00000000 | alu_res: ebe8f2e6 | mem_w: 0 | reg_w: 0 | csr_w: 0 | csr_op: 00 | csr_addr: d00 | csr_wdata: ebe8f2e6 | mscratch: 00000000
PC: 80000ecc | Instr: 00000013 | rs1_d: 00000000 | rs2_d: 00000000 | alu_res: 00000000 | mem_w: 0 | reg_w: 1 | csr_w: 0 | csr_op: 00 | csr_addr: 000 | csr_wdata: 00000000 | mscratch: 00000000
PC: 80000ed0 | Instr: 00000013 | rs1_d: 00000000 | rs2_d: 00000000 | alu_res: 00000000 | mem_w: 0 | reg_w: 1 | csr_w: 0 | csr_op: 00 | csr_addr: 000 | csr_wdata: 00000000 | mscratch: 00000000
PC: 80000ed4 | Instr: 00000013 | rs1_d: 00000000 | rs2_d: 00000000 | alu_res: 00000000 | mem_w: 0 | reg_w: 1 | csr_w: 0 | csr_op: 00 | csr_addr: 000 | csr_wdata: 00000000 | mscratch: 00000000
PC: 80000ed8 | Instr: 00000013 | rs1_d: 00000000 | rs2_d: 00000000 | alu_res: 00000000 | mem_w: 0 | reg_w: 1 | csr_w: 0 | csr_op: 00 | csr_addr: 000 | csr_wdata: 00000000 | mscratch: 00000000
PC: 80000edc | Instr: 00000013 | rs1_d: 00000000 | rs2_d: 00000000 | alu_res: 00000000 | mem_w: 0 | reg_w: 1 | csr_w: 0 | csr_op: 00 | csr_addr: 000 | csr_wdata: 00000000 | mscratch: 00000000
PC: 80000ee0 | Instr: 0003f417 | rs1_d: 6df56ff7 | rs2_d: 00000000 | alu_res: 8003fee0 | mem_w: 0 | reg_w: 1 | csr_w: 0 | csr_op: 00 | csr_addr: 000 | csr_wdata: 6df56ff7 | mscratch: 00000000
PC: 80000ee4 | Instr: 12040413 | rs1_d: 8003fee0 | rs2_d: 00000000 | alu_res: 80040000 | mem_w: 0 | reg_w: 1 | csr_w: 0 | csr_op: 00 | csr_addr: 120 | csr_wdata: 8003fee0 | mscratch: 00000000
PC: 80000ee8 | Instr: 00000013 | rs1_d: 00000000 | rs2_d: 00000000 | alu_res: 00000000 | mem_w: 0 | reg_w: 1 | csr_w: 0 | csr_op: 00 | csr_addr: 000 | csr_wdata: 00000000 | mscratch: 00000000
PC: 80000eec | Instr: 00000013 | rs1_d: 00000000 | rs2_d: 00000000 | alu_res: 00000000 | mem_w: 0 | reg_w: 1 | csr_w: 0 | csr_op: 00 | csr_addr: 000 | csr_wdata: 00000000 | mscratch: 00000000
PC: 80000ef0 | Instr: 00000013 | rs1_d: 00000000 | rs2_d: 00000000 | alu_res: 00000000 | mem_w: 0 | reg_w: 1 | csr_w: 0 | csr_op: 00 | csr_addr: 000 | csr_wdata: 00000000 | mscratch: 00000000
PC: 80000ef4 | Instr: 00000013 | rs1_d: 00000000 | rs2_d: 00000000 | alu_res: 00000000 | mem_w: 0 | reg_w: 1 | csr_w: 0 | csr_op: 00 | csr_addr: 000 | csr_wdata: 00000000 | mscratch: 00000000
PC: 80000ef8 | Instr: 00000013 | rs1_d: 00000000 | rs2_d: 00000000 | alu_res: 00000000 | mem_w: 0 | reg_w: 1 | csr_w: 0 | csr_op: 00 | csr_addr: 000 | csr_wdata: 00000000 | mscratch: 00000000
PC: 80000efc | Instr: 00000013 | rs1_d: 00000000 | rs2_d: 00000000 | alu_res: 00000000 | mem_w: 0 | reg_w: 1 | csr_w: 0 | csr_op: 00 | csr_addr: 000 | csr_wdata: 00000000 | mscratch: 00000000
PC: 80000f00 | Instr: 01a42027 | rs1_d: 80040000 | rs2_d: a806f866 | alu_res: 80040000 | mem_w: 1 | reg_w: 0 | csr_w: 0 | csr_op: 00 | csr_addr: 01a | csr_wdata: 80040000 | mscratch: 00000000
PC: 80000f04 | Instr: 00042403 | rs1_d: 80040000 | rs2_d: 00000000 | alu_res: 80040000 | mem_w: 0 | reg_w: 1 | csr_w: 0 | csr_op: 00 | csr_addr: 000 | csr_wdata: 80040000 | mscratch: 00000000
PC: 80000f08 | Instr: 0085a023 | rs1_d: 8004229c | rs2_d: cda0b869 | alu_res: 8004229c | mem_w: 1 | reg_w: 0 | csr_w: 0 | csr_op: 00 | csr_addr: 008 | csr_wdata: 8004229c | mscratch: 00000000
PC: 80000f0c | Instr: 00000863 | rs1_d: 00000000 | rs2_d: 00000000 | alu_res: 00000000 | mem_w: 0 | reg_w: 0 | csr_w: 0 | csr_op: 00 | csr_addr: 000 | csr_wdata: 00000000 | mscratch: 00000000
PC: 80000f1c | Instr: 00458593 | rs1_d: 8004229c | rs2_d: ba39b971 | alu_res: 800422a0 | mem_w: 0 | reg_w: 1 | csr_w: 0 | csr_op: 00 | csr_addr: 004 | csr_wdata: 8004229c | mscratch: 00000000
PC: 80000f20 | Instr: 00102473 | rs1_d: 00000000 | rs2_d: 80040188 | alu_res: 80040188 | mem_w: 0 | reg_w: 1 | csr_w: 0 | csr_op: 10 | csr_addr: 001 | csr_wdata: 00000000 | mscratch: 00000000
PC: 80000f24 | Instr: 0085a023 | rs1_d: 800422a0 | rs2_d: 00000001 | alu_res: 800422a0 | mem_w: 1 | reg_w: 0 | csr_w: 0 | csr_op: 00 | csr_addr: 008 | csr_wdata: 800422a0 | mscratch: 00000000
PC: 80000f28 | Instr: 00000863 | rs1_d: 00000000 | rs2_d: 00000000 | alu_res: 00000000 | mem_w: 0 | reg_w: 0 | csr_w: 0 | csr_op: 00 | csr_addr: 000 | csr_wdata: 00000000 | mscratch: 00000000
PC: 80000f38 | Instr: 00458593 | rs1_d: 800422a0 | rs2_d: ba39b971 | alu_res: 800422a4 | mem_w: 0 | reg_w: 1 | csr_w: 0 | csr_op: 00 | csr_addr: 004 | csr_wdata: 800422a0 | mscratch: 00000000
PC: 80000f3c | Instr: 0000af03 | rs1_d: 80040188 | rs2_d: 00000000 | alu_res: 80040188 | mem_w: 0 | reg_w: 1 | csr_w: 0 | csr_op: 00 | csr_addr: 000 | csr_wdata: 80040188 | mscratch: 00000000
PC: 80000f40 | Instr: 00408093 | rs1_d: 80040188 | rs2_d: ba39b971 | alu_res: 8004018c | mem_w: 0 | reg_w: 1 | csr_w: 0 | csr_op: 00 | csr_addr: 004 | csr_wdata: 80040188 | mscratch: 00000000
PC: 80000f44 | Instr: 00105073 | rs1_d: 00000000 | rs2_d: 8004018c | alu_res: 8004018c | mem_w: 0 | reg_w: 1 | csr_w: 1 | csr_op: 01 | csr_addr: 001 | csr_wdata: 00000000 | mscratch: 00000000
PC: 80000f48 | Instr: d00f75d3 | rs1_d: ff9518ac | rs2_d: 00000000 | alu_res: ff9518ac | mem_w: 0 | reg_w: 0 | csr_w: 0 | csr_op: 00 | csr_addr: d00 | csr_wdata: ff9518ac | mscratch: 00000000
PC: 80000f4c | Instr: 00000013 | rs1_d: 00000000 | rs2_d: 00000000 | alu_res: 00000000 | mem_w: 0 | reg_w: 1 | csr_w: 0 | csr_op: 00 | csr_addr: 000 | csr_wdata: 00000000 | mscratch: 00000000
PC: 80000f50 | Instr: 00000013 | rs1_d: 00000000 | rs2_d: 00000000 | alu_res: 00000000 | mem_w: 0 | reg_w: 1 | csr_w: 0 | csr_op: 00 | csr_addr: 000 | csr_wdata: 00000000 | mscratch: 00000000
PC: 80000f54 | Instr: 00000013 | rs1_d: 00000000 | rs2_d: 00000000 | alu_res: 00000000 | mem_w: 0 | reg_w: 1 | csr_w: 0 | csr_op: 00 | csr_addr: 000 | csr_wdata: 00000000 | mscratch: 00000000
PC: 80000f58 | Instr: 00000013 | rs1_d: 00000000 | rs2_d: 00000000 | alu_res: 00000000 | mem_w: 0 | reg_w: 1 | csr_w: 0 | csr_op: 00 | csr_addr: 000 | csr_wdata: 00000000 | mscratch: 00000000
PC: 80000f5c | Instr: 00000013 | rs1_d: 00000000 | rs2_d: 00000000 | alu_res: 00000000 | mem_w: 0 | reg_w: 1 | csr_w: 0 | csr_op: 00 | csr_addr: 000 | csr_wdata: 00000000 | mscratch: 00000000
PC: 80000f60 | Instr: 0003f417 | rs1_d: 6df56ff7 | rs2_d: 00000000 | alu_res: 8003ff60 | mem_w: 0 | reg_w: 1 | csr_w: 0 | csr_op: 00 | csr_addr: 000 | csr_wdata: 6df56ff7 | mscratch: 00000000
PC: 80000f64 | Instr: 0a040413 | rs1_d: 8003ff60 | rs2_d: 00000000 | alu_res: 80040000 | mem_w: 0 | reg_w: 1 | csr_w: 0 | csr_op: 00 | csr_addr: 0a0 | csr_wdata: 8003ff60 | mscratch: 00000000
PC: 80000f68 | Instr: 00000013 | rs1_d: 00000000 | rs2_d: 00000000 | alu_res: 00000000 | mem_w: 0 | reg_w: 1 | csr_w: 0 | csr_op: 00 | csr_addr: 000 | csr_wdata: 00000000 | mscratch: 00000000
PC: 80000f6c | Instr: 00000013 | rs1_d: 00000000 | rs2_d: 00000000 | alu_res: 00000000 | mem_w: 0 | reg_w: 1 | csr_w: 0 | csr_op: 00 | csr_addr: 000 | csr_wdata: 00000000 | mscratch: 00000000
PC: 80000f70 | Instr: 00000013 | rs1_d: 00000000 | rs2_d: 00000000 | alu_res: 00000000 | mem_w: 0 | reg_w: 1 | csr_w: 0 | csr_op: 00 | csr_addr: 000 | csr_wdata: 00000000 | mscratch: 00000000
PC: 80000f74 | Instr: 00000013 | rs1_d: 00000000 | rs2_d: 00000000 | alu_res: 00000000 | mem_w: 0 | reg_w: 1 | csr_w: 0 | csr_op: 00 | csr_addr: 000 | csr_wdata: 00000000 | mscratch: 00000000
PC: 80000f78 | Instr: 00000013 | rs1_d: 00000000 | rs2_d: 00000000 | alu_res: 00000000 | mem_w: 0 | reg_w: 1 | csr_w: 0 | csr_op: 00 | csr_addr: 000 | csr_wdata: 00000000 | mscratch: 00000000
PC: 80000f7c | Instr: 00000013 | rs1_d: 00000000 | rs2_d: 00000000 | alu_res: 00000000 | mem_w: 0 | reg_w: 1 | csr_w: 0 | csr_op: 00 | csr_addr: 000 | csr_wdata: 00000000 | mscratch: 00000000
PC: 80000f80 | Instr: 00b42027 | rs1_d: 80040000 | rs2_d: 800422a4 | alu_res: 80040000 | mem_w: 1 | reg_w: 0 | csr_w: 0 | csr_op: 00 | csr_addr: 00b | csr_wdata: 80040000 | mscratch: 00000000
PC: 80000f84 | Instr: 00042403 | rs1_d: 80040000 | rs2_d: 00000000 | alu_res: 80040000 | mem_w: 0 | reg_w: 1 | csr_w: 0 | csr_op: 00 | csr_addr: 000 | csr_wdata: 80040000 | mscratch: 00000000
PC: 80000f88 | Instr: 0085a023 | rs1_d: 800422a4 | rs2_d: cad5cea8 | alu_res: 800422a4 | mem_w: 1 | reg_w: 0 | csr_w: 0 | csr_op: 00 | csr_addr: 008 | csr_wdata: 800422a4 | mscratch: 00000000
PC: 80000f8c | Instr: 00000863 | rs1_d: 00000000 | rs2_d: 00000000 | alu_res: 00000000 | mem_w: 0 | reg_w: 0 | csr_w: 0 | csr_op: 00 | csr_addr: 000 | csr_wdata: 00000000 | mscratch: 00000000
PC: 80000f9c | Instr: 00458593 | rs1_d: 800422a4 | rs2_d: ba39b971 | alu_res: 800422a8 | mem_w: 0 | reg_w: 1 | csr_w: 0 | csr_op: 00 | csr_addr: 004 | csr_wdata: 800422a4 | mscratch: 00000000
PC: 80000fa0 | Instr: 00102473 | rs1_d: 00000000 | rs2_d: 8004018c | alu_res: 8004018c | mem_w: 0 | reg_w: 1 | csr_w: 0 | csr_op: 10 | csr_addr: 001 | csr_wdata: 00000000 | mscratch: 00000000
PC: 80000fa4 | Instr: 0085a023 | rs1_d: 800422a8 | rs2_d: 00000000 | alu_res: 800422a8 | mem_w: 1 | reg_w: 0 | csr_w: 0 | csr_op: 00 | csr_addr: 008 | csr_wdata: 800422a8 | mscratch: 00000000
PC: 80000fa8 | Instr: 00000863 | rs1_d: 00000000 | rs2_d: 00000000 | alu_res: 00000000 | mem_w: 0 | reg_w: 0 | csr_w: 0 | csr_op: 00 | csr_addr: 000 | csr_wdata: 00000000 | mscratch: 00000000
PC: 80000fb8 | Instr: 00458593 | rs1_d: 800422a8 | rs2_d: ba39b971 | alu_res: 800422ac | mem_w: 0 | reg_w: 1 | csr_w: 0 | csr_op: 00 | csr_addr: 004 | csr_wdata: 800422a8 | mscratch: 00000000
PC: 80000fbc | Instr: 0000af83 | rs1_d: 8004018c | rs2_d: 00000000 | alu_res: 8004018c | mem_w: 0 | reg_w: 1 | csr_w: 0 | csr_op: 00 | csr_addr: 000 | csr_wdata: 8004018c | mscratch: 00000000
PC: 80000fc0 | Instr: 00408093 | rs1_d: 8004018c | rs2_d: ba39b971 | alu_res: 80040190 | mem_w: 0 | reg_w: 1 | csr_w: 0 | csr_op: 00 | csr_addr: 004 | csr_wdata: 8004018c | mscratch: 00000000
PC: 80000fc4 | Instr: 00105073 | rs1_d: 00000000 | rs2_d: 80040190 | alu_res: 80040190 | mem_w: 0 | reg_w: 1 | csr_w: 1 | csr_op: 01 | csr_addr: 001 | csr_wdata: 00000000 | mscratch: 00000000
PC: 80000fc8 | Instr: d00ffd53 | rs1_d: d84eeae7 | rs2_d: 00000000 | alu_res: d84eeae7 | mem_w: 0 | reg_w: 0 | csr_w: 0 | csr_op: 00 | csr_addr: d00 | csr_wdata: d84eeae7 | mscratch: 00000000
PC: 80000fcc | Instr: 00000013 | rs1_d: 00000000 | rs2_d: 00000000 | alu_res: 00000000 | mem_w: 0 | reg_w: 1 | csr_w: 0 | csr_op: 00 | csr_addr: 000 | csr_wdata: 00000000 | mscratch: 00000000
PC: 80000fd0 | Instr: 00000013 | rs1_d: 00000000 | rs2_d: 00000000 | alu_res: 00000000 | mem_w: 0 | reg_w: 1 | csr_w: 0 | csr_op: 00 | csr_addr: 000 | csr_wdata: 00000000 | mscratch: 00000000
PC: 80000fd4 | Instr: 00000013 | rs1_d: 00000000 | rs2_d: 00000000 | alu_res: 00000000 | mem_w: 0 | reg_w: 1 | csr_w: 0 | csr_op: 00 | csr_addr: 000 | csr_wdata: 00000000 | mscratch: 00000000
PC: 80000fd8 | Instr: 00000013 | rs1_d: 00000000 | rs2_d: 00000000 | alu_res: 00000000 | mem_w: 0 | reg_w: 1 | csr_w: 0 | csr_op: 00 | csr_addr: 000 | csr_wdata: 00000000 | mscratch: 00000000
PC: 80000fdc | Instr: 00000013 | rs1_d: 00000000 | rs2_d: 00000000 | alu_res: 00000000 | mem_w: 0 | reg_w: 1 | csr_w: 0 | csr_op: 00 | csr_addr: 000 | csr_wdata: 00000000 | mscratch: 00000000
PC: 80000fe0 | Instr: 0003f417 | rs1_d: 6df56ff7 | rs2_d: 00000000 | alu_res: 8003ffe0 | mem_w: 0 | reg_w: 1 | csr_w: 0 | csr_op: 00 | csr_addr: 000 | csr_wdata: 6df56ff7 | mscratch: 00000000
PC: 80000fe4 | Instr: 02040413 | rs1_d: 8003ffe0 | rs2_d: 00000000 | alu_res: 80040000 | mem_w: 0 | reg_w: 1 | csr_w: 0 | csr_op: 00 | csr_addr: 020 | csr_wdata: 8003ffe0 | mscratch: 00000000
PC: 80000fe8 | Instr: 00000013 | rs1_d: 00000000 | rs2_d: 00000000 | alu_res: 00000000 | mem_w: 0 | reg_w: 1 | csr_w: 0 | csr_op: 00 | csr_addr: 000 | csr_wdata: 00000000 | mscratch: 00000000
PC: 80000fec | Instr: 00000013 | rs1_d: 00000000 | rs2_d: 00000000 | alu_res: 00000000 | mem_w: 0 | reg_w: 1 | csr_w: 0 | csr_op: 00 | csr_addr: 000 | csr_wdata: 00000000 | mscratch: 00000000
PC: 80000ff0 | Instr: 00000013 | rs1_d: 00000000 | rs2_d: 00000000 | alu_res: 00000000 | mem_w: 0 | reg_w: 1 | csr_w: 0 | csr_op: 00 | csr_addr: 000 | csr_wdata: 00000000 | mscratch: 00000000
PC: 80000ff4 | Instr: 00000013 | rs1_d: 00000000 | rs2_d: 00000000 | alu_res: 00000000 | mem_w: 0 | reg_w: 1 | csr_w: 0 | csr_op: 00 | csr_addr: 000 | csr_wdata: 00000000 | mscratch: 00000000
PC: 80000ff8 | Instr: 00000013 | rs1_d: 00000000 | rs2_d: 00000000 | alu_res: 00000000 | mem_w: 0 | reg_w: 1 | csr_w: 0 | csr_op: 00 | csr_addr: 000 | csr_wdata: 00000000 | mscratch: 00000000
PC: 80000ffc | Instr: 00000013 | rs1_d: 00000000 | rs2_d: 00000000 | alu_res: 00000000 | mem_w: 0 | reg_w: 1 | csr_w: 0 | csr_op: 00 | csr_addr: 000 | csr_wdata: 00000000 | mscratch: 00000000
PC: 80001000 | Instr: 01a42027 | rs1_d: 80040000 | rs2_d: a806f866 | alu_res: 80040000 | mem_w: 1 | reg_w: 0 | csr_w: 0 | csr_op: 00 | csr_addr: 01a | csr_wdata: 80040000 | mscratch: 00000000
PC: 80001004 | Instr: 00042403 | rs1_d: 80040000 | rs2_d: 00000000 | alu_res: 80040000 | mem_w: 0 | reg_w: 1 | csr_w: 0 | csr_op: 00 | csr_addr: 000 | csr_wdata: 80040000 | mscratch: 00000000
PC: 80001008 | Instr: 0085a023 | rs1_d: 800422ac | rs2_d: ce1ec454 | alu_res: 800422ac | mem_w: 1 | reg_w: 0 | csr_w: 0 | csr_op: 00 | csr_addr: 008 | csr_wdata: 800422ac | mscratch: 00000000
PC: 8000100c | Instr: 00000863 | rs1_d: 00000000 | rs2_d: 00000000 | alu_res: 00000000 | mem_w: 0 | reg_w: 0 | csr_w: 0 | csr_op: 00 | csr_addr: 000 | csr_wdata: 00000000 | mscratch: 00000000
PC: 8000101c | Instr: 00458593 | rs1_d: 800422ac | rs2_d: ba39b971 | alu_res: 800422b0 | mem_w: 0 | reg_w: 1 | csr_w: 0 | csr_op: 00 | csr_addr: 004 | csr_wdata: 800422ac | mscratch: 00000000
PC: 80001020 | Instr: 00102473 | rs1_d: 00000000 | rs2_d: 80040190 | alu_res: 80040190 | mem_w: 0 | reg_w: 1 | csr_w: 0 | csr_op: 10 | csr_addr: 001 | csr_wdata: 00000000 | mscratch: 00000000
PC: 80001024 | Instr: 0085a023 | rs1_d: 800422b0 | rs2_d: 00000001 | alu_res: 800422b0 | mem_w: 1 | reg_w: 0 | csr_w: 0 | csr_op: 00 | csr_addr: 008 | csr_wdata: 800422b0 | mscratch: 00000000
PC: 80001028 | Instr: 00000863 | rs1_d: 00000000 | rs2_d: 00000000 | alu_res: 00000000 | mem_w: 0 | reg_w: 0 | csr_w: 0 | csr_op: 00 | csr_addr: 000 | csr_wdata: 00000000 | mscratch: 00000000
PC: 80001038 | Instr: 00458593 | rs1_d: 800422b0 | rs2_d: ba39b971 | alu_res: 800422b4 | mem_w: 0 | reg_w: 1 | csr_w: 0 | csr_op: 00 | csr_addr: 004 | csr_wdata: 800422b0 | mscratch: 00000000
PC: 8000103c | Instr: 0000ac03 | rs1_d: 80040190 | rs2_d: 00000000 | alu_res: 80040190 | mem_w: 0 | reg_w: 1 | csr_w: 0 | csr_op: 00 | csr_addr: 000 | csr_wdata: 80040190 | mscratch: 00000000
PC: 80001040 | Instr: 00408093 | rs1_d: 80040190 | rs2_d: ba39b971 | alu_res: 80040194 | mem_w: 0 | reg_w: 1 | csr_w: 0 | csr_op: 00 | csr_addr: 004 | csr_wdata: 80040190 | mscratch: 00000000
PC: 80001044 | Instr: 00105073 | rs1_d: 00000000 | rs2_d: 80040194 | alu_res: 80040194 | mem_w: 0 | reg_w: 1 | csr_w: 1 | csr_op: 01 | csr_addr: 001 | csr_wdata: 00000000 | mscratch: 00000000
PC: 80001048 | Instr: d00c7cd3 | rs1_d: 00000000 | rs2_d: 00000000 | alu_res: 00000000 | mem_w: 0 | reg_w: 0 | csr_w: 0 | csr_op: 00 | csr_addr: d00 | csr_wdata: 00000000 | mscratch: 00000000
PC: 8000104c | Instr: 00000013 | rs1_d: 00000000 | rs2_d: 00000000 | alu_res: 00000000 | mem_w: 0 | reg_w: 1 | csr_w: 0 | csr_op: 00 | csr_addr: 000 | csr_wdata: 00000000 | mscratch: 00000000
PC: 80001050 | Instr: 00000013 | rs1_d: 00000000 | rs2_d: 00000000 | alu_res: 00000000 | mem_w: 0 | reg_w: 1 | csr_w: 0 | csr_op: 00 | csr_addr: 000 | csr_wdata: 00000000 | mscratch: 00000000
PC: 80001054 | Instr: 00000013 | rs1_d: 00000000 | rs2_d: 00000000 | alu_res: 00000000 | mem_w: 0 | reg_w: 1 | csr_w: 0 | csr_op: 00 | csr_addr: 000 | csr_wdata: 00000000 | mscratch: 00000000
PC: 80001058 | Instr: 00000013 | rs1_d: 00000000 | rs2_d: 00000000 | alu_res: 00000000 | mem_w: 0 | reg_w: 1 | csr_w: 0 | csr_op: 00 | csr_addr: 000 | csr_wdata: 00000000 | mscratch: 00000000
PC: 8000105c | Instr: 00000013 | rs1_d: 00000000 | rs2_d: 00000000 | alu_res: 00000000 | mem_w: 0 | reg_w: 1 | csr_w: 0 | csr_op: 00 | csr_addr: 000 | csr_wdata: 00000000 | mscratch: 00000000
PC: 80001060 | Instr: 0003f417 | rs1_d: 6df56ff7 | rs2_d: 00000000 | alu_res: 80040060 | mem_w: 0 | reg_w: 1 | csr_w: 0 | csr_op: 00 | csr_addr: 000 | csr_wdata: 6df56ff7 | mscratch: 00000000
PC: 80001064 | Instr: fa040413 | rs1_d: 80040060 | rs2_d: 00000000 | alu_res: 80040000 | mem_w: 0 | reg_w: 1 | csr_w: 0 | csr_op: 00 | csr_addr: fa0 | csr_wdata: 80040060 | mscratch: 00000000
PC: 80001068 | Instr: 00000013 | rs1_d: 00000000 | rs2_d: 00000000 | alu_res: 00000000 | mem_w: 0 | reg_w: 1 | csr_w: 0 | csr_op: 00 | csr_addr: 000 | csr_wdata: 00000000 | mscratch: 00000000
PC: 8000106c | Instr: 00000013 | rs1_d: 00000000 | rs2_d: 00000000 | alu_res: 00000000 | mem_w: 0 | reg_w: 1 | csr_w: 0 | csr_op: 00 | csr_addr: 000 | csr_wdata: 00000000 | mscratch: 00000000
PC: 80001070 | Instr: 00000013 | rs1_d: 00000000 | rs2_d: 00000000 | alu_res: 00000000 | mem_w: 0 | reg_w: 1 | csr_w: 0 | csr_op: 00 | csr_addr: 000 | csr_wdata: 00000000 | mscratch: 00000000
PC: 80001074 | Instr: 00000013 | rs1_d: 00000000 | rs2_d: 00000000 | alu_res: 00000000 | mem_w: 0 | reg_w: 1 | csr_w: 0 | csr_op: 00 | csr_addr: 000 | csr_wdata: 00000000 | mscratch: 00000000
PC: 80001078 | Instr: 00000013 | rs1_d: 00000000 | rs2_d: 00000000 | alu_res: 00000000 | mem_w: 0 | reg_w: 1 | csr_w: 0 | csr_op: 00 | csr_addr: 000 | csr_wdata: 00000000 | mscratch: 00000000
PC: 8000107c | Instr: 00000013 | rs1_d: 00000000 | rs2_d: 00000000 | alu_res: 00000000 | mem_w: 0 | reg_w: 1 | csr_w: 0 | csr_op: 00 | csr_addr: 000 | csr_wdata: 00000000 | mscratch: 00000000
PC: 80001080 | Instr: 01942027 | rs1_d: 80040000 | rs2_d: 00212d5f | alu_res: 80040000 | mem_w: 1 | reg_w: 0 | csr_w: 0 | csr_op: 00 | csr_addr: 019 | csr_wdata: 80040000 | mscratch: 00000000
PC: 80001084 | Instr: 00042403 | rs1_d: 80040000 | rs2_d: 00000000 | alu_res: 80040000 | mem_w: 0 | reg_w: 1 | csr_w: 0 | csr_op: 00 | csr_addr: 000 | csr_wdata: 80040000 | mscratch: 00000000
PC: 80001088 | Instr: 0085a023 | rs1_d: 800422b4 | rs2_d: 00000000 | alu_res: 800422b4 | mem_w: 1 | reg_w: 0 | csr_w: 0 | csr_op: 00 | csr_addr: 008 | csr_wdata: 800422b4 | mscratch: 00000000
PC: 8000108c | Instr: 00000863 | rs1_d: 00000000 | rs2_d: 00000000 | alu_res: 00000000 | mem_w: 0 | reg_w: 0 | csr_w: 0 | csr_op: 00 | csr_addr: 000 | csr_wdata: 00000000 | mscratch: 00000000
PC: 8000109c | Instr: 00458593 | rs1_d: 800422b4 | rs2_d: ba39b971 | alu_res: 800422b8 | mem_w: 0 | reg_w: 1 | csr_w: 0 | csr_op: 00 | csr_addr: 004 | csr_wdata: 800422b4 | mscratch: 00000000
PC: 800010a0 | Instr: 00102473 | rs1_d: 00000000 | rs2_d: 80040194 | alu_res: 80040194 | mem_w: 0 | reg_w: 1 | csr_w: 0 | csr_op: 10 | csr_addr: 001 | csr_wdata: 00000000 | mscratch: 00000000
PC: 800010a4 | Instr: 0085a023 | rs1_d: 800422b8 | rs2_d: 00000000 | alu_res: 800422b8 | mem_w: 1 | reg_w: 0 | csr_w: 0 | csr_op: 00 | csr_addr: 008 | csr_wdata: 800422b8 | mscratch: 00000000
PC: 800010a8 | Instr: 00000863 | rs1_d: 00000000 | rs2_d: 00000000 | alu_res: 00000000 | mem_w: 0 | reg_w: 0 | csr_w: 0 | csr_op: 00 | csr_addr: 000 | csr_wdata: 00000000 | mscratch: 00000000
PC: 800010b8 | Instr: 00458593 | rs1_d: 800422b8 | rs2_d: ba39b971 | alu_res: 800422bc | mem_w: 0 | reg_w: 1 | csr_w: 0 | csr_op: 00 | csr_addr: 004 | csr_wdata: 800422b8 | mscratch: 00000000
PC: 800010bc | Instr: 0000ad83 | rs1_d: 80040194 | rs2_d: 00000000 | alu_res: 80040194 | mem_w: 0 | reg_w: 1 | csr_w: 0 | csr_op: 00 | csr_addr: 000 | csr_wdata: 80040194 | mscratch: 00000000
PC: 800010c0 | Instr: 00408093 | rs1_d: 80040194 | rs2_d: ba39b971 | alu_res: 80040198 | mem_w: 0 | reg_w: 1 | csr_w: 0 | csr_op: 00 | csr_addr: 004 | csr_wdata: 80040194 | mscratch: 00000000
PC: 800010c4 | Instr: 00105073 | rs1_d: 00000000 | rs2_d: 80040198 | alu_res: 80040198 | mem_w: 0 | reg_w: 1 | csr_w: 1 | csr_op: 01 | csr_addr: 001 | csr_wdata: 00000000 | mscratch: 00000000
PC: 800010c8 | Instr: d00df0d3 | rs1_d: 00000001 | rs2_d: 00000000 | alu_res: 00000001 | mem_w: 0 | reg_w: 0 | csr_w: 0 | csr_op: 00 | csr_addr: d00 | csr_wdata: 00000001 | mscratch: 00000000
PC: 800010cc | Instr: 00000013 | rs1_d: 00000000 | rs2_d: 00000000 | alu_res: 00000000 | mem_w: 0 | reg_w: 1 | csr_w: 0 | csr_op: 00 | csr_addr: 000 | csr_wdata: 00000000 | mscratch: 00000000
PC: 800010d0 | Instr: 00000013 | rs1_d: 00000000 | rs2_d: 00000000 | alu_res: 00000000 | mem_w: 0 | reg_w: 1 | csr_w: 0 | csr_op: 00 | csr_addr: 000 | csr_wdata: 00000000 | mscratch: 00000000
PC: 800010d4 | Instr: 00000013 | rs1_d: 00000000 | rs2_d: 00000000 | alu_res: 00000000 | mem_w: 0 | reg_w: 1 | csr_w: 0 | csr_op: 00 | csr_addr: 000 | csr_wdata: 00000000 | mscratch: 00000000
PC: 800010d8 | Instr: 00000013 | rs1_d: 00000000 | rs2_d: 00000000 | alu_res: 00000000 | mem_w: 0 | reg_w: 1 | csr_w: 0 | csr_op: 00 | csr_addr: 000 | csr_wdata: 00000000 | mscratch: 00000000
PC: 800010dc | Instr: 00000013 | rs1_d: 00000000 | rs2_d: 00000000 | alu_res: 00000000 | mem_w: 0 | reg_w: 1 | csr_w: 0 | csr_op: 00 | csr_addr: 000 | csr_wdata: 00000000 | mscratch: 00000000
PC: 800010e0 | Instr: 0003f417 | rs1_d: 6df56ff7 | rs2_d: 00000000 | alu_res: 800400e0 | mem_w: 0 | reg_w: 1 | csr_w: 0 | csr_op: 00 | csr_addr: 000 | csr_wdata: 6df56ff7 | mscratch: 00000000
PC: 800010e4 | Instr: f2040413 | rs1_d: 800400e0 | rs2_d: 00000000 | alu_res: 80040000 | mem_w: 0 | reg_w: 1 | csr_w: 0 | csr_op: 00 | csr_addr: f20 | csr_wdata: 800400e0 | mscratch: 00000000
PC: 800010e8 | Instr: 00000013 | rs1_d: 00000000 | rs2_d: 00000000 | alu_res: 00000000 | mem_w: 0 | reg_w: 1 | csr_w: 0 | csr_op: 00 | csr_addr: 000 | csr_wdata: 00000000 | mscratch: 00000000
PC: 800010ec | Instr: 00000013 | rs1_d: 00000000 | rs2_d: 00000000 | alu_res: 00000000 | mem_w: 0 | reg_w: 1 | csr_w: 0 | csr_op: 00 | csr_addr: 000 | csr_wdata: 00000000 | mscratch: 00000000
PC: 800010f0 | Instr: 00000013 | rs1_d: 00000000 | rs2_d: 00000000 | alu_res: 00000000 | mem_w: 0 | reg_w: 1 | csr_w: 0 | csr_op: 00 | csr_addr: 000 | csr_wdata: 00000000 | mscratch: 00000000
PC: 800010f4 | Instr: 00000013 | rs1_d: 00000000 | rs2_d: 00000000 | alu_res: 00000000 | mem_w: 0 | reg_w: 1 | csr_w: 0 | csr_op: 00 | csr_addr: 000 | csr_wdata: 00000000 | mscratch: 00000000
PC: 800010f8 | Instr: 00000013 | rs1_d: 00000000 | rs2_d: 00000000 | alu_res: 00000000 | mem_w: 0 | reg_w: 1 | csr_w: 0 | csr_op: 00 | csr_addr: 000 | csr_wdata: 00000000 | mscratch: 00000000
PC: 800010fc | Instr: 00000013 | rs1_d: 00000000 | rs2_d: 00000000 | alu_res: 00000000 | mem_w: 0 | reg_w: 1 | csr_w: 0 | csr_op: 00 | csr_addr: 000 | csr_wdata: 00000000 | mscratch: 00000000
PC: 80001100 | Instr: 00142027 | rs1_d: 80040000 | rs2_d: 80040198 | alu_res: 80040000 | mem_w: 1 | reg_w: 0 | csr_w: 0 | csr_op: 00 | csr_addr: 001 | csr_wdata: 80040000 | mscratch: 00000000
PC: 80001104 | Instr: 00042403 | rs1_d: 80040000 | rs2_d: 00000000 | alu_res: 80040000 | mem_w: 0 | reg_w: 1 | csr_w: 0 | csr_op: 00 | csr_addr: 000 | csr_wdata: 80040000 | mscratch: 00000000
PC: 80001108 | Instr: 0085a023 | rs1_d: 800422bc | rs2_d: 3f800000 | alu_res: 800422bc | mem_w: 1 | reg_w: 0 | csr_w: 0 | csr_op: 00 | csr_addr: 008 | csr_wdata: 800422bc | mscratch: 00000000
PC: 8000110c | Instr: 00000863 | rs1_d: 00000000 | rs2_d: 00000000 | alu_res: 00000000 | mem_w: 0 | reg_w: 0 | csr_w: 0 | csr_op: 00 | csr_addr: 000 | csr_wdata: 00000000 | mscratch: 00000000
PC: 8000111c | Instr: 00458593 | rs1_d: 800422bc | rs2_d: ba39b971 | alu_res: 800422c0 | mem_w: 0 | reg_w: 1 | csr_w: 0 | csr_op: 00 | csr_addr: 004 | csr_wdata: 800422bc | mscratch: 00000000
PC: 80001120 | Instr: 00102473 | rs1_d: 00000000 | rs2_d: 80040198 | alu_res: 80040198 | mem_w: 0 | reg_w: 1 | csr_w: 0 | csr_op: 10 | csr_addr: 001 | csr_wdata: 00000000 | mscratch: 00000000
PC: 80001124 | Instr: 0085a023 | rs1_d: 800422c0 | rs2_d: 00000000 | alu_res: 800422c0 | mem_w: 1 | reg_w: 0 | csr_w: 0 | csr_op: 00 | csr_addr: 008 | csr_wdata: 800422c0 | mscratch: 00000000
PC: 80001128 | Instr: 00000863 | rs1_d: 00000000 | rs2_d: 00000000 | alu_res: 00000000 | mem_w: 0 | reg_w: 0 | csr_w: 0 | csr_op: 00 | csr_addr: 000 | csr_wdata: 00000000 | mscratch: 00000000
PC: 80001138 | Instr: 00458593 | rs1_d: 800422c0 | rs2_d: ba39b971 | alu_res: 800422c4 | mem_w: 0 | reg_w: 1 | csr_w: 0 | csr_op: 00 | csr_addr: 004 | csr_wdata: 800422c0 | mscratch: 00000000
PC: 8000113c | Instr: 0000ab83 | rs1_d: 80040198 | rs2_d: 00000000 | alu_res: 80040198 | mem_w: 0 | reg_w: 1 | csr_w: 0 | csr_op: 00 | csr_addr: 000 | csr_wdata: 80040198 | mscratch: 00000000
PC: 80001140 | Instr: 00408093 | rs1_d: 80040198 | rs2_d: ba39b971 | alu_res: 8004019c | mem_w: 0 | reg_w: 1 | csr_w: 0 | csr_op: 00 | csr_addr: 004 | csr_wdata: 80040198 | mscratch: 00000000
PC: 80001144 | Instr: 00105073 | rs1_d: 00000000 | rs2_d: 8004019c | alu_res: 8004019c | mem_w: 0 | reg_w: 1 | csr_w: 1 | csr_op: 01 | csr_addr: 001 | csr_wdata: 00000000 | mscratch: 00000000
PC: 80001148 | Instr: d00bf1d3 | rs1_d: 00000002 | rs2_d: 00000000 | alu_res: 00000002 | mem_w: 0 | reg_w: 0 | csr_w: 0 | csr_op: 00 | csr_addr: d00 | csr_wdata: 00000002 | mscratch: 00000000
PC: 8000114c | Instr: 00000013 | rs1_d: 00000000 | rs2_d: 00000000 | alu_res: 00000000 | mem_w: 0 | reg_w: 1 | csr_w: 0 | csr_op: 00 | csr_addr: 000 | csr_wdata: 00000000 | mscratch: 00000000
PC: 80001150 | Instr: 00000013 | rs1_d: 00000000 | rs2_d: 00000000 | alu_res: 00000000 | mem_w: 0 | reg_w: 1 | csr_w: 0 | csr_op: 00 | csr_addr: 000 | csr_wdata: 00000000 | mscratch: 00000000
PC: 80001154 | Instr: 00000013 | rs1_d: 00000000 | rs2_d: 00000000 | alu_res: 00000000 | mem_w: 0 | reg_w: 1 | csr_w: 0 | csr_op: 00 | csr_addr: 000 | csr_wdata: 00000000 | mscratch: 00000000
PC: 80001158 | Instr: 00000013 | rs1_d: 00000000 | rs2_d: 00000000 | alu_res: 00000000 | mem_w: 0 | reg_w: 1 | csr_w: 0 | csr_op: 00 | csr_addr: 000 | csr_wdata: 00000000 | mscratch: 00000000
PC: 8000115c | Instr: 00000013 | rs1_d: 00000000 | rs2_d: 00000000 | alu_res: 00000000 | mem_w: 0 | reg_w: 1 | csr_w: 0 | csr_op: 00 | csr_addr: 000 | csr_wdata: 00000000 | mscratch: 00000000
PC: 80001160 | Instr: 0003f417 | rs1_d: 6df56ff7 | rs2_d: 00000000 | alu_res: 80040160 | mem_w: 0 | reg_w: 1 | csr_w: 0 | csr_op: 00 | csr_addr: 000 | csr_wdata: 6df56ff7 | mscratch: 00000000
PC: 80001164 | Instr: ea040413 | rs1_d: 80040160 | rs2_d: 00000000 | alu_res: 80040000 | mem_w: 0 | reg_w: 1 | csr_w: 0 | csr_op: 00 | csr_addr: ea0 | csr_wdata: 80040160 | mscratch: 00000000
PC: 80001168 | Instr: 00000013 | rs1_d: 00000000 | rs2_d: 00000000 | alu_res: 00000000 | mem_w: 0 | reg_w: 1 | csr_w: 0 | csr_op: 00 | csr_addr: 000 | csr_wdata: 00000000 | mscratch: 00000000
PC: 8000116c | Instr: 00000013 | rs1_d: 00000000 | rs2_d: 00000000 | alu_res: 00000000 | mem_w: 0 | reg_w: 1 | csr_w: 0 | csr_op: 00 | csr_addr: 000 | csr_wdata: 00000000 | mscratch: 00000000
PC: 80001170 | Instr: 00000013 | rs1_d: 00000000 | rs2_d: 00000000 | alu_res: 00000000 | mem_w: 0 | reg_w: 1 | csr_w: 0 | csr_op: 00 | csr_addr: 000 | csr_wdata: 00000000 | mscratch: 00000000
PC: 80001174 | Instr: 00000013 | rs1_d: 00000000 | rs2_d: 00000000 | alu_res: 00000000 | mem_w: 0 | reg_w: 1 | csr_w: 0 | csr_op: 00 | csr_addr: 000 | csr_wdata: 00000000 | mscratch: 00000000
PC: 80001178 | Instr: 00000013 | rs1_d: 00000000 | rs2_d: 00000000 | alu_res: 00000000 | mem_w: 0 | reg_w: 1 | csr_w: 0 | csr_op: 00 | csr_addr: 000 | csr_wdata: 00000000 | mscratch: 00000000
PC: 8000117c | Instr: 00000013 | rs1_d: 00000000 | rs2_d: 00000000 | alu_res: 00000000 | mem_w: 0 | reg_w: 1 | csr_w: 0 | csr_op: 00 | csr_addr: 000 | csr_wdata: 00000000 | mscratch: 00000000
PC: 80001180 | Instr: 00342027 | rs1_d: 80040000 | rs2_d: 79d3c041 | alu_res: 80040000 | mem_w: 1 | reg_w: 0 | csr_w: 0 | csr_op: 00 | csr_addr: 003 | csr_wdata: 80040000 | mscratch: 00000000
PC: 80001184 | Instr: 00042403 | rs1_d: 80040000 | rs2_d: 00000000 | alu_res: 80040000 | mem_w: 0 | reg_w: 1 | csr_w: 0 | csr_op: 00 | csr_addr: 000 | csr_wdata: 80040000 | mscratch: 00000000
PC: 80001188 | Instr: 0085a023 | rs1_d: 800422c4 | rs2_d: 40000000 | alu_res: 800422c4 | mem_w: 1 | reg_w: 0 | csr_w: 0 | csr_op: 00 | csr_addr: 008 | csr_wdata: 800422c4 | mscratch: 00000000
PC: 8000118c | Instr: 00000863 | rs1_d: 00000000 | rs2_d: 00000000 | alu_res: 00000000 | mem_w: 0 | reg_w: 0 | csr_w: 0 | csr_op: 00 | csr_addr: 000 | csr_wdata: 00000000 | mscratch: 00000000
PC: 8000119c | Instr: 00458593 | rs1_d: 800422c4 | rs2_d: ba39b971 | alu_res: 800422c8 | mem_w: 0 | reg_w: 1 | csr_w: 0 | csr_op: 00 | csr_addr: 004 | csr_wdata: 800422c4 | mscratch: 00000000
PC: 800011a0 | Instr: 00102473 | rs1_d: 00000000 | rs2_d: 8004019c | alu_res: 8004019c | mem_w: 0 | reg_w: 1 | csr_w: 0 | csr_op: 10 | csr_addr: 001 | csr_wdata: 00000000 | mscratch: 00000000
PC: 800011a4 | Instr: 0085a023 | rs1_d: 800422c8 | rs2_d: 00000000 | alu_res: 800422c8 | mem_w: 1 | reg_w: 0 | csr_w: 0 | csr_op: 00 | csr_addr: 008 | csr_wdata: 800422c8 | mscratch: 00000000
PC: 800011a8 | Instr: 00000863 | rs1_d: 00000000 | rs2_d: 00000000 | alu_res: 00000000 | mem_w: 0 | reg_w: 0 | csr_w: 0 | csr_op: 00 | csr_addr: 000 | csr_wdata: 00000000 | mscratch: 00000000
PC: 800011b8 | Instr: 00458593 | rs1_d: 800422c8 | rs2_d: ba39b971 | alu_res: 800422cc | mem_w: 0 | reg_w: 1 | csr_w: 0 | csr_op: 00 | csr_addr: 004 | csr_wdata: 800422c8 | mscratch: 00000000
PC: 800011bc | Instr: 0000af03 | rs1_d: 8004019c | rs2_d: 00000000 | alu_res: 8004019c | mem_w: 0 | reg_w: 1 | csr_w: 0 | csr_op: 00 | csr_addr: 000 | csr_wdata: 8004019c | mscratch: 00000000
PC: 800011c0 | Instr: 00408093 | rs1_d: 8004019c | rs2_d: ba39b971 | alu_res: 800401a0 | mem_w: 0 | reg_w: 1 | csr_w: 0 | csr_op: 00 | csr_addr: 004 | csr_wdata: 8004019c | mscratch: 00000000
PC: 800011c4 | Instr: 00105073 | rs1_d: 00000000 | rs2_d: 800401a0 | alu_res: 800401a0 | mem_w: 0 | reg_w: 1 | csr_w: 1 | csr_op: 01 | csr_addr: 001 | csr_wdata: 00000000 | mscratch: 00000000
PC: 800011c8 | Instr: d00f78d3 | rs1_d: 80000000 | rs2_d: 00000000 | alu_res: 80000000 | mem_w: 0 | reg_w: 0 | csr_w: 0 | csr_op: 00 | csr_addr: d00 | csr_wdata: 80000000 | mscratch: 00000000
PC: 800011cc | Instr: 00000013 | rs1_d: 00000000 | rs2_d: 00000000 | alu_res: 00000000 | mem_w: 0 | reg_w: 1 | csr_w: 0 | csr_op: 00 | csr_addr: 000 | csr_wdata: 00000000 | mscratch: 00000000
PC: 800011d0 | Instr: 00000013 | rs1_d: 00000000 | rs2_d: 00000000 | alu_res: 00000000 | mem_w: 0 | reg_w: 1 | csr_w: 0 | csr_op: 00 | csr_addr: 000 | csr_wdata: 00000000 | mscratch: 00000000
PC: 800011d4 | Instr: 00000013 | rs1_d: 00000000 | rs2_d: 00000000 | alu_res: 00000000 | mem_w: 0 | reg_w: 1 | csr_w: 0 | csr_op: 00 | csr_addr: 000 | csr_wdata: 00000000 | mscratch: 00000000
PC: 800011d8 | Instr: 00000013 | rs1_d: 00000000 | rs2_d: 00000000 | alu_res: 00000000 | mem_w: 0 | reg_w: 1 | csr_w: 0 | csr_op: 00 | csr_addr: 000 | csr_wdata: 00000000 | mscratch: 00000000
PC: 800011dc | Instr: 00000013 | rs1_d: 00000000 | rs2_d: 00000000 | alu_res: 00000000 | mem_w: 0 | reg_w: 1 | csr_w: 0 | csr_op: 00 | csr_addr: 000 | csr_wdata: 00000000 | mscratch: 00000000
PC: 800011e0 | Instr: 0003f417 | rs1_d: 6df56ff7 | rs2_d: 00000000 | alu_res: 800401e0 | mem_w: 0 | reg_w: 1 | csr_w: 0 | csr_op: 00 | csr_addr: 000 | csr_wdata: 6df56ff7 | mscratch: 00000000
PC: 800011e4 | Instr: e2040413 | rs1_d: 800401e0 | rs2_d: 00000000 | alu_res: 80040000 | mem_w: 0 | reg_w: 1 | csr_w: 0 | csr_op: 00 | csr_addr: e20 | csr_wdata: 800401e0 | mscratch: 00000000
PC: 800011e8 | Instr: 00000013 | rs1_d: 00000000 | rs2_d: 00000000 | alu_res: 00000000 | mem_w: 0 | reg_w: 1 | csr_w: 0 | csr_op: 00 | csr_addr: 000 | csr_wdata: 00000000 | mscratch: 00000000
PC: 800011ec | Instr: 00000013 | rs1_d: 00000000 | rs2_d: 00000000 | alu_res: 00000000 | mem_w: 0 | reg_w: 1 | csr_w: 0 | csr_op: 00 | csr_addr: 000 | csr_wdata: 00000000 | mscratch: 00000000
PC: 800011f0 | Instr: 00000013 | rs1_d: 00000000 | rs2_d: 00000000 | alu_res: 00000000 | mem_w: 0 | reg_w: 1 | csr_w: 0 | csr_op: 00 | csr_addr: 000 | csr_wdata: 00000000 | mscratch: 00000000
PC: 800011f4 | Instr: 00000013 | rs1_d: 00000000 | rs2_d: 00000000 | alu_res: 00000000 | mem_w: 0 | reg_w: 1 | csr_w: 0 | csr_op: 00 | csr_addr: 000 | csr_wdata: 00000000 | mscratch: 00000000
PC: 800011f8 | Instr: 00000013 | rs1_d: 00000000 | rs2_d: 00000000 | alu_res: 00000000 | mem_w: 0 | reg_w: 1 | csr_w: 0 | csr_op: 00 | csr_addr: 000 | csr_wdata: 00000000 | mscratch: 00000000
PC: 800011fc | Instr: 00000013 | rs1_d: 00000000 | rs2_d: 00000000 | alu_res: 00000000 | mem_w: 0 | reg_w: 1 | csr_w: 0 | csr_op: 00 | csr_addr: 000 | csr_wdata: 00000000 | mscratch: 00000000
PC: 80001200 | Instr: 01142027 | rs1_d: 80040000 | rs2_d: aa141bb1 | alu_res: 80040000 | mem_w: 1 | reg_w: 0 | csr_w: 0 | csr_op: 00 | csr_addr: 011 | csr_wdata: 80040000 | mscratch: 00000000
PC: 80001204 | Instr: 00042403 | rs1_d: 80040000 | rs2_d: 00000000 | alu_res: 80040000 | mem_w: 0 | reg_w: 1 | csr_w: 0 | csr_op: 00 | csr_addr: 000 | csr_wdata: 80040000 | mscratch: 00000000
PC: 80001208 | Instr: 0085a023 | rs1_d: 800422cc | rs2_d: cf000000 | alu_res: 800422cc | mem_w: 1 | reg_w: 0 | csr_w: 0 | csr_op: 00 | csr_addr: 008 | csr_wdata: 800422cc | mscratch: 00000000
PC: 8000120c | Instr: 00000863 | rs1_d: 00000000 | rs2_d: 00000000 | alu_res: 00000000 | mem_w: 0 | reg_w: 0 | csr_w: 0 | csr_op: 00 | csr_addr: 000 | csr_wdata: 00000000 | mscratch: 00000000
PC: 8000121c | Instr: 00458593 | rs1_d: 800422cc | rs2_d: ba39b971 | alu_res: 800422d0 | mem_w: 0 | reg_w: 1 | csr_w: 0 | csr_op: 00 | csr_addr: 004 | csr_wdata: 800422cc | mscratch: 00000000
PC: 80001220 | Instr: 00102473 | rs1_d: 00000000 | rs2_d: 800401a0 | alu_res: 800401a0 | mem_w: 0 | reg_w: 1 | csr_w: 0 | csr_op: 10 | csr_addr: 001 | csr_wdata: 00000000 | mscratch: 00000000
PC: 80001224 | Instr: 0085a023 | rs1_d: 800422d0 | rs2_d: 00000000 | alu_res: 800422d0 | mem_w: 1 | reg_w: 0 | csr_w: 0 | csr_op: 00 | csr_addr: 008 | csr_wdata: 800422d0 | mscratch: 00000000
PC: 80001228 | Instr: 00000863 | rs1_d: 00000000 | rs2_d: 00000000 | alu_res: 00000000 | mem_w: 0 | reg_w: 0 | csr_w: 0 | csr_op: 00 | csr_addr: 000 | csr_wdata: 00000000 | mscratch: 00000000
PC: 80001238 | Instr: 00458593 | rs1_d: 800422d0 | rs2_d: ba39b971 | alu_res: 800422d4 | mem_w: 0 | reg_w: 1 | csr_w: 0 | csr_op: 00 | csr_addr: 004 | csr_wdata: 800422d0 | mscratch: 00000000
PC: 8000123c | Instr: 0000ad83 | rs1_d: 800401a0 | rs2_d: 00000000 | alu_res: 800401a0 | mem_w: 0 | reg_w: 1 | csr_w: 0 | csr_op: 00 | csr_addr: 000 | csr_wdata: 800401a0 | mscratch: 00000000
PC: 80001240 | Instr: 00408093 | rs1_d: 800401a0 | rs2_d: ba39b971 | alu_res: 800401a4 | mem_w: 0 | reg_w: 1 | csr_w: 0 | csr_op: 00 | csr_addr: 004 | csr_wdata: 800401a0 | mscratch: 00000000
PC: 80001244 | Instr: 00105073 | rs1_d: 00000000 | rs2_d: 800401a4 | alu_res: 800401a4 | mem_w: 0 | reg_w: 1 | csr_w: 1 | csr_op: 01 | csr_addr: 001 | csr_wdata: 00000000 | mscratch: 00000000
PC: 80001248 | Instr: d00df9d3 | rs1_d: 80000001 | rs2_d: 00000000 | alu_res: 80000001 | mem_w: 0 | reg_w: 0 | csr_w: 0 | csr_op: 00 | csr_addr: d00 | csr_wdata: 80000001 | mscratch: 00000000
PC: 8000124c | Instr: 00000013 | rs1_d: 00000000 | rs2_d: 00000000 | alu_res: 00000000 | mem_w: 0 | reg_w: 1 | csr_w: 0 | csr_op: 00 | csr_addr: 000 | csr_wdata: 00000000 | mscratch: 00000000
PC: 80001250 | Instr: 00000013 | rs1_d: 00000000 | rs2_d: 00000000 | alu_res: 00000000 | mem_w: 0 | reg_w: 1 | csr_w: 0 | csr_op: 00 | csr_addr: 000 | csr_wdata: 00000000 | mscratch: 00000000
PC: 80001254 | Instr: 00000013 | rs1_d: 00000000 | rs2_d: 00000000 | alu_res: 00000000 | mem_w: 0 | reg_w: 1 | csr_w: 0 | csr_op: 00 | csr_addr: 000 | csr_wdata: 00000000 | mscratch: 00000000
PC: 80001258 | Instr: 00000013 | rs1_d: 00000000 | rs2_d: 00000000 | alu_res: 00000000 | mem_w: 0 | reg_w: 1 | csr_w: 0 | csr_op: 00 | csr_addr: 000 | csr_wdata: 00000000 | mscratch: 00000000
PC: 8000125c | Instr: 00000013 | rs1_d: 00000000 | rs2_d: 00000000 | alu_res: 00000000 | mem_w: 0 | reg_w: 1 | csr_w: 0 | csr_op: 00 | csr_addr: 000 | csr_wdata: 00000000 | mscratch: 00000000
PC: 80001260 | Instr: 0003f417 | rs1_d: 6df56ff7 | rs2_d: 00000000 | alu_res: 80040260 | mem_w: 0 | reg_w: 1 | csr_w: 0 | csr_op: 00 | csr_addr: 000 | csr_wdata: 6df56ff7 | mscratch: 00000000
PC: 80001264 | Instr: da040413 | rs1_d: 80040260 | rs2_d: 00000000 | alu_res: 80040000 | mem_w: 0 | reg_w: 1 | csr_w: 0 | csr_op: 00 | csr_addr: da0 | csr_wdata: 80040260 | mscratch: 00000000
PC: 80001268 | Instr: 00000013 | rs1_d: 00000000 | rs2_d: 00000000 | alu_res: 00000000 | mem_w: 0 | reg_w: 1 | csr_w: 0 | csr_op: 00 | csr_addr: 000 | csr_wdata: 00000000 | mscratch: 00000000
PC: 8000126c | Instr: 00000013 | rs1_d: 00000000 | rs2_d: 00000000 | alu_res: 00000000 | mem_w: 0 | reg_w: 1 | csr_w: 0 | csr_op: 00 | csr_addr: 000 | csr_wdata: 00000000 | mscratch: 00000000
PC: 80001270 | Instr: 00000013 | rs1_d: 00000000 | rs2_d: 00000000 | alu_res: 00000000 | mem_w: 0 | reg_w: 1 | csr_w: 0 | csr_op: 00 | csr_addr: 000 | csr_wdata: 00000000 | mscratch: 00000000
PC: 80001274 | Instr: 00000013 | rs1_d: 00000000 | rs2_d: 00000000 | alu_res: 00000000 | mem_w: 0 | reg_w: 1 | csr_w: 0 | csr_op: 00 | csr_addr: 000 | csr_wdata: 00000000 | mscratch: 00000000
PC: 80001278 | Instr: 00000013 | rs1_d: 00000000 | rs2_d: 00000000 | alu_res: 00000000 | mem_w: 0 | reg_w: 1 | csr_w: 0 | csr_op: 00 | csr_addr: 000 | csr_wdata: 00000000 | mscratch: 00000000
PC: 8000127c | Instr: 00000013 | rs1_d: 00000000 | rs2_d: 00000000 | alu_res: 00000000 | mem_w: 0 | reg_w: 1 | csr_w: 0 | csr_op: 00 | csr_addr: 000 | csr_wdata: 00000000 | mscratch: 00000000
PC: 80001280 | Instr: 01342027 | rs1_d: 80040000 | rs2_d: bb47bc62 | alu_res: 80040000 | mem_w: 1 | reg_w: 0 | csr_w: 0 | csr_op: 00 | csr_addr: 013 | csr_wdata: 80040000 | mscratch: 00000000
PC: 80001284 | Instr: 00042403 | rs1_d: 80040000 | rs2_d: 00000000 | alu_res: 80040000 | mem_w: 0 | reg_w: 1 | csr_w: 0 | csr_op: 00 | csr_addr: 000 | csr_wdata: 80040000 | mscratch: 00000000
PC: 80001288 | Instr: 0085a023 | rs1_d: 800422d4 | rs2_d: cf000000 | alu_res: 800422d4 | mem_w: 1 | reg_w: 0 | csr_w: 0 | csr_op: 00 | csr_addr: 008 | csr_wdata: 800422d4 | mscratch: 00000000
PC: 8000128c | Instr: 00000863 | rs1_d: 00000000 | rs2_d: 00000000 | alu_res: 00000000 | mem_w: 0 | reg_w: 0 | csr_w: 0 | csr_op: 00 | csr_addr: 000 | csr_wdata: 00000000 | mscratch: 00000000
PC: 8000129c | Instr: 00458593 | rs1_d: 800422d4 | rs2_d: ba39b971 | alu_res: 800422d8 | mem_w: 0 | reg_w: 1 | csr_w: 0 | csr_op: 00 | csr_addr: 004 | csr_wdata: 800422d4 | mscratch: 00000000
PC: 800012a0 | Instr: 00102473 | rs1_d: 00000000 | rs2_d: 800401a4 | alu_res: 800401a4 | mem_w: 0 | reg_w: 1 | csr_w: 0 | csr_op: 10 | csr_addr: 001 | csr_wdata: 00000000 | mscratch: 00000000
PC: 800012a4 | Instr: 0085a023 | rs1_d: 800422d8 | rs2_d: 00000001 | alu_res: 800422d8 | mem_w: 1 | reg_w: 0 | csr_w: 0 | csr_op: 00 | csr_addr: 008 | csr_wdata: 800422d8 | mscratch: 00000000
PC: 800012a8 | Instr: 00000863 | rs1_d: 00000000 | rs2_d: 00000000 | alu_res: 00000000 | mem_w: 0 | reg_w: 0 | csr_w: 0 | csr_op: 00 | csr_addr: 000 | csr_wdata: 00000000 | mscratch: 00000000
PC: 800012b8 | Instr: 00458593 | rs1_d: 800422d8 | rs2_d: ba39b971 | alu_res: 800422dc | mem_w: 0 | reg_w: 1 | csr_w: 0 | csr_op: 00 | csr_addr: 004 | csr_wdata: 800422d8 | mscratch: 00000000
PC: 800012bc | Instr: 0000a983 | rs1_d: 800401a4 | rs2_d: 00000000 | alu_res: 800401a4 | mem_w: 0 | reg_w: 1 | csr_w: 0 | csr_op: 00 | csr_addr: 000 | csr_wdata: 800401a4 | mscratch: 00000000
PC: 800012c0 | Instr: 00408093 | rs1_d: 800401a4 | rs2_d: ba39b971 | alu_res: 800401a8 | mem_w: 0 | reg_w: 1 | csr_w: 0 | csr_op: 00 | csr_addr: 004 | csr_wdata: 800401a4 | mscratch: 00000000
PC: 800012c4 | Instr: 00105073 | rs1_d: 00000000 | rs2_d: 800401a8 | alu_res: 800401a8 | mem_w: 0 | reg_w: 1 | csr_w: 1 | csr_op: 01 | csr_addr: 001 | csr_wdata: 00000000 | mscratch: 00000000
PC: 800012c8 | Instr: d009fad3 | rs1_d: 7fffffff | rs2_d: 00000000 | alu_res: 7fffffff | mem_w: 0 | reg_w: 0 | csr_w: 0 | csr_op: 00 | csr_addr: d00 | csr_wdata: 7fffffff | mscratch: 00000000
PC: 800012cc | Instr: 00000013 | rs1_d: 00000000 | rs2_d: 00000000 | alu_res: 00000000 | mem_w: 0 | reg_w: 1 | csr_w: 0 | csr_op: 00 | csr_addr: 000 | csr_wdata: 00000000 | mscratch: 00000000
PC: 800012d0 | Instr: 00000013 | rs1_d: 00000000 | rs2_d: 00000000 | alu_res: 00000000 | mem_w: 0 | reg_w: 1 | csr_w: 0 | csr_op: 00 | csr_addr: 000 | csr_wdata: 00000000 | mscratch: 00000000
PC: 800012d4 | Instr: 00000013 | rs1_d: 00000000 | rs2_d: 00000000 | alu_res: 00000000 | mem_w: 0 | reg_w: 1 | csr_w: 0 | csr_op: 00 | csr_addr: 000 | csr_wdata: 00000000 | mscratch: 00000000
PC: 800012d8 | Instr: 00000013 | rs1_d: 00000000 | rs2_d: 00000000 | alu_res: 00000000 | mem_w: 0 | reg_w: 1 | csr_w: 0 | csr_op: 00 | csr_addr: 000 | csr_wdata: 00000000 | mscratch: 00000000
PC: 800012dc | Instr: 00000013 | rs1_d: 00000000 | rs2_d: 00000000 | alu_res: 00000000 | mem_w: 0 | reg_w: 1 | csr_w: 0 | csr_op: 00 | csr_addr: 000 | csr_wdata: 00000000 | mscratch: 00000000
PC: 800012e0 | Instr: 0003f417 | rs1_d: 6df56ff7 | rs2_d: 00000000 | alu_res: 800402e0 | mem_w: 0 | reg_w: 1 | csr_w: 0 | csr_op: 00 | csr_addr: 000 | csr_wdata: 6df56ff7 | mscratch: 00000000
PC: 800012e4 | Instr: d2040413 | rs1_d: 800402e0 | rs2_d: 00000000 | alu_res: 80040000 | mem_w: 0 | reg_w: 1 | csr_w: 0 | csr_op: 00 | csr_addr: d20 | csr_wdata: 800402e0 | mscratch: 00000000
PC: 800012e8 | Instr: 00000013 | rs1_d: 00000000 | rs2_d: 00000000 | alu_res: 00000000 | mem_w: 0 | reg_w: 1 | csr_w: 0 | csr_op: 00 | csr_addr: 000 | csr_wdata: 00000000 | mscratch: 00000000
PC: 800012ec | Instr: 00000013 | rs1_d: 00000000 | rs2_d: 00000000 | alu_res: 00000000 | mem_w: 0 | reg_w: 1 | csr_w: 0 | csr_op: 00 | csr_addr: 000 | csr_wdata: 00000000 | mscratch: 00000000
PC: 800012f0 | Instr: 00000013 | rs1_d: 00000000 | rs2_d: 00000000 | alu_res: 00000000 | mem_w: 0 | reg_w: 1 | csr_w: 0 | csr_op: 00 | csr_addr: 000 | csr_wdata: 00000000 | mscratch: 00000000
PC: 800012f4 | Instr: 00000013 | rs1_d: 00000000 | rs2_d: 00000000 | alu_res: 00000000 | mem_w: 0 | reg_w: 1 | csr_w: 0 | csr_op: 00 | csr_addr: 000 | csr_wdata: 00000000 | mscratch: 00000000
PC: 800012f8 | Instr: 00000013 | rs1_d: 00000000 | rs2_d: 00000000 | alu_res: 00000000 | mem_w: 0 | reg_w: 1 | csr_w: 0 | csr_op: 00 | csr_addr: 000 | csr_wdata: 00000000 | mscratch: 00000000
PC: 800012fc | Instr: 00000013 | rs1_d: 00000000 | rs2_d: 00000000 | alu_res: 00000000 | mem_w: 0 | reg_w: 1 | csr_w: 0 | csr_op: 00 | csr_addr: 000 | csr_wdata: 00000000 | mscratch: 00000000
PC: 80001300 | Instr: 01542027 | rs1_d: 80040000 | rs2_d: 5c53abf3 | alu_res: 80040000 | mem_w: 1 | reg_w: 0 | csr_w: 0 | csr_op: 00 | csr_addr: 015 | csr_wdata: 80040000 | mscratch: 00000000
PC: 80001304 | Instr: 00042403 | rs1_d: 80040000 | rs2_d: 00000000 | alu_res: 80040000 | mem_w: 0 | reg_w: 1 | csr_w: 0 | csr_op: 00 | csr_addr: 000 | csr_wdata: 80040000 | mscratch: 00000000
PC: 80001308 | Instr: 0085a023 | rs1_d: 800422dc | rs2_d: 4f000000 | alu_res: 800422dc | mem_w: 1 | reg_w: 0 | csr_w: 0 | csr_op: 00 | csr_addr: 008 | csr_wdata: 800422dc | mscratch: 00000000
PC: 8000130c | Instr: 00000863 | rs1_d: 00000000 | rs2_d: 00000000 | alu_res: 00000000 | mem_w: 0 | reg_w: 0 | csr_w: 0 | csr_op: 00 | csr_addr: 000 | csr_wdata: 00000000 | mscratch: 00000000
PC: 8000131c | Instr: 00458593 | rs1_d: 800422dc | rs2_d: ba39b971 | alu_res: 800422e0 | mem_w: 0 | reg_w: 1 | csr_w: 0 | csr_op: 00 | csr_addr: 004 | csr_wdata: 800422dc | mscratch: 00000000
PC: 80001320 | Instr: 00102473 | rs1_d: 00000000 | rs2_d: 800401a8 | alu_res: 800401a8 | mem_w: 0 | reg_w: 1 | csr_w: 0 | csr_op: 10 | csr_addr: 001 | csr_wdata: 00000000 | mscratch: 00000000
PC: 80001324 | Instr: 0085a023 | rs1_d: 800422e0 | rs2_d: 00000001 | alu_res: 800422e0 | mem_w: 1 | reg_w: 0 | csr_w: 0 | csr_op: 00 | csr_addr: 008 | csr_wdata: 800422e0 | mscratch: 00000000
PC: 80001328 | Instr: 00000863 | rs1_d: 00000000 | rs2_d: 00000000 | alu_res: 00000000 | mem_w: 0 | reg_w: 0 | csr_w: 0 | csr_op: 00 | csr_addr: 000 | csr_wdata: 00000000 | mscratch: 00000000
PC: 80001338 | Instr: 00458593 | rs1_d: 800422e0 | rs2_d: ba39b971 | alu_res: 800422e4 | mem_w: 0 | reg_w: 1 | csr_w: 0 | csr_op: 00 | csr_addr: 004 | csr_wdata: 800422e0 | mscratch: 00000000
PC: 8000133c | Instr: 0000a603 | rs1_d: 800401a8 | rs2_d: 00000000 | alu_res: 800401a8 | mem_w: 0 | reg_w: 1 | csr_w: 0 | csr_op: 00 | csr_addr: 000 | csr_wdata: 800401a8 | mscratch: 00000000
PC: 80001340 | Instr: 00408093 | rs1_d: 800401a8 | rs2_d: ba39b971 | alu_res: 800401ac | mem_w: 0 | reg_w: 1 | csr_w: 0 | csr_op: 00 | csr_addr: 004 | csr_wdata: 800401a8 | mscratch: 00000000
PC: 80001344 | Instr: 00105073 | rs1_d: 00000000 | rs2_d: 800401ac | alu_res: 800401ac | mem_w: 0 | reg_w: 1 | csr_w: 1 | csr_op: 01 | csr_addr: 001 | csr_wdata: 00000000 | mscratch: 00000000
PC: 80001348 | Instr: d0067153 | rs1_d: 7ffffffe | rs2_d: 00000000 | alu_res: 7ffffffe | mem_w: 0 | reg_w: 0 | csr_w: 0 | csr_op: 00 | csr_addr: d00 | csr_wdata: 7ffffffe | mscratch: 00000000
PC: 8000134c | Instr: 00000013 | rs1_d: 00000000 | rs2_d: 00000000 | alu_res: 00000000 | mem_w: 0 | reg_w: 1 | csr_w: 0 | csr_op: 00 | csr_addr: 000 | csr_wdata: 00000000 | mscratch: 00000000
PC: 80001350 | Instr: 00000013 | rs1_d: 00000000 | rs2_d: 00000000 | alu_res: 00000000 | mem_w: 0 | reg_w: 1 | csr_w: 0 | csr_op: 00 | csr_addr: 000 | csr_wdata: 00000000 | mscratch: 00000000
PC: 80001354 | Instr: 00000013 | rs1_d: 00000000 | rs2_d: 00000000 | alu_res: 00000000 | mem_w: 0 | reg_w: 1 | csr_w: 0 | csr_op: 00 | csr_addr: 000 | csr_wdata: 00000000 | mscratch: 00000000
PC: 80001358 | Instr: 00000013 | rs1_d: 00000000 | rs2_d: 00000000 | alu_res: 00000000 | mem_w: 0 | reg_w: 1 | csr_w: 0 | csr_op: 00 | csr_addr: 000 | csr_wdata: 00000000 | mscratch: 00000000
PC: 8000135c | Instr: 00000013 | rs1_d: 00000000 | rs2_d: 00000000 | alu_res: 00000000 | mem_w: 0 | reg_w: 1 | csr_w: 0 | csr_op: 00 | csr_addr: 000 | csr_wdata: 00000000 | mscratch: 00000000
PC: 80001360 | Instr: 0003f417 | rs1_d: 6df56ff7 | rs2_d: 00000000 | alu_res: 80040360 | mem_w: 0 | reg_w: 1 | csr_w: 0 | csr_op: 00 | csr_addr: 000 | csr_wdata: 6df56ff7 | mscratch: 00000000
PC: 80001364 | Instr: ca040413 | rs1_d: 80040360 | rs2_d: 00000000 | alu_res: 80040000 | mem_w: 0 | reg_w: 1 | csr_w: 0 | csr_op: 00 | csr_addr: ca0 | csr_wdata: 80040360 | mscratch: 00000000
PC: 80001368 | Instr: 00000013 | rs1_d: 00000000 | rs2_d: 00000000 | alu_res: 00000000 | mem_w: 0 | reg_w: 1 | csr_w: 0 | csr_op: 00 | csr_addr: 000 | csr_wdata: 00000000 | mscratch: 00000000
PC: 8000136c | Instr: 00000013 | rs1_d: 00000000 | rs2_d: 00000000 | alu_res: 00000000 | mem_w: 0 | reg_w: 1 | csr_w: 0 | csr_op: 00 | csr_addr: 000 | csr_wdata: 00000000 | mscratch: 00000000
PC: 80001370 | Instr: 00000013 | rs1_d: 00000000 | rs2_d: 00000000 | alu_res: 00000000 | mem_w: 0 | reg_w: 1 | csr_w: 0 | csr_op: 00 | csr_addr: 000 | csr_wdata: 00000000 | mscratch: 00000000
PC: 80001374 | Instr: 00000013 | rs1_d: 00000000 | rs2_d: 00000000 | alu_res: 00000000 | mem_w: 0 | reg_w: 1 | csr_w: 0 | csr_op: 00 | csr_addr: 000 | csr_wdata: 00000000 | mscratch: 00000000
PC: 80001378 | Instr: 00000013 | rs1_d: 00000000 | rs2_d: 00000000 | alu_res: 00000000 | mem_w: 0 | reg_w: 1 | csr_w: 0 | csr_op: 00 | csr_addr: 000 | csr_wdata: 00000000 | mscratch: 00000000
PC: 8000137c | Instr: 00000013 | rs1_d: 00000000 | rs2_d: 00000000 | alu_res: 00000000 | mem_w: 0 | reg_w: 1 | csr_w: 0 | csr_op: 00 | csr_addr: 000 | csr_wdata: 00000000 | mscratch: 00000000
PC: 80001380 | Instr: 00242027 | rs1_d: 80040000 | rs2_d: b1b47cde | alu_res: 80040000 | mem_w: 1 | reg_w: 0 | csr_w: 0 | csr_op: 00 | csr_addr: 002 | csr_wdata: 80040000 | mscratch: 00000000
PC: 80001384 | Instr: 00042403 | rs1_d: 80040000 | rs2_d: 00000000 | alu_res: 80040000 | mem_w: 0 | reg_w: 1 | csr_w: 0 | csr_op: 00 | csr_addr: 000 | csr_wdata: 80040000 | mscratch: 00000000
PC: 80001388 | Instr: 0085a023 | rs1_d: 800422e4 | rs2_d: 4f000000 | alu_res: 800422e4 | mem_w: 1 | reg_w: 0 | csr_w: 0 | csr_op: 00 | csr_addr: 008 | csr_wdata: 800422e4 | mscratch: 00000000
PC: 8000138c | Instr: 00000863 | rs1_d: 00000000 | rs2_d: 00000000 | alu_res: 00000000 | mem_w: 0 | reg_w: 0 | csr_w: 0 | csr_op: 00 | csr_addr: 000 | csr_wdata: 00000000 | mscratch: 00000000
PC: 8000139c | Instr: 00458593 | rs1_d: 800422e4 | rs2_d: ba39b971 | alu_res: 800422e8 | mem_w: 0 | reg_w: 1 | csr_w: 0 | csr_op: 00 | csr_addr: 004 | csr_wdata: 800422e4 | mscratch: 00000000
PC: 800013a0 | Instr: 00102473 | rs1_d: 00000000 | rs2_d: 800401ac | alu_res: 800401ac | mem_w: 0 | reg_w: 1 | csr_w: 0 | csr_op: 10 | csr_addr: 001 | csr_wdata: 00000000 | mscratch: 00000000
PC: 800013a4 | Instr: 0085a023 | rs1_d: 800422e8 | rs2_d: 00000001 | alu_res: 800422e8 | mem_w: 1 | reg_w: 0 | csr_w: 0 | csr_op: 00 | csr_addr: 008 | csr_wdata: 800422e8 | mscratch: 00000000
PC: 800013a8 | Instr: 00000863 | rs1_d: 00000000 | rs2_d: 00000000 | alu_res: 00000000 | mem_w: 0 | reg_w: 0 | csr_w: 0 | csr_op: 00 | csr_addr: 000 | csr_wdata: 00000000 | mscratch: 00000000
PC: 800013b8 | Instr: 00458593 | rs1_d: 800422e8 | rs2_d: ba39b971 | alu_res: 800422ec | mem_w: 0 | reg_w: 1 | csr_w: 0 | csr_op: 00 | csr_addr: 004 | csr_wdata: 800422e8 | mscratch: 00000000
PC: 800013bc | Instr: 0000a283 | rs1_d: 800401ac | rs2_d: 00000000 | alu_res: 800401ac | mem_w: 0 | reg_w: 1 | csr_w: 0 | csr_op: 00 | csr_addr: 000 | csr_wdata: 800401ac | mscratch: 00000000
PC: 800013c0 | Instr: 00408093 | rs1_d: 800401ac | rs2_d: ba39b971 | alu_res: 800401b0 | mem_w: 0 | reg_w: 1 | csr_w: 0 | csr_op: 00 | csr_addr: 004 | csr_wdata: 800401ac | mscratch: 00000000
PC: 800013c4 | Instr: 00105073 | rs1_d: 00000000 | rs2_d: 800401b0 | alu_res: 800401b0 | mem_w: 0 | reg_w: 1 | csr_w: 1 | csr_op: 01 | csr_addr: 001 | csr_wdata: 00000000 | mscratch: 00000000
PC: 800013c8 | Instr: d002fad3 | rs1_d: ffffffff | rs2_d: 00000000 | alu_res: ffffffff | mem_w: 0 | reg_w: 0 | csr_w: 0 | csr_op: 00 | csr_addr: d00 | csr_wdata: ffffffff | mscratch: 00000000
PC: 800013cc | Instr: 00000013 | rs1_d: 00000000 | rs2_d: 00000000 | alu_res: 00000000 | mem_w: 0 | reg_w: 1 | csr_w: 0 | csr_op: 00 | csr_addr: 000 | csr_wdata: 00000000 | mscratch: 00000000
PC: 800013d0 | Instr: 00000013 | rs1_d: 00000000 | rs2_d: 00000000 | alu_res: 00000000 | mem_w: 0 | reg_w: 1 | csr_w: 0 | csr_op: 00 | csr_addr: 000 | csr_wdata: 00000000 | mscratch: 00000000
PC: 800013d4 | Instr: 00000013 | rs1_d: 00000000 | rs2_d: 00000000 | alu_res: 00000000 | mem_w: 0 | reg_w: 1 | csr_w: 0 | csr_op: 00 | csr_addr: 000 | csr_wdata: 00000000 | mscratch: 00000000
PC: 800013d8 | Instr: 00000013 | rs1_d: 00000000 | rs2_d: 00000000 | alu_res: 00000000 | mem_w: 0 | reg_w: 1 | csr_w: 0 | csr_op: 00 | csr_addr: 000 | csr_wdata: 00000000 | mscratch: 00000000
PC: 800013dc | Instr: 00000013 | rs1_d: 00000000 | rs2_d: 00000000 | alu_res: 00000000 | mem_w: 0 | reg_w: 1 | csr_w: 0 | csr_op: 00 | csr_addr: 000 | csr_wdata: 00000000 | mscratch: 00000000
PC: 800013e0 | Instr: 0003f417 | rs1_d: 6df56ff7 | rs2_d: 00000000 | alu_res: 800403e0 | mem_w: 0 | reg_w: 1 | csr_w: 0 | csr_op: 00 | csr_addr: 000 | csr_wdata: 6df56ff7 | mscratch: 00000000
PC: 800013e4 | Instr: c2040413 | rs1_d: 800403e0 | rs2_d: 00000000 | alu_res: 80040000 | mem_w: 0 | reg_w: 1 | csr_w: 0 | csr_op: 00 | csr_addr: c20 | csr_wdata: 800403e0 | mscratch: 00000000
PC: 800013e8 | Instr: 00000013 | rs1_d: 00000000 | rs2_d: 00000000 | alu_res: 00000000 | mem_w: 0 | reg_w: 1 | csr_w: 0 | csr_op: 00 | csr_addr: 000 | csr_wdata: 00000000 | mscratch: 00000000
PC: 800013ec | Instr: 00000013 | rs1_d: 00000000 | rs2_d: 00000000 | alu_res: 00000000 | mem_w: 0 | reg_w: 1 | csr_w: 0 | csr_op: 00 | csr_addr: 000 | csr_wdata: 00000000 | mscratch: 00000000
PC: 800013f0 | Instr: 00000013 | rs1_d: 00000000 | rs2_d: 00000000 | alu_res: 00000000 | mem_w: 0 | reg_w: 1 | csr_w: 0 | csr_op: 00 | csr_addr: 000 | csr_wdata: 00000000 | mscratch: 00000000
PC: 800013f4 | Instr: 00000013 | rs1_d: 00000000 | rs2_d: 00000000 | alu_res: 00000000 | mem_w: 0 | reg_w: 1 | csr_w: 0 | csr_op: 00 | csr_addr: 000 | csr_wdata: 00000000 | mscratch: 00000000
PC: 800013f8 | Instr: 00000013 | rs1_d: 00000000 | rs2_d: 00000000 | alu_res: 00000000 | mem_w: 0 | reg_w: 1 | csr_w: 0 | csr_op: 00 | csr_addr: 000 | csr_wdata: 00000000 | mscratch: 00000000
PC: 800013fc | Instr: 00000013 | rs1_d: 00000000 | rs2_d: 00000000 | alu_res: 00000000 | mem_w: 0 | reg_w: 1 | csr_w: 0 | csr_op: 00 | csr_addr: 000 | csr_wdata: 00000000 | mscratch: 00000000
PC: 80001400 | Instr: 01542027 | rs1_d: 80040000 | rs2_d: 5c53abf3 | alu_res: 80040000 | mem_w: 1 | reg_w: 0 | csr_w: 0 | csr_op: 00 | csr_addr: 015 | csr_wdata: 80040000 | mscratch: 00000000
PC: 80001404 | Instr: 00042403 | rs1_d: 80040000 | rs2_d: 00000000 | alu_res: 80040000 | mem_w: 0 | reg_w: 1 | csr_w: 0 | csr_op: 00 | csr_addr: 000 | csr_wdata: 80040000 | mscratch: 00000000
PC: 80001408 | Instr: 0085a023 | rs1_d: 800422ec | rs2_d: bf800000 | alu_res: 800422ec | mem_w: 1 | reg_w: 0 | csr_w: 0 | csr_op: 00 | csr_addr: 008 | csr_wdata: 800422ec | mscratch: 00000000
PC: 8000140c | Instr: 00000863 | rs1_d: 00000000 | rs2_d: 00000000 | alu_res: 00000000 | mem_w: 0 | reg_w: 0 | csr_w: 0 | csr_op: 00 | csr_addr: 000 | csr_wdata: 00000000 | mscratch: 00000000
PC: 8000141c | Instr: 00458593 | rs1_d: 800422ec | rs2_d: ba39b971 | alu_res: 800422f0 | mem_w: 0 | reg_w: 1 | csr_w: 0 | csr_op: 00 | csr_addr: 004 | csr_wdata: 800422ec | mscratch: 00000000
PC: 80001420 | Instr: 00102473 | rs1_d: 00000000 | rs2_d: 800401b0 | alu_res: 800401b0 | mem_w: 0 | reg_w: 1 | csr_w: 0 | csr_op: 10 | csr_addr: 001 | csr_wdata: 00000000 | mscratch: 00000000
PC: 80001424 | Instr: 0085a023 | rs1_d: 800422f0 | rs2_d: 00000000 | alu_res: 800422f0 | mem_w: 1 | reg_w: 0 | csr_w: 0 | csr_op: 00 | csr_addr: 008 | csr_wdata: 800422f0 | mscratch: 00000000
PC: 80001428 | Instr: 00000863 | rs1_d: 00000000 | rs2_d: 00000000 | alu_res: 00000000 | mem_w: 0 | reg_w: 0 | csr_w: 0 | csr_op: 00 | csr_addr: 000 | csr_wdata: 00000000 | mscratch: 00000000
PC: 80001438 | Instr: 00458593 | rs1_d: 800422f0 | rs2_d: ba39b971 | alu_res: 800422f4 | mem_w: 0 | reg_w: 1 | csr_w: 0 | csr_op: 00 | csr_addr: 004 | csr_wdata: 800422f0 | mscratch: 00000000
PC: 8000143c | Instr: 0000ae03 | rs1_d: 800401b0 | rs2_d: 00000000 | alu_res: 800401b0 | mem_w: 0 | reg_w: 1 | csr_w: 0 | csr_op: 00 | csr_addr: 000 | csr_wdata: 800401b0 | mscratch: 00000000
PC: 80001440 | Instr: 00408093 | rs1_d: 800401b0 | rs2_d: ba39b971 | alu_res: 800401b4 | mem_w: 0 | reg_w: 1 | csr_w: 0 | csr_op: 00 | csr_addr: 004 | csr_wdata: 800401b0 | mscratch: 00000000
PC: 80001444 | Instr: 00105073 | rs1_d: 00000000 | rs2_d: 800401b4 | alu_res: 800401b4 | mem_w: 0 | reg_w: 1 | csr_w: 1 | csr_op: 01 | csr_addr: 001 | csr_wdata: 00000000 | mscratch: 00000000
PC: 80001448 | Instr: d00e7dd3 | rs1_d: fffffffe | rs2_d: 00000000 | alu_res: fffffffe | mem_w: 0 | reg_w: 0 | csr_w: 0 | csr_op: 00 | csr_addr: d00 | csr_wdata: fffffffe | mscratch: 00000000
PC: 8000144c | Instr: 00000013 | rs1_d: 00000000 | rs2_d: 00000000 | alu_res: 00000000 | mem_w: 0 | reg_w: 1 | csr_w: 0 | csr_op: 00 | csr_addr: 000 | csr_wdata: 00000000 | mscratch: 00000000
PC: 80001450 | Instr: 00000013 | rs1_d: 00000000 | rs2_d: 00000000 | alu_res: 00000000 | mem_w: 0 | reg_w: 1 | csr_w: 0 | csr_op: 00 | csr_addr: 000 | csr_wdata: 00000000 | mscratch: 00000000
PC: 80001454 | Instr: 00000013 | rs1_d: 00000000 | rs2_d: 00000000 | alu_res: 00000000 | mem_w: 0 | reg_w: 1 | csr_w: 0 | csr_op: 00 | csr_addr: 000 | csr_wdata: 00000000 | mscratch: 00000000
PC: 80001458 | Instr: 00000013 | rs1_d: 00000000 | rs2_d: 00000000 | alu_res: 00000000 | mem_w: 0 | reg_w: 1 | csr_w: 0 | csr_op: 00 | csr_addr: 000 | csr_wdata: 00000000 | mscratch: 00000000
PC: 8000145c | Instr: 00000013 | rs1_d: 00000000 | rs2_d: 00000000 | alu_res: 00000000 | mem_w: 0 | reg_w: 1 | csr_w: 0 | csr_op: 00 | csr_addr: 000 | csr_wdata: 00000000 | mscratch: 00000000
PC: 80001460 | Instr: 0003f417 | rs1_d: 6df56ff7 | rs2_d: 00000000 | alu_res: 80040460 | mem_w: 0 | reg_w: 1 | csr_w: 0 | csr_op: 00 | csr_addr: 000 | csr_wdata: 6df56ff7 | mscratch: 00000000
PC: 80001464 | Instr: ba040413 | rs1_d: 80040460 | rs2_d: 00000000 | alu_res: 80040000 | mem_w: 0 | reg_w: 1 | csr_w: 0 | csr_op: 00 | csr_addr: ba0 | csr_wdata: 80040460 | mscratch: 00000000
PC: 80001468 | Instr: 00000013 | rs1_d: 00000000 | rs2_d: 00000000 | alu_res: 00000000 | mem_w: 0 | reg_w: 1 | csr_w: 0 | csr_op: 00 | csr_addr: 000 | csr_wdata: 00000000 | mscratch: 00000000
PC: 8000146c | Instr: 00000013 | rs1_d: 00000000 | rs2_d: 00000000 | alu_res: 00000000 | mem_w: 0 | reg_w: 1 | csr_w: 0 | csr_op: 00 | csr_addr: 000 | csr_wdata: 00000000 | mscratch: 00000000
PC: 80001470 | Instr: 00000013 | rs1_d: 00000000 | rs2_d: 00000000 | alu_res: 00000000 | mem_w: 0 | reg_w: 1 | csr_w: 0 | csr_op: 00 | csr_addr: 000 | csr_wdata: 00000000 | mscratch: 00000000
PC: 80001474 | Instr: 00000013 | rs1_d: 00000000 | rs2_d: 00000000 | alu_res: 00000000 | mem_w: 0 | reg_w: 1 | csr_w: 0 | csr_op: 00 | csr_addr: 000 | csr_wdata: 00000000 | mscratch: 00000000
PC: 80001478 | Instr: 00000013 | rs1_d: 00000000 | rs2_d: 00000000 | alu_res: 00000000 | mem_w: 0 | reg_w: 1 | csr_w: 0 | csr_op: 00 | csr_addr: 000 | csr_wdata: 00000000 | mscratch: 00000000
PC: 8000147c | Instr: 00000013 | rs1_d: 00000000 | rs2_d: 00000000 | alu_res: 00000000 | mem_w: 0 | reg_w: 1 | csr_w: 0 | csr_op: 00 | csr_addr: 000 | csr_wdata: 00000000 | mscratch: 00000000
PC: 80001480 | Instr: 01b42027 | rs1_d: 80040000 | rs2_d: 80000001 | alu_res: 80040000 | mem_w: 1 | reg_w: 0 | csr_w: 0 | csr_op: 00 | csr_addr: 01b | csr_wdata: 80040000 | mscratch: 00000000
PC: 80001484 | Instr: 00042403 | rs1_d: 80040000 | rs2_d: 00000000 | alu_res: 80040000 | mem_w: 0 | reg_w: 1 | csr_w: 0 | csr_op: 00 | csr_addr: 000 | csr_wdata: 80040000 | mscratch: 00000000
PC: 80001488 | Instr: 0085a023 | rs1_d: 800422f4 | rs2_d: c0000000 | alu_res: 800422f4 | mem_w: 1 | reg_w: 0 | csr_w: 0 | csr_op: 00 | csr_addr: 008 | csr_wdata: 800422f4 | mscratch: 00000000
PC: 8000148c | Instr: 00000863 | rs1_d: 00000000 | rs2_d: 00000000 | alu_res: 00000000 | mem_w: 0 | reg_w: 0 | csr_w: 0 | csr_op: 00 | csr_addr: 000 | csr_wdata: 00000000 | mscratch: 00000000
PC: 8000149c | Instr: 00458593 | rs1_d: 800422f4 | rs2_d: ba39b971 | alu_res: 800422f8 | mem_w: 0 | reg_w: 1 | csr_w: 0 | csr_op: 00 | csr_addr: 004 | csr_wdata: 800422f4 | mscratch: 00000000
PC: 800014a0 | Instr: 00102473 | rs1_d: 00000000 | rs2_d: 800401b4 | alu_res: 800401b4 | mem_w: 0 | reg_w: 1 | csr_w: 0 | csr_op: 10 | csr_addr: 001 | csr_wdata: 00000000 | mscratch: 00000000
PC: 800014a4 | Instr: 0085a023 | rs1_d: 800422f8 | rs2_d: 00000000 | alu_res: 800422f8 | mem_w: 1 | reg_w: 0 | csr_w: 0 | csr_op: 00 | csr_addr: 008 | csr_wdata: 800422f8 | mscratch: 00000000
PC: 800014a8 | Instr: 00000863 | rs1_d: 00000000 | rs2_d: 00000000 | alu_res: 00000000 | mem_w: 0 | reg_w: 0 | csr_w: 0 | csr_op: 00 | csr_addr: 000 | csr_wdata: 00000000 | mscratch: 00000000
PC: 800014b8 | Instr: 00458593 | rs1_d: 800422f8 | rs2_d: ba39b971 | alu_res: 800422fc | mem_w: 0 | reg_w: 1 | csr_w: 0 | csr_op: 00 | csr_addr: 004 | csr_wdata: 800422f8 | mscratch: 00000000
PC: 800014bc | Instr: 0000ac83 | rs1_d: 800401b4 | rs2_d: 00000000 | alu_res: 800401b4 | mem_w: 0 | reg_w: 1 | csr_w: 0 | csr_op: 00 | csr_addr: 000 | csr_wdata: 800401b4 | mscratch: 00000000
PC: 800014c0 | Instr: 00408093 | rs1_d: 800401b4 | rs2_d: ba39b971 | alu_res: 800401b8 | mem_w: 0 | reg_w: 1 | csr_w: 0 | csr_op: 00 | csr_addr: 004 | csr_wdata: 800401b4 | mscratch: 00000000
PC: 800014c4 | Instr: 00105073 | rs1_d: 00000000 | rs2_d: 800401b8 | alu_res: 800401b8 | mem_w: 0 | reg_w: 1 | csr_w: 1 | csr_op: 01 | csr_addr: 001 | csr_wdata: 00000000 | mscratch: 00000000
PC: 800014c8 | Instr: d00cfb53 | rs1_d: 5bbc8872 | rs2_d: 00000000 | alu_res: 5bbc8872 | mem_w: 0 | reg_w: 0 | csr_w: 0 | csr_op: 00 | csr_addr: d00 | csr_wdata: 5bbc8872 | mscratch: 00000000
PC: 800014cc | Instr: 00000013 | rs1_d: 00000000 | rs2_d: 00000000 | alu_res: 00000000 | mem_w: 0 | reg_w: 1 | csr_w: 0 | csr_op: 00 | csr_addr: 000 | csr_wdata: 00000000 | mscratch: 00000000
PC: 800014d0 | Instr: 00000013 | rs1_d: 00000000 | rs2_d: 00000000 | alu_res: 00000000 | mem_w: 0 | reg_w: 1 | csr_w: 0 | csr_op: 00 | csr_addr: 000 | csr_wdata: 00000000 | mscratch: 00000000
PC: 800014d4 | Instr: 00000013 | rs1_d: 00000000 | rs2_d: 00000000 | alu_res: 00000000 | mem_w: 0 | reg_w: 1 | csr_w: 0 | csr_op: 00 | csr_addr: 000 | csr_wdata: 00000000 | mscratch: 00000000
PC: 800014d8 | Instr: 00000013 | rs1_d: 00000000 | rs2_d: 00000000 | alu_res: 00000000 | mem_w: 0 | reg_w: 1 | csr_w: 0 | csr_op: 00 | csr_addr: 000 | csr_wdata: 00000000 | mscratch: 00000000
PC: 800014dc | Instr: 00000013 | rs1_d: 00000000 | rs2_d: 00000000 | alu_res: 00000000 | mem_w: 0 | reg_w: 1 | csr_w: 0 | csr_op: 00 | csr_addr: 000 | csr_wdata: 00000000 | mscratch: 00000000
PC: 800014e0 | Instr: 0003f417 | rs1_d: 6df56ff7 | rs2_d: 00000000 | alu_res: 800404e0 | mem_w: 0 | reg_w: 1 | csr_w: 0 | csr_op: 00 | csr_addr: 000 | csr_wdata: 6df56ff7 | mscratch: 00000000
PC: 800014e4 | Instr: b2040413 | rs1_d: 800404e0 | rs2_d: 00000000 | alu_res: 80040000 | mem_w: 0 | reg_w: 1 | csr_w: 0 | csr_op: 00 | csr_addr: b20 | csr_wdata: 800404e0 | mscratch: 00000000
PC: 800014e8 | Instr: 00000013 | rs1_d: 00000000 | rs2_d: 00000000 | alu_res: 00000000 | mem_w: 0 | reg_w: 1 | csr_w: 0 | csr_op: 00 | csr_addr: 000 | csr_wdata: 00000000 | mscratch: 00000000
PC: 800014ec | Instr: 00000013 | rs1_d: 00000000 | rs2_d: 00000000 | alu_res: 00000000 | mem_w: 0 | reg_w: 1 | csr_w: 0 | csr_op: 00 | csr_addr: 000 | csr_wdata: 00000000 | mscratch: 00000000
PC: 800014f0 | Instr: 00000013 | rs1_d: 00000000 | rs2_d: 00000000 | alu_res: 00000000 | mem_w: 0 | reg_w: 1 | csr_w: 0 | csr_op: 00 | csr_addr: 000 | csr_wdata: 00000000 | mscratch: 00000000
PC: 800014f4 | Instr: 00000013 | rs1_d: 00000000 | rs2_d: 00000000 | alu_res: 00000000 | mem_w: 0 | reg_w: 1 | csr_w: 0 | csr_op: 00 | csr_addr: 000 | csr_wdata: 00000000 | mscratch: 00000000
PC: 800014f8 | Instr: 00000013 | rs1_d: 00000000 | rs2_d: 00000000 | alu_res: 00000000 | mem_w: 0 | reg_w: 1 | csr_w: 0 | csr_op: 00 | csr_addr: 000 | csr_wdata: 00000000 | mscratch: 00000000
PC: 800014fc | Instr: 00000013 | rs1_d: 00000000 | rs2_d: 00000000 | alu_res: 00000000 | mem_w: 0 | reg_w: 1 | csr_w: 0 | csr_op: 00 | csr_addr: 000 | csr_wdata: 00000000 | mscratch: 00000000
PC: 80001500 | Instr: 01642027 | rs1_d: 80040000 | rs2_d: aa13ece0 | alu_res: 80040000 | mem_w: 1 | reg_w: 0 | csr_w: 0 | csr_op: 00 | csr_addr: 016 | csr_wdata: 80040000 | mscratch: 00000000
PC: 80001504 | Instr: 00042403 | rs1_d: 80040000 | rs2_d: 00000000 | alu_res: 80040000 | mem_w: 0 | reg_w: 1 | csr_w: 0 | csr_op: 00 | csr_addr: 000 | csr_wdata: 80040000 | mscratch: 00000000
PC: 80001508 | Instr: 0085a023 | rs1_d: 800422fc | rs2_d: 4eb77911 | alu_res: 800422fc | mem_w: 1 | reg_w: 0 | csr_w: 0 | csr_op: 00 | csr_addr: 008 | csr_wdata: 800422fc | mscratch: 00000000
PC: 8000150c | Instr: 00000863 | rs1_d: 00000000 | rs2_d: 00000000 | alu_res: 00000000 | mem_w: 0 | reg_w: 0 | csr_w: 0 | csr_op: 00 | csr_addr: 000 | csr_wdata: 00000000 | mscratch: 00000000
PC: 8000151c | Instr: 00458593 | rs1_d: 800422fc | rs2_d: ba39b971 | alu_res: 80042300 | mem_w: 0 | reg_w: 1 | csr_w: 0 | csr_op: 00 | csr_addr: 004 | csr_wdata: 800422fc | mscratch: 00000000
PC: 80001520 | Instr: 00102473 | rs1_d: 00000000 | rs2_d: 800401b8 | alu_res: 800401b8 | mem_w: 0 | reg_w: 1 | csr_w: 0 | csr_op: 10 | csr_addr: 001 | csr_wdata: 00000000 | mscratch: 00000000
PC: 80001524 | Instr: 0085a023 | rs1_d: 80042300 | rs2_d: 00000001 | alu_res: 80042300 | mem_w: 1 | reg_w: 0 | csr_w: 0 | csr_op: 00 | csr_addr: 008 | csr_wdata: 80042300 | mscratch: 00000000
PC: 80001528 | Instr: 00000863 | rs1_d: 00000000 | rs2_d: 00000000 | alu_res: 00000000 | mem_w: 0 | reg_w: 0 | csr_w: 0 | csr_op: 00 | csr_addr: 000 | csr_wdata: 00000000 | mscratch: 00000000
PC: 80001538 | Instr: 00458593 | rs1_d: 80042300 | rs2_d: ba39b971 | alu_res: 80042304 | mem_w: 0 | reg_w: 1 | csr_w: 0 | csr_op: 00 | csr_addr: 004 | csr_wdata: 80042300 | mscratch: 00000000
PC: 8000153c | Instr: 0000ae03 | rs1_d: 800401b8 | rs2_d: 00000000 | alu_res: 800401b8 | mem_w: 0 | reg_w: 1 | csr_w: 0 | csr_op: 00 | csr_addr: 000 | csr_wdata: 800401b8 | mscratch: 00000000
PC: 80001540 | Instr: 00408093 | rs1_d: 800401b8 | rs2_d: ba39b971 | alu_res: 800401bc | mem_w: 0 | reg_w: 1 | csr_w: 0 | csr_op: 00 | csr_addr: 004 | csr_wdata: 800401b8 | mscratch: 00000000
PC: 80001544 | Instr: 00105073 | rs1_d: 00000000 | rs2_d: 800401bc | alu_res: 800401bc | mem_w: 0 | reg_w: 1 | csr_w: 1 | csr_op: 01 | csr_addr: 001 | csr_wdata: 00000000 | mscratch: 00000000
PC: 80001548 | Instr: d00e7dd3 | rs1_d: aaaaaaaa | rs2_d: 00000000 | alu_res: aaaaaaaa | mem_w: 0 | reg_w: 0 | csr_w: 0 | csr_op: 00 | csr_addr: d00 | csr_wdata: aaaaaaaa | mscratch: 00000000
PC: 8000154c | Instr: 00000013 | rs1_d: 00000000 | rs2_d: 00000000 | alu_res: 00000000 | mem_w: 0 | reg_w: 1 | csr_w: 0 | csr_op: 00 | csr_addr: 000 | csr_wdata: 00000000 | mscratch: 00000000
PC: 80001550 | Instr: 00000013 | rs1_d: 00000000 | rs2_d: 00000000 | alu_res: 00000000 | mem_w: 0 | reg_w: 1 | csr_w: 0 | csr_op: 00 | csr_addr: 000 | csr_wdata: 00000000 | mscratch: 00000000
PC: 80001554 | Instr: 00000013 | rs1_d: 00000000 | rs2_d: 00000000 | alu_res: 00000000 | mem_w: 0 | reg_w: 1 | csr_w: 0 | csr_op: 00 | csr_addr: 000 | csr_wdata: 00000000 | mscratch: 00000000
PC: 80001558 | Instr: 00000013 | rs1_d: 00000000 | rs2_d: 00000000 | alu_res: 00000000 | mem_w: 0 | reg_w: 1 | csr_w: 0 | csr_op: 00 | csr_addr: 000 | csr_wdata: 00000000 | mscratch: 00000000
PC: 8000155c | Instr: 00000013 | rs1_d: 00000000 | rs2_d: 00000000 | alu_res: 00000000 | mem_w: 0 | reg_w: 1 | csr_w: 0 | csr_op: 00 | csr_addr: 000 | csr_wdata: 00000000 | mscratch: 00000000
PC: 80001560 | Instr: 0003f417 | rs1_d: 6df56ff7 | rs2_d: 00000000 | alu_res: 80040560 | mem_w: 0 | reg_w: 1 | csr_w: 0 | csr_op: 00 | csr_addr: 000 | csr_wdata: 6df56ff7 | mscratch: 00000000
PC: 80001564 | Instr: aa040413 | rs1_d: 80040560 | rs2_d: 00000000 | alu_res: 80040000 | mem_w: 0 | reg_w: 1 | csr_w: 0 | csr_op: 00 | csr_addr: aa0 | csr_wdata: 80040560 | mscratch: 00000000
PC: 80001568 | Instr: 00000013 | rs1_d: 00000000 | rs2_d: 00000000 | alu_res: 00000000 | mem_w: 0 | reg_w: 1 | csr_w: 0 | csr_op: 00 | csr_addr: 000 | csr_wdata: 00000000 | mscratch: 00000000
PC: 8000156c | Instr: 00000013 | rs1_d: 00000000 | rs2_d: 00000000 | alu_res: 00000000 | mem_w: 0 | reg_w: 1 | csr_w: 0 | csr_op: 00 | csr_addr: 000 | csr_wdata: 00000000 | mscratch: 00000000
PC: 80001570 | Instr: 00000013 | rs1_d: 00000000 | rs2_d: 00000000 | alu_res: 00000000 | mem_w: 0 | reg_w: 1 | csr_w: 0 | csr_op: 00 | csr_addr: 000 | csr_wdata: 00000000 | mscratch: 00000000
PC: 80001574 | Instr: 00000013 | rs1_d: 00000000 | rs2_d: 00000000 | alu_res: 00000000 | mem_w: 0 | reg_w: 1 | csr_w: 0 | csr_op: 00 | csr_addr: 000 | csr_wdata: 00000000 | mscratch: 00000000
PC: 80001578 | Instr: 00000013 | rs1_d: 00000000 | rs2_d: 00000000 | alu_res: 00000000 | mem_w: 0 | reg_w: 1 | csr_w: 0 | csr_op: 00 | csr_addr: 000 | csr_wdata: 00000000 | mscratch: 00000000
PC: 8000157c | Instr: 00000013 | rs1_d: 00000000 | rs2_d: 00000000 | alu_res: 00000000 | mem_w: 0 | reg_w: 1 | csr_w: 0 | csr_op: 00 | csr_addr: 000 | csr_wdata: 00000000 | mscratch: 00000000
PC: 80001580 | Instr: 01b42027 | rs1_d: 80040000 | rs2_d: 80000001 | alu_res: 80040000 | mem_w: 1 | reg_w: 0 | csr_w: 0 | csr_op: 00 | csr_addr: 01b | csr_wdata: 80040000 | mscratch: 00000000
PC: 80001584 | Instr: 00042403 | rs1_d: 80040000 | rs2_d: 00000000 | alu_res: 80040000 | mem_w: 0 | reg_w: 1 | csr_w: 0 | csr_op: 00 | csr_addr: 000 | csr_wdata: 80040000 | mscratch: 00000000
PC: 80001588 | Instr: 0085a023 | rs1_d: 80042304 | rs2_d: ceaaaaab | alu_res: 80042304 | mem_w: 1 | reg_w: 0 | csr_w: 0 | csr_op: 00 | csr_addr: 008 | csr_wdata: 80042304 | mscratch: 00000000
PC: 8000158c | Instr: 00000863 | rs1_d: 00000000 | rs2_d: 00000000 | alu_res: 00000000 | mem_w: 0 | reg_w: 0 | csr_w: 0 | csr_op: 00 | csr_addr: 000 | csr_wdata: 00000000 | mscratch: 00000000
PC: 8000159c | Instr: 00458593 | rs1_d: 80042304 | rs2_d: ba39b971 | alu_res: 80042308 | mem_w: 0 | reg_w: 1 | csr_w: 0 | csr_op: 00 | csr_addr: 004 | csr_wdata: 80042304 | mscratch: 00000000
PC: 800015a0 | Instr: 00102473 | rs1_d: 00000000 | rs2_d: 800401bc | alu_res: 800401bc | mem_w: 0 | reg_w: 1 | csr_w: 0 | csr_op: 10 | csr_addr: 001 | csr_wdata: 00000000 | mscratch: 00000000
PC: 800015a4 | Instr: 0085a023 | rs1_d: 80042308 | rs2_d: 00000001 | alu_res: 80042308 | mem_w: 1 | reg_w: 0 | csr_w: 0 | csr_op: 00 | csr_addr: 008 | csr_wdata: 80042308 | mscratch: 00000000
PC: 800015a8 | Instr: 00000863 | rs1_d: 00000000 | rs2_d: 00000000 | alu_res: 00000000 | mem_w: 0 | reg_w: 0 | csr_w: 0 | csr_op: 00 | csr_addr: 000 | csr_wdata: 00000000 | mscratch: 00000000
PC: 800015b8 | Instr: 00458593 | rs1_d: 80042308 | rs2_d: ba39b971 | alu_res: 8004230c | mem_w: 0 | reg_w: 1 | csr_w: 0 | csr_op: 00 | csr_addr: 004 | csr_wdata: 80042308 | mscratch: 00000000
PC: 800015bc | Instr: 0000a203 | rs1_d: 800401bc | rs2_d: 00000000 | alu_res: 800401bc | mem_w: 0 | reg_w: 1 | csr_w: 0 | csr_op: 00 | csr_addr: 000 | csr_wdata: 800401bc | mscratch: 00000000
PC: 800015c0 | Instr: 00408093 | rs1_d: 800401bc | rs2_d: 55555555 | alu_res: 800401c0 | mem_w: 0 | reg_w: 1 | csr_w: 0 | csr_op: 00 | csr_addr: 004 | csr_wdata: 800401bc | mscratch: 00000000
PC: 800015c4 | Instr: 00105073 | rs1_d: 00000000 | rs2_d: 800401c0 | alu_res: 800401c0 | mem_w: 0 | reg_w: 1 | csr_w: 1 | csr_op: 01 | csr_addr: 001 | csr_wdata: 00000000 | mscratch: 00000000
PC: 800015c8 | Instr: d0027753 | rs1_d: 55555555 | rs2_d: 00000000 | alu_res: 55555555 | mem_w: 0 | reg_w: 0 | csr_w: 0 | csr_op: 00 | csr_addr: d00 | csr_wdata: 55555555 | mscratch: 00000000
PC: 800015cc | Instr: 00000013 | rs1_d: 00000000 | rs2_d: 00000000 | alu_res: 00000000 | mem_w: 0 | reg_w: 1 | csr_w: 0 | csr_op: 00 | csr_addr: 000 | csr_wdata: 00000000 | mscratch: 00000000
PC: 800015d0 | Instr: 00000013 | rs1_d: 00000000 | rs2_d: 00000000 | alu_res: 00000000 | mem_w: 0 | reg_w: 1 | csr_w: 0 | csr_op: 00 | csr_addr: 000 | csr_wdata: 00000000 | mscratch: 00000000
PC: 800015d4 | Instr: 00000013 | rs1_d: 00000000 | rs2_d: 00000000 | alu_res: 00000000 | mem_w: 0 | reg_w: 1 | csr_w: 0 | csr_op: 00 | csr_addr: 000 | csr_wdata: 00000000 | mscratch: 00000000
PC: 800015d8 | Instr: 00000013 | rs1_d: 00000000 | rs2_d: 00000000 | alu_res: 00000000 | mem_w: 0 | reg_w: 1 | csr_w: 0 | csr_op: 00 | csr_addr: 000 | csr_wdata: 00000000 | mscratch: 00000000
PC: 800015dc | Instr: 00000013 | rs1_d: 00000000 | rs2_d: 00000000 | alu_res: 00000000 | mem_w: 0 | reg_w: 1 | csr_w: 0 | csr_op: 00 | csr_addr: 000 | csr_wdata: 00000000 | mscratch: 00000000
PC: 800015e0 | Instr: 0003f417 | rs1_d: 6df56ff7 | rs2_d: 00000000 | alu_res: 800405e0 | mem_w: 0 | reg_w: 1 | csr_w: 0 | csr_op: 00 | csr_addr: 000 | csr_wdata: 6df56ff7 | mscratch: 00000000
PC: 800015e4 | Instr: a2040413 | rs1_d: 800405e0 | rs2_d: 00000000 | alu_res: 80040000 | mem_w: 0 | reg_w: 1 | csr_w: 0 | csr_op: 00 | csr_addr: a20 | csr_wdata: 800405e0 | mscratch: 00000000
PC: 800015e8 | Instr: 00000013 | rs1_d: 00000000 | rs2_d: 00000000 | alu_res: 00000000 | mem_w: 0 | reg_w: 1 | csr_w: 0 | csr_op: 00 | csr_addr: 000 | csr_wdata: 00000000 | mscratch: 00000000
PC: 800015ec | Instr: 00000013 | rs1_d: 00000000 | rs2_d: 00000000 | alu_res: 00000000 | mem_w: 0 | reg_w: 1 | csr_w: 0 | csr_op: 00 | csr_addr: 000 | csr_wdata: 00000000 | mscratch: 00000000
PC: 800015f0 | Instr: 00000013 | rs1_d: 00000000 | rs2_d: 00000000 | alu_res: 00000000 | mem_w: 0 | reg_w: 1 | csr_w: 0 | csr_op: 00 | csr_addr: 000 | csr_wdata: 00000000 | mscratch: 00000000
PC: 800015f4 | Instr: 00000013 | rs1_d: 00000000 | rs2_d: 00000000 | alu_res: 00000000 | mem_w: 0 | reg_w: 1 | csr_w: 0 | csr_op: 00 | csr_addr: 000 | csr_wdata: 00000000 | mscratch: 00000000
PC: 800015f8 | Instr: 00000013 | rs1_d: 00000000 | rs2_d: 00000000 | alu_res: 00000000 | mem_w: 0 | reg_w: 1 | csr_w: 0 | csr_op: 00 | csr_addr: 000 | csr_wdata: 00000000 | mscratch: 00000000
PC: 800015fc | Instr: 00000013 | rs1_d: 00000000 | rs2_d: 00000000 | alu_res: 00000000 | mem_w: 0 | reg_w: 1 | csr_w: 0 | csr_op: 00 | csr_addr: 000 | csr_wdata: 00000000 | mscratch: 00000000
PC: 80001600 | Instr: 00e42027 | rs1_d: 80040000 | rs2_d: 62b803ce | alu_res: 80040000 | mem_w: 1 | reg_w: 0 | csr_w: 0 | csr_op: 00 | csr_addr: 00e | csr_wdata: 80040000 | mscratch: 00000000
PC: 80001604 | Instr: 00042403 | rs1_d: 80040000 | rs2_d: 00000000 | alu_res: 80040000 | mem_w: 0 | reg_w: 1 | csr_w: 0 | csr_op: 00 | csr_addr: 000 | csr_wdata: 80040000 | mscratch: 00000000
PC: 80001608 | Instr: 0085a023 | rs1_d: 8004230c | rs2_d: 4eaaaaab | alu_res: 8004230c | mem_w: 1 | reg_w: 0 | csr_w: 0 | csr_op: 00 | csr_addr: 008 | csr_wdata: 8004230c | mscratch: 00000000
PC: 8000160c | Instr: 00000863 | rs1_d: 00000000 | rs2_d: 00000000 | alu_res: 00000000 | mem_w: 0 | reg_w: 0 | csr_w: 0 | csr_op: 00 | csr_addr: 000 | csr_wdata: 00000000 | mscratch: 00000000
PC: 8000161c | Instr: 00458593 | rs1_d: 8004230c | rs2_d: 55555555 | alu_res: 80042310 | mem_w: 0 | reg_w: 1 | csr_w: 0 | csr_op: 00 | csr_addr: 004 | csr_wdata: 8004230c | mscratch: 00000000
PC: 80001620 | Instr: 00102473 | rs1_d: 00000000 | rs2_d: 800401c0 | alu_res: 800401c0 | mem_w: 0 | reg_w: 1 | csr_w: 0 | csr_op: 10 | csr_addr: 001 | csr_wdata: 00000000 | mscratch: 00000000
PC: 80001624 | Instr: 0085a023 | rs1_d: 80042310 | rs2_d: 00000001 | alu_res: 80042310 | mem_w: 1 | reg_w: 0 | csr_w: 0 | csr_op: 00 | csr_addr: 008 | csr_wdata: 80042310 | mscratch: 00000000
PC: 80001628 | Instr: 00000863 | rs1_d: 00000000 | rs2_d: 00000000 | alu_res: 00000000 | mem_w: 0 | reg_w: 0 | csr_w: 0 | csr_op: 00 | csr_addr: 000 | csr_wdata: 00000000 | mscratch: 00000000
PC: 80001638 | Instr: 00458593 | rs1_d: 80042310 | rs2_d: 55555555 | alu_res: 80042314 | mem_w: 0 | reg_w: 1 | csr_w: 0 | csr_op: 00 | csr_addr: 004 | csr_wdata: 80042310 | mscratch: 00000000
PC: 8000163c | Instr: 0000a503 | rs1_d: 800401c0 | rs2_d: 00000000 | alu_res: 800401c0 | mem_w: 0 | reg_w: 1 | csr_w: 0 | csr_op: 00 | csr_addr: 000 | csr_wdata: 800401c0 | mscratch: 00000000
PC: 80001640 | Instr: 00408093 | rs1_d: 800401c0 | rs2_d: 55555555 | alu_res: 800401c4 | mem_w: 0 | reg_w: 1 | csr_w: 0 | csr_op: 00 | csr_addr: 004 | csr_wdata: 800401c0 | mscratch: 00000000
PC: 80001644 | Instr: 00105073 | rs1_d: 00000000 | rs2_d: 800401c4 | alu_res: 800401c4 | mem_w: 0 | reg_w: 1 | csr_w: 1 | csr_op: 01 | csr_addr: 001 | csr_wdata: 00000000 | mscratch: 00000000
PC: 80001648 | Instr: d0057053 | rs1_d: 34232acb | rs2_d: 00000000 | alu_res: 34232acb | mem_w: 0 | reg_w: 0 | csr_w: 0 | csr_op: 00 | csr_addr: d00 | csr_wdata: 34232acb | mscratch: 00000000
PC: 8000164c | Instr: 00000013 | rs1_d: 00000000 | rs2_d: 00000000 | alu_res: 00000000 | mem_w: 0 | reg_w: 1 | csr_w: 0 | csr_op: 00 | csr_addr: 000 | csr_wdata: 00000000 | mscratch: 00000000
PC: 80001650 | Instr: 00000013 | rs1_d: 00000000 | rs2_d: 00000000 | alu_res: 00000000 | mem_w: 0 | reg_w: 1 | csr_w: 0 | csr_op: 00 | csr_addr: 000 | csr_wdata: 00000000 | mscratch: 00000000
PC: 80001654 | Instr: 00000013 | rs1_d: 00000000 | rs2_d: 00000000 | alu_res: 00000000 | mem_w: 0 | reg_w: 1 | csr_w: 0 | csr_op: 00 | csr_addr: 000 | csr_wdata: 00000000 | mscratch: 00000000
PC: 80001658 | Instr: 00000013 | rs1_d: 00000000 | rs2_d: 00000000 | alu_res: 00000000 | mem_w: 0 | reg_w: 1 | csr_w: 0 | csr_op: 00 | csr_addr: 000 | csr_wdata: 00000000 | mscratch: 00000000
PC: 8000165c | Instr: 00000013 | rs1_d: 00000000 | rs2_d: 00000000 | alu_res: 00000000 | mem_w: 0 | reg_w: 1 | csr_w: 0 | csr_op: 00 | csr_addr: 000 | csr_wdata: 00000000 | mscratch: 00000000
PC: 80001660 | Instr: 0003f417 | rs1_d: 6df56ff7 | rs2_d: 00000000 | alu_res: 80040660 | mem_w: 0 | reg_w: 1 | csr_w: 0 | csr_op: 00 | csr_addr: 000 | csr_wdata: 6df56ff7 | mscratch: 00000000
PC: 80001664 | Instr: 9a040413 | rs1_d: 80040660 | rs2_d: 00000000 | alu_res: 80040000 | mem_w: 0 | reg_w: 1 | csr_w: 0 | csr_op: 00 | csr_addr: 9a0 | csr_wdata: 80040660 | mscratch: 00000000
PC: 80001668 | Instr: 00000013 | rs1_d: 00000000 | rs2_d: 00000000 | alu_res: 00000000 | mem_w: 0 | reg_w: 1 | csr_w: 0 | csr_op: 00 | csr_addr: 000 | csr_wdata: 00000000 | mscratch: 00000000
PC: 8000166c | Instr: 00000013 | rs1_d: 00000000 | rs2_d: 00000000 | alu_res: 00000000 | mem_w: 0 | reg_w: 1 | csr_w: 0 | csr_op: 00 | csr_addr: 000 | csr_wdata: 00000000 | mscratch: 00000000
PC: 80001670 | Instr: 00000013 | rs1_d: 00000000 | rs2_d: 00000000 | alu_res: 00000000 | mem_w: 0 | reg_w: 1 | csr_w: 0 | csr_op: 00 | csr_addr: 000 | csr_wdata: 00000000 | mscratch: 00000000
PC: 80001674 | Instr: 00000013 | rs1_d: 00000000 | rs2_d: 00000000 | alu_res: 00000000 | mem_w: 0 | reg_w: 1 | csr_w: 0 | csr_op: 00 | csr_addr: 000 | csr_wdata: 00000000 | mscratch: 00000000
PC: 80001678 | Instr: 00000013 | rs1_d: 00000000 | rs2_d: 00000000 | alu_res: 00000000 | mem_w: 0 | reg_w: 1 | csr_w: 0 | csr_op: 00 | csr_addr: 000 | csr_wdata: 00000000 | mscratch: 00000000
PC: 8000167c | Instr: 00000013 | rs1_d: 00000000 | rs2_d: 00000000 | alu_res: 00000000 | mem_w: 0 | reg_w: 1 | csr_w: 0 | csr_op: 00 | csr_addr: 000 | csr_wdata: 00000000 | mscratch: 00000000
PC: 80001680 | Instr: 00042027 | rs1_d: 80040000 | rs2_d: 00000000 | alu_res: 80040000 | mem_w: 1 | reg_w: 0 | csr_w: 0 | csr_op: 00 | csr_addr: 000 | csr_wdata: 80040000 | mscratch: 00000000
PC: 80001684 | Instr: 00042403 | rs1_d: 80040000 | rs2_d: 00000000 | alu_res: 80040000 | mem_w: 0 | reg_w: 1 | csr_w: 0 | csr_op: 00 | csr_addr: 000 | csr_wdata: 80040000 | mscratch: 00000000
PC: 80001688 | Instr: 0085a023 | rs1_d: 80042314 | rs2_d: 4e508cab | alu_res: 80042314 | mem_w: 1 | reg_w: 0 | csr_w: 0 | csr_op: 00 | csr_addr: 008 | csr_wdata: 80042314 | mscratch: 00000000
PC: 8000168c | Instr: 00000863 | rs1_d: 00000000 | rs2_d: 00000000 | alu_res: 00000000 | mem_w: 0 | reg_w: 0 | csr_w: 0 | csr_op: 00 | csr_addr: 000 | csr_wdata: 00000000 | mscratch: 00000000
PC: 8000169c | Instr: 00458593 | rs1_d: 80042314 | rs2_d: 55555555 | alu_res: 80042318 | mem_w: 0 | reg_w: 1 | csr_w: 0 | csr_op: 00 | csr_addr: 004 | csr_wdata: 80042314 | mscratch: 00000000
PC: 800016a0 | Instr: 00102473 | rs1_d: 00000000 | rs2_d: 800401c4 | alu_res: 800401c4 | mem_w: 0 | reg_w: 1 | csr_w: 0 | csr_op: 10 | csr_addr: 001 | csr_wdata: 00000000 | mscratch: 00000000
PC: 800016a4 | Instr: 0085a023 | rs1_d: 80042318 | rs2_d: 00000001 | alu_res: 80042318 | mem_w: 1 | reg_w: 0 | csr_w: 0 | csr_op: 00 | csr_addr: 008 | csr_wdata: 80042318 | mscratch: 00000000
PC: 800016a8 | Instr: 00000863 | rs1_d: 00000000 | rs2_d: 00000000 | alu_res: 00000000 | mem_w: 0 | reg_w: 0 | csr_w: 0 | csr_op: 00 | csr_addr: 000 | csr_wdata: 00000000 | mscratch: 00000000
PC: 800016b8 | Instr: 00458593 | rs1_d: 80042318 | rs2_d: 55555555 | alu_res: 8004231c | mem_w: 0 | reg_w: 1 | csr_w: 0 | csr_op: 00 | csr_addr: 004 | csr_wdata: 80042318 | mscratch: 00000000
PC: 800016bc | Instr: 0000ac83 | rs1_d: 800401c4 | rs2_d: 00000000 | alu_res: 800401c4 | mem_w: 0 | reg_w: 1 | csr_w: 0 | csr_op: 00 | csr_addr: 000 | csr_wdata: 800401c4 | mscratch: 00000000
PC: 800016c0 | Instr: 00408093 | rs1_d: 800401c4 | rs2_d: 55555555 | alu_res: 800401c8 | mem_w: 0 | reg_w: 1 | csr_w: 0 | csr_op: 00 | csr_addr: 004 | csr_wdata: 800401c4 | mscratch: 00000000
PC: 800016c4 | Instr: 00105073 | rs1_d: 00000000 | rs2_d: 800401c8 | alu_res: 800401c8 | mem_w: 0 | reg_w: 1 | csr_w: 1 | csr_op: 01 | csr_addr: 001 | csr_wdata: 00000000 | mscratch: 00000000
PC: 800016c8 | Instr: d00cf0d3 | rs1_d: 6805eb99 | rs2_d: 00000000 | alu_res: 6805eb99 | mem_w: 0 | reg_w: 0 | csr_w: 0 | csr_op: 00 | csr_addr: d00 | csr_wdata: 6805eb99 | mscratch: 00000000
PC: 800016cc | Instr: 00000013 | rs1_d: 00000000 | rs2_d: 00000000 | alu_res: 00000000 | mem_w: 0 | reg_w: 1 | csr_w: 0 | csr_op: 00 | csr_addr: 000 | csr_wdata: 00000000 | mscratch: 00000000
PC: 800016d0 | Instr: 00000013 | rs1_d: 00000000 | rs2_d: 00000000 | alu_res: 00000000 | mem_w: 0 | reg_w: 1 | csr_w: 0 | csr_op: 00 | csr_addr: 000 | csr_wdata: 00000000 | mscratch: 00000000
PC: 800016d4 | Instr: 00000013 | rs1_d: 00000000 | rs2_d: 00000000 | alu_res: 00000000 | mem_w: 0 | reg_w: 1 | csr_w: 0 | csr_op: 00 | csr_addr: 000 | csr_wdata: 00000000 | mscratch: 00000000
PC: 800016d8 | Instr: 00000013 | rs1_d: 00000000 | rs2_d: 00000000 | alu_res: 00000000 | mem_w: 0 | reg_w: 1 | csr_w: 0 | csr_op: 00 | csr_addr: 000 | csr_wdata: 00000000 | mscratch: 00000000
PC: 800016dc | Instr: 00000013 | rs1_d: 00000000 | rs2_d: 00000000 | alu_res: 00000000 | mem_w: 0 | reg_w: 1 | csr_w: 0 | csr_op: 00 | csr_addr: 000 | csr_wdata: 00000000 | mscratch: 00000000
PC: 800016e0 | Instr: 0003f417 | rs1_d: 6df56ff7 | rs2_d: 00000000 | alu_res: 800406e0 | mem_w: 0 | reg_w: 1 | csr_w: 0 | csr_op: 00 | csr_addr: 000 | csr_wdata: 6df56ff7 | mscratch: 00000000
PC: 800016e4 | Instr: 92040413 | rs1_d: 800406e0 | rs2_d: 00000000 | alu_res: 80040000 | mem_w: 0 | reg_w: 1 | csr_w: 0 | csr_op: 00 | csr_addr: 920 | csr_wdata: 800406e0 | mscratch: 00000000
PC: 800016e8 | Instr: 00000013 | rs1_d: 00000000 | rs2_d: 00000000 | alu_res: 00000000 | mem_w: 0 | reg_w: 1 | csr_w: 0 | csr_op: 00 | csr_addr: 000 | csr_wdata: 00000000 | mscratch: 00000000
PC: 800016ec | Instr: 00000013 | rs1_d: 00000000 | rs2_d: 00000000 | alu_res: 00000000 | mem_w: 0 | reg_w: 1 | csr_w: 0 | csr_op: 00 | csr_addr: 000 | csr_wdata: 00000000 | mscratch: 00000000
PC: 800016f0 | Instr: 00000013 | rs1_d: 00000000 | rs2_d: 00000000 | alu_res: 00000000 | mem_w: 0 | reg_w: 1 | csr_w: 0 | csr_op: 00 | csr_addr: 000 | csr_wdata: 00000000 | mscratch: 00000000
PC: 800016f4 | Instr: 00000013 | rs1_d: 00000000 | rs2_d: 00000000 | alu_res: 00000000 | mem_w: 0 | reg_w: 1 | csr_w: 0 | csr_op: 00 | csr_addr: 000 | csr_wdata: 00000000 | mscratch: 00000000
PC: 800016f8 | Instr: 00000013 | rs1_d: 00000000 | rs2_d: 00000000 | alu_res: 00000000 | mem_w: 0 | reg_w: 1 | csr_w: 0 | csr_op: 00 | csr_addr: 000 | csr_wdata: 00000000 | mscratch: 00000000
PC: 800016fc | Instr: 00000013 | rs1_d: 00000000 | rs2_d: 00000000 | alu_res: 00000000 | mem_w: 0 | reg_w: 1 | csr_w: 0 | csr_op: 00 | csr_addr: 000 | csr_wdata: 00000000 | mscratch: 00000000
PC: 80001700 | Instr: 00142027 | rs1_d: 80040000 | rs2_d: 800401c8 | alu_res: 80040000 | mem_w: 1 | reg_w: 0 | csr_w: 0 | csr_op: 00 | csr_addr: 001 | csr_wdata: 80040000 | mscratch: 00000000
PC: 80001704 | Instr: 00042403 | rs1_d: 80040000 | rs2_d: 00000000 | alu_res: 80040000 | mem_w: 0 | reg_w: 1 | csr_w: 0 | csr_op: 00 | csr_addr: 000 | csr_wdata: 80040000 | mscratch: 00000000
PC: 80001708 | Instr: 0085a023 | rs1_d: 8004231c | rs2_d: 4ed00bd7 | alu_res: 8004231c | mem_w: 1 | reg_w: 0 | csr_w: 0 | csr_op: 00 | csr_addr: 008 | csr_wdata: 8004231c | mscratch: 00000000
PC: 8000170c | Instr: 00000863 | rs1_d: 00000000 | rs2_d: 00000000 | alu_res: 00000000 | mem_w: 0 | reg_w: 0 | csr_w: 0 | csr_op: 00 | csr_addr: 000 | csr_wdata: 00000000 | mscratch: 00000000
PC: 8000171c | Instr: 00458593 | rs1_d: 8004231c | rs2_d: 55555555 | alu_res: 80042320 | mem_w: 0 | reg_w: 1 | csr_w: 0 | csr_op: 00 | csr_addr: 004 | csr_wdata: 8004231c | mscratch: 00000000
PC: 80001720 | Instr: 00102473 | rs1_d: 00000000 | rs2_d: 800401c8 | alu_res: 800401c8 | mem_w: 0 | reg_w: 1 | csr_w: 0 | csr_op: 10 | csr_addr: 001 | csr_wdata: 00000000 | mscratch: 00000000
PC: 80001724 | Instr: 0085a023 | rs1_d: 80042320 | rs2_d: 00000001 | alu_res: 80042320 | mem_w: 1 | reg_w: 0 | csr_w: 0 | csr_op: 00 | csr_addr: 008 | csr_wdata: 80042320 | mscratch: 00000000
PC: 80001728 | Instr: 00000863 | rs1_d: 00000000 | rs2_d: 00000000 | alu_res: 00000000 | mem_w: 0 | reg_w: 0 | csr_w: 0 | csr_op: 00 | csr_addr: 000 | csr_wdata: 00000000 | mscratch: 00000000
PC: 80001738 | Instr: 00458593 | rs1_d: 80042320 | rs2_d: 55555555 | alu_res: 80042324 | mem_w: 0 | reg_w: 1 | csr_w: 0 | csr_op: 00 | csr_addr: 004 | csr_wdata: 80042320 | mscratch: 00000000
PC: 8000173c | Instr: 0000a883 | rs1_d: 800401c8 | rs2_d: 00000000 | alu_res: 800401c8 | mem_w: 0 | reg_w: 1 | csr_w: 0 | csr_op: 00 | csr_addr: 000 | csr_wdata: 800401c8 | mscratch: 00000000
PC: 80001740 | Instr: 00408093 | rs1_d: 800401c8 | rs2_d: 55555555 | alu_res: 800401cc | mem_w: 0 | reg_w: 1 | csr_w: 0 | csr_op: 00 | csr_addr: 004 | csr_wdata: 800401c8 | mscratch: 00000000
PC: 80001744 | Instr: 00105073 | rs1_d: 00000000 | rs2_d: 800401cc | alu_res: 800401cc | mem_w: 0 | reg_w: 1 | csr_w: 1 | csr_op: 01 | csr_addr: 001 | csr_wdata: 00000000 | mscratch: 00000000
PC: 80001748 | Instr: d008f153 | rs1_d: 278d0f8d | rs2_d: 00000000 | alu_res: 278d0f8d | mem_w: 0 | reg_w: 0 | csr_w: 0 | csr_op: 00 | csr_addr: d00 | csr_wdata: 278d0f8d | mscratch: 00000000
PC: 8000174c | Instr: 00000013 | rs1_d: 00000000 | rs2_d: 00000000 | alu_res: 00000000 | mem_w: 0 | reg_w: 1 | csr_w: 0 | csr_op: 00 | csr_addr: 000 | csr_wdata: 00000000 | mscratch: 00000000
PC: 80001750 | Instr: 00000013 | rs1_d: 00000000 | rs2_d: 00000000 | alu_res: 00000000 | mem_w: 0 | reg_w: 1 | csr_w: 0 | csr_op: 00 | csr_addr: 000 | csr_wdata: 00000000 | mscratch: 00000000
PC: 80001754 | Instr: 00000013 | rs1_d: 00000000 | rs2_d: 00000000 | alu_res: 00000000 | mem_w: 0 | reg_w: 1 | csr_w: 0 | csr_op: 00 | csr_addr: 000 | csr_wdata: 00000000 | mscratch: 00000000
PC: 80001758 | Instr: 00000013 | rs1_d: 00000000 | rs2_d: 00000000 | alu_res: 00000000 | mem_w: 0 | reg_w: 1 | csr_w: 0 | csr_op: 00 | csr_addr: 000 | csr_wdata: 00000000 | mscratch: 00000000
PC: 8000175c | Instr: 00000013 | rs1_d: 00000000 | rs2_d: 00000000 | alu_res: 00000000 | mem_w: 0 | reg_w: 1 | csr_w: 0 | csr_op: 00 | csr_addr: 000 | csr_wdata: 00000000 | mscratch: 00000000
PC: 80001760 | Instr: 0003f417 | rs1_d: 6df56ff7 | rs2_d: 00000000 | alu_res: 80040760 | mem_w: 0 | reg_w: 1 | csr_w: 0 | csr_op: 00 | csr_addr: 000 | csr_wdata: 6df56ff7 | mscratch: 00000000
PC: 80001764 | Instr: 8a040413 | rs1_d: 80040760 | rs2_d: 00000000 | alu_res: 80040000 | mem_w: 0 | reg_w: 1 | csr_w: 0 | csr_op: 00 | csr_addr: 8a0 | csr_wdata: 80040760 | mscratch: 00000000
PC: 80001768 | Instr: 00000013 | rs1_d: 00000000 | rs2_d: 00000000 | alu_res: 00000000 | mem_w: 0 | reg_w: 1 | csr_w: 0 | csr_op: 00 | csr_addr: 000 | csr_wdata: 00000000 | mscratch: 00000000
PC: 8000176c | Instr: 00000013 | rs1_d: 00000000 | rs2_d: 00000000 | alu_res: 00000000 | mem_w: 0 | reg_w: 1 | csr_w: 0 | csr_op: 00 | csr_addr: 000 | csr_wdata: 00000000 | mscratch: 00000000
PC: 80001770 | Instr: 00000013 | rs1_d: 00000000 | rs2_d: 00000000 | alu_res: 00000000 | mem_w: 0 | reg_w: 1 | csr_w: 0 | csr_op: 00 | csr_addr: 000 | csr_wdata: 00000000 | mscratch: 00000000
PC: 80001774 | Instr: 00000013 | rs1_d: 00000000 | rs2_d: 00000000 | alu_res: 00000000 | mem_w: 0 | reg_w: 1 | csr_w: 0 | csr_op: 00 | csr_addr: 000 | csr_wdata: 00000000 | mscratch: 00000000
PC: 80001778 | Instr: 00000013 | rs1_d: 00000000 | rs2_d: 00000000 | alu_res: 00000000 | mem_w: 0 | reg_w: 1 | csr_w: 0 | csr_op: 00 | csr_addr: 000 | csr_wdata: 00000000 | mscratch: 00000000
PC: 8000177c | Instr: 00000013 | rs1_d: 00000000 | rs2_d: 00000000 | alu_res: 00000000 | mem_w: 0 | reg_w: 1 | csr_w: 0 | csr_op: 00 | csr_addr: 000 | csr_wdata: 00000000 | mscratch: 00000000
PC: 80001780 | Instr: 00242027 | rs1_d: 80040000 | rs2_d: b1b47cde | alu_res: 80040000 | mem_w: 1 | reg_w: 0 | csr_w: 0 | csr_op: 00 | csr_addr: 002 | csr_wdata: 80040000 | mscratch: 00000000
PC: 80001784 | Instr: 00042403 | rs1_d: 80040000 | rs2_d: 00000000 | alu_res: 80040000 | mem_w: 0 | reg_w: 1 | csr_w: 0 | csr_op: 00 | csr_addr: 000 | csr_wdata: 80040000 | mscratch: 00000000
PC: 80001788 | Instr: 0085a023 | rs1_d: 80042324 | rs2_d: 4e1e343e | alu_res: 80042324 | mem_w: 1 | reg_w: 0 | csr_w: 0 | csr_op: 00 | csr_addr: 008 | csr_wdata: 80042324 | mscratch: 00000000
PC: 8000178c | Instr: 00000863 | rs1_d: 00000000 | rs2_d: 00000000 | alu_res: 00000000 | mem_w: 0 | reg_w: 0 | csr_w: 0 | csr_op: 00 | csr_addr: 000 | csr_wdata: 00000000 | mscratch: 00000000
PC: 8000179c | Instr: 00458593 | rs1_d: 80042324 | rs2_d: 55555555 | alu_res: 80042328 | mem_w: 0 | reg_w: 1 | csr_w: 0 | csr_op: 00 | csr_addr: 004 | csr_wdata: 80042324 | mscratch: 00000000
PC: 800017a0 | Instr: 00102473 | rs1_d: 00000000 | rs2_d: 800401cc | alu_res: 800401cc | mem_w: 0 | reg_w: 1 | csr_w: 0 | csr_op: 10 | csr_addr: 001 | csr_wdata: 00000000 | mscratch: 00000000
PC: 800017a4 | Instr: 0085a023 | rs1_d: 80042328 | rs2_d: 00000001 | alu_res: 80042328 | mem_w: 1 | reg_w: 0 | csr_w: 0 | csr_op: 00 | csr_addr: 008 | csr_wdata: 80042328 | mscratch: 00000000
PC: 800017a8 | Instr: 00000863 | rs1_d: 00000000 | rs2_d: 00000000 | alu_res: 00000000 | mem_w: 0 | reg_w: 0 | csr_w: 0 | csr_op: 00 | csr_addr: 000 | csr_wdata: 00000000 | mscratch: 00000000
PC: 800017b8 | Instr: 00458593 | rs1_d: 80042328 | rs2_d: 55555555 | alu_res: 8004232c | mem_w: 0 | reg_w: 1 | csr_w: 0 | csr_op: 00 | csr_addr: 004 | csr_wdata: 80042328 | mscratch: 00000000
PC: 800017bc | Instr: 0000ae83 | rs1_d: 800401cc | rs2_d: 00000000 | alu_res: 800401cc | mem_w: 0 | reg_w: 1 | csr_w: 0 | csr_op: 00 | csr_addr: 000 | csr_wdata: 800401cc | mscratch: 00000000
PC: 800017c0 | Instr: 00408093 | rs1_d: 800401cc | rs2_d: 55555555 | alu_res: 800401d0 | mem_w: 0 | reg_w: 1 | csr_w: 0 | csr_op: 00 | csr_addr: 004 | csr_wdata: 800401cc | mscratch: 00000000
PC: 800017c4 | Instr: 00105073 | rs1_d: 00000000 | rs2_d: 800401d0 | alu_res: 800401d0 | mem_w: 0 | reg_w: 1 | csr_w: 1 | csr_op: 01 | csr_addr: 001 | csr_wdata: 00000000 | mscratch: 00000000
PC: 800017c8 | Instr: d00ef1d3 | rs1_d: c2bd0e5b | rs2_d: 00000000 | alu_res: c2bd0e5b | mem_w: 0 | reg_w: 0 | csr_w: 0 | csr_op: 00 | csr_addr: d00 | csr_wdata: c2bd0e5b | mscratch: 00000000
PC: 800017cc | Instr: 00000013 | rs1_d: 00000000 | rs2_d: 00000000 | alu_res: 00000000 | mem_w: 0 | reg_w: 1 | csr_w: 0 | csr_op: 00 | csr_addr: 000 | csr_wdata: 00000000 | mscratch: 00000000
PC: 800017d0 | Instr: 00000013 | rs1_d: 00000000 | rs2_d: 00000000 | alu_res: 00000000 | mem_w: 0 | reg_w: 1 | csr_w: 0 | csr_op: 00 | csr_addr: 000 | csr_wdata: 00000000 | mscratch: 00000000
PC: 800017d4 | Instr: 00000013 | rs1_d: 00000000 | rs2_d: 00000000 | alu_res: 00000000 | mem_w: 0 | reg_w: 1 | csr_w: 0 | csr_op: 00 | csr_addr: 000 | csr_wdata: 00000000 | mscratch: 00000000
PC: 800017d8 | Instr: 00000013 | rs1_d: 00000000 | rs2_d: 00000000 | alu_res: 00000000 | mem_w: 0 | reg_w: 1 | csr_w: 0 | csr_op: 00 | csr_addr: 000 | csr_wdata: 00000000 | mscratch: 00000000
PC: 800017dc | Instr: 00000013 | rs1_d: 00000000 | rs2_d: 00000000 | alu_res: 00000000 | mem_w: 0 | reg_w: 1 | csr_w: 0 | csr_op: 00 | csr_addr: 000 | csr_wdata: 00000000 | mscratch: 00000000
PC: 800017e0 | Instr: 0003f417 | rs1_d: 6df56ff7 | rs2_d: 00000000 | alu_res: 800407e0 | mem_w: 0 | reg_w: 1 | csr_w: 0 | csr_op: 00 | csr_addr: 000 | csr_wdata: 6df56ff7 | mscratch: 00000000
PC: 800017e4 | Instr: 82040413 | rs1_d: 800407e0 | rs2_d: 00000000 | alu_res: 80040000 | mem_w: 0 | reg_w: 1 | csr_w: 0 | csr_op: 00 | csr_addr: 820 | csr_wdata: 800407e0 | mscratch: 00000000
PC: 800017e8 | Instr: 00000013 | rs1_d: 00000000 | rs2_d: 00000000 | alu_res: 00000000 | mem_w: 0 | reg_w: 1 | csr_w: 0 | csr_op: 00 | csr_addr: 000 | csr_wdata: 00000000 | mscratch: 00000000
PC: 800017ec | Instr: 00000013 | rs1_d: 00000000 | rs2_d: 00000000 | alu_res: 00000000 | mem_w: 0 | reg_w: 1 | csr_w: 0 | csr_op: 00 | csr_addr: 000 | csr_wdata: 00000000 | mscratch: 00000000
PC: 800017f0 | Instr: 00000013 | rs1_d: 00000000 | rs2_d: 00000000 | alu_res: 00000000 | mem_w: 0 | reg_w: 1 | csr_w: 0 | csr_op: 00 | csr_addr: 000 | csr_wdata: 00000000 | mscratch: 00000000
PC: 800017f4 | Instr: 00000013 | rs1_d: 00000000 | rs2_d: 00000000 | alu_res: 00000000 | mem_w: 0 | reg_w: 1 | csr_w: 0 | csr_op: 00 | csr_addr: 000 | csr_wdata: 00000000 | mscratch: 00000000
PC: 800017f8 | Instr: 00000013 | rs1_d: 00000000 | rs2_d: 00000000 | alu_res: 00000000 | mem_w: 0 | reg_w: 1 | csr_w: 0 | csr_op: 00 | csr_addr: 000 | csr_wdata: 00000000 | mscratch: 00000000
PC: 800017fc | Instr: 00000013 | rs1_d: 00000000 | rs2_d: 00000000 | alu_res: 00000000 | mem_w: 0 | reg_w: 1 | csr_w: 0 | csr_op: 00 | csr_addr: 000 | csr_wdata: 00000000 | mscratch: 00000000
PC: 80001800 | Instr: 00342027 | rs1_d: 80040000 | rs2_d: 79d3c041 | alu_res: 80040000 | mem_w: 1 | reg_w: 0 | csr_w: 0 | csr_op: 00 | csr_addr: 003 | csr_wdata: 80040000 | mscratch: 00000000
PC: 80001804 | Instr: 00042403 | rs1_d: 80040000 | rs2_d: 00000000 | alu_res: 80040000 | mem_w: 0 | reg_w: 1 | csr_w: 0 | csr_op: 00 | csr_addr: 000 | csr_wdata: 80040000 | mscratch: 00000000
PC: 80001808 | Instr: 0085a023 | rs1_d: 8004232c | rs2_d: ce750bc7 | alu_res: 8004232c | mem_w: 1 | reg_w: 0 | csr_w: 0 | csr_op: 00 | csr_addr: 008 | csr_wdata: 8004232c | mscratch: 00000000
PC: 8000180c | Instr: 00000863 | rs1_d: 00000000 | rs2_d: 00000000 | alu_res: 00000000 | mem_w: 0 | reg_w: 0 | csr_w: 0 | csr_op: 00 | csr_addr: 000 | csr_wdata: 00000000 | mscratch: 00000000
PC: 8000181c | Instr: 00458593 | rs1_d: 8004232c | rs2_d: 55555555 | alu_res: 80042330 | mem_w: 0 | reg_w: 1 | csr_w: 0 | csr_op: 00 | csr_addr: 004 | csr_wdata: 8004232c | mscratch: 00000000
PC: 80001820 | Instr: 00102473 | rs1_d: 00000000 | rs2_d: 800401d0 | alu_res: 800401d0 | mem_w: 0 | reg_w: 1 | csr_w: 0 | csr_op: 10 | csr_addr: 001 | csr_wdata: 00000000 | mscratch: 00000000
PC: 80001824 | Instr: 0085a023 | rs1_d: 80042330 | rs2_d: 00000001 | alu_res: 80042330 | mem_w: 1 | reg_w: 0 | csr_w: 0 | csr_op: 00 | csr_addr: 008 | csr_wdata: 80042330 | mscratch: 00000000
PC: 80001828 | Instr: 00000863 | rs1_d: 00000000 | rs2_d: 00000000 | alu_res: 00000000 | mem_w: 0 | reg_w: 0 | csr_w: 0 | csr_op: 00 | csr_addr: 000 | csr_wdata: 00000000 | mscratch: 00000000
PC: 80001838 | Instr: 00458593 | rs1_d: 80042330 | rs2_d: 55555555 | alu_res: 80042334 | mem_w: 0 | reg_w: 1 | csr_w: 0 | csr_op: 00 | csr_addr: 004 | csr_wdata: 80042330 | mscratch: 00000000
PC: 8000183c | Instr: 0000ae83 | rs1_d: 800401d0 | rs2_d: 00000000 | alu_res: 800401d0 | mem_w: 0 | reg_w: 1 | csr_w: 0 | csr_op: 00 | csr_addr: 000 | csr_wdata: 800401d0 | mscratch: 00000000
PC: 80001840 | Instr: 00408093 | rs1_d: 800401d0 | rs2_d: 55555555 | alu_res: 800401d4 | mem_w: 0 | reg_w: 1 | csr_w: 0 | csr_op: 00 | csr_addr: 004 | csr_wdata: 800401d0 | mscratch: 00000000
PC: 80001844 | Instr: 00105073 | rs1_d: 00000000 | rs2_d: 800401d4 | alu_res: 800401d4 | mem_w: 0 | reg_w: 1 | csr_w: 1 | csr_op: 01 | csr_addr: 001 | csr_wdata: 00000000 | mscratch: 00000000
PC: 80001848 | Instr: d00ef253 | rs1_d: 7b62f96d | rs2_d: 00000000 | alu_res: 7b62f96d | mem_w: 0 | reg_w: 0 | csr_w: 0 | csr_op: 00 | csr_addr: d00 | csr_wdata: 7b62f96d | mscratch: 00000000
PC: 8000184c | Instr: 00000013 | rs1_d: 00000000 | rs2_d: 00000000 | alu_res: 00000000 | mem_w: 0 | reg_w: 1 | csr_w: 0 | csr_op: 00 | csr_addr: 000 | csr_wdata: 00000000 | mscratch: 00000000
PC: 80001850 | Instr: 00000013 | rs1_d: 00000000 | rs2_d: 00000000 | alu_res: 00000000 | mem_w: 0 | reg_w: 1 | csr_w: 0 | csr_op: 00 | csr_addr: 000 | csr_wdata: 00000000 | mscratch: 00000000
PC: 80001854 | Instr: 00000013 | rs1_d: 00000000 | rs2_d: 00000000 | alu_res: 00000000 | mem_w: 0 | reg_w: 1 | csr_w: 0 | csr_op: 00 | csr_addr: 000 | csr_wdata: 00000000 | mscratch: 00000000
PC: 80001858 | Instr: 00000013 | rs1_d: 00000000 | rs2_d: 00000000 | alu_res: 00000000 | mem_w: 0 | reg_w: 1 | csr_w: 0 | csr_op: 00 | csr_addr: 000 | csr_wdata: 00000000 | mscratch: 00000000
PC: 8000185c | Instr: 00000013 | rs1_d: 00000000 | rs2_d: 00000000 | alu_res: 00000000 | mem_w: 0 | reg_w: 1 | csr_w: 0 | csr_op: 00 | csr_addr: 000 | csr_wdata: 00000000 | mscratch: 00000000
PC: 80001860 | Instr: 0003e417 | rs1_d: 6df56ff7 | rs2_d: 00000000 | alu_res: 8003f860 | mem_w: 0 | reg_w: 1 | csr_w: 0 | csr_op: 00 | csr_addr: 000 | csr_wdata: 6df56ff7 | mscratch: 00000000
PC: 80001864 | Instr: 7a040413 | rs1_d: 8003f860 | rs2_d: 00000000 | alu_res: 80040000 | mem_w: 0 | reg_w: 1 | csr_w: 0 | csr_op: 00 | csr_addr: 7a0 | csr_wdata: 8003f860 | mscratch: 00000000
PC: 80001868 | Instr: 00000013 | rs1_d: 00000000 | rs2_d: 00000000 | alu_res: 00000000 | mem_w: 0 | reg_w: 1 | csr_w: 0 | csr_op: 00 | csr_addr: 000 | csr_wdata: 00000000 | mscratch: 00000000
PC: 8000186c | Instr: 00000013 | rs1_d: 00000000 | rs2_d: 00000000 | alu_res: 00000000 | mem_w: 0 | reg_w: 1 | csr_w: 0 | csr_op: 00 | csr_addr: 000 | csr_wdata: 00000000 | mscratch: 00000000
PC: 80001870 | Instr: 00000013 | rs1_d: 00000000 | rs2_d: 00000000 | alu_res: 00000000 | mem_w: 0 | reg_w: 1 | csr_w: 0 | csr_op: 00 | csr_addr: 000 | csr_wdata: 00000000 | mscratch: 00000000
PC: 80001874 | Instr: 00000013 | rs1_d: 00000000 | rs2_d: 00000000 | alu_res: 00000000 | mem_w: 0 | reg_w: 1 | csr_w: 0 | csr_op: 00 | csr_addr: 000 | csr_wdata: 00000000 | mscratch: 00000000
PC: 80001878 | Instr: 00000013 | rs1_d: 00000000 | rs2_d: 00000000 | alu_res: 00000000 | mem_w: 0 | reg_w: 1 | csr_w: 0 | csr_op: 00 | csr_addr: 000 | csr_wdata: 00000000 | mscratch: 00000000
PC: 8000187c | Instr: 00000013 | rs1_d: 00000000 | rs2_d: 00000000 | alu_res: 00000000 | mem_w: 0 | reg_w: 1 | csr_w: 0 | csr_op: 00 | csr_addr: 000 | csr_wdata: 00000000 | mscratch: 00000000
PC: 80001880 | Instr: 00442027 | rs1_d: 80040000 | rs2_d: 55555555 | alu_res: 80040000 | mem_w: 1 | reg_w: 0 | csr_w: 0 | csr_op: 00 | csr_addr: 004 | csr_wdata: 80040000 | mscratch: 00000000
PC: 80001884 | Instr: 00042403 | rs1_d: 80040000 | rs2_d: 00000000 | alu_res: 80040000 | mem_w: 0 | reg_w: 1 | csr_w: 0 | csr_op: 00 | csr_addr: 000 | csr_wdata: 80040000 | mscratch: 00000000
PC: 80001888 | Instr: 0085a023 | rs1_d: 80042334 | rs2_d: 4ef6c5f3 | alu_res: 80042334 | mem_w: 1 | reg_w: 0 | csr_w: 0 | csr_op: 00 | csr_addr: 008 | csr_wdata: 80042334 | mscratch: 00000000
PC: 8000188c | Instr: 00000863 | rs1_d: 00000000 | rs2_d: 00000000 | alu_res: 00000000 | mem_w: 0 | reg_w: 0 | csr_w: 0 | csr_op: 00 | csr_addr: 000 | csr_wdata: 00000000 | mscratch: 00000000
PC: 8000189c | Instr: 00458593 | rs1_d: 80042334 | rs2_d: 55555555 | alu_res: 80042338 | mem_w: 0 | reg_w: 1 | csr_w: 0 | csr_op: 00 | csr_addr: 004 | csr_wdata: 80042334 | mscratch: 00000000
PC: 800018a0 | Instr: 00102473 | rs1_d: 00000000 | rs2_d: 800401d4 | alu_res: 800401d4 | mem_w: 0 | reg_w: 1 | csr_w: 0 | csr_op: 10 | csr_addr: 001 | csr_wdata: 00000000 | mscratch: 00000000
PC: 800018a4 | Instr: 0085a023 | rs1_d: 80042338 | rs2_d: 00000001 | alu_res: 80042338 | mem_w: 1 | reg_w: 0 | csr_w: 0 | csr_op: 00 | csr_addr: 008 | csr_wdata: 80042338 | mscratch: 00000000
PC: 800018a8 | Instr: 00000863 | rs1_d: 00000000 | rs2_d: 00000000 | alu_res: 00000000 | mem_w: 0 | reg_w: 0 | csr_w: 0 | csr_op: 00 | csr_addr: 000 | csr_wdata: 00000000 | mscratch: 00000000
PC: 800018b8 | Instr: 00458593 | rs1_d: 80042338 | rs2_d: 55555555 | alu_res: 8004233c | mem_w: 0 | reg_w: 1 | csr_w: 0 | csr_op: 00 | csr_addr: 004 | csr_wdata: 80042338 | mscratch: 00000000
PC: 800018bc | Instr: 0000a783 | rs1_d: 800401d4 | rs2_d: 00000000 | alu_res: 800401d4 | mem_w: 0 | reg_w: 1 | csr_w: 0 | csr_op: 00 | csr_addr: 000 | csr_wdata: 800401d4 | mscratch: 00000000
PC: 800018c0 | Instr: 00408093 | rs1_d: 800401d4 | rs2_d: 55555555 | alu_res: 800401d8 | mem_w: 0 | reg_w: 1 | csr_w: 0 | csr_op: 00 | csr_addr: 004 | csr_wdata: 800401d4 | mscratch: 00000000
PC: 800018c4 | Instr: 00105073 | rs1_d: 00000000 | rs2_d: 800401d8 | alu_res: 800401d8 | mem_w: 0 | reg_w: 1 | csr_w: 1 | csr_op: 01 | csr_addr: 001 | csr_wdata: 00000000 | mscratch: 00000000
PC: 800018c8 | Instr: d007f2d3 | rs1_d: 7d1d582e | rs2_d: 00000000 | alu_res: 7d1d582e | mem_w: 0 | reg_w: 0 | csr_w: 0 | csr_op: 00 | csr_addr: d00 | csr_wdata: 7d1d582e | mscratch: 00000000
PC: 800018cc | Instr: 00000013 | rs1_d: 00000000 | rs2_d: 00000000 | alu_res: 00000000 | mem_w: 0 | reg_w: 1 | csr_w: 0 | csr_op: 00 | csr_addr: 000 | csr_wdata: 00000000 | mscratch: 00000000
PC: 800018d0 | Instr: 00000013 | rs1_d: 00000000 | rs2_d: 00000000 | alu_res: 00000000 | mem_w: 0 | reg_w: 1 | csr_w: 0 | csr_op: 00 | csr_addr: 000 | csr_wdata: 00000000 | mscratch: 00000000
PC: 800018d4 | Instr: 00000013 | rs1_d: 00000000 | rs2_d: 00000000 | alu_res: 00000000 | mem_w: 0 | reg_w: 1 | csr_w: 0 | csr_op: 00 | csr_addr: 000 | csr_wdata: 00000000 | mscratch: 00000000
PC: 800018d8 | Instr: 00000013 | rs1_d: 00000000 | rs2_d: 00000000 | alu_res: 00000000 | mem_w: 0 | reg_w: 1 | csr_w: 0 | csr_op: 00 | csr_addr: 000 | csr_wdata: 00000000 | mscratch: 00000000
PC: 800018dc | Instr: 00000013 | rs1_d: 00000000 | rs2_d: 00000000 | alu_res: 00000000 | mem_w: 0 | reg_w: 1 | csr_w: 0 | csr_op: 00 | csr_addr: 000 | csr_wdata: 00000000 | mscratch: 00000000
PC: 800018e0 | Instr: 0003e417 | rs1_d: 6df56ff7 | rs2_d: 00000000 | alu_res: 8003f8e0 | mem_w: 0 | reg_w: 1 | csr_w: 0 | csr_op: 00 | csr_addr: 000 | csr_wdata: 6df56ff7 | mscratch: 00000000
PC: 800018e4 | Instr: 72040413 | rs1_d: 8003f8e0 | rs2_d: 00000000 | alu_res: 80040000 | mem_w: 0 | reg_w: 1 | csr_w: 0 | csr_op: 00 | csr_addr: 720 | csr_wdata: 8003f8e0 | mscratch: 00000000
PC: 800018e8 | Instr: 00000013 | rs1_d: 00000000 | rs2_d: 00000000 | alu_res: 00000000 | mem_w: 0 | reg_w: 1 | csr_w: 0 | csr_op: 00 | csr_addr: 000 | csr_wdata: 00000000 | mscratch: 00000000
PC: 800018ec | Instr: 00000013 | rs1_d: 00000000 | rs2_d: 00000000 | alu_res: 00000000 | mem_w: 0 | reg_w: 1 | csr_w: 0 | csr_op: 00 | csr_addr: 000 | csr_wdata: 00000000 | mscratch: 00000000
PC: 800018f0 | Instr: 00000013 | rs1_d: 00000000 | rs2_d: 00000000 | alu_res: 00000000 | mem_w: 0 | reg_w: 1 | csr_w: 0 | csr_op: 00 | csr_addr: 000 | csr_wdata: 00000000 | mscratch: 00000000
PC: 800018f4 | Instr: 00000013 | rs1_d: 00000000 | rs2_d: 00000000 | alu_res: 00000000 | mem_w: 0 | reg_w: 1 | csr_w: 0 | csr_op: 00 | csr_addr: 000 | csr_wdata: 00000000 | mscratch: 00000000
PC: 800018f8 | Instr: 00000013 | rs1_d: 00000000 | rs2_d: 00000000 | alu_res: 00000000 | mem_w: 0 | reg_w: 1 | csr_w: 0 | csr_op: 00 | csr_addr: 000 | csr_wdata: 00000000 | mscratch: 00000000
PC: 800018fc | Instr: 00000013 | rs1_d: 00000000 | rs2_d: 00000000 | alu_res: 00000000 | mem_w: 0 | reg_w: 1 | csr_w: 0 | csr_op: 00 | csr_addr: 000 | csr_wdata: 00000000 | mscratch: 00000000
PC: 80001900 | Instr: 00542027 | rs1_d: 80040000 | rs2_d: ffffffff | alu_res: 80040000 | mem_w: 1 | reg_w: 0 | csr_w: 0 | csr_op: 00 | csr_addr: 005 | csr_wdata: 80040000 | mscratch: 00000000
PC: 80001904 | Instr: 00042403 | rs1_d: 80040000 | rs2_d: 00000000 | alu_res: 80040000 | mem_w: 0 | reg_w: 1 | csr_w: 0 | csr_op: 00 | csr_addr: 000 | csr_wdata: 80040000 | mscratch: 00000000
PC: 80001908 | Instr: 0085a023 | rs1_d: 8004233c | rs2_d: 4efa3ab0 | alu_res: 8004233c | mem_w: 1 | reg_w: 0 | csr_w: 0 | csr_op: 00 | csr_addr: 008 | csr_wdata: 8004233c | mscratch: 00000000
PC: 8000190c | Instr: 00000863 | rs1_d: 00000000 | rs2_d: 00000000 | alu_res: 00000000 | mem_w: 0 | reg_w: 0 | csr_w: 0 | csr_op: 00 | csr_addr: 000 | csr_wdata: 00000000 | mscratch: 00000000
PC: 8000191c | Instr: 00458593 | rs1_d: 8004233c | rs2_d: 55555555 | alu_res: 80042340 | mem_w: 0 | reg_w: 1 | csr_w: 0 | csr_op: 00 | csr_addr: 004 | csr_wdata: 8004233c | mscratch: 00000000
PC: 80001920 | Instr: 00102473 | rs1_d: 00000000 | rs2_d: 800401d8 | alu_res: 800401d8 | mem_w: 0 | reg_w: 1 | csr_w: 0 | csr_op: 10 | csr_addr: 001 | csr_wdata: 00000000 | mscratch: 00000000
PC: 80001924 | Instr: 0085a023 | rs1_d: 80042340 | rs2_d: 00000001 | alu_res: 80042340 | mem_w: 1 | reg_w: 0 | csr_w: 0 | csr_op: 00 | csr_addr: 008 | csr_wdata: 80042340 | mscratch: 00000000
PC: 80001928 | Instr: 00000863 | rs1_d: 00000000 | rs2_d: 00000000 | alu_res: 00000000 | mem_w: 0 | reg_w: 0 | csr_w: 0 | csr_op: 00 | csr_addr: 000 | csr_wdata: 00000000 | mscratch: 00000000
PC: 80001938 | Instr: 00458593 | rs1_d: 80042340 | rs2_d: 55555555 | alu_res: 80042344 | mem_w: 0 | reg_w: 1 | csr_w: 0 | csr_op: 00 | csr_addr: 004 | csr_wdata: 80042340 | mscratch: 00000000
PC: 8000193c | Instr: 0000aa83 | rs1_d: 800401d8 | rs2_d: 00000000 | alu_res: 800401d8 | mem_w: 0 | reg_w: 1 | csr_w: 0 | csr_op: 00 | csr_addr: 000 | csr_wdata: 800401d8 | mscratch: 00000000
PC: 80001940 | Instr: 00408093 | rs1_d: 800401d8 | rs2_d: 55555555 | alu_res: 800401dc | mem_w: 0 | reg_w: 1 | csr_w: 0 | csr_op: 00 | csr_addr: 004 | csr_wdata: 800401d8 | mscratch: 00000000
PC: 80001944 | Instr: 00105073 | rs1_d: 00000000 | rs2_d: 800401dc | alu_res: 800401dc | mem_w: 0 | reg_w: 1 | csr_w: 1 | csr_op: 01 | csr_addr: 001 | csr_wdata: 00000000 | mscratch: 00000000
PC: 80001948 | Instr: d00af353 | rs1_d: ad191a4d | rs2_d: 00000000 | alu_res: ad191a4d | mem_w: 0 | reg_w: 0 | csr_w: 0 | csr_op: 00 | csr_addr: d00 | csr_wdata: ad191a4d | mscratch: 00000000
PC: 8000194c | Instr: 00000013 | rs1_d: 00000000 | rs2_d: 00000000 | alu_res: 00000000 | mem_w: 0 | reg_w: 1 | csr_w: 0 | csr_op: 00 | csr_addr: 000 | csr_wdata: 00000000 | mscratch: 00000000
PC: 80001950 | Instr: 00000013 | rs1_d: 00000000 | rs2_d: 00000000 | alu_res: 00000000 | mem_w: 0 | reg_w: 1 | csr_w: 0 | csr_op: 00 | csr_addr: 000 | csr_wdata: 00000000 | mscratch: 00000000
PC: 80001954 | Instr: 00000013 | rs1_d: 00000000 | rs2_d: 00000000 | alu_res: 00000000 | mem_w: 0 | reg_w: 1 | csr_w: 0 | csr_op: 00 | csr_addr: 000 | csr_wdata: 00000000 | mscratch: 00000000
PC: 80001958 | Instr: 00000013 | rs1_d: 00000000 | rs2_d: 00000000 | alu_res: 00000000 | mem_w: 0 | reg_w: 1 | csr_w: 0 | csr_op: 00 | csr_addr: 000 | csr_wdata: 00000000 | mscratch: 00000000
PC: 8000195c | Instr: 00000013 | rs1_d: 00000000 | rs2_d: 00000000 | alu_res: 00000000 | mem_w: 0 | reg_w: 1 | csr_w: 0 | csr_op: 00 | csr_addr: 000 | csr_wdata: 00000000 | mscratch: 00000000
PC: 80001960 | Instr: 0003e417 | rs1_d: 6df56ff7 | rs2_d: 00000000 | alu_res: 8003f960 | mem_w: 0 | reg_w: 1 | csr_w: 0 | csr_op: 00 | csr_addr: 000 | csr_wdata: 6df56ff7 | mscratch: 00000000
PC: 80001964 | Instr: 6a040413 | rs1_d: 8003f960 | rs2_d: 00000000 | alu_res: 80040000 | mem_w: 0 | reg_w: 1 | csr_w: 0 | csr_op: 00 | csr_addr: 6a0 | csr_wdata: 8003f960 | mscratch: 00000000
PC: 80001968 | Instr: 00000013 | rs1_d: 00000000 | rs2_d: 00000000 | alu_res: 00000000 | mem_w: 0 | reg_w: 1 | csr_w: 0 | csr_op: 00 | csr_addr: 000 | csr_wdata: 00000000 | mscratch: 00000000
PC: 8000196c | Instr: 00000013 | rs1_d: 00000000 | rs2_d: 00000000 | alu_res: 00000000 | mem_w: 0 | reg_w: 1 | csr_w: 0 | csr_op: 00 | csr_addr: 000 | csr_wdata: 00000000 | mscratch: 00000000
PC: 80001970 | Instr: 00000013 | rs1_d: 00000000 | rs2_d: 00000000 | alu_res: 00000000 | mem_w: 0 | reg_w: 1 | csr_w: 0 | csr_op: 00 | csr_addr: 000 | csr_wdata: 00000000 | mscratch: 00000000
PC: 80001974 | Instr: 00000013 | rs1_d: 00000000 | rs2_d: 00000000 | alu_res: 00000000 | mem_w: 0 | reg_w: 1 | csr_w: 0 | csr_op: 00 | csr_addr: 000 | csr_wdata: 00000000 | mscratch: 00000000
PC: 80001978 | Instr: 00000013 | rs1_d: 00000000 | rs2_d: 00000000 | alu_res: 00000000 | mem_w: 0 | reg_w: 1 | csr_w: 0 | csr_op: 00 | csr_addr: 000 | csr_wdata: 00000000 | mscratch: 00000000
PC: 8000197c | Instr: 00000013 | rs1_d: 00000000 | rs2_d: 00000000 | alu_res: 00000000 | mem_w: 0 | reg_w: 1 | csr_w: 0 | csr_op: 00 | csr_addr: 000 | csr_wdata: 00000000 | mscratch: 00000000
PC: 80001980 | Instr: 00642027 | rs1_d: 80040000 | rs2_d: 3a1d3c48 | alu_res: 80040000 | mem_w: 1 | reg_w: 0 | csr_w: 0 | csr_op: 00 | csr_addr: 006 | csr_wdata: 80040000 | mscratch: 00000000
PC: 80001984 | Instr: 00042403 | rs1_d: 80040000 | rs2_d: 00000000 | alu_res: 80040000 | mem_w: 0 | reg_w: 1 | csr_w: 0 | csr_op: 00 | csr_addr: 000 | csr_wdata: 80040000 | mscratch: 00000000
PC: 80001988 | Instr: 0085a023 | rs1_d: 80042344 | rs2_d: cea5cdcb | alu_res: 80042344 | mem_w: 1 | reg_w: 0 | csr_w: 0 | csr_op: 00 | csr_addr: 008 | csr_wdata: 80042344 | mscratch: 00000000
PC: 8000198c | Instr: 00000863 | rs1_d: 00000000 | rs2_d: 00000000 | alu_res: 00000000 | mem_w: 0 | reg_w: 0 | csr_w: 0 | csr_op: 00 | csr_addr: 000 | csr_wdata: 00000000 | mscratch: 00000000
PC: 8000199c | Instr: 00458593 | rs1_d: 80042344 | rs2_d: 55555555 | alu_res: 80042348 | mem_w: 0 | reg_w: 1 | csr_w: 0 | csr_op: 00 | csr_addr: 004 | csr_wdata: 80042344 | mscratch: 00000000
PC: 800019a0 | Instr: 00102473 | rs1_d: 00000000 | rs2_d: 800401dc | alu_res: 800401dc | mem_w: 0 | reg_w: 1 | csr_w: 0 | csr_op: 10 | csr_addr: 001 | csr_wdata: 00000000 | mscratch: 00000000
PC: 800019a4 | Instr: 0085a023 | rs1_d: 80042348 | rs2_d: 00000001 | alu_res: 80042348 | mem_w: 1 | reg_w: 0 | csr_w: 0 | csr_op: 00 | csr_addr: 008 | csr_wdata: 80042348 | mscratch: 00000000
PC: 800019a8 | Instr: 00000863 | rs1_d: 00000000 | rs2_d: 00000000 | alu_res: 00000000 | mem_w: 0 | reg_w: 0 | csr_w: 0 | csr_op: 00 | csr_addr: 000 | csr_wdata: 00000000 | mscratch: 00000000
PC: 800019b8 | Instr: 00458593 | rs1_d: 80042348 | rs2_d: 55555555 | alu_res: 8004234c | mem_w: 0 | reg_w: 1 | csr_w: 0 | csr_op: 00 | csr_addr: 004 | csr_wdata: 80042348 | mscratch: 00000000
PC: 800019bc | Instr: 0000a683 | rs1_d: 800401dc | rs2_d: 00000000 | alu_res: 800401dc | mem_w: 0 | reg_w: 1 | csr_w: 0 | csr_op: 00 | csr_addr: 000 | csr_wdata: 800401dc | mscratch: 00000000
PC: 800019c0 | Instr: 00408093 | rs1_d: 800401dc | rs2_d: 55555555 | alu_res: 800401e0 | mem_w: 0 | reg_w: 1 | csr_w: 0 | csr_op: 00 | csr_addr: 004 | csr_wdata: 800401dc | mscratch: 00000000
PC: 800019c4 | Instr: 00105073 | rs1_d: 00000000 | rs2_d: 800401e0 | alu_res: 800401e0 | mem_w: 0 | reg_w: 1 | csr_w: 1 | csr_op: 01 | csr_addr: 001 | csr_wdata: 00000000 | mscratch: 00000000
PC: 800019c8 | Instr: d006f3d3 | rs1_d: ff4c1539 | rs2_d: 00000000 | alu_res: ff4c1539 | mem_w: 0 | reg_w: 0 | csr_w: 0 | csr_op: 00 | csr_addr: d00 | csr_wdata: ff4c1539 | mscratch: 00000000
PC: 800019cc | Instr: 00000013 | rs1_d: 00000000 | rs2_d: 00000000 | alu_res: 00000000 | mem_w: 0 | reg_w: 1 | csr_w: 0 | csr_op: 00 | csr_addr: 000 | csr_wdata: 00000000 | mscratch: 00000000
PC: 800019d0 | Instr: 00000013 | rs1_d: 00000000 | rs2_d: 00000000 | alu_res: 00000000 | mem_w: 0 | reg_w: 1 | csr_w: 0 | csr_op: 00 | csr_addr: 000 | csr_wdata: 00000000 | mscratch: 00000000
PC: 800019d4 | Instr: 00000013 | rs1_d: 00000000 | rs2_d: 00000000 | alu_res: 00000000 | mem_w: 0 | reg_w: 1 | csr_w: 0 | csr_op: 00 | csr_addr: 000 | csr_wdata: 00000000 | mscratch: 00000000
PC: 800019d8 | Instr: 00000013 | rs1_d: 00000000 | rs2_d: 00000000 | alu_res: 00000000 | mem_w: 0 | reg_w: 1 | csr_w: 0 | csr_op: 00 | csr_addr: 000 | csr_wdata: 00000000 | mscratch: 00000000
PC: 800019dc | Instr: 00000013 | rs1_d: 00000000 | rs2_d: 00000000 | alu_res: 00000000 | mem_w: 0 | reg_w: 1 | csr_w: 0 | csr_op: 00 | csr_addr: 000 | csr_wdata: 00000000 | mscratch: 00000000
PC: 800019e0 | Instr: 0003e417 | rs1_d: 6df56ff7 | rs2_d: 00000000 | alu_res: 8003f9e0 | mem_w: 0 | reg_w: 1 | csr_w: 0 | csr_op: 00 | csr_addr: 000 | csr_wdata: 6df56ff7 | mscratch: 00000000
PC: 800019e4 | Instr: 62040413 | rs1_d: 8003f9e0 | rs2_d: 00000000 | alu_res: 80040000 | mem_w: 0 | reg_w: 1 | csr_w: 0 | csr_op: 00 | csr_addr: 620 | csr_wdata: 8003f9e0 | mscratch: 00000000
PC: 800019e8 | Instr: 00000013 | rs1_d: 00000000 | rs2_d: 00000000 | alu_res: 00000000 | mem_w: 0 | reg_w: 1 | csr_w: 0 | csr_op: 00 | csr_addr: 000 | csr_wdata: 00000000 | mscratch: 00000000
PC: 800019ec | Instr: 00000013 | rs1_d: 00000000 | rs2_d: 00000000 | alu_res: 00000000 | mem_w: 0 | reg_w: 1 | csr_w: 0 | csr_op: 00 | csr_addr: 000 | csr_wdata: 00000000 | mscratch: 00000000
PC: 800019f0 | Instr: 00000013 | rs1_d: 00000000 | rs2_d: 00000000 | alu_res: 00000000 | mem_w: 0 | reg_w: 1 | csr_w: 0 | csr_op: 00 | csr_addr: 000 | csr_wdata: 00000000 | mscratch: 00000000
PC: 800019f4 | Instr: 00000013 | rs1_d: 00000000 | rs2_d: 00000000 | alu_res: 00000000 | mem_w: 0 | reg_w: 1 | csr_w: 0 | csr_op: 00 | csr_addr: 000 | csr_wdata: 00000000 | mscratch: 00000000
PC: 800019f8 | Instr: 00000013 | rs1_d: 00000000 | rs2_d: 00000000 | alu_res: 00000000 | mem_w: 0 | reg_w: 1 | csr_w: 0 | csr_op: 00 | csr_addr: 000 | csr_wdata: 00000000 | mscratch: 00000000
PC: 800019fc | Instr: 00000013 | rs1_d: 00000000 | rs2_d: 00000000 | alu_res: 00000000 | mem_w: 0 | reg_w: 1 | csr_w: 0 | csr_op: 00 | csr_addr: 000 | csr_wdata: 00000000 | mscratch: 00000000
PC: 80001a00 | Instr: 00742027 | rs1_d: 80040000 | rs2_d: 6df56ff7 | alu_res: 80040000 | mem_w: 1 | reg_w: 0 | csr_w: 0 | csr_op: 00 | csr_addr: 007 | csr_wdata: 80040000 | mscratch: 00000000
PC: 80001a04 | Instr: 00042403 | rs1_d: 80040000 | rs2_d: 00000000 | alu_res: 80040000 | mem_w: 0 | reg_w: 1 | csr_w: 0 | csr_op: 00 | csr_addr: 000 | csr_wdata: 80040000 | mscratch: 00000000
PC: 80001a08 | Instr: 0085a023 | rs1_d: 8004234c | rs2_d: cb33eac7 | alu_res: 8004234c | mem_w: 1 | reg_w: 0 | csr_w: 0 | csr_op: 00 | csr_addr: 008 | csr_wdata: 8004234c | mscratch: 00000000
PC: 80001a0c | Instr: 00000863 | rs1_d: 00000000 | rs2_d: 00000000 | alu_res: 00000000 | mem_w: 0 | reg_w: 0 | csr_w: 0 | csr_op: 00 | csr_addr: 000 | csr_wdata: 00000000 | mscratch: 00000000
PC: 80001a1c | Instr: 00458593 | rs1_d: 8004234c | rs2_d: 55555555 | alu_res: 80042350 | mem_w: 0 | reg_w: 1 | csr_w: 0 | csr_op: 00 | csr_addr: 004 | csr_wdata: 8004234c | mscratch: 00000000
PC: 80001a20 | Instr: 00102473 | rs1_d: 00000000 | rs2_d: 800401e0 | alu_res: 800401e0 | mem_w: 0 | reg_w: 1 | csr_w: 0 | csr_op: 10 | csr_addr: 001 | csr_wdata: 00000000 | mscratch: 00000000
PC: 80001a24 | Instr: 0085a023 | rs1_d: 80042350 | rs2_d: 00000000 | alu_res: 80042350 | mem_w: 1 | reg_w: 0 | csr_w: 0 | csr_op: 00 | csr_addr: 008 | csr_wdata: 80042350 | mscratch: 00000000
PC: 80001a28 | Instr: 00000863 | rs1_d: 00000000 | rs2_d: 00000000 | alu_res: 00000000 | mem_w: 0 | reg_w: 0 | csr_w: 0 | csr_op: 00 | csr_addr: 000 | csr_wdata: 00000000 | mscratch: 00000000
PC: 80001a38 | Instr: 00458593 | rs1_d: 80042350 | rs2_d: 55555555 | alu_res: 80042354 | mem_w: 0 | reg_w: 1 | csr_w: 0 | csr_op: 00 | csr_addr: 004 | csr_wdata: 80042350 | mscratch: 00000000
PC: 80001a3c | Instr: 0000a683 | rs1_d: 800401e0 | rs2_d: 00000000 | alu_res: 800401e0 | mem_w: 0 | reg_w: 1 | csr_w: 0 | csr_op: 00 | csr_addr: 000 | csr_wdata: 800401e0 | mscratch: 00000000
PC: 80001a40 | Instr: 00408093 | rs1_d: 800401e0 | rs2_d: 55555555 | alu_res: 800401e4 | mem_w: 0 | reg_w: 1 | csr_w: 0 | csr_op: 00 | csr_addr: 004 | csr_wdata: 800401e0 | mscratch: 00000000
PC: 80001a44 | Instr: 00105073 | rs1_d: 00000000 | rs2_d: 800401e4 | alu_res: 800401e4 | mem_w: 0 | reg_w: 1 | csr_w: 1 | csr_op: 01 | csr_addr: 001 | csr_wdata: 00000000 | mscratch: 00000000
PC: 80001a48 | Instr: d006f453 | rs1_d: fa023db1 | rs2_d: 00000000 | alu_res: fa023db1 | mem_w: 0 | reg_w: 0 | csr_w: 0 | csr_op: 00 | csr_addr: d00 | csr_wdata: fa023db1 | mscratch: 00000000
PC: 80001a4c | Instr: 00000013 | rs1_d: 00000000 | rs2_d: 00000000 | alu_res: 00000000 | mem_w: 0 | reg_w: 1 | csr_w: 0 | csr_op: 00 | csr_addr: 000 | csr_wdata: 00000000 | mscratch: 00000000
PC: 80001a50 | Instr: 00000013 | rs1_d: 00000000 | rs2_d: 00000000 | alu_res: 00000000 | mem_w: 0 | reg_w: 1 | csr_w: 0 | csr_op: 00 | csr_addr: 000 | csr_wdata: 00000000 | mscratch: 00000000
PC: 80001a54 | Instr: 00000013 | rs1_d: 00000000 | rs2_d: 00000000 | alu_res: 00000000 | mem_w: 0 | reg_w: 1 | csr_w: 0 | csr_op: 00 | csr_addr: 000 | csr_wdata: 00000000 | mscratch: 00000000
PC: 80001a58 | Instr: 00000013 | rs1_d: 00000000 | rs2_d: 00000000 | alu_res: 00000000 | mem_w: 0 | reg_w: 1 | csr_w: 0 | csr_op: 00 | csr_addr: 000 | csr_wdata: 00000000 | mscratch: 00000000
PC: 80001a5c | Instr: 00000013 | rs1_d: 00000000 | rs2_d: 00000000 | alu_res: 00000000 | mem_w: 0 | reg_w: 1 | csr_w: 0 | csr_op: 00 | csr_addr: 000 | csr_wdata: 00000000 | mscratch: 00000000
PC: 80001a60 | Instr: 0003e417 | rs1_d: 6df56ff7 | rs2_d: 00000000 | alu_res: 8003fa60 | mem_w: 0 | reg_w: 1 | csr_w: 0 | csr_op: 00 | csr_addr: 000 | csr_wdata: 6df56ff7 | mscratch: 00000000
PC: 80001a64 | Instr: 5a040413 | rs1_d: 8003fa60 | rs2_d: 00000000 | alu_res: 80040000 | mem_w: 0 | reg_w: 1 | csr_w: 0 | csr_op: 00 | csr_addr: 5a0 | csr_wdata: 8003fa60 | mscratch: 00000000
PC: 80001a68 | Instr: 00000013 | rs1_d: 00000000 | rs2_d: 00000000 | alu_res: 00000000 | mem_w: 0 | reg_w: 1 | csr_w: 0 | csr_op: 00 | csr_addr: 000 | csr_wdata: 00000000 | mscratch: 00000000
PC: 80001a6c | Instr: 00000013 | rs1_d: 00000000 | rs2_d: 00000000 | alu_res: 00000000 | mem_w: 0 | reg_w: 1 | csr_w: 0 | csr_op: 00 | csr_addr: 000 | csr_wdata: 00000000 | mscratch: 00000000
PC: 80001a70 | Instr: 00000013 | rs1_d: 00000000 | rs2_d: 00000000 | alu_res: 00000000 | mem_w: 0 | reg_w: 1 | csr_w: 0 | csr_op: 00 | csr_addr: 000 | csr_wdata: 00000000 | mscratch: 00000000
PC: 80001a74 | Instr: 00000013 | rs1_d: 00000000 | rs2_d: 00000000 | alu_res: 00000000 | mem_w: 0 | reg_w: 1 | csr_w: 0 | csr_op: 00 | csr_addr: 000 | csr_wdata: 00000000 | mscratch: 00000000
PC: 80001a78 | Instr: 00000013 | rs1_d: 00000000 | rs2_d: 00000000 | alu_res: 00000000 | mem_w: 0 | reg_w: 1 | csr_w: 0 | csr_op: 00 | csr_addr: 000 | csr_wdata: 00000000 | mscratch: 00000000
PC: 80001a7c | Instr: 00000013 | rs1_d: 00000000 | rs2_d: 00000000 | alu_res: 00000000 | mem_w: 0 | reg_w: 1 | csr_w: 0 | csr_op: 00 | csr_addr: 000 | csr_wdata: 00000000 | mscratch: 00000000
PC: 80001a80 | Instr: 00842027 | rs1_d: 80040000 | rs2_d: 80040000 | alu_res: 80040000 | mem_w: 1 | reg_w: 0 | csr_w: 0 | csr_op: 00 | csr_addr: 008 | csr_wdata: 80040000 | mscratch: 00000000
PC: 80001a84 | Instr: 00042403 | rs1_d: 80040000 | rs2_d: 00000000 | alu_res: 80040000 | mem_w: 0 | reg_w: 1 | csr_w: 0 | csr_op: 00 | csr_addr: 000 | csr_wdata: 80040000 | mscratch: 00000000
PC: 80001a88 | Instr: 0085a023 | rs1_d: 80042354 | rs2_d: ccbfb84a | alu_res: 80042354 | mem_w: 1 | reg_w: 0 | csr_w: 0 | csr_op: 00 | csr_addr: 008 | csr_wdata: 80042354 | mscratch: 00000000
PC: 80001a8c | Instr: 00000863 | rs1_d: 00000000 | rs2_d: 00000000 | alu_res: 00000000 | mem_w: 0 | reg_w: 0 | csr_w: 0 | csr_op: 00 | csr_addr: 000 | csr_wdata: 00000000 | mscratch: 00000000
PC: 80001a9c | Instr: 00458593 | rs1_d: 80042354 | rs2_d: 55555555 | alu_res: 80042358 | mem_w: 0 | reg_w: 1 | csr_w: 0 | csr_op: 00 | csr_addr: 004 | csr_wdata: 80042354 | mscratch: 00000000
PC: 80001aa0 | Instr: 00102473 | rs1_d: 00000000 | rs2_d: 800401e4 | alu_res: 800401e4 | mem_w: 0 | reg_w: 1 | csr_w: 0 | csr_op: 10 | csr_addr: 001 | csr_wdata: 00000000 | mscratch: 00000000
PC: 80001aa4 | Instr: 0085a023 | rs1_d: 80042358 | rs2_d: 00000001 | alu_res: 80042358 | mem_w: 1 | reg_w: 0 | csr_w: 0 | csr_op: 00 | csr_addr: 008 | csr_wdata: 80042358 | mscratch: 00000000
PC: 80001aa8 | Instr: 00000863 | rs1_d: 00000000 | rs2_d: 00000000 | alu_res: 00000000 | mem_w: 0 | reg_w: 0 | csr_w: 0 | csr_op: 00 | csr_addr: 000 | csr_wdata: 00000000 | mscratch: 00000000
PC: 80001ab8 | Instr: 00458593 | rs1_d: 80042358 | rs2_d: 55555555 | alu_res: 8004235c | mem_w: 0 | reg_w: 1 | csr_w: 0 | csr_op: 00 | csr_addr: 004 | csr_wdata: 80042358 | mscratch: 00000000
PC: 80001abc | Instr: 0000aa03 | rs1_d: 800401e4 | rs2_d: 00000000 | alu_res: 800401e4 | mem_w: 0 | reg_w: 1 | csr_w: 0 | csr_op: 00 | csr_addr: 000 | csr_wdata: 800401e4 | mscratch: 00000000
PC: 80001ac0 | Instr: 00408093 | rs1_d: 800401e4 | rs2_d: 55555555 | alu_res: 800401e8 | mem_w: 0 | reg_w: 1 | csr_w: 0 | csr_op: 00 | csr_addr: 004 | csr_wdata: 800401e4 | mscratch: 00000000
PC: 80001ac4 | Instr: 00105073 | rs1_d: 00000000 | rs2_d: 800401e8 | alu_res: 800401e8 | mem_w: 0 | reg_w: 1 | csr_w: 1 | csr_op: 01 | csr_addr: 001 | csr_wdata: 00000000 | mscratch: 00000000
PC: 80001ac8 | Instr: d00a74d3 | rs1_d: bbd72b65 | rs2_d: 00000000 | alu_res: bbd72b65 | mem_w: 0 | reg_w: 0 | csr_w: 0 | csr_op: 00 | csr_addr: d00 | csr_wdata: bbd72b65 | mscratch: 00000000
PC: 80001acc | Instr: 00000013 | rs1_d: 00000000 | rs2_d: 00000000 | alu_res: 00000000 | mem_w: 0 | reg_w: 1 | csr_w: 0 | csr_op: 00 | csr_addr: 000 | csr_wdata: 00000000 | mscratch: 00000000
PC: 80001ad0 | Instr: 00000013 | rs1_d: 00000000 | rs2_d: 00000000 | alu_res: 00000000 | mem_w: 0 | reg_w: 1 | csr_w: 0 | csr_op: 00 | csr_addr: 000 | csr_wdata: 00000000 | mscratch: 00000000
PC: 80001ad4 | Instr: 00000013 | rs1_d: 00000000 | rs2_d: 00000000 | alu_res: 00000000 | mem_w: 0 | reg_w: 1 | csr_w: 0 | csr_op: 00 | csr_addr: 000 | csr_wdata: 00000000 | mscratch: 00000000
PC: 80001ad8 | Instr: 00000013 | rs1_d: 00000000 | rs2_d: 00000000 | alu_res: 00000000 | mem_w: 0 | reg_w: 1 | csr_w: 0 | csr_op: 00 | csr_addr: 000 | csr_wdata: 00000000 | mscratch: 00000000
PC: 80001adc | Instr: 00000013 | rs1_d: 00000000 | rs2_d: 00000000 | alu_res: 00000000 | mem_w: 0 | reg_w: 1 | csr_w: 0 | csr_op: 00 | csr_addr: 000 | csr_wdata: 00000000 | mscratch: 00000000
PC: 80001ae0 | Instr: 0003e417 | rs1_d: 6df56ff7 | rs2_d: 00000000 | alu_res: 8003fae0 | mem_w: 0 | reg_w: 1 | csr_w: 0 | csr_op: 00 | csr_addr: 000 | csr_wdata: 6df56ff7 | mscratch: 00000000
PC: 80001ae4 | Instr: 52040413 | rs1_d: 8003fae0 | rs2_d: 00000000 | alu_res: 80040000 | mem_w: 0 | reg_w: 1 | csr_w: 0 | csr_op: 00 | csr_addr: 520 | csr_wdata: 8003fae0 | mscratch: 00000000
PC: 80001ae8 | Instr: 00000013 | rs1_d: 00000000 | rs2_d: 00000000 | alu_res: 00000000 | mem_w: 0 | reg_w: 1 | csr_w: 0 | csr_op: 00 | csr_addr: 000 | csr_wdata: 00000000 | mscratch: 00000000
PC: 80001aec | Instr: 00000013 | rs1_d: 00000000 | rs2_d: 00000000 | alu_res: 00000000 | mem_w: 0 | reg_w: 1 | csr_w: 0 | csr_op: 00 | csr_addr: 000 | csr_wdata: 00000000 | mscratch: 00000000
PC: 80001af0 | Instr: 00000013 | rs1_d: 00000000 | rs2_d: 00000000 | alu_res: 00000000 | mem_w: 0 | reg_w: 1 | csr_w: 0 | csr_op: 00 | csr_addr: 000 | csr_wdata: 00000000 | mscratch: 00000000
PC: 80001af4 | Instr: 00000013 | rs1_d: 00000000 | rs2_d: 00000000 | alu_res: 00000000 | mem_w: 0 | reg_w: 1 | csr_w: 0 | csr_op: 00 | csr_addr: 000 | csr_wdata: 00000000 | mscratch: 00000000
PC: 80001af8 | Instr: 00000013 | rs1_d: 00000000 | rs2_d: 00000000 | alu_res: 00000000 | mem_w: 0 | reg_w: 1 | csr_w: 0 | csr_op: 00 | csr_addr: 000 | csr_wdata: 00000000 | mscratch: 00000000
PC: 80001afc | Instr: 00000013 | rs1_d: 00000000 | rs2_d: 00000000 | alu_res: 00000000 | mem_w: 0 | reg_w: 1 | csr_w: 0 | csr_op: 00 | csr_addr: 000 | csr_wdata: 00000000 | mscratch: 00000000
PC: 80001b00 | Instr: 00942027 | rs1_d: 80040000 | rs2_d: 86ff3997 | alu_res: 80040000 | mem_w: 1 | reg_w: 0 | csr_w: 0 | csr_op: 00 | csr_addr: 009 | csr_wdata: 80040000 | mscratch: 00000000
PC: 80001b04 | Instr: 00042403 | rs1_d: 80040000 | rs2_d: 00000000 | alu_res: 80040000 | mem_w: 0 | reg_w: 1 | csr_w: 0 | csr_op: 00 | csr_addr: 000 | csr_wdata: 80040000 | mscratch: 00000000
PC: 80001b08 | Instr: 0085a023 | rs1_d: 8004235c | rs2_d: ce8851a9 | alu_res: 8004235c | mem_w: 1 | reg_w: 0 | csr_w: 0 | csr_op: 00 | csr_addr: 008 | csr_wdata: 8004235c | mscratch: 00000000
PC: 80001b0c | Instr: 00000863 | rs1_d: 00000000 | rs2_d: 00000000 | alu_res: 00000000 | mem_w: 0 | reg_w: 0 | csr_w: 0 | csr_op: 00 | csr_addr: 000 | csr_wdata: 00000000 | mscratch: 00000000
PC: 80001b1c | Instr: 00458593 | rs1_d: 8004235c | rs2_d: 55555555 | alu_res: 80042360 | mem_w: 0 | reg_w: 1 | csr_w: 0 | csr_op: 00 | csr_addr: 004 | csr_wdata: 8004235c | mscratch: 00000000
PC: 80001b20 | Instr: 00102473 | rs1_d: 00000000 | rs2_d: 800401e8 | alu_res: 800401e8 | mem_w: 0 | reg_w: 1 | csr_w: 0 | csr_op: 10 | csr_addr: 001 | csr_wdata: 00000000 | mscratch: 00000000
PC: 80001b24 | Instr: 0085a023 | rs1_d: 80042360 | rs2_d: 00000001 | alu_res: 80042360 | mem_w: 1 | reg_w: 0 | csr_w: 0 | csr_op: 00 | csr_addr: 008 | csr_wdata: 80042360 | mscratch: 00000000
PC: 80001b28 | Instr: 00000863 | rs1_d: 00000000 | rs2_d: 00000000 | alu_res: 00000000 | mem_w: 0 | reg_w: 0 | csr_w: 0 | csr_op: 00 | csr_addr: 000 | csr_wdata: 00000000 | mscratch: 00000000
PC: 80001b38 | Instr: 00458593 | rs1_d: 80042360 | rs2_d: 55555555 | alu_res: 80042364 | mem_w: 0 | reg_w: 1 | csr_w: 0 | csr_op: 00 | csr_addr: 004 | csr_wdata: 80042360 | mscratch: 00000000
PC: 80001b3c | Instr: 0000aa03 | rs1_d: 800401e8 | rs2_d: 00000000 | alu_res: 800401e8 | mem_w: 0 | reg_w: 1 | csr_w: 0 | csr_op: 00 | csr_addr: 000 | csr_wdata: 800401e8 | mscratch: 00000000
PC: 80001b40 | Instr: 00408093 | rs1_d: 800401e8 | rs2_d: 55555555 | alu_res: 800401ec | mem_w: 0 | reg_w: 1 | csr_w: 0 | csr_op: 00 | csr_addr: 004 | csr_wdata: 800401e8 | mscratch: 00000000
PC: 80001b44 | Instr: 00105073 | rs1_d: 00000000 | rs2_d: 800401ec | alu_res: 800401ec | mem_w: 0 | reg_w: 1 | csr_w: 1 | csr_op: 01 | csr_addr: 001 | csr_wdata: 00000000 | mscratch: 00000000
PC: 80001b48 | Instr: d00a7553 | rs1_d: c8c501cf | rs2_d: 00000000 | alu_res: c8c501cf | mem_w: 0 | reg_w: 0 | csr_w: 0 | csr_op: 00 | csr_addr: d00 | csr_wdata: c8c501cf | mscratch: 00000000
PC: 80001b4c | Instr: 00000013 | rs1_d: 00000000 | rs2_d: 00000000 | alu_res: 00000000 | mem_w: 0 | reg_w: 1 | csr_w: 0 | csr_op: 00 | csr_addr: 000 | csr_wdata: 00000000 | mscratch: 00000000
PC: 80001b50 | Instr: 00000013 | rs1_d: 00000000 | rs2_d: 00000000 | alu_res: 00000000 | mem_w: 0 | reg_w: 1 | csr_w: 0 | csr_op: 00 | csr_addr: 000 | csr_wdata: 00000000 | mscratch: 00000000
PC: 80001b54 | Instr: 00000013 | rs1_d: 00000000 | rs2_d: 00000000 | alu_res: 00000000 | mem_w: 0 | reg_w: 1 | csr_w: 0 | csr_op: 00 | csr_addr: 000 | csr_wdata: 00000000 | mscratch: 00000000
PC: 80001b58 | Instr: 00000013 | rs1_d: 00000000 | rs2_d: 00000000 | alu_res: 00000000 | mem_w: 0 | reg_w: 1 | csr_w: 0 | csr_op: 00 | csr_addr: 000 | csr_wdata: 00000000 | mscratch: 00000000
PC: 80001b5c | Instr: 00000013 | rs1_d: 00000000 | rs2_d: 00000000 | alu_res: 00000000 | mem_w: 0 | reg_w: 1 | csr_w: 0 | csr_op: 00 | csr_addr: 000 | csr_wdata: 00000000 | mscratch: 00000000
PC: 80001b60 | Instr: 0003e417 | rs1_d: 6df56ff7 | rs2_d: 00000000 | alu_res: 8003fb60 | mem_w: 0 | reg_w: 1 | csr_w: 0 | csr_op: 00 | csr_addr: 000 | csr_wdata: 6df56ff7 | mscratch: 00000000
PC: 80001b64 | Instr: 4a040413 | rs1_d: 8003fb60 | rs2_d: 00000000 | alu_res: 80040000 | mem_w: 0 | reg_w: 1 | csr_w: 0 | csr_op: 00 | csr_addr: 4a0 | csr_wdata: 8003fb60 | mscratch: 00000000
PC: 80001b68 | Instr: 00000013 | rs1_d: 00000000 | rs2_d: 00000000 | alu_res: 00000000 | mem_w: 0 | reg_w: 1 | csr_w: 0 | csr_op: 00 | csr_addr: 000 | csr_wdata: 00000000 | mscratch: 00000000
PC: 80001b6c | Instr: 00000013 | rs1_d: 00000000 | rs2_d: 00000000 | alu_res: 00000000 | mem_w: 0 | reg_w: 1 | csr_w: 0 | csr_op: 00 | csr_addr: 000 | csr_wdata: 00000000 | mscratch: 00000000
PC: 80001b70 | Instr: 00000013 | rs1_d: 00000000 | rs2_d: 00000000 | alu_res: 00000000 | mem_w: 0 | reg_w: 1 | csr_w: 0 | csr_op: 00 | csr_addr: 000 | csr_wdata: 00000000 | mscratch: 00000000
PC: 80001b74 | Instr: 00000013 | rs1_d: 00000000 | rs2_d: 00000000 | alu_res: 00000000 | mem_w: 0 | reg_w: 1 | csr_w: 0 | csr_op: 00 | csr_addr: 000 | csr_wdata: 00000000 | mscratch: 00000000
PC: 80001b78 | Instr: 00000013 | rs1_d: 00000000 | rs2_d: 00000000 | alu_res: 00000000 | mem_w: 0 | reg_w: 1 | csr_w: 0 | csr_op: 00 | csr_addr: 000 | csr_wdata: 00000000 | mscratch: 00000000
PC: 80001b7c | Instr: 00000013 | rs1_d: 00000000 | rs2_d: 00000000 | alu_res: 00000000 | mem_w: 0 | reg_w: 1 | csr_w: 0 | csr_op: 00 | csr_addr: 000 | csr_wdata: 00000000 | mscratch: 00000000
PC: 80001b80 | Instr: 00a42027 | rs1_d: 80040000 | rs2_d: 34232acb | alu_res: 80040000 | mem_w: 1 | reg_w: 0 | csr_w: 0 | csr_op: 00 | csr_addr: 00a | csr_wdata: 80040000 | mscratch: 00000000
PC: 80001b84 | Instr: 00042403 | rs1_d: 80040000 | rs2_d: 00000000 | alu_res: 80040000 | mem_w: 0 | reg_w: 1 | csr_w: 0 | csr_op: 00 | csr_addr: 000 | csr_wdata: 80040000 | mscratch: 00000000
PC: 80001b88 | Instr: 0085a023 | rs1_d: 80042364 | rs2_d: ce5cebf9 | alu_res: 80042364 | mem_w: 1 | reg_w: 0 | csr_w: 0 | csr_op: 00 | csr_addr: 008 | csr_wdata: 80042364 | mscratch: 00000000
PC: 80001b8c | Instr: 00000863 | rs1_d: 00000000 | rs2_d: 00000000 | alu_res: 00000000 | mem_w: 0 | reg_w: 0 | csr_w: 0 | csr_op: 00 | csr_addr: 000 | csr_wdata: 00000000 | mscratch: 00000000
PC: 80001b9c | Instr: 00458593 | rs1_d: 80042364 | rs2_d: 55555555 | alu_res: 80042368 | mem_w: 0 | reg_w: 1 | csr_w: 0 | csr_op: 00 | csr_addr: 004 | csr_wdata: 80042364 | mscratch: 00000000
PC: 80001ba0 | Instr: 00102473 | rs1_d: 00000000 | rs2_d: 800401ec | alu_res: 800401ec | mem_w: 0 | reg_w: 1 | csr_w: 0 | csr_op: 10 | csr_addr: 001 | csr_wdata: 00000000 | mscratch: 00000000
PC: 80001ba4 | Instr: 0085a023 | rs1_d: 80042368 | rs2_d: 00000001 | alu_res: 80042368 | mem_w: 1 | reg_w: 0 | csr_w: 0 | csr_op: 00 | csr_addr: 008 | csr_wdata: 80042368 | mscratch: 00000000
PC: 80001ba8 | Instr: 00000863 | rs1_d: 00000000 | rs2_d: 00000000 | alu_res: 00000000 | mem_w: 0 | reg_w: 0 | csr_w: 0 | csr_op: 00 | csr_addr: 000 | csr_wdata: 00000000 | mscratch: 00000000
PC: 80001bb8 | Instr: 00458593 | rs1_d: 80042368 | rs2_d: 55555555 | alu_res: 8004236c | mem_w: 0 | reg_w: 1 | csr_w: 0 | csr_op: 00 | csr_addr: 004 | csr_wdata: 80042368 | mscratch: 00000000
PC: 80001bbc | Instr: 0000a203 | rs1_d: 800401ec | rs2_d: 00000000 | alu_res: 800401ec | mem_w: 0 | reg_w: 1 | csr_w: 0 | csr_op: 00 | csr_addr: 000 | csr_wdata: 800401ec | mscratch: 00000000
PC: 80001bc0 | Instr: 00408093 | rs1_d: 800401ec | rs2_d: 561d8308 | alu_res: 800401f0 | mem_w: 0 | reg_w: 1 | csr_w: 0 | csr_op: 00 | csr_addr: 004 | csr_wdata: 800401ec | mscratch: 00000000
PC: 80001bc4 | Instr: 00105073 | rs1_d: 00000000 | rs2_d: 800401f0 | alu_res: 800401f0 | mem_w: 0 | reg_w: 1 | csr_w: 1 | csr_op: 01 | csr_addr: 001 | csr_wdata: 00000000 | mscratch: 00000000
PC: 80001bc8 | Instr: d00275d3 | rs1_d: 561d8308 | rs2_d: 00000000 | alu_res: 561d8308 | mem_w: 0 | reg_w: 0 | csr_w: 0 | csr_op: 00 | csr_addr: d00 | csr_wdata: 561d8308 | mscratch: 00000000
PC: 80001bcc | Instr: 00000013 | rs1_d: 00000000 | rs2_d: 00000000 | alu_res: 00000000 | mem_w: 0 | reg_w: 1 | csr_w: 0 | csr_op: 00 | csr_addr: 000 | csr_wdata: 00000000 | mscratch: 00000000
PC: 80001bd0 | Instr: 00000013 | rs1_d: 00000000 | rs2_d: 00000000 | alu_res: 00000000 | mem_w: 0 | reg_w: 1 | csr_w: 0 | csr_op: 00 | csr_addr: 000 | csr_wdata: 00000000 | mscratch: 00000000
PC: 80001bd4 | Instr: 00000013 | rs1_d: 00000000 | rs2_d: 00000000 | alu_res: 00000000 | mem_w: 0 | reg_w: 1 | csr_w: 0 | csr_op: 00 | csr_addr: 000 | csr_wdata: 00000000 | mscratch: 00000000
PC: 80001bd8 | Instr: 00000013 | rs1_d: 00000000 | rs2_d: 00000000 | alu_res: 00000000 | mem_w: 0 | reg_w: 1 | csr_w: 0 | csr_op: 00 | csr_addr: 000 | csr_wdata: 00000000 | mscratch: 00000000
PC: 80001bdc | Instr: 00000013 | rs1_d: 00000000 | rs2_d: 00000000 | alu_res: 00000000 | mem_w: 0 | reg_w: 1 | csr_w: 0 | csr_op: 00 | csr_addr: 000 | csr_wdata: 00000000 | mscratch: 00000000
PC: 80001be0 | Instr: 0003e417 | rs1_d: 6df56ff7 | rs2_d: 00000000 | alu_res: 8003fbe0 | mem_w: 0 | reg_w: 1 | csr_w: 0 | csr_op: 00 | csr_addr: 000 | csr_wdata: 6df56ff7 | mscratch: 00000000
PC: 80001be4 | Instr: 42040413 | rs1_d: 8003fbe0 | rs2_d: 00000000 | alu_res: 80040000 | mem_w: 0 | reg_w: 1 | csr_w: 0 | csr_op: 00 | csr_addr: 420 | csr_wdata: 8003fbe0 | mscratch: 00000000
PC: 80001be8 | Instr: 00000013 | rs1_d: 00000000 | rs2_d: 00000000 | alu_res: 00000000 | mem_w: 0 | reg_w: 1 | csr_w: 0 | csr_op: 00 | csr_addr: 000 | csr_wdata: 00000000 | mscratch: 00000000
PC: 80001bec | Instr: 00000013 | rs1_d: 00000000 | rs2_d: 00000000 | alu_res: 00000000 | mem_w: 0 | reg_w: 1 | csr_w: 0 | csr_op: 00 | csr_addr: 000 | csr_wdata: 00000000 | mscratch: 00000000
PC: 80001bf0 | Instr: 00000013 | rs1_d: 00000000 | rs2_d: 00000000 | alu_res: 00000000 | mem_w: 0 | reg_w: 1 | csr_w: 0 | csr_op: 00 | csr_addr: 000 | csr_wdata: 00000000 | mscratch: 00000000
PC: 80001bf4 | Instr: 00000013 | rs1_d: 00000000 | rs2_d: 00000000 | alu_res: 00000000 | mem_w: 0 | reg_w: 1 | csr_w: 0 | csr_op: 00 | csr_addr: 000 | csr_wdata: 00000000 | mscratch: 00000000
PC: 80001bf8 | Instr: 00000013 | rs1_d: 00000000 | rs2_d: 00000000 | alu_res: 00000000 | mem_w: 0 | reg_w: 1 | csr_w: 0 | csr_op: 00 | csr_addr: 000 | csr_wdata: 00000000 | mscratch: 00000000
PC: 80001bfc | Instr: 00000013 | rs1_d: 00000000 | rs2_d: 00000000 | alu_res: 00000000 | mem_w: 0 | reg_w: 1 | csr_w: 0 | csr_op: 00 | csr_addr: 000 | csr_wdata: 00000000 | mscratch: 00000000
PC: 80001c00 | Instr: 00b42027 | rs1_d: 80040000 | rs2_d: 8004236c | alu_res: 80040000 | mem_w: 1 | reg_w: 0 | csr_w: 0 | csr_op: 00 | csr_addr: 00b | csr_wdata: 80040000 | mscratch: 00000000
PC: 80001c04 | Instr: 00042403 | rs1_d: 80040000 | rs2_d: 00000000 | alu_res: 80040000 | mem_w: 0 | reg_w: 1 | csr_w: 0 | csr_op: 00 | csr_addr: 000 | csr_wdata: 80040000 | mscratch: 00000000
PC: 80001c08 | Instr: 0085a023 | rs1_d: 8004236c | rs2_d: 4eac3b06 | alu_res: 8004236c | mem_w: 1 | reg_w: 0 | csr_w: 0 | csr_op: 00 | csr_addr: 008 | csr_wdata: 8004236c | mscratch: 00000000
PC: 80001c0c | Instr: 00000863 | rs1_d: 00000000 | rs2_d: 00000000 | alu_res: 00000000 | mem_w: 0 | reg_w: 0 | csr_w: 0 | csr_op: 00 | csr_addr: 000 | csr_wdata: 00000000 | mscratch: 00000000
PC: 80001c1c | Instr: 00458593 | rs1_d: 8004236c | rs2_d: 561d8308 | alu_res: 80042370 | mem_w: 0 | reg_w: 1 | csr_w: 0 | csr_op: 00 | csr_addr: 004 | csr_wdata: 8004236c | mscratch: 00000000
PC: 80001c20 | Instr: 00102473 | rs1_d: 00000000 | rs2_d: 800401f0 | alu_res: 800401f0 | mem_w: 0 | reg_w: 1 | csr_w: 0 | csr_op: 10 | csr_addr: 001 | csr_wdata: 00000000 | mscratch: 00000000
PC: 80001c24 | Instr: 0085a023 | rs1_d: 80042370 | rs2_d: 00000001 | alu_res: 80042370 | mem_w: 1 | reg_w: 0 | csr_w: 0 | csr_op: 00 | csr_addr: 008 | csr_wdata: 80042370 | mscratch: 00000000
PC: 80001c28 | Instr: 00000863 | rs1_d: 00000000 | rs2_d: 00000000 | alu_res: 00000000 | mem_w: 0 | reg_w: 0 | csr_w: 0 | csr_op: 00 | csr_addr: 000 | csr_wdata: 00000000 | mscratch: 00000000
PC: 80001c38 | Instr: 00458593 | rs1_d: 80042370 | rs2_d: 561d8308 | alu_res: 80042374 | mem_w: 0 | reg_w: 1 | csr_w: 0 | csr_op: 00 | csr_addr: 004 | csr_wdata: 80042370 | mscratch: 00000000
PC: 80001c3c | Instr: 0000a803 | rs1_d: 800401f0 | rs2_d: 00000000 | alu_res: 800401f0 | mem_w: 0 | reg_w: 1 | csr_w: 0 | csr_op: 00 | csr_addr: 000 | csr_wdata: 800401f0 | mscratch: 00000000
PC: 80001c40 | Instr: 00408093 | rs1_d: 800401f0 | rs2_d: 561d8308 | alu_res: 800401f4 | mem_w: 0 | reg_w: 1 | csr_w: 0 | csr_op: 00 | csr_addr: 004 | csr_wdata: 800401f0 | mscratch: 00000000
PC: 80001c44 | Instr: 00105073 | rs1_d: 00000000 | rs2_d: 800401f4 | alu_res: 800401f4 | mem_w: 0 | reg_w: 1 | csr_w: 1 | csr_op: 01 | csr_addr: 001 | csr_wdata: 00000000 | mscratch: 00000000
PC: 80001c48 | Instr: d0087653 | rs1_d: 1e440fb2 | rs2_d: 00000000 | alu_res: 1e440fb2 | mem_w: 0 | reg_w: 0 | csr_w: 0 | csr_op: 00 | csr_addr: d00 | csr_wdata: 1e440fb2 | mscratch: 00000000
PC: 80001c4c | Instr: 00000013 | rs1_d: 00000000 | rs2_d: 00000000 | alu_res: 00000000 | mem_w: 0 | reg_w: 1 | csr_w: 0 | csr_op: 00 | csr_addr: 000 | csr_wdata: 00000000 | mscratch: 00000000
PC: 80001c50 | Instr: 00000013 | rs1_d: 00000000 | rs2_d: 00000000 | alu_res: 00000000 | mem_w: 0 | reg_w: 1 | csr_w: 0 | csr_op: 00 | csr_addr: 000 | csr_wdata: 00000000 | mscratch: 00000000
PC: 80001c54 | Instr: 00000013 | rs1_d: 00000000 | rs2_d: 00000000 | alu_res: 00000000 | mem_w: 0 | reg_w: 1 | csr_w: 0 | csr_op: 00 | csr_addr: 000 | csr_wdata: 00000000 | mscratch: 00000000
PC: 80001c58 | Instr: 00000013 | rs1_d: 00000000 | rs2_d: 00000000 | alu_res: 00000000 | mem_w: 0 | reg_w: 1 | csr_w: 0 | csr_op: 00 | csr_addr: 000 | csr_wdata: 00000000 | mscratch: 00000000
PC: 80001c5c | Instr: 00000013 | rs1_d: 00000000 | rs2_d: 00000000 | alu_res: 00000000 | mem_w: 0 | reg_w: 1 | csr_w: 0 | csr_op: 00 | csr_addr: 000 | csr_wdata: 00000000 | mscratch: 00000000
PC: 80001c60 | Instr: 0003e417 | rs1_d: 6df56ff7 | rs2_d: 00000000 | alu_res: 8003fc60 | mem_w: 0 | reg_w: 1 | csr_w: 0 | csr_op: 00 | csr_addr: 000 | csr_wdata: 6df56ff7 | mscratch: 00000000
PC: 80001c64 | Instr: 3a040413 | rs1_d: 8003fc60 | rs2_d: 00000000 | alu_res: 80040000 | mem_w: 0 | reg_w: 1 | csr_w: 0 | csr_op: 00 | csr_addr: 3a0 | csr_wdata: 8003fc60 | mscratch: 00000000
PC: 80001c68 | Instr: 00000013 | rs1_d: 00000000 | rs2_d: 00000000 | alu_res: 00000000 | mem_w: 0 | reg_w: 1 | csr_w: 0 | csr_op: 00 | csr_addr: 000 | csr_wdata: 00000000 | mscratch: 00000000
PC: 80001c6c | Instr: 00000013 | rs1_d: 00000000 | rs2_d: 00000000 | alu_res: 00000000 | mem_w: 0 | reg_w: 1 | csr_w: 0 | csr_op: 00 | csr_addr: 000 | csr_wdata: 00000000 | mscratch: 00000000
PC: 80001c70 | Instr: 00000013 | rs1_d: 00000000 | rs2_d: 00000000 | alu_res: 00000000 | mem_w: 0 | reg_w: 1 | csr_w: 0 | csr_op: 00 | csr_addr: 000 | csr_wdata: 00000000 | mscratch: 00000000
PC: 80001c74 | Instr: 00000013 | rs1_d: 00000000 | rs2_d: 00000000 | alu_res: 00000000 | mem_w: 0 | reg_w: 1 | csr_w: 0 | csr_op: 00 | csr_addr: 000 | csr_wdata: 00000000 | mscratch: 00000000
PC: 80001c78 | Instr: 00000013 | rs1_d: 00000000 | rs2_d: 00000000 | alu_res: 00000000 | mem_w: 0 | reg_w: 1 | csr_w: 0 | csr_op: 00 | csr_addr: 000 | csr_wdata: 00000000 | mscratch: 00000000
PC: 80001c7c | Instr: 00000013 | rs1_d: 00000000 | rs2_d: 00000000 | alu_res: 00000000 | mem_w: 0 | reg_w: 1 | csr_w: 0 | csr_op: 00 | csr_addr: 000 | csr_wdata: 00000000 | mscratch: 00000000
PC: 80001c80 | Instr: 00c42027 | rs1_d: 80040000 | rs2_d: 7ffffffe | alu_res: 80040000 | mem_w: 1 | reg_w: 0 | csr_w: 0 | csr_op: 00 | csr_addr: 00c | csr_wdata: 80040000 | mscratch: 00000000
PC: 80001c84 | Instr: 00042403 | rs1_d: 80040000 | rs2_d: 00000000 | alu_res: 80040000 | mem_w: 0 | reg_w: 1 | csr_w: 0 | csr_op: 00 | csr_addr: 000 | csr_wdata: 80040000 | mscratch: 00000000
PC: 80001c88 | Instr: 0085a023 | rs1_d: 80042374 | rs2_d: 4df2207e | alu_res: 80042374 | mem_w: 1 | reg_w: 0 | csr_w: 0 | csr_op: 00 | csr_addr: 008 | csr_wdata: 80042374 | mscratch: 00000000
PC: 80001c8c | Instr: 00000863 | rs1_d: 00000000 | rs2_d: 00000000 | alu_res: 00000000 | mem_w: 0 | reg_w: 0 | csr_w: 0 | csr_op: 00 | csr_addr: 000 | csr_wdata: 00000000 | mscratch: 00000000
PC: 80001c9c | Instr: 00458593 | rs1_d: 80042374 | rs2_d: 561d8308 | alu_res: 80042378 | mem_w: 0 | reg_w: 1 | csr_w: 0 | csr_op: 00 | csr_addr: 004 | csr_wdata: 80042374 | mscratch: 00000000
PC: 80001ca0 | Instr: 00102473 | rs1_d: 00000000 | rs2_d: 800401f4 | alu_res: 800401f4 | mem_w: 0 | reg_w: 1 | csr_w: 0 | csr_op: 10 | csr_addr: 001 | csr_wdata: 00000000 | mscratch: 00000000
PC: 80001ca4 | Instr: 0085a023 | rs1_d: 80042378 | rs2_d: 00000001 | alu_res: 80042378 | mem_w: 1 | reg_w: 0 | csr_w: 0 | csr_op: 00 | csr_addr: 008 | csr_wdata: 80042378 | mscratch: 00000000
PC: 80001ca8 | Instr: 00000863 | rs1_d: 00000000 | rs2_d: 00000000 | alu_res: 00000000 | mem_w: 0 | reg_w: 0 | csr_w: 0 | csr_op: 00 | csr_addr: 000 | csr_wdata: 00000000 | mscratch: 00000000
PC: 80001cb8 | Instr: 00458593 | rs1_d: 80042378 | rs2_d: 561d8308 | alu_res: 8004237c | mem_w: 0 | reg_w: 1 | csr_w: 0 | csr_op: 00 | csr_addr: 004 | csr_wdata: 80042378 | mscratch: 00000000
PC: 80001cbc | Instr: 0000af83 | rs1_d: 800401f4 | rs2_d: 00000000 | alu_res: 800401f4 | mem_w: 0 | reg_w: 1 | csr_w: 0 | csr_op: 00 | csr_addr: 000 | csr_wdata: 800401f4 | mscratch: 00000000
PC: 80001cc0 | Instr: 00408093 | rs1_d: 800401f4 | rs2_d: 561d8308 | alu_res: 800401f8 | mem_w: 0 | reg_w: 1 | csr_w: 0 | csr_op: 00 | csr_addr: 004 | csr_wdata: 800401f4 | mscratch: 00000000
PC: 80001cc4 | Instr: 00105073 | rs1_d: 00000000 | rs2_d: 800401f8 | alu_res: 800401f8 | mem_w: 0 | reg_w: 1 | csr_w: 1 | csr_op: 01 | csr_addr: 001 | csr_wdata: 00000000 | mscratch: 00000000
PC: 80001cc8 | Instr: d00ff6d3 | rs1_d: b1b1322a | rs2_d: 00000000 | alu_res: b1b1322a | mem_w: 0 | reg_w: 0 | csr_w: 0 | csr_op: 00 | csr_addr: d00 | csr_wdata: b1b1322a | mscratch: 00000000
PC: 80001ccc | Instr: 00000013 | rs1_d: 00000000 | rs2_d: 00000000 | alu_res: 00000000 | mem_w: 0 | reg_w: 1 | csr_w: 0 | csr_op: 00 | csr_addr: 000 | csr_wdata: 00000000 | mscratch: 00000000
PC: 80001cd0 | Instr: 00000013 | rs1_d: 00000000 | rs2_d: 00000000 | alu_res: 00000000 | mem_w: 0 | reg_w: 1 | csr_w: 0 | csr_op: 00 | csr_addr: 000 | csr_wdata: 00000000 | mscratch: 00000000
PC: 80001cd4 | Instr: 00000013 | rs1_d: 00000000 | rs2_d: 00000000 | alu_res: 00000000 | mem_w: 0 | reg_w: 1 | csr_w: 0 | csr_op: 00 | csr_addr: 000 | csr_wdata: 00000000 | mscratch: 00000000
PC: 80001cd8 | Instr: 00000013 | rs1_d: 00000000 | rs2_d: 00000000 | alu_res: 00000000 | mem_w: 0 | reg_w: 1 | csr_w: 0 | csr_op: 00 | csr_addr: 000 | csr_wdata: 00000000 | mscratch: 00000000
PC: 80001cdc | Instr: 00000013 | rs1_d: 00000000 | rs2_d: 00000000 | alu_res: 00000000 | mem_w: 0 | reg_w: 1 | csr_w: 0 | csr_op: 00 | csr_addr: 000 | csr_wdata: 00000000 | mscratch: 00000000
PC: 80001ce0 | Instr: 0003e417 | rs1_d: 6df56ff7 | rs2_d: 00000000 | alu_res: 8003fce0 | mem_w: 0 | reg_w: 1 | csr_w: 0 | csr_op: 00 | csr_addr: 000 | csr_wdata: 6df56ff7 | mscratch: 00000000
PC: 80001ce4 | Instr: 32040413 | rs1_d: 8003fce0 | rs2_d: 00000000 | alu_res: 80040000 | mem_w: 0 | reg_w: 1 | csr_w: 0 | csr_op: 00 | csr_addr: 320 | csr_wdata: 8003fce0 | mscratch: 00000000
PC: 80001ce8 | Instr: 00000013 | rs1_d: 00000000 | rs2_d: 00000000 | alu_res: 00000000 | mem_w: 0 | reg_w: 1 | csr_w: 0 | csr_op: 00 | csr_addr: 000 | csr_wdata: 00000000 | mscratch: 00000000
PC: 80001cec | Instr: 00000013 | rs1_d: 00000000 | rs2_d: 00000000 | alu_res: 00000000 | mem_w: 0 | reg_w: 1 | csr_w: 0 | csr_op: 00 | csr_addr: 000 | csr_wdata: 00000000 | mscratch: 00000000
PC: 80001cf0 | Instr: 00000013 | rs1_d: 00000000 | rs2_d: 00000000 | alu_res: 00000000 | mem_w: 0 | reg_w: 1 | csr_w: 0 | csr_op: 00 | csr_addr: 000 | csr_wdata: 00000000 | mscratch: 00000000
PC: 80001cf4 | Instr: 00000013 | rs1_d: 00000000 | rs2_d: 00000000 | alu_res: 00000000 | mem_w: 0 | reg_w: 1 | csr_w: 0 | csr_op: 00 | csr_addr: 000 | csr_wdata: 00000000 | mscratch: 00000000
PC: 80001cf8 | Instr: 00000013 | rs1_d: 00000000 | rs2_d: 00000000 | alu_res: 00000000 | mem_w: 0 | reg_w: 1 | csr_w: 0 | csr_op: 00 | csr_addr: 000 | csr_wdata: 00000000 | mscratch: 00000000
PC: 80001cfc | Instr: 00000013 | rs1_d: 00000000 | rs2_d: 00000000 | alu_res: 00000000 | mem_w: 0 | reg_w: 1 | csr_w: 0 | csr_op: 00 | csr_addr: 000 | csr_wdata: 00000000 | mscratch: 00000000
PC: 80001d00 | Instr: 00d42027 | rs1_d: 80040000 | rs2_d: fa023db1 | alu_res: 80040000 | mem_w: 1 | reg_w: 0 | csr_w: 0 | csr_op: 00 | csr_addr: 00d | csr_wdata: 80040000 | mscratch: 00000000
PC: 80001d04 | Instr: 00042403 | rs1_d: 80040000 | rs2_d: 00000000 | alu_res: 80040000 | mem_w: 0 | reg_w: 1 | csr_w: 0 | csr_op: 00 | csr_addr: 000 | csr_wdata: 80040000 | mscratch: 00000000
PC: 80001d08 | Instr: 0085a023 | rs1_d: 8004237c | rs2_d: ce9c9d9c | alu_res: 8004237c | mem_w: 1 | reg_w: 0 | csr_w: 0 | csr_op: 00 | csr_addr: 008 | csr_wdata: 8004237c | mscratch: 00000000
PC: 80001d0c | Instr: 00000863 | rs1_d: 00000000 | rs2_d: 00000000 | alu_res: 00000000 | mem_w: 0 | reg_w: 0 | csr_w: 0 | csr_op: 00 | csr_addr: 000 | csr_wdata: 00000000 | mscratch: 00000000
PC: 80001d1c | Instr: 00458593 | rs1_d: 8004237c | rs2_d: 561d8308 | alu_res: 80042380 | mem_w: 0 | reg_w: 1 | csr_w: 0 | csr_op: 00 | csr_addr: 004 | csr_wdata: 8004237c | mscratch: 00000000
PC: 80001d20 | Instr: 00102473 | rs1_d: 00000000 | rs2_d: 800401f8 | alu_res: 800401f8 | mem_w: 0 | reg_w: 1 | csr_w: 0 | csr_op: 10 | csr_addr: 001 | csr_wdata: 00000000 | mscratch: 00000000
PC: 80001d24 | Instr: 0085a023 | rs1_d: 80042380 | rs2_d: 00000001 | alu_res: 80042380 | mem_w: 1 | reg_w: 0 | csr_w: 0 | csr_op: 00 | csr_addr: 008 | csr_wdata: 80042380 | mscratch: 00000000
PC: 80001d28 | Instr: 00000863 | rs1_d: 00000000 | rs2_d: 00000000 | alu_res: 00000000 | mem_w: 0 | reg_w: 0 | csr_w: 0 | csr_op: 00 | csr_addr: 000 | csr_wdata: 00000000 | mscratch: 00000000
PC: 80001d38 | Instr: 00458593 | rs1_d: 80042380 | rs2_d: 561d8308 | alu_res: 80042384 | mem_w: 0 | reg_w: 1 | csr_w: 0 | csr_op: 00 | csr_addr: 004 | csr_wdata: 80042380 | mscratch: 00000000
PC: 80001d3c | Instr: 0000ab03 | rs1_d: 800401f8 | rs2_d: 00000000 | alu_res: 800401f8 | mem_w: 0 | reg_w: 1 | csr_w: 0 | csr_op: 00 | csr_addr: 000 | csr_wdata: 800401f8 | mscratch: 00000000
PC: 80001d40 | Instr: 00408093 | rs1_d: 800401f8 | rs2_d: 561d8308 | alu_res: 800401fc | mem_w: 0 | reg_w: 1 | csr_w: 0 | csr_op: 00 | csr_addr: 004 | csr_wdata: 800401f8 | mscratch: 00000000
PC: 80001d44 | Instr: 00105073 | rs1_d: 00000000 | rs2_d: 800401fc | alu_res: 800401fc | mem_w: 0 | reg_w: 1 | csr_w: 1 | csr_op: 01 | csr_addr: 001 | csr_wdata: 00000000 | mscratch: 00000000
PC: 80001d48 | Instr: d00b7753 | rs1_d: 88bed3a3 | rs2_d: 00000000 | alu_res: 88bed3a3 | mem_w: 0 | reg_w: 0 | csr_w: 0 | csr_op: 00 | csr_addr: d00 | csr_wdata: 88bed3a3 | mscratch: 00000000
PC: 80001d4c | Instr: 00000013 | rs1_d: 00000000 | rs2_d: 00000000 | alu_res: 00000000 | mem_w: 0 | reg_w: 1 | csr_w: 0 | csr_op: 00 | csr_addr: 000 | csr_wdata: 00000000 | mscratch: 00000000
PC: 80001d50 | Instr: 00000013 | rs1_d: 00000000 | rs2_d: 00000000 | alu_res: 00000000 | mem_w: 0 | reg_w: 1 | csr_w: 0 | csr_op: 00 | csr_addr: 000 | csr_wdata: 00000000 | mscratch: 00000000
PC: 80001d54 | Instr: 00000013 | rs1_d: 00000000 | rs2_d: 00000000 | alu_res: 00000000 | mem_w: 0 | reg_w: 1 | csr_w: 0 | csr_op: 00 | csr_addr: 000 | csr_wdata: 00000000 | mscratch: 00000000
PC: 80001d58 | Instr: 00000013 | rs1_d: 00000000 | rs2_d: 00000000 | alu_res: 00000000 | mem_w: 0 | reg_w: 1 | csr_w: 0 | csr_op: 00 | csr_addr: 000 | csr_wdata: 00000000 | mscratch: 00000000
PC: 80001d5c | Instr: 00000013 | rs1_d: 00000000 | rs2_d: 00000000 | alu_res: 00000000 | mem_w: 0 | reg_w: 1 | csr_w: 0 | csr_op: 00 | csr_addr: 000 | csr_wdata: 00000000 | mscratch: 00000000
PC: 80001d60 | Instr: 0003e417 | rs1_d: 6df56ff7 | rs2_d: 00000000 | alu_res: 8003fd60 | mem_w: 0 | reg_w: 1 | csr_w: 0 | csr_op: 00 | csr_addr: 000 | csr_wdata: 6df56ff7 | mscratch: 00000000
PC: 80001d64 | Instr: 2a040413 | rs1_d: 8003fd60 | rs2_d: 00000000 | alu_res: 80040000 | mem_w: 0 | reg_w: 1 | csr_w: 0 | csr_op: 00 | csr_addr: 2a0 | csr_wdata: 8003fd60 | mscratch: 00000000
PC: 80001d68 | Instr: 00000013 | rs1_d: 00000000 | rs2_d: 00000000 | alu_res: 00000000 | mem_w: 0 | reg_w: 1 | csr_w: 0 | csr_op: 00 | csr_addr: 000 | csr_wdata: 00000000 | mscratch: 00000000
PC: 80001d6c | Instr: 00000013 | rs1_d: 00000000 | rs2_d: 00000000 | alu_res: 00000000 | mem_w: 0 | reg_w: 1 | csr_w: 0 | csr_op: 00 | csr_addr: 000 | csr_wdata: 00000000 | mscratch: 00000000
PC: 80001d70 | Instr: 00000013 | rs1_d: 00000000 | rs2_d: 00000000 | alu_res: 00000000 | mem_w: 0 | reg_w: 1 | csr_w: 0 | csr_op: 00 | csr_addr: 000 | csr_wdata: 00000000 | mscratch: 00000000
PC: 80001d74 | Instr: 00000013 | rs1_d: 00000000 | rs2_d: 00000000 | alu_res: 00000000 | mem_w: 0 | reg_w: 1 | csr_w: 0 | csr_op: 00 | csr_addr: 000 | csr_wdata: 00000000 | mscratch: 00000000
PC: 80001d78 | Instr: 00000013 | rs1_d: 00000000 | rs2_d: 00000000 | alu_res: 00000000 | mem_w: 0 | reg_w: 1 | csr_w: 0 | csr_op: 00 | csr_addr: 000 | csr_wdata: 00000000 | mscratch: 00000000
PC: 80001d7c | Instr: 00000013 | rs1_d: 00000000 | rs2_d: 00000000 | alu_res: 00000000 | mem_w: 0 | reg_w: 1 | csr_w: 0 | csr_op: 00 | csr_addr: 000 | csr_wdata: 00000000 | mscratch: 00000000
PC: 80001d80 | Instr: 00e42027 | rs1_d: 80040000 | rs2_d: 62b803ce | alu_res: 80040000 | mem_w: 1 | reg_w: 0 | csr_w: 0 | csr_op: 00 | csr_addr: 00e | csr_wdata: 80040000 | mscratch: 00000000
PC: 80001d84 | Instr: 00042403 | rs1_d: 80040000 | rs2_d: 00000000 | alu_res: 80040000 | mem_w: 0 | reg_w: 1 | csr_w: 0 | csr_op: 00 | csr_addr: 000 | csr_wdata: 80040000 | mscratch: 00000000
PC: 80001d88 | Instr: 0085a023 | rs1_d: 80042384 | rs2_d: ceee8259 | alu_res: 80042384 | mem_w: 1 | reg_w: 0 | csr_w: 0 | csr_op: 00 | csr_addr: 008 | csr_wdata: 80042384 | mscratch: 00000000
PC: 80001d8c | Instr: 00000863 | rs1_d: 00000000 | rs2_d: 00000000 | alu_res: 00000000 | mem_w: 0 | reg_w: 0 | csr_w: 0 | csr_op: 00 | csr_addr: 000 | csr_wdata: 00000000 | mscratch: 00000000
PC: 80001d9c | Instr: 00458593 | rs1_d: 80042384 | rs2_d: 561d8308 | alu_res: 80042388 | mem_w: 0 | reg_w: 1 | csr_w: 0 | csr_op: 00 | csr_addr: 004 | csr_wdata: 80042384 | mscratch: 00000000
PC: 80001da0 | Instr: 00102473 | rs1_d: 00000000 | rs2_d: 800401fc | alu_res: 800401fc | mem_w: 0 | reg_w: 1 | csr_w: 0 | csr_op: 10 | csr_addr: 001 | csr_wdata: 00000000 | mscratch: 00000000
PC: 80001da4 | Instr: 0085a023 | rs1_d: 80042388 | rs2_d: 00000001 | alu_res: 80042388 | mem_w: 1 | reg_w: 0 | csr_w: 0 | csr_op: 00 | csr_addr: 008 | csr_wdata: 80042388 | mscratch: 00000000
PC: 80001da8 | Instr: 00000863 | rs1_d: 00000000 | rs2_d: 00000000 | alu_res: 00000000 | mem_w: 0 | reg_w: 0 | csr_w: 0 | csr_op: 00 | csr_addr: 000 | csr_wdata: 00000000 | mscratch: 00000000
PC: 80001db8 | Instr: 00458593 | rs1_d: 80042388 | rs2_d: 561d8308 | alu_res: 8004238c | mem_w: 0 | reg_w: 1 | csr_w: 0 | csr_op: 00 | csr_addr: 004 | csr_wdata: 80042388 | mscratch: 00000000
PC: 80001dbc | Instr: 0000ae03 | rs1_d: 800401fc | rs2_d: 00000000 | alu_res: 800401fc | mem_w: 0 | reg_w: 1 | csr_w: 0 | csr_op: 00 | csr_addr: 000 | csr_wdata: 800401fc | mscratch: 00000000
PC: 80001dc0 | Instr: 00408093 | rs1_d: 800401fc | rs2_d: 561d8308 | alu_res: 80040200 | mem_w: 0 | reg_w: 1 | csr_w: 0 | csr_op: 00 | csr_addr: 004 | csr_wdata: 800401fc | mscratch: 00000000
PC: 80001dc4 | Instr: 00105073 | rs1_d: 00000000 | rs2_d: 80040200 | alu_res: 80040200 | mem_w: 0 | reg_w: 1 | csr_w: 1 | csr_op: 01 | csr_addr: 001 | csr_wdata: 00000000 | mscratch: 00000000
PC: 80001dc8 | Instr: d00e77d3 | rs1_d: f548feb8 | rs2_d: 00000000 | alu_res: f548feb8 | mem_w: 0 | reg_w: 0 | csr_w: 0 | csr_op: 00 | csr_addr: d00 | csr_wdata: f548feb8 | mscratch: 00000000
PC: 80001dcc | Instr: 00000013 | rs1_d: 00000000 | rs2_d: 00000000 | alu_res: 00000000 | mem_w: 0 | reg_w: 1 | csr_w: 0 | csr_op: 00 | csr_addr: 000 | csr_wdata: 00000000 | mscratch: 00000000
PC: 80001dd0 | Instr: 00000013 | rs1_d: 00000000 | rs2_d: 00000000 | alu_res: 00000000 | mem_w: 0 | reg_w: 1 | csr_w: 0 | csr_op: 00 | csr_addr: 000 | csr_wdata: 00000000 | mscratch: 00000000
PC: 80001dd4 | Instr: 00000013 | rs1_d: 00000000 | rs2_d: 00000000 | alu_res: 00000000 | mem_w: 0 | reg_w: 1 | csr_w: 0 | csr_op: 00 | csr_addr: 000 | csr_wdata: 00000000 | mscratch: 00000000
PC: 80001dd8 | Instr: 00000013 | rs1_d: 00000000 | rs2_d: 00000000 | alu_res: 00000000 | mem_w: 0 | reg_w: 1 | csr_w: 0 | csr_op: 00 | csr_addr: 000 | csr_wdata: 00000000 | mscratch: 00000000
PC: 80001ddc | Instr: 00000013 | rs1_d: 00000000 | rs2_d: 00000000 | alu_res: 00000000 | mem_w: 0 | reg_w: 1 | csr_w: 0 | csr_op: 00 | csr_addr: 000 | csr_wdata: 00000000 | mscratch: 00000000
PC: 80001de0 | Instr: 0003e417 | rs1_d: 6df56ff7 | rs2_d: 00000000 | alu_res: 8003fde0 | mem_w: 0 | reg_w: 1 | csr_w: 0 | csr_op: 00 | csr_addr: 000 | csr_wdata: 6df56ff7 | mscratch: 00000000
PC: 80001de4 | Instr: 22040413 | rs1_d: 8003fde0 | rs2_d: 00000000 | alu_res: 80040000 | mem_w: 0 | reg_w: 1 | csr_w: 0 | csr_op: 00 | csr_addr: 220 | csr_wdata: 8003fde0 | mscratch: 00000000
PC: 80001de8 | Instr: 00000013 | rs1_d: 00000000 | rs2_d: 00000000 | alu_res: 00000000 | mem_w: 0 | reg_w: 1 | csr_w: 0 | csr_op: 00 | csr_addr: 000 | csr_wdata: 00000000 | mscratch: 00000000
PC: 80001dec | Instr: 00000013 | rs1_d: 00000000 | rs2_d: 00000000 | alu_res: 00000000 | mem_w: 0 | reg_w: 1 | csr_w: 0 | csr_op: 00 | csr_addr: 000 | csr_wdata: 00000000 | mscratch: 00000000
PC: 80001df0 | Instr: 00000013 | rs1_d: 00000000 | rs2_d: 00000000 | alu_res: 00000000 | mem_w: 0 | reg_w: 1 | csr_w: 0 | csr_op: 00 | csr_addr: 000 | csr_wdata: 00000000 | mscratch: 00000000
PC: 80001df4 | Instr: 00000013 | rs1_d: 00000000 | rs2_d: 00000000 | alu_res: 00000000 | mem_w: 0 | reg_w: 1 | csr_w: 0 | csr_op: 00 | csr_addr: 000 | csr_wdata: 00000000 | mscratch: 00000000
PC: 80001df8 | Instr: 00000013 | rs1_d: 00000000 | rs2_d: 00000000 | alu_res: 00000000 | mem_w: 0 | reg_w: 1 | csr_w: 0 | csr_op: 00 | csr_addr: 000 | csr_wdata: 00000000 | mscratch: 00000000
PC: 80001dfc | Instr: 00000013 | rs1_d: 00000000 | rs2_d: 00000000 | alu_res: 00000000 | mem_w: 0 | reg_w: 1 | csr_w: 0 | csr_op: 00 | csr_addr: 000 | csr_wdata: 00000000 | mscratch: 00000000
PC: 80001e00 | Instr: 00f42027 | rs1_d: 80040000 | rs2_d: 7d1d582e | alu_res: 80040000 | mem_w: 1 | reg_w: 0 | csr_w: 0 | csr_op: 00 | csr_addr: 00f | csr_wdata: 80040000 | mscratch: 00000000
PC: 80001e04 | Instr: 00042403 | rs1_d: 80040000 | rs2_d: 00000000 | alu_res: 80040000 | mem_w: 0 | reg_w: 1 | csr_w: 0 | csr_op: 00 | csr_addr: 000 | csr_wdata: 80040000 | mscratch: 00000000
PC: 80001e08 | Instr: 0085a023 | rs1_d: 8004238c | rs2_d: cd2b7014 | alu_res: 8004238c | mem_w: 1 | reg_w: 0 | csr_w: 0 | csr_op: 00 | csr_addr: 008 | csr_wdata: 8004238c | mscratch: 00000000
PC: 80001e0c | Instr: 00000863 | rs1_d: 00000000 | rs2_d: 00000000 | alu_res: 00000000 | mem_w: 0 | reg_w: 0 | csr_w: 0 | csr_op: 00 | csr_addr: 000 | csr_wdata: 00000000 | mscratch: 00000000
PC: 80001e1c | Instr: 00458593 | rs1_d: 8004238c | rs2_d: 561d8308 | alu_res: 80042390 | mem_w: 0 | reg_w: 1 | csr_w: 0 | csr_op: 00 | csr_addr: 004 | csr_wdata: 8004238c | mscratch: 00000000
PC: 80001e20 | Instr: 00102473 | rs1_d: 00000000 | rs2_d: 80040200 | alu_res: 80040200 | mem_w: 0 | reg_w: 1 | csr_w: 0 | csr_op: 10 | csr_addr: 001 | csr_wdata: 00000000 | mscratch: 00000000
PC: 80001e24 | Instr: 0085a023 | rs1_d: 80042390 | rs2_d: 00000001 | alu_res: 80042390 | mem_w: 1 | reg_w: 0 | csr_w: 0 | csr_op: 00 | csr_addr: 008 | csr_wdata: 80042390 | mscratch: 00000000
PC: 80001e28 | Instr: 00000863 | rs1_d: 00000000 | rs2_d: 00000000 | alu_res: 00000000 | mem_w: 0 | reg_w: 0 | csr_w: 0 | csr_op: 00 | csr_addr: 000 | csr_wdata: 00000000 | mscratch: 00000000
PC: 80001e38 | Instr: 00458593 | rs1_d: 80042390 | rs2_d: 561d8308 | alu_res: 80042394 | mem_w: 0 | reg_w: 1 | csr_w: 0 | csr_op: 00 | csr_addr: 004 | csr_wdata: 80042390 | mscratch: 00000000
PC: 80001e3c | Instr: 0000a883 | rs1_d: 80040200 | rs2_d: 00000000 | alu_res: 80040200 | mem_w: 0 | reg_w: 1 | csr_w: 0 | csr_op: 00 | csr_addr: 000 | csr_wdata: 80040200 | mscratch: 00000000
PC: 80001e40 | Instr: 00408093 | rs1_d: 80040200 | rs2_d: 561d8308 | alu_res: 80040204 | mem_w: 0 | reg_w: 1 | csr_w: 0 | csr_op: 00 | csr_addr: 004 | csr_wdata: 80040200 | mscratch: 00000000
PC: 80001e44 | Instr: 00105073 | rs1_d: 00000000 | rs2_d: 80040204 | alu_res: 80040204 | mem_w: 0 | reg_w: 1 | csr_w: 1 | csr_op: 01 | csr_addr: 001 | csr_wdata: 00000000 | mscratch: 00000000
PC: 80001e48 | Instr: d008f853 | rs1_d: e6673849 | rs2_d: 00000000 | alu_res: e6673849 | mem_w: 0 | reg_w: 0 | csr_w: 0 | csr_op: 00 | csr_addr: d00 | csr_wdata: e6673849 | mscratch: 00000000
PC: 80001e4c | Instr: 00000013 | rs1_d: 00000000 | rs2_d: 00000000 | alu_res: 00000000 | mem_w: 0 | reg_w: 1 | csr_w: 0 | csr_op: 00 | csr_addr: 000 | csr_wdata: 00000000 | mscratch: 00000000
PC: 80001e50 | Instr: 00000013 | rs1_d: 00000000 | rs2_d: 00000000 | alu_res: 00000000 | mem_w: 0 | reg_w: 1 | csr_w: 0 | csr_op: 00 | csr_addr: 000 | csr_wdata: 00000000 | mscratch: 00000000
PC: 80001e54 | Instr: 00000013 | rs1_d: 00000000 | rs2_d: 00000000 | alu_res: 00000000 | mem_w: 0 | reg_w: 1 | csr_w: 0 | csr_op: 00 | csr_addr: 000 | csr_wdata: 00000000 | mscratch: 00000000
PC: 80001e58 | Instr: 00000013 | rs1_d: 00000000 | rs2_d: 00000000 | alu_res: 00000000 | mem_w: 0 | reg_w: 1 | csr_w: 0 | csr_op: 00 | csr_addr: 000 | csr_wdata: 00000000 | mscratch: 00000000
PC: 80001e5c | Instr: 00000013 | rs1_d: 00000000 | rs2_d: 00000000 | alu_res: 00000000 | mem_w: 0 | reg_w: 1 | csr_w: 0 | csr_op: 00 | csr_addr: 000 | csr_wdata: 00000000 | mscratch: 00000000
PC: 80001e60 | Instr: 0003e417 | rs1_d: 6df56ff7 | rs2_d: 00000000 | alu_res: 8003fe60 | mem_w: 0 | reg_w: 1 | csr_w: 0 | csr_op: 00 | csr_addr: 000 | csr_wdata: 6df56ff7 | mscratch: 00000000
PC: 80001e64 | Instr: 1a040413 | rs1_d: 8003fe60 | rs2_d: 00000000 | alu_res: 80040000 | mem_w: 0 | reg_w: 1 | csr_w: 0 | csr_op: 00 | csr_addr: 1a0 | csr_wdata: 8003fe60 | mscratch: 00000000
PC: 80001e68 | Instr: 00000013 | rs1_d: 00000000 | rs2_d: 00000000 | alu_res: 00000000 | mem_w: 0 | reg_w: 1 | csr_w: 0 | csr_op: 00 | csr_addr: 000 | csr_wdata: 00000000 | mscratch: 00000000
PC: 80001e6c | Instr: 00000013 | rs1_d: 00000000 | rs2_d: 00000000 | alu_res: 00000000 | mem_w: 0 | reg_w: 1 | csr_w: 0 | csr_op: 00 | csr_addr: 000 | csr_wdata: 00000000 | mscratch: 00000000
PC: 80001e70 | Instr: 00000013 | rs1_d: 00000000 | rs2_d: 00000000 | alu_res: 00000000 | mem_w: 0 | reg_w: 1 | csr_w: 0 | csr_op: 00 | csr_addr: 000 | csr_wdata: 00000000 | mscratch: 00000000
PC: 80001e74 | Instr: 00000013 | rs1_d: 00000000 | rs2_d: 00000000 | alu_res: 00000000 | mem_w: 0 | reg_w: 1 | csr_w: 0 | csr_op: 00 | csr_addr: 000 | csr_wdata: 00000000 | mscratch: 00000000
PC: 80001e78 | Instr: 00000013 | rs1_d: 00000000 | rs2_d: 00000000 | alu_res: 00000000 | mem_w: 0 | reg_w: 1 | csr_w: 0 | csr_op: 00 | csr_addr: 000 | csr_wdata: 00000000 | mscratch: 00000000
PC: 80001e7c | Instr: 00000013 | rs1_d: 00000000 | rs2_d: 00000000 | alu_res: 00000000 | mem_w: 0 | reg_w: 1 | csr_w: 0 | csr_op: 00 | csr_addr: 000 | csr_wdata: 00000000 | mscratch: 00000000
PC: 80001e80 | Instr: 01042027 | rs1_d: 80040000 | rs2_d: 1e440fb2 | alu_res: 80040000 | mem_w: 1 | reg_w: 0 | csr_w: 0 | csr_op: 00 | csr_addr: 010 | csr_wdata: 80040000 | mscratch: 00000000
PC: 80001e84 | Instr: 00042403 | rs1_d: 80040000 | rs2_d: 00000000 | alu_res: 80040000 | mem_w: 0 | reg_w: 1 | csr_w: 0 | csr_op: 00 | csr_addr: 000 | csr_wdata: 80040000 | mscratch: 00000000
PC: 80001e88 | Instr: 0085a023 | rs1_d: 80042394 | rs2_d: cdccc63e | alu_res: 80042394 | mem_w: 1 | reg_w: 0 | csr_w: 0 | csr_op: 00 | csr_addr: 008 | csr_wdata: 80042394 | mscratch: 00000000
PC: 80001e8c | Instr: 00000863 | rs1_d: 00000000 | rs2_d: 00000000 | alu_res: 00000000 | mem_w: 0 | reg_w: 0 | csr_w: 0 | csr_op: 00 | csr_addr: 000 | csr_wdata: 00000000 | mscratch: 00000000
PC: 80001e9c | Instr: 00458593 | rs1_d: 80042394 | rs2_d: 561d8308 | alu_res: 80042398 | mem_w: 0 | reg_w: 1 | csr_w: 0 | csr_op: 00 | csr_addr: 004 | csr_wdata: 80042394 | mscratch: 00000000
PC: 80001ea0 | Instr: 00102473 | rs1_d: 00000000 | rs2_d: 80040204 | alu_res: 80040204 | mem_w: 0 | reg_w: 1 | csr_w: 0 | csr_op: 10 | csr_addr: 001 | csr_wdata: 00000000 | mscratch: 00000000
PC: 80001ea4 | Instr: 0085a023 | rs1_d: 80042398 | rs2_d: 00000001 | alu_res: 80042398 | mem_w: 1 | reg_w: 0 | csr_w: 0 | csr_op: 00 | csr_addr: 008 | csr_wdata: 80042398 | mscratch: 00000000
PC: 80001ea8 | Instr: 00000863 | rs1_d: 00000000 | rs2_d: 00000000 | alu_res: 00000000 | mem_w: 0 | reg_w: 0 | csr_w: 0 | csr_op: 00 | csr_addr: 000 | csr_wdata: 00000000 | mscratch: 00000000
PC: 80001eb8 | Instr: 00458593 | rs1_d: 80042398 | rs2_d: 561d8308 | alu_res: 8004239c | mem_w: 0 | reg_w: 1 | csr_w: 0 | csr_op: 00 | csr_addr: 004 | csr_wdata: 80042398 | mscratch: 00000000
PC: 80001ebc | Instr: 0000a703 | rs1_d: 80040204 | rs2_d: 00000000 | alu_res: 80040204 | mem_w: 0 | reg_w: 1 | csr_w: 0 | csr_op: 00 | csr_addr: 000 | csr_wdata: 80040204 | mscratch: 00000000
PC: 80001ec0 | Instr: 00408093 | rs1_d: 80040204 | rs2_d: 561d8308 | alu_res: 80040208 | mem_w: 0 | reg_w: 1 | csr_w: 0 | csr_op: 00 | csr_addr: 004 | csr_wdata: 80040204 | mscratch: 00000000
PC: 80001ec4 | Instr: 00105073 | rs1_d: 00000000 | rs2_d: 80040208 | alu_res: 80040208 | mem_w: 0 | reg_w: 1 | csr_w: 1 | csr_op: 01 | csr_addr: 001 | csr_wdata: 00000000 | mscratch: 00000000
PC: 80001ec8 | Instr: d00778d3 | rs1_d: 9a5f8668 | rs2_d: 00000000 | alu_res: 9a5f8668 | mem_w: 0 | reg_w: 0 | csr_w: 0 | csr_op: 00 | csr_addr: d00 | csr_wdata: 9a5f8668 | mscratch: 00000000
PC: 80001ecc | Instr: 00000013 | rs1_d: 00000000 | rs2_d: 00000000 | alu_res: 00000000 | mem_w: 0 | reg_w: 1 | csr_w: 0 | csr_op: 00 | csr_addr: 000 | csr_wdata: 00000000 | mscratch: 00000000
PC: 80001ed0 | Instr: 00000013 | rs1_d: 00000000 | rs2_d: 00000000 | alu_res: 00000000 | mem_w: 0 | reg_w: 1 | csr_w: 0 | csr_op: 00 | csr_addr: 000 | csr_wdata: 00000000 | mscratch: 00000000
PC: 80001ed4 | Instr: 00000013 | rs1_d: 00000000 | rs2_d: 00000000 | alu_res: 00000000 | mem_w: 0 | reg_w: 1 | csr_w: 0 | csr_op: 00 | csr_addr: 000 | csr_wdata: 00000000 | mscratch: 00000000
PC: 80001ed8 | Instr: 00000013 | rs1_d: 00000000 | rs2_d: 00000000 | alu_res: 00000000 | mem_w: 0 | reg_w: 1 | csr_w: 0 | csr_op: 00 | csr_addr: 000 | csr_wdata: 00000000 | mscratch: 00000000
PC: 80001edc | Instr: 00000013 | rs1_d: 00000000 | rs2_d: 00000000 | alu_res: 00000000 | mem_w: 0 | reg_w: 1 | csr_w: 0 | csr_op: 00 | csr_addr: 000 | csr_wdata: 00000000 | mscratch: 00000000
PC: 80001ee0 | Instr: 0003e417 | rs1_d: 6df56ff7 | rs2_d: 00000000 | alu_res: 8003fee0 | mem_w: 0 | reg_w: 1 | csr_w: 0 | csr_op: 00 | csr_addr: 000 | csr_wdata: 6df56ff7 | mscratch: 00000000
PC: 80001ee4 | Instr: 12040413 | rs1_d: 8003fee0 | rs2_d: 00000000 | alu_res: 80040000 | mem_w: 0 | reg_w: 1 | csr_w: 0 | csr_op: 00 | csr_addr: 120 | csr_wdata: 8003fee0 | mscratch: 00000000
PC: 80001ee8 | Instr: 00000013 | rs1_d: 00000000 | rs2_d: 00000000 | alu_res: 00000000 | mem_w: 0 | reg_w: 1 | csr_w: 0 | csr_op: 00 | csr_addr: 000 | csr_wdata: 00000000 | mscratch: 00000000
PC: 80001eec | Instr: 00000013 | rs1_d: 00000000 | rs2_d: 00000000 | alu_res: 00000000 | mem_w: 0 | reg_w: 1 | csr_w: 0 | csr_op: 00 | csr_addr: 000 | csr_wdata: 00000000 | mscratch: 00000000
PC: 80001ef0 | Instr: 00000013 | rs1_d: 00000000 | rs2_d: 00000000 | alu_res: 00000000 | mem_w: 0 | reg_w: 1 | csr_w: 0 | csr_op: 00 | csr_addr: 000 | csr_wdata: 00000000 | mscratch: 00000000
PC: 80001ef4 | Instr: 00000013 | rs1_d: 00000000 | rs2_d: 00000000 | alu_res: 00000000 | mem_w: 0 | reg_w: 1 | csr_w: 0 | csr_op: 00 | csr_addr: 000 | csr_wdata: 00000000 | mscratch: 00000000
PC: 80001ef8 | Instr: 00000013 | rs1_d: 00000000 | rs2_d: 00000000 | alu_res: 00000000 | mem_w: 0 | reg_w: 1 | csr_w: 0 | csr_op: 00 | csr_addr: 000 | csr_wdata: 00000000 | mscratch: 00000000
PC: 80001efc | Instr: 00000013 | rs1_d: 00000000 | rs2_d: 00000000 | alu_res: 00000000 | mem_w: 0 | reg_w: 1 | csr_w: 0 | csr_op: 00 | csr_addr: 000 | csr_wdata: 00000000 | mscratch: 00000000
PC: 80001f00 | Instr: 01142027 | rs1_d: 80040000 | rs2_d: e6673849 | alu_res: 80040000 | mem_w: 1 | reg_w: 0 | csr_w: 0 | csr_op: 00 | csr_addr: 011 | csr_wdata: 80040000 | mscratch: 00000000
PC: 80001f04 | Instr: 00042403 | rs1_d: 80040000 | rs2_d: 00000000 | alu_res: 80040000 | mem_w: 0 | reg_w: 1 | csr_w: 0 | csr_op: 00 | csr_addr: 000 | csr_wdata: 80040000 | mscratch: 00000000
PC: 80001f08 | Instr: 0085a023 | rs1_d: 8004239c | rs2_d: cecb40f3 | alu_res: 8004239c | mem_w: 1 | reg_w: 0 | csr_w: 0 | csr_op: 00 | csr_addr: 008 | csr_wdata: 8004239c | mscratch: 00000000
PC: 80001f0c | Instr: 00000863 | rs1_d: 00000000 | rs2_d: 00000000 | alu_res: 00000000 | mem_w: 0 | reg_w: 0 | csr_w: 0 | csr_op: 00 | csr_addr: 000 | csr_wdata: 00000000 | mscratch: 00000000
PC: 80001f1c | Instr: 00458593 | rs1_d: 8004239c | rs2_d: 561d8308 | alu_res: 800423a0 | mem_w: 0 | reg_w: 1 | csr_w: 0 | csr_op: 00 | csr_addr: 004 | csr_wdata: 8004239c | mscratch: 00000000
PC: 80001f20 | Instr: 00102473 | rs1_d: 00000000 | rs2_d: 80040208 | alu_res: 80040208 | mem_w: 0 | reg_w: 1 | csr_w: 0 | csr_op: 10 | csr_addr: 001 | csr_wdata: 00000000 | mscratch: 00000000
PC: 80001f24 | Instr: 0085a023 | rs1_d: 800423a0 | rs2_d: 00000001 | alu_res: 800423a0 | mem_w: 1 | reg_w: 0 | csr_w: 0 | csr_op: 00 | csr_addr: 008 | csr_wdata: 800423a0 | mscratch: 00000000
PC: 80001f28 | Instr: 00000863 | rs1_d: 00000000 | rs2_d: 00000000 | alu_res: 00000000 | mem_w: 0 | reg_w: 0 | csr_w: 0 | csr_op: 00 | csr_addr: 000 | csr_wdata: 00000000 | mscratch: 00000000
PC: 80001f38 | Instr: 00458593 | rs1_d: 800423a0 | rs2_d: 561d8308 | alu_res: 800423a4 | mem_w: 0 | reg_w: 1 | csr_w: 0 | csr_op: 00 | csr_addr: 004 | csr_wdata: 800423a0 | mscratch: 00000000
PC: 80001f3c | Instr: 0000ab03 | rs1_d: 80040208 | rs2_d: 00000000 | alu_res: 80040208 | mem_w: 0 | reg_w: 1 | csr_w: 0 | csr_op: 00 | csr_addr: 000 | csr_wdata: 80040208 | mscratch: 00000000
PC: 80001f40 | Instr: 00408093 | rs1_d: 80040208 | rs2_d: 561d8308 | alu_res: 8004020c | mem_w: 0 | reg_w: 1 | csr_w: 0 | csr_op: 00 | csr_addr: 004 | csr_wdata: 80040208 | mscratch: 00000000
PC: 80001f44 | Instr: 00105073 | rs1_d: 00000000 | rs2_d: 8004020c | alu_res: 8004020c | mem_w: 0 | reg_w: 1 | csr_w: 1 | csr_op: 01 | csr_addr: 001 | csr_wdata: 00000000 | mscratch: 00000000
PC: 80001f48 | Instr: d00b7953 | rs1_d: f0205498 | rs2_d: 00000000 | alu_res: f0205498 | mem_w: 0 | reg_w: 0 | csr_w: 0 | csr_op: 00 | csr_addr: d00 | csr_wdata: f0205498 | mscratch: 00000000
PC: 80001f4c | Instr: 00000013 | rs1_d: 00000000 | rs2_d: 00000000 | alu_res: 00000000 | mem_w: 0 | reg_w: 1 | csr_w: 0 | csr_op: 00 | csr_addr: 000 | csr_wdata: 00000000 | mscratch: 00000000
PC: 80001f50 | Instr: 00000013 | rs1_d: 00000000 | rs2_d: 00000000 | alu_res: 00000000 | mem_w: 0 | reg_w: 1 | csr_w: 0 | csr_op: 00 | csr_addr: 000 | csr_wdata: 00000000 | mscratch: 00000000
PC: 80001f54 | Instr: 00000013 | rs1_d: 00000000 | rs2_d: 00000000 | alu_res: 00000000 | mem_w: 0 | reg_w: 1 | csr_w: 0 | csr_op: 00 | csr_addr: 000 | csr_wdata: 00000000 | mscratch: 00000000
PC: 80001f58 | Instr: 00000013 | rs1_d: 00000000 | rs2_d: 00000000 | alu_res: 00000000 | mem_w: 0 | reg_w: 1 | csr_w: 0 | csr_op: 00 | csr_addr: 000 | csr_wdata: 00000000 | mscratch: 00000000
PC: 80001f5c | Instr: 00000013 | rs1_d: 00000000 | rs2_d: 00000000 | alu_res: 00000000 | mem_w: 0 | reg_w: 1 | csr_w: 0 | csr_op: 00 | csr_addr: 000 | csr_wdata: 00000000 | mscratch: 00000000
PC: 80001f60 | Instr: 0003e417 | rs1_d: 6df56ff7 | rs2_d: 00000000 | alu_res: 8003ff60 | mem_w: 0 | reg_w: 1 | csr_w: 0 | csr_op: 00 | csr_addr: 000 | csr_wdata: 6df56ff7 | mscratch: 00000000
PC: 80001f64 | Instr: 0a040413 | rs1_d: 8003ff60 | rs2_d: 00000000 | alu_res: 80040000 | mem_w: 0 | reg_w: 1 | csr_w: 0 | csr_op: 00 | csr_addr: 0a0 | csr_wdata: 8003ff60 | mscratch: 00000000
PC: 80001f68 | Instr: 00000013 | rs1_d: 00000000 | rs2_d: 00000000 | alu_res: 00000000 | mem_w: 0 | reg_w: 1 | csr_w: 0 | csr_op: 00 | csr_addr: 000 | csr_wdata: 00000000 | mscratch: 00000000
PC: 80001f6c | Instr: 00000013 | rs1_d: 00000000 | rs2_d: 00000000 | alu_res: 00000000 | mem_w: 0 | reg_w: 1 | csr_w: 0 | csr_op: 00 | csr_addr: 000 | csr_wdata: 00000000 | mscratch: 00000000
PC: 80001f70 | Instr: 00000013 | rs1_d: 00000000 | rs2_d: 00000000 | alu_res: 00000000 | mem_w: 0 | reg_w: 1 | csr_w: 0 | csr_op: 00 | csr_addr: 000 | csr_wdata: 00000000 | mscratch: 00000000
PC: 80001f74 | Instr: 00000013 | rs1_d: 00000000 | rs2_d: 00000000 | alu_res: 00000000 | mem_w: 0 | reg_w: 1 | csr_w: 0 | csr_op: 00 | csr_addr: 000 | csr_wdata: 00000000 | mscratch: 00000000
PC: 80001f78 | Instr: 00000013 | rs1_d: 00000000 | rs2_d: 00000000 | alu_res: 00000000 | mem_w: 0 | reg_w: 1 | csr_w: 0 | csr_op: 00 | csr_addr: 000 | csr_wdata: 00000000 | mscratch: 00000000
PC: 80001f7c | Instr: 00000013 | rs1_d: 00000000 | rs2_d: 00000000 | alu_res: 00000000 | mem_w: 0 | reg_w: 1 | csr_w: 0 | csr_op: 00 | csr_addr: 000 | csr_wdata: 00000000 | mscratch: 00000000
PC: 80001f80 | Instr: 01242027 | rs1_d: 80040000 | rs2_d: e5634077 | alu_res: 80040000 | mem_w: 1 | reg_w: 0 | csr_w: 0 | csr_op: 00 | csr_addr: 012 | csr_wdata: 80040000 | mscratch: 00000000
PC: 80001f84 | Instr: 00042403 | rs1_d: 80040000 | rs2_d: 00000000 | alu_res: 80040000 | mem_w: 0 | reg_w: 1 | csr_w: 0 | csr_op: 00 | csr_addr: 000 | csr_wdata: 80040000 | mscratch: 00000000
PC: 80001f88 | Instr: 0085a023 | rs1_d: 800423a4 | rs2_d: cd7dfab6 | alu_res: 800423a4 | mem_w: 1 | reg_w: 0 | csr_w: 0 | csr_op: 00 | csr_addr: 008 | csr_wdata: 800423a4 | mscratch: 00000000
PC: 80001f8c | Instr: 00000863 | rs1_d: 00000000 | rs2_d: 00000000 | alu_res: 00000000 | mem_w: 0 | reg_w: 0 | csr_w: 0 | csr_op: 00 | csr_addr: 000 | csr_wdata: 00000000 | mscratch: 00000000
PC: 80001f9c | Instr: 00458593 | rs1_d: 800423a4 | rs2_d: 561d8308 | alu_res: 800423a8 | mem_w: 0 | reg_w: 1 | csr_w: 0 | csr_op: 00 | csr_addr: 004 | csr_wdata: 800423a4 | mscratch: 00000000
PC: 80001fa0 | Instr: 00102473 | rs1_d: 00000000 | rs2_d: 8004020c | alu_res: 8004020c | mem_w: 0 | reg_w: 1 | csr_w: 0 | csr_op: 10 | csr_addr: 001 | csr_wdata: 00000000 | mscratch: 00000000
PC: 80001fa4 | Instr: 0085a023 | rs1_d: 800423a8 | rs2_d: 00000001 | alu_res: 800423a8 | mem_w: 1 | reg_w: 0 | csr_w: 0 | csr_op: 00 | csr_addr: 008 | csr_wdata: 800423a8 | mscratch: 00000000
PC: 80001fa8 | Instr: 00000863 | rs1_d: 00000000 | rs2_d: 00000000 | alu_res: 00000000 | mem_w: 0 | reg_w: 0 | csr_w: 0 | csr_op: 00 | csr_addr: 000 | csr_wdata: 00000000 | mscratch: 00000000
PC: 80001fb8 | Instr: 00458593 | rs1_d: 800423a8 | rs2_d: 561d8308 | alu_res: 800423ac | mem_w: 0 | reg_w: 1 | csr_w: 0 | csr_op: 00 | csr_addr: 004 | csr_wdata: 800423a8 | mscratch: 00000000
PC: 80001fbc | Instr: 0000a803 | rs1_d: 8004020c | rs2_d: 00000000 | alu_res: 8004020c | mem_w: 0 | reg_w: 1 | csr_w: 0 | csr_op: 00 | csr_addr: 000 | csr_wdata: 8004020c | mscratch: 00000000
PC: 80001fc0 | Instr: 00408093 | rs1_d: 8004020c | rs2_d: 561d8308 | alu_res: 80040210 | mem_w: 0 | reg_w: 1 | csr_w: 0 | csr_op: 00 | csr_addr: 004 | csr_wdata: 8004020c | mscratch: 00000000
PC: 80001fc4 | Instr: 00105073 | rs1_d: 00000000 | rs2_d: 80040210 | alu_res: 80040210 | mem_w: 0 | reg_w: 1 | csr_w: 1 | csr_op: 01 | csr_addr: 001 | csr_wdata: 00000000 | mscratch: 00000000
PC: 80001fc8 | Instr: d00879d3 | rs1_d: 5517e060 | rs2_d: 00000000 | alu_res: 5517e060 | mem_w: 0 | reg_w: 0 | csr_w: 0 | csr_op: 00 | csr_addr: d00 | csr_wdata: 5517e060 | mscratch: 00000000
PC: 80001fcc | Instr: 00000013 | rs1_d: 00000000 | rs2_d: 00000000 | alu_res: 00000000 | mem_w: 0 | reg_w: 1 | csr_w: 0 | csr_op: 00 | csr_addr: 000 | csr_wdata: 00000000 | mscratch: 00000000
PC: 80001fd0 | Instr: 00000013 | rs1_d: 00000000 | rs2_d: 00000000 | alu_res: 00000000 | mem_w: 0 | reg_w: 1 | csr_w: 0 | csr_op: 00 | csr_addr: 000 | csr_wdata: 00000000 | mscratch: 00000000
PC: 80001fd4 | Instr: 00000013 | rs1_d: 00000000 | rs2_d: 00000000 | alu_res: 00000000 | mem_w: 0 | reg_w: 1 | csr_w: 0 | csr_op: 00 | csr_addr: 000 | csr_wdata: 00000000 | mscratch: 00000000
PC: 80001fd8 | Instr: 00000013 | rs1_d: 00000000 | rs2_d: 00000000 | alu_res: 00000000 | mem_w: 0 | reg_w: 1 | csr_w: 0 | csr_op: 00 | csr_addr: 000 | csr_wdata: 00000000 | mscratch: 00000000
PC: 80001fdc | Instr: 00000013 | rs1_d: 00000000 | rs2_d: 00000000 | alu_res: 00000000 | mem_w: 0 | reg_w: 1 | csr_w: 0 | csr_op: 00 | csr_addr: 000 | csr_wdata: 00000000 | mscratch: 00000000
PC: 80001fe0 | Instr: 0003e417 | rs1_d: 6df56ff7 | rs2_d: 00000000 | alu_res: 8003ffe0 | mem_w: 0 | reg_w: 1 | csr_w: 0 | csr_op: 00 | csr_addr: 000 | csr_wdata: 6df56ff7 | mscratch: 00000000
PC: 80001fe4 | Instr: 02040413 | rs1_d: 8003ffe0 | rs2_d: 00000000 | alu_res: 80040000 | mem_w: 0 | reg_w: 1 | csr_w: 0 | csr_op: 00 | csr_addr: 020 | csr_wdata: 8003ffe0 | mscratch: 00000000
PC: 80001fe8 | Instr: 00000013 | rs1_d: 00000000 | rs2_d: 00000000 | alu_res: 00000000 | mem_w: 0 | reg_w: 1 | csr_w: 0 | csr_op: 00 | csr_addr: 000 | csr_wdata: 00000000 | mscratch: 00000000
PC: 80001fec | Instr: 00000013 | rs1_d: 00000000 | rs2_d: 00000000 | alu_res: 00000000 | mem_w: 0 | reg_w: 1 | csr_w: 0 | csr_op: 00 | csr_addr: 000 | csr_wdata: 00000000 | mscratch: 00000000
PC: 80001ff0 | Instr: 00000013 | rs1_d: 00000000 | rs2_d: 00000000 | alu_res: 00000000 | mem_w: 0 | reg_w: 1 | csr_w: 0 | csr_op: 00 | csr_addr: 000 | csr_wdata: 00000000 | mscratch: 00000000
PC: 80001ff4 | Instr: 00000013 | rs1_d: 00000000 | rs2_d: 00000000 | alu_res: 00000000 | mem_w: 0 | reg_w: 1 | csr_w: 0 | csr_op: 00 | csr_addr: 000 | csr_wdata: 00000000 | mscratch: 00000000
PC: 80001ff8 | Instr: 00000013 | rs1_d: 00000000 | rs2_d: 00000000 | alu_res: 00000000 | mem_w: 0 | reg_w: 1 | csr_w: 0 | csr_op: 00 | csr_addr: 000 | csr_wdata: 00000000 | mscratch: 00000000
PC: 80001ffc | Instr: 00000013 | rs1_d: 00000000 | rs2_d: 00000000 | alu_res: 00000000 | mem_w: 0 | reg_w: 1 | csr_w: 0 | csr_op: 00 | csr_addr: 000 | csr_wdata: 00000000 | mscratch: 00000000
PC: 80002000 | Instr: 01342027 | rs1_d: 80040000 | rs2_d: 7fffffff | alu_res: 80040000 | mem_w: 1 | reg_w: 0 | csr_w: 0 | csr_op: 00 | csr_addr: 013 | csr_wdata: 80040000 | mscratch: 00000000
PC: 80002004 | Instr: 00042403 | rs1_d: 80040000 | rs2_d: 00000000 | alu_res: 80040000 | mem_w: 0 | reg_w: 1 | csr_w: 0 | csr_op: 00 | csr_addr: 000 | csr_wdata: 80040000 | mscratch: 00000000
PC: 80002008 | Instr: 0085a023 | rs1_d: 800423ac | rs2_d: 4eaa2fc1 | alu_res: 800423ac | mem_w: 1 | reg_w: 0 | csr_w: 0 | csr_op: 00 | csr_addr: 008 | csr_wdata: 800423ac | mscratch: 00000000
PC: 8000200c | Instr: 00000863 | rs1_d: 00000000 | rs2_d: 00000000 | alu_res: 00000000 | mem_w: 0 | reg_w: 0 | csr_w: 0 | csr_op: 00 | csr_addr: 000 | csr_wdata: 00000000 | mscratch: 00000000
PC: 8000201c | Instr: 00458593 | rs1_d: 800423ac | rs2_d: 561d8308 | alu_res: 800423b0 | mem_w: 0 | reg_w: 1 | csr_w: 0 | csr_op: 00 | csr_addr: 004 | csr_wdata: 800423ac | mscratch: 00000000
PC: 80002020 | Instr: 00102473 | rs1_d: 00000000 | rs2_d: 80040210 | alu_res: 80040210 | mem_w: 0 | reg_w: 1 | csr_w: 0 | csr_op: 10 | csr_addr: 001 | csr_wdata: 00000000 | mscratch: 00000000
PC: 80002024 | Instr: 0085a023 | rs1_d: 800423b0 | rs2_d: 00000001 | alu_res: 800423b0 | mem_w: 1 | reg_w: 0 | csr_w: 0 | csr_op: 00 | csr_addr: 008 | csr_wdata: 800423b0 | mscratch: 00000000
PC: 80002028 | Instr: 00000863 | rs1_d: 00000000 | rs2_d: 00000000 | alu_res: 00000000 | mem_w: 0 | reg_w: 0 | csr_w: 0 | csr_op: 00 | csr_addr: 000 | csr_wdata: 00000000 | mscratch: 00000000
PC: 80002038 | Instr: 00458593 | rs1_d: 800423b0 | rs2_d: 561d8308 | alu_res: 800423b4 | mem_w: 0 | reg_w: 1 | csr_w: 0 | csr_op: 00 | csr_addr: 004 | csr_wdata: 800423b0 | mscratch: 00000000
PC: 8000203c | Instr: 0000ae83 | rs1_d: 80040210 | rs2_d: 00000000 | alu_res: 80040210 | mem_w: 0 | reg_w: 1 | csr_w: 0 | csr_op: 00 | csr_addr: 000 | csr_wdata: 80040210 | mscratch: 00000000
PC: 80002040 | Instr: 00408093 | rs1_d: 80040210 | rs2_d: 561d8308 | alu_res: 80040214 | mem_w: 0 | reg_w: 1 | csr_w: 0 | csr_op: 00 | csr_addr: 004 | csr_wdata: 80040210 | mscratch: 00000000
PC: 80002044 | Instr: 00105073 | rs1_d: 00000000 | rs2_d: 80040214 | alu_res: 80040214 | mem_w: 0 | reg_w: 1 | csr_w: 1 | csr_op: 01 | csr_addr: 001 | csr_wdata: 00000000 | mscratch: 00000000
PC: 80002048 | Instr: d00efa53 | rs1_d: 92ad5b92 | rs2_d: 00000000 | alu_res: 92ad5b92 | mem_w: 0 | reg_w: 0 | csr_w: 0 | csr_op: 00 | csr_addr: d00 | csr_wdata: 92ad5b92 | mscratch: 00000000
PC: 8000204c | Instr: 00000013 | rs1_d: 00000000 | rs2_d: 00000000 | alu_res: 00000000 | mem_w: 0 | reg_w: 1 | csr_w: 0 | csr_op: 00 | csr_addr: 000 | csr_wdata: 00000000 | mscratch: 00000000
PC: 80002050 | Instr: 00000013 | rs1_d: 00000000 | rs2_d: 00000000 | alu_res: 00000000 | mem_w: 0 | reg_w: 1 | csr_w: 0 | csr_op: 00 | csr_addr: 000 | csr_wdata: 00000000 | mscratch: 00000000
PC: 80002054 | Instr: 00000013 | rs1_d: 00000000 | rs2_d: 00000000 | alu_res: 00000000 | mem_w: 0 | reg_w: 1 | csr_w: 0 | csr_op: 00 | csr_addr: 000 | csr_wdata: 00000000 | mscratch: 00000000
PC: 80002058 | Instr: 00000013 | rs1_d: 00000000 | rs2_d: 00000000 | alu_res: 00000000 | mem_w: 0 | reg_w: 1 | csr_w: 0 | csr_op: 00 | csr_addr: 000 | csr_wdata: 00000000 | mscratch: 00000000
PC: 8000205c | Instr: 00000013 | rs1_d: 00000000 | rs2_d: 00000000 | alu_res: 00000000 | mem_w: 0 | reg_w: 1 | csr_w: 0 | csr_op: 00 | csr_addr: 000 | csr_wdata: 00000000 | mscratch: 00000000
PC: 80002060 | Instr: 0003e417 | rs1_d: 6df56ff7 | rs2_d: 00000000 | alu_res: 80040060 | mem_w: 0 | reg_w: 1 | csr_w: 0 | csr_op: 00 | csr_addr: 000 | csr_wdata: 6df56ff7 | mscratch: 00000000
PC: 80002064 | Instr: fa040413 | rs1_d: 80040060 | rs2_d: 00000000 | alu_res: 80040000 | mem_w: 0 | reg_w: 1 | csr_w: 0 | csr_op: 00 | csr_addr: fa0 | csr_wdata: 80040060 | mscratch: 00000000
PC: 80002068 | Instr: 00000013 | rs1_d: 00000000 | rs2_d: 00000000 | alu_res: 00000000 | mem_w: 0 | reg_w: 1 | csr_w: 0 | csr_op: 00 | csr_addr: 000 | csr_wdata: 00000000 | mscratch: 00000000
PC: 8000206c | Instr: 00000013 | rs1_d: 00000000 | rs2_d: 00000000 | alu_res: 00000000 | mem_w: 0 | reg_w: 1 | csr_w: 0 | csr_op: 00 | csr_addr: 000 | csr_wdata: 00000000 | mscratch: 00000000
PC: 80002070 | Instr: 00000013 | rs1_d: 00000000 | rs2_d: 00000000 | alu_res: 00000000 | mem_w: 0 | reg_w: 1 | csr_w: 0 | csr_op: 00 | csr_addr: 000 | csr_wdata: 00000000 | mscratch: 00000000
PC: 80002074 | Instr: 00000013 | rs1_d: 00000000 | rs2_d: 00000000 | alu_res: 00000000 | mem_w: 0 | reg_w: 1 | csr_w: 0 | csr_op: 00 | csr_addr: 000 | csr_wdata: 00000000 | mscratch: 00000000
PC: 80002078 | Instr: 00000013 | rs1_d: 00000000 | rs2_d: 00000000 | alu_res: 00000000 | mem_w: 0 | reg_w: 1 | csr_w: 0 | csr_op: 00 | csr_addr: 000 | csr_wdata: 00000000 | mscratch: 00000000
PC: 8000207c | Instr: 00000013 | rs1_d: 00000000 | rs2_d: 00000000 | alu_res: 00000000 | mem_w: 0 | reg_w: 1 | csr_w: 0 | csr_op: 00 | csr_addr: 000 | csr_wdata: 00000000 | mscratch: 00000000
PC: 80002080 | Instr: 01442027 | rs1_d: 80040000 | rs2_d: c8c501cf | alu_res: 80040000 | mem_w: 1 | reg_w: 0 | csr_w: 0 | csr_op: 00 | csr_addr: 014 | csr_wdata: 80040000 | mscratch: 00000000
PC: 80002084 | Instr: 00042403 | rs1_d: 80040000 | rs2_d: 00000000 | alu_res: 80040000 | mem_w: 0 | reg_w: 1 | csr_w: 0 | csr_op: 00 | csr_addr: 000 | csr_wdata: 80040000 | mscratch: 00000000
PC: 80002088 | Instr: 0085a023 | rs1_d: 800423b4 | rs2_d: cedaa549 | alu_res: 800423b4 | mem_w: 1 | reg_w: 0 | csr_w: 0 | csr_op: 00 | csr_addr: 008 | csr_wdata: 800423b4 | mscratch: 00000000
PC: 8000208c | Instr: 00000863 | rs1_d: 00000000 | rs2_d: 00000000 | alu_res: 00000000 | mem_w: 0 | reg_w: 0 | csr_w: 0 | csr_op: 00 | csr_addr: 000 | csr_wdata: 00000000 | mscratch: 00000000
PC: 8000209c | Instr: 00458593 | rs1_d: 800423b4 | rs2_d: 561d8308 | alu_res: 800423b8 | mem_w: 0 | reg_w: 1 | csr_w: 0 | csr_op: 00 | csr_addr: 004 | csr_wdata: 800423b4 | mscratch: 00000000
PC: 800020a0 | Instr: 00102473 | rs1_d: 00000000 | rs2_d: 80040214 | alu_res: 80040214 | mem_w: 0 | reg_w: 1 | csr_w: 0 | csr_op: 10 | csr_addr: 001 | csr_wdata: 00000000 | mscratch: 00000000
PC: 800020a4 | Instr: 0085a023 | rs1_d: 800423b8 | rs2_d: 00000001 | alu_res: 800423b8 | mem_w: 1 | reg_w: 0 | csr_w: 0 | csr_op: 00 | csr_addr: 008 | csr_wdata: 800423b8 | mscratch: 00000000
PC: 800020a8 | Instr: 00000863 | rs1_d: 00000000 | rs2_d: 00000000 | alu_res: 00000000 | mem_w: 0 | reg_w: 0 | csr_w: 0 | csr_op: 00 | csr_addr: 000 | csr_wdata: 00000000 | mscratch: 00000000
PC: 800020b8 | Instr: 00458593 | rs1_d: 800423b8 | rs2_d: 561d8308 | alu_res: 800423bc | mem_w: 0 | reg_w: 1 | csr_w: 0 | csr_op: 00 | csr_addr: 004 | csr_wdata: 800423b8 | mscratch: 00000000
PC: 800020bc | Instr: 0000a183 | rs1_d: 80040214 | rs2_d: 00000000 | alu_res: 80040214 | mem_w: 0 | reg_w: 1 | csr_w: 0 | csr_op: 00 | csr_addr: 000 | csr_wdata: 80040214 | mscratch: 00000000
PC: 800020c0 | Instr: 00408093 | rs1_d: 80040214 | rs2_d: 561d8308 | alu_res: 80040218 | mem_w: 0 | reg_w: 1 | csr_w: 0 | csr_op: 00 | csr_addr: 004 | csr_wdata: 80040214 | mscratch: 00000000
PC: 800020c4 | Instr: 00105073 | rs1_d: 00000000 | rs2_d: 80040218 | alu_res: 80040218 | mem_w: 0 | reg_w: 1 | csr_w: 1 | csr_op: 01 | csr_addr: 001 | csr_wdata: 00000000 | mscratch: 00000000
PC: 800020c8 | Instr: d001fad3 | rs1_d: 45be1c44 | rs2_d: 00000000 | alu_res: 45be1c44 | mem_w: 0 | reg_w: 0 | csr_w: 0 | csr_op: 00 | csr_addr: d00 | csr_wdata: 45be1c44 | mscratch: 00000000
PC: 800020cc | Instr: 00000013 | rs1_d: 00000000 | rs2_d: 00000000 | alu_res: 00000000 | mem_w: 0 | reg_w: 1 | csr_w: 0 | csr_op: 00 | csr_addr: 000 | csr_wdata: 00000000 | mscratch: 00000000
PC: 800020d0 | Instr: 00000013 | rs1_d: 00000000 | rs2_d: 00000000 | alu_res: 00000000 | mem_w: 0 | reg_w: 1 | csr_w: 0 | csr_op: 00 | csr_addr: 000 | csr_wdata: 00000000 | mscratch: 00000000
PC: 800020d4 | Instr: 00000013 | rs1_d: 00000000 | rs2_d: 00000000 | alu_res: 00000000 | mem_w: 0 | reg_w: 1 | csr_w: 0 | csr_op: 00 | csr_addr: 000 | csr_wdata: 00000000 | mscratch: 00000000
PC: 800020d8 | Instr: 00000013 | rs1_d: 00000000 | rs2_d: 00000000 | alu_res: 00000000 | mem_w: 0 | reg_w: 1 | csr_w: 0 | csr_op: 00 | csr_addr: 000 | csr_wdata: 00000000 | mscratch: 00000000
PC: 800020dc | Instr: 00000013 | rs1_d: 00000000 | rs2_d: 00000000 | alu_res: 00000000 | mem_w: 0 | reg_w: 1 | csr_w: 0 | csr_op: 00 | csr_addr: 000 | csr_wdata: 00000000 | mscratch: 00000000
PC: 800020e0 | Instr: 0003e417 | rs1_d: 6df56ff7 | rs2_d: 00000000 | alu_res: 800400e0 | mem_w: 0 | reg_w: 1 | csr_w: 0 | csr_op: 00 | csr_addr: 000 | csr_wdata: 6df56ff7 | mscratch: 00000000
PC: 800020e4 | Instr: f2040413 | rs1_d: 800400e0 | rs2_d: 00000000 | alu_res: 80040000 | mem_w: 0 | reg_w: 1 | csr_w: 0 | csr_op: 00 | csr_addr: f20 | csr_wdata: 800400e0 | mscratch: 00000000
PC: 800020e8 | Instr: 00000013 | rs1_d: 00000000 | rs2_d: 00000000 | alu_res: 00000000 | mem_w: 0 | reg_w: 1 | csr_w: 0 | csr_op: 00 | csr_addr: 000 | csr_wdata: 00000000 | mscratch: 00000000
PC: 800020ec | Instr: 00000013 | rs1_d: 00000000 | rs2_d: 00000000 | alu_res: 00000000 | mem_w: 0 | reg_w: 1 | csr_w: 0 | csr_op: 00 | csr_addr: 000 | csr_wdata: 00000000 | mscratch: 00000000
PC: 800020f0 | Instr: 00000013 | rs1_d: 00000000 | rs2_d: 00000000 | alu_res: 00000000 | mem_w: 0 | reg_w: 1 | csr_w: 0 | csr_op: 00 | csr_addr: 000 | csr_wdata: 00000000 | mscratch: 00000000
PC: 800020f4 | Instr: 00000013 | rs1_d: 00000000 | rs2_d: 00000000 | alu_res: 00000000 | mem_w: 0 | reg_w: 1 | csr_w: 0 | csr_op: 00 | csr_addr: 000 | csr_wdata: 00000000 | mscratch: 00000000
PC: 800020f8 | Instr: 00000013 | rs1_d: 00000000 | rs2_d: 00000000 | alu_res: 00000000 | mem_w: 0 | reg_w: 1 | csr_w: 0 | csr_op: 00 | csr_addr: 000 | csr_wdata: 00000000 | mscratch: 00000000
PC: 800020fc | Instr: 00000013 | rs1_d: 00000000 | rs2_d: 00000000 | alu_res: 00000000 | mem_w: 0 | reg_w: 1 | csr_w: 0 | csr_op: 00 | csr_addr: 000 | csr_wdata: 00000000 | mscratch: 00000000
PC: 80002100 | Instr: 01542027 | rs1_d: 80040000 | rs2_d: ad191a4d | alu_res: 80040000 | mem_w: 1 | reg_w: 0 | csr_w: 0 | csr_op: 00 | csr_addr: 015 | csr_wdata: 80040000 | mscratch: 00000000
PC: 80002104 | Instr: 00042403 | rs1_d: 80040000 | rs2_d: 00000000 | alu_res: 80040000 | mem_w: 0 | reg_w: 1 | csr_w: 0 | csr_op: 00 | csr_addr: 000 | csr_wdata: 80040000 | mscratch: 00000000
PC: 80002108 | Instr: 0085a023 | rs1_d: 800423bc | rs2_d: 4e8b7c39 | alu_res: 800423bc | mem_w: 1 | reg_w: 0 | csr_w: 0 | csr_op: 00 | csr_addr: 008 | csr_wdata: 800423bc | mscratch: 00000000
PC: 8000210c | Instr: 00000863 | rs1_d: 00000000 | rs2_d: 00000000 | alu_res: 00000000 | mem_w: 0 | reg_w: 0 | csr_w: 0 | csr_op: 00 | csr_addr: 000 | csr_wdata: 00000000 | mscratch: 00000000
PC: 8000211c | Instr: 00458593 | rs1_d: 800423bc | rs2_d: 561d8308 | alu_res: 800423c0 | mem_w: 0 | reg_w: 1 | csr_w: 0 | csr_op: 00 | csr_addr: 004 | csr_wdata: 800423bc | mscratch: 00000000
PC: 80002120 | Instr: 00102473 | rs1_d: 00000000 | rs2_d: 80040218 | alu_res: 80040218 | mem_w: 0 | reg_w: 1 | csr_w: 0 | csr_op: 10 | csr_addr: 001 | csr_wdata: 00000000 | mscratch: 00000000
PC: 80002124 | Instr: 0085a023 | rs1_d: 800423c0 | rs2_d: 00000001 | alu_res: 800423c0 | mem_w: 1 | reg_w: 0 | csr_w: 0 | csr_op: 00 | csr_addr: 008 | csr_wdata: 800423c0 | mscratch: 00000000
PC: 80002128 | Instr: 00000863 | rs1_d: 00000000 | rs2_d: 00000000 | alu_res: 00000000 | mem_w: 0 | reg_w: 0 | csr_w: 0 | csr_op: 00 | csr_addr: 000 | csr_wdata: 00000000 | mscratch: 00000000
PC: 80002138 | Instr: 00458593 | rs1_d: 800423c0 | rs2_d: 561d8308 | alu_res: 800423c4 | mem_w: 0 | reg_w: 1 | csr_w: 0 | csr_op: 00 | csr_addr: 004 | csr_wdata: 800423c0 | mscratch: 00000000
PC: 8000213c | Instr: 0000ab83 | rs1_d: 80040218 | rs2_d: 00000000 | alu_res: 80040218 | mem_w: 0 | reg_w: 1 | csr_w: 0 | csr_op: 00 | csr_addr: 000 | csr_wdata: 80040218 | mscratch: 00000000
PC: 80002140 | Instr: 00408093 | rs1_d: 80040218 | rs2_d: 561d8308 | alu_res: 8004021c | mem_w: 0 | reg_w: 1 | csr_w: 0 | csr_op: 00 | csr_addr: 004 | csr_wdata: 80040218 | mscratch: 00000000
PC: 80002144 | Instr: 00105073 | rs1_d: 00000000 | rs2_d: 8004021c | alu_res: 8004021c | mem_w: 0 | reg_w: 1 | csr_w: 1 | csr_op: 01 | csr_addr: 001 | csr_wdata: 00000000 | mscratch: 00000000
PC: 80002148 | Instr: d00bfb53 | rs1_d: 3c079084 | rs2_d: 00000000 | alu_res: 3c079084 | mem_w: 0 | reg_w: 0 | csr_w: 0 | csr_op: 00 | csr_addr: d00 | csr_wdata: 3c079084 | mscratch: 00000000
PC: 8000214c | Instr: 00000013 | rs1_d: 00000000 | rs2_d: 00000000 | alu_res: 00000000 | mem_w: 0 | reg_w: 1 | csr_w: 0 | csr_op: 00 | csr_addr: 000 | csr_wdata: 00000000 | mscratch: 00000000
PC: 80002150 | Instr: 00000013 | rs1_d: 00000000 | rs2_d: 00000000 | alu_res: 00000000 | mem_w: 0 | reg_w: 1 | csr_w: 0 | csr_op: 00 | csr_addr: 000 | csr_wdata: 00000000 | mscratch: 00000000
PC: 80002154 | Instr: 00000013 | rs1_d: 00000000 | rs2_d: 00000000 | alu_res: 00000000 | mem_w: 0 | reg_w: 1 | csr_w: 0 | csr_op: 00 | csr_addr: 000 | csr_wdata: 00000000 | mscratch: 00000000
PC: 80002158 | Instr: 00000013 | rs1_d: 00000000 | rs2_d: 00000000 | alu_res: 00000000 | mem_w: 0 | reg_w: 1 | csr_w: 0 | csr_op: 00 | csr_addr: 000 | csr_wdata: 00000000 | mscratch: 00000000
PC: 8000215c | Instr: 00000013 | rs1_d: 00000000 | rs2_d: 00000000 | alu_res: 00000000 | mem_w: 0 | reg_w: 1 | csr_w: 0 | csr_op: 00 | csr_addr: 000 | csr_wdata: 00000000 | mscratch: 00000000
PC: 80002160 | Instr: 0003e417 | rs1_d: 6df56ff7 | rs2_d: 00000000 | alu_res: 80040160 | mem_w: 0 | reg_w: 1 | csr_w: 0 | csr_op: 00 | csr_addr: 000 | csr_wdata: 6df56ff7 | mscratch: 00000000
PC: 80002164 | Instr: ea040413 | rs1_d: 80040160 | rs2_d: 00000000 | alu_res: 80040000 | mem_w: 0 | reg_w: 1 | csr_w: 0 | csr_op: 00 | csr_addr: ea0 | csr_wdata: 80040160 | mscratch: 00000000
PC: 80002168 | Instr: 00000013 | rs1_d: 00000000 | rs2_d: 00000000 | alu_res: 00000000 | mem_w: 0 | reg_w: 1 | csr_w: 0 | csr_op: 00 | csr_addr: 000 | csr_wdata: 00000000 | mscratch: 00000000
PC: 8000216c | Instr: 00000013 | rs1_d: 00000000 | rs2_d: 00000000 | alu_res: 00000000 | mem_w: 0 | reg_w: 1 | csr_w: 0 | csr_op: 00 | csr_addr: 000 | csr_wdata: 00000000 | mscratch: 00000000
PC: 80002170 | Instr: 00000013 | rs1_d: 00000000 | rs2_d: 00000000 | alu_res: 00000000 | mem_w: 0 | reg_w: 1 | csr_w: 0 | csr_op: 00 | csr_addr: 000 | csr_wdata: 00000000 | mscratch: 00000000
PC: 80002174 | Instr: 00000013 | rs1_d: 00000000 | rs2_d: 00000000 | alu_res: 00000000 | mem_w: 0 | reg_w: 1 | csr_w: 0 | csr_op: 00 | csr_addr: 000 | csr_wdata: 00000000 | mscratch: 00000000
PC: 80002178 | Instr: 00000013 | rs1_d: 00000000 | rs2_d: 00000000 | alu_res: 00000000 | mem_w: 0 | reg_w: 1 | csr_w: 0 | csr_op: 00 | csr_addr: 000 | csr_wdata: 00000000 | mscratch: 00000000
PC: 8000217c | Instr: 00000013 | rs1_d: 00000000 | rs2_d: 00000000 | alu_res: 00000000 | mem_w: 0 | reg_w: 1 | csr_w: 0 | csr_op: 00 | csr_addr: 000 | csr_wdata: 00000000 | mscratch: 00000000
PC: 80002180 | Instr: 01642027 | rs1_d: 80040000 | rs2_d: f0205498 | alu_res: 80040000 | mem_w: 1 | reg_w: 0 | csr_w: 0 | csr_op: 00 | csr_addr: 016 | csr_wdata: 80040000 | mscratch: 00000000
PC: 80002184 | Instr: 00042403 | rs1_d: 80040000 | rs2_d: 00000000 | alu_res: 80040000 | mem_w: 0 | reg_w: 1 | csr_w: 0 | csr_op: 00 | csr_addr: 000 | csr_wdata: 80040000 | mscratch: 00000000
PC: 80002188 | Instr: 0085a023 | rs1_d: 800423c4 | rs2_d: 4e701e42 | alu_res: 800423c4 | mem_w: 1 | reg_w: 0 | csr_w: 0 | csr_op: 00 | csr_addr: 008 | csr_wdata: 800423c4 | mscratch: 00000000
PC: 8000218c | Instr: 00000863 | rs1_d: 00000000 | rs2_d: 00000000 | alu_res: 00000000 | mem_w: 0 | reg_w: 0 | csr_w: 0 | csr_op: 00 | csr_addr: 000 | csr_wdata: 00000000 | mscratch: 00000000
PC: 8000219c | Instr: 00458593 | rs1_d: 800423c4 | rs2_d: 561d8308 | alu_res: 800423c8 | mem_w: 0 | reg_w: 1 | csr_w: 0 | csr_op: 00 | csr_addr: 004 | csr_wdata: 800423c4 | mscratch: 00000000
PC: 800021a0 | Instr: 00102473 | rs1_d: 00000000 | rs2_d: 8004021c | alu_res: 8004021c | mem_w: 0 | reg_w: 1 | csr_w: 0 | csr_op: 10 | csr_addr: 001 | csr_wdata: 00000000 | mscratch: 00000000
PC: 800021a4 | Instr: 0085a023 | rs1_d: 800423c8 | rs2_d: 00000001 | alu_res: 800423c8 | mem_w: 1 | reg_w: 0 | csr_w: 0 | csr_op: 00 | csr_addr: 008 | csr_wdata: 800423c8 | mscratch: 00000000
PC: 800021a8 | Instr: 00000863 | rs1_d: 00000000 | rs2_d: 00000000 | alu_res: 00000000 | mem_w: 0 | reg_w: 0 | csr_w: 0 | csr_op: 00 | csr_addr: 000 | csr_wdata: 00000000 | mscratch: 00000000
PC: 800021b8 | Instr: 00458593 | rs1_d: 800423c8 | rs2_d: 561d8308 | alu_res: 800423cc | mem_w: 0 | reg_w: 1 | csr_w: 0 | csr_op: 00 | csr_addr: 004 | csr_wdata: 800423c8 | mscratch: 00000000
PC: 800021bc | Instr: 0000aa03 | rs1_d: 8004021c | rs2_d: 00000000 | alu_res: 8004021c | mem_w: 0 | reg_w: 1 | csr_w: 0 | csr_op: 00 | csr_addr: 000 | csr_wdata: 8004021c | mscratch: 00000000
PC: 800021c0 | Instr: 00408093 | rs1_d: 8004021c | rs2_d: 561d8308 | alu_res: 80040220 | mem_w: 0 | reg_w: 1 | csr_w: 0 | csr_op: 00 | csr_addr: 004 | csr_wdata: 8004021c | mscratch: 00000000
PC: 800021c4 | Instr: 00105073 | rs1_d: 00000000 | rs2_d: 80040220 | alu_res: 80040220 | mem_w: 0 | reg_w: 1 | csr_w: 1 | csr_op: 01 | csr_addr: 001 | csr_wdata: 00000000 | mscratch: 00000000
PC: 800021c8 | Instr: d00a7bd3 | rs1_d: 4d770a51 | rs2_d: 00000000 | alu_res: 4d770a51 | mem_w: 0 | reg_w: 0 | csr_w: 0 | csr_op: 00 | csr_addr: d00 | csr_wdata: 4d770a51 | mscratch: 00000000
PC: 800021cc | Instr: 00000013 | rs1_d: 00000000 | rs2_d: 00000000 | alu_res: 00000000 | mem_w: 0 | reg_w: 1 | csr_w: 0 | csr_op: 00 | csr_addr: 000 | csr_wdata: 00000000 | mscratch: 00000000
PC: 800021d0 | Instr: 00000013 | rs1_d: 00000000 | rs2_d: 00000000 | alu_res: 00000000 | mem_w: 0 | reg_w: 1 | csr_w: 0 | csr_op: 00 | csr_addr: 000 | csr_wdata: 00000000 | mscratch: 00000000
PC: 800021d4 | Instr: 00000013 | rs1_d: 00000000 | rs2_d: 00000000 | alu_res: 00000000 | mem_w: 0 | reg_w: 1 | csr_w: 0 | csr_op: 00 | csr_addr: 000 | csr_wdata: 00000000 | mscratch: 00000000
PC: 800021d8 | Instr: 00000013 | rs1_d: 00000000 | rs2_d: 00000000 | alu_res: 00000000 | mem_w: 0 | reg_w: 1 | csr_w: 0 | csr_op: 00 | csr_addr: 000 | csr_wdata: 00000000 | mscratch: 00000000
PC: 800021dc | Instr: 00000013 | rs1_d: 00000000 | rs2_d: 00000000 | alu_res: 00000000 | mem_w: 0 | reg_w: 1 | csr_w: 0 | csr_op: 00 | csr_addr: 000 | csr_wdata: 00000000 | mscratch: 00000000
PC: 800021e0 | Instr: 0003e417 | rs1_d: 6df56ff7 | rs2_d: 00000000 | alu_res: 800401e0 | mem_w: 0 | reg_w: 1 | csr_w: 0 | csr_op: 00 | csr_addr: 000 | csr_wdata: 6df56ff7 | mscratch: 00000000
PC: 800021e4 | Instr: e2040413 | rs1_d: 800401e0 | rs2_d: 00000000 | alu_res: 80040000 | mem_w: 0 | reg_w: 1 | csr_w: 0 | csr_op: 00 | csr_addr: e20 | csr_wdata: 800401e0 | mscratch: 00000000
PC: 800021e8 | Instr: 00000013 | rs1_d: 00000000 | rs2_d: 00000000 | alu_res: 00000000 | mem_w: 0 | reg_w: 1 | csr_w: 0 | csr_op: 00 | csr_addr: 000 | csr_wdata: 00000000 | mscratch: 00000000
PC: 800021ec | Instr: 00000013 | rs1_d: 00000000 | rs2_d: 00000000 | alu_res: 00000000 | mem_w: 0 | reg_w: 1 | csr_w: 0 | csr_op: 00 | csr_addr: 000 | csr_wdata: 00000000 | mscratch: 00000000
PC: 800021f0 | Instr: 00000013 | rs1_d: 00000000 | rs2_d: 00000000 | alu_res: 00000000 | mem_w: 0 | reg_w: 1 | csr_w: 0 | csr_op: 00 | csr_addr: 000 | csr_wdata: 00000000 | mscratch: 00000000
PC: 800021f4 | Instr: 00000013 | rs1_d: 00000000 | rs2_d: 00000000 | alu_res: 00000000 | mem_w: 0 | reg_w: 1 | csr_w: 0 | csr_op: 00 | csr_addr: 000 | csr_wdata: 00000000 | mscratch: 00000000
PC: 800021f8 | Instr: 00000013 | rs1_d: 00000000 | rs2_d: 00000000 | alu_res: 00000000 | mem_w: 0 | reg_w: 1 | csr_w: 0 | csr_op: 00 | csr_addr: 000 | csr_wdata: 00000000 | mscratch: 00000000
PC: 800021fc | Instr: 00000013 | rs1_d: 00000000 | rs2_d: 00000000 | alu_res: 00000000 | mem_w: 0 | reg_w: 1 | csr_w: 0 | csr_op: 00 | csr_addr: 000 | csr_wdata: 00000000 | mscratch: 00000000
PC: 80002200 | Instr: 01742027 | rs1_d: 80040000 | rs2_d: 3c079084 | alu_res: 80040000 | mem_w: 1 | reg_w: 0 | csr_w: 0 | csr_op: 00 | csr_addr: 017 | csr_wdata: 80040000 | mscratch: 00000000
PC: 80002204 | Instr: 00042403 | rs1_d: 80040000 | rs2_d: 00000000 | alu_res: 80040000 | mem_w: 0 | reg_w: 1 | csr_w: 0 | csr_op: 00 | csr_addr: 000 | csr_wdata: 80040000 | mscratch: 00000000
PC: 80002208 | Instr: 0085a023 | rs1_d: 800423cc | rs2_d: 4e9aee15 | alu_res: 800423cc | mem_w: 1 | reg_w: 0 | csr_w: 0 | csr_op: 00 | csr_addr: 008 | csr_wdata: 800423cc | mscratch: 00000000
PC: 8000220c | Instr: 00000863 | rs1_d: 00000000 | rs2_d: 00000000 | alu_res: 00000000 | mem_w: 0 | reg_w: 0 | csr_w: 0 | csr_op: 00 | csr_addr: 000 | csr_wdata: 00000000 | mscratch: 00000000
PC: 8000221c | Instr: 00458593 | rs1_d: 800423cc | rs2_d: 561d8308 | alu_res: 800423d0 | mem_w: 0 | reg_w: 1 | csr_w: 0 | csr_op: 00 | csr_addr: 004 | csr_wdata: 800423cc | mscratch: 00000000
PC: 80002220 | Instr: 00102473 | rs1_d: 00000000 | rs2_d: 80040220 | alu_res: 80040220 | mem_w: 0 | reg_w: 1 | csr_w: 0 | csr_op: 10 | csr_addr: 001 | csr_wdata: 00000000 | mscratch: 00000000
PC: 80002224 | Instr: 0085a023 | rs1_d: 800423d0 | rs2_d: 00000001 | alu_res: 800423d0 | mem_w: 1 | reg_w: 0 | csr_w: 0 | csr_op: 00 | csr_addr: 008 | csr_wdata: 800423d0 | mscratch: 00000000
PC: 80002228 | Instr: 00000863 | rs1_d: 00000000 | rs2_d: 00000000 | alu_res: 00000000 | mem_w: 0 | reg_w: 0 | csr_w: 0 | csr_op: 00 | csr_addr: 000 | csr_wdata: 00000000 | mscratch: 00000000
PC: 80002238 | Instr: 00458593 | rs1_d: 800423d0 | rs2_d: 561d8308 | alu_res: 800423d4 | mem_w: 0 | reg_w: 1 | csr_w: 0 | csr_op: 00 | csr_addr: 004 | csr_wdata: 800423d0 | mscratch: 00000000
PC: 8000223c | Instr: 0000ad83 | rs1_d: 80040220 | rs2_d: 00000000 | alu_res: 80040220 | mem_w: 0 | reg_w: 1 | csr_w: 0 | csr_op: 00 | csr_addr: 000 | csr_wdata: 80040220 | mscratch: 00000000
PC: 80002240 | Instr: 00408093 | rs1_d: 80040220 | rs2_d: 561d8308 | alu_res: 80040224 | mem_w: 0 | reg_w: 1 | csr_w: 0 | csr_op: 00 | csr_addr: 004 | csr_wdata: 80040220 | mscratch: 00000000
PC: 80002244 | Instr: 00105073 | rs1_d: 00000000 | rs2_d: 80040224 | alu_res: 80040224 | mem_w: 0 | reg_w: 1 | csr_w: 1 | csr_op: 01 | csr_addr: 001 | csr_wdata: 00000000 | mscratch: 00000000
PC: 80002248 | Instr: d00dfc53 | rs1_d: 51c85d6c | rs2_d: 00000000 | alu_res: 51c85d6c | mem_w: 0 | reg_w: 0 | csr_w: 0 | csr_op: 00 | csr_addr: d00 | csr_wdata: 51c85d6c | mscratch: 00000000
PC: 8000224c | Instr: 00000013 | rs1_d: 00000000 | rs2_d: 00000000 | alu_res: 00000000 | mem_w: 0 | reg_w: 1 | csr_w: 0 | csr_op: 00 | csr_addr: 000 | csr_wdata: 00000000 | mscratch: 00000000
PC: 80002250 | Instr: 00000013 | rs1_d: 00000000 | rs2_d: 00000000 | alu_res: 00000000 | mem_w: 0 | reg_w: 1 | csr_w: 0 | csr_op: 00 | csr_addr: 000 | csr_wdata: 00000000 | mscratch: 00000000
PC: 80002254 | Instr: 00000013 | rs1_d: 00000000 | rs2_d: 00000000 | alu_res: 00000000 | mem_w: 0 | reg_w: 1 | csr_w: 0 | csr_op: 00 | csr_addr: 000 | csr_wdata: 00000000 | mscratch: 00000000
PC: 80002258 | Instr: 00000013 | rs1_d: 00000000 | rs2_d: 00000000 | alu_res: 00000000 | mem_w: 0 | reg_w: 1 | csr_w: 0 | csr_op: 00 | csr_addr: 000 | csr_wdata: 00000000 | mscratch: 00000000
PC: 8000225c | Instr: 00000013 | rs1_d: 00000000 | rs2_d: 00000000 | alu_res: 00000000 | mem_w: 0 | reg_w: 1 | csr_w: 0 | csr_op: 00 | csr_addr: 000 | csr_wdata: 00000000 | mscratch: 00000000
PC: 80002260 | Instr: 0003e417 | rs1_d: 6df56ff7 | rs2_d: 00000000 | alu_res: 80040260 | mem_w: 0 | reg_w: 1 | csr_w: 0 | csr_op: 00 | csr_addr: 000 | csr_wdata: 6df56ff7 | mscratch: 00000000
PC: 80002264 | Instr: da040413 | rs1_d: 80040260 | rs2_d: 00000000 | alu_res: 80040000 | mem_w: 0 | reg_w: 1 | csr_w: 0 | csr_op: 00 | csr_addr: da0 | csr_wdata: 80040260 | mscratch: 00000000
PC: 80002268 | Instr: 00000013 | rs1_d: 00000000 | rs2_d: 00000000 | alu_res: 00000000 | mem_w: 0 | reg_w: 1 | csr_w: 0 | csr_op: 00 | csr_addr: 000 | csr_wdata: 00000000 | mscratch: 00000000
PC: 8000226c | Instr: 00000013 | rs1_d: 00000000 | rs2_d: 00000000 | alu_res: 00000000 | mem_w: 0 | reg_w: 1 | csr_w: 0 | csr_op: 00 | csr_addr: 000 | csr_wdata: 00000000 | mscratch: 00000000
PC: 80002270 | Instr: 00000013 | rs1_d: 00000000 | rs2_d: 00000000 | alu_res: 00000000 | mem_w: 0 | reg_w: 1 | csr_w: 0 | csr_op: 00 | csr_addr: 000 | csr_wdata: 00000000 | mscratch: 00000000
PC: 80002274 | Instr: 00000013 | rs1_d: 00000000 | rs2_d: 00000000 | alu_res: 00000000 | mem_w: 0 | reg_w: 1 | csr_w: 0 | csr_op: 00 | csr_addr: 000 | csr_wdata: 00000000 | mscratch: 00000000
PC: 80002278 | Instr: 00000013 | rs1_d: 00000000 | rs2_d: 00000000 | alu_res: 00000000 | mem_w: 0 | reg_w: 1 | csr_w: 0 | csr_op: 00 | csr_addr: 000 | csr_wdata: 00000000 | mscratch: 00000000
PC: 8000227c | Instr: 00000013 | rs1_d: 00000000 | rs2_d: 00000000 | alu_res: 00000000 | mem_w: 0 | reg_w: 1 | csr_w: 0 | csr_op: 00 | csr_addr: 000 | csr_wdata: 00000000 | mscratch: 00000000
PC: 80002280 | Instr: 01842027 | rs1_d: 80040000 | rs2_d: 00000000 | alu_res: 80040000 | mem_w: 1 | reg_w: 0 | csr_w: 0 | csr_op: 00 | csr_addr: 018 | csr_wdata: 80040000 | mscratch: 00000000
PC: 80002284 | Instr: 00042403 | rs1_d: 80040000 | rs2_d: 00000000 | alu_res: 80040000 | mem_w: 0 | reg_w: 1 | csr_w: 0 | csr_op: 00 | csr_addr: 000 | csr_wdata: 80040000 | mscratch: 00000000
PC: 80002288 | Instr: 0085a023 | rs1_d: 800423d4 | rs2_d: 4ea390bb | alu_res: 800423d4 | mem_w: 1 | reg_w: 0 | csr_w: 0 | csr_op: 00 | csr_addr: 008 | csr_wdata: 800423d4 | mscratch: 00000000
PC: 8000228c | Instr: 00000863 | rs1_d: 00000000 | rs2_d: 00000000 | alu_res: 00000000 | mem_w: 0 | reg_w: 0 | csr_w: 0 | csr_op: 00 | csr_addr: 000 | csr_wdata: 00000000 | mscratch: 00000000
PC: 8000229c | Instr: 00458593 | rs1_d: 800423d4 | rs2_d: 561d8308 | alu_res: 800423d8 | mem_w: 0 | reg_w: 1 | csr_w: 0 | csr_op: 00 | csr_addr: 004 | csr_wdata: 800423d4 | mscratch: 00000000
PC: 800022a0 | Instr: 00102473 | rs1_d: 00000000 | rs2_d: 80040224 | alu_res: 80040224 | mem_w: 0 | reg_w: 1 | csr_w: 0 | csr_op: 10 | csr_addr: 001 | csr_wdata: 00000000 | mscratch: 00000000
PC: 800022a4 | Instr: 0085a023 | rs1_d: 800423d8 | rs2_d: 00000001 | alu_res: 800423d8 | mem_w: 1 | reg_w: 0 | csr_w: 0 | csr_op: 00 | csr_addr: 008 | csr_wdata: 800423d8 | mscratch: 00000000
PC: 800022a8 | Instr: 00000863 | rs1_d: 00000000 | rs2_d: 00000000 | alu_res: 00000000 | mem_w: 0 | reg_w: 0 | csr_w: 0 | csr_op: 00 | csr_addr: 000 | csr_wdata: 00000000 | mscratch: 00000000
PC: 800022b8 | Instr: 00458593 | rs1_d: 800423d8 | rs2_d: 561d8308 | alu_res: 800423dc | mem_w: 0 | reg_w: 1 | csr_w: 0 | csr_op: 00 | csr_addr: 004 | csr_wdata: 800423d8 | mscratch: 00000000
PC: 800022bc | Instr: 0000a283 | rs1_d: 80040224 | rs2_d: 00000000 | alu_res: 80040224 | mem_w: 0 | reg_w: 1 | csr_w: 0 | csr_op: 00 | csr_addr: 000 | csr_wdata: 80040224 | mscratch: 00000000
PC: 800022c0 | Instr: 00408093 | rs1_d: 80040224 | rs2_d: 561d8308 | alu_res: 80040228 | mem_w: 0 | reg_w: 1 | csr_w: 0 | csr_op: 00 | csr_addr: 004 | csr_wdata: 80040224 | mscratch: 00000000
PC: 800022c4 | Instr: 00105073 | rs1_d: 00000000 | rs2_d: 80040228 | alu_res: 80040228 | mem_w: 0 | reg_w: 1 | csr_w: 1 | csr_op: 01 | csr_addr: 001 | csr_wdata: 00000000 | mscratch: 00000000
PC: 800022c8 | Instr: d002fcd3 | rs1_d: 0b2747d6 | rs2_d: 00000000 | alu_res: 0b2747d6 | mem_w: 0 | reg_w: 0 | csr_w: 0 | csr_op: 00 | csr_addr: d00 | csr_wdata: 0b2747d6 | mscratch: 00000000
PC: 800022cc | Instr: 00000013 | rs1_d: 00000000 | rs2_d: 00000000 | alu_res: 00000000 | mem_w: 0 | reg_w: 1 | csr_w: 0 | csr_op: 00 | csr_addr: 000 | csr_wdata: 00000000 | mscratch: 00000000
PC: 800022d0 | Instr: 00000013 | rs1_d: 00000000 | rs2_d: 00000000 | alu_res: 00000000 | mem_w: 0 | reg_w: 1 | csr_w: 0 | csr_op: 00 | csr_addr: 000 | csr_wdata: 00000000 | mscratch: 00000000
PC: 800022d4 | Instr: 00000013 | rs1_d: 00000000 | rs2_d: 00000000 | alu_res: 00000000 | mem_w: 0 | reg_w: 1 | csr_w: 0 | csr_op: 00 | csr_addr: 000 | csr_wdata: 00000000 | mscratch: 00000000
PC: 800022d8 | Instr: 00000013 | rs1_d: 00000000 | rs2_d: 00000000 | alu_res: 00000000 | mem_w: 0 | reg_w: 1 | csr_w: 0 | csr_op: 00 | csr_addr: 000 | csr_wdata: 00000000 | mscratch: 00000000
PC: 800022dc | Instr: 00000013 | rs1_d: 00000000 | rs2_d: 00000000 | alu_res: 00000000 | mem_w: 0 | reg_w: 1 | csr_w: 0 | csr_op: 00 | csr_addr: 000 | csr_wdata: 00000000 | mscratch: 00000000
PC: 800022e0 | Instr: 0003e417 | rs1_d: 6df56ff7 | rs2_d: 00000000 | alu_res: 800402e0 | mem_w: 0 | reg_w: 1 | csr_w: 0 | csr_op: 00 | csr_addr: 000 | csr_wdata: 6df56ff7 | mscratch: 00000000
PC: 800022e4 | Instr: d2040413 | rs1_d: 800402e0 | rs2_d: 00000000 | alu_res: 80040000 | mem_w: 0 | reg_w: 1 | csr_w: 0 | csr_op: 00 | csr_addr: d20 | csr_wdata: 800402e0 | mscratch: 00000000
PC: 800022e8 | Instr: 00000013 | rs1_d: 00000000 | rs2_d: 00000000 | alu_res: 00000000 | mem_w: 0 | reg_w: 1 | csr_w: 0 | csr_op: 00 | csr_addr: 000 | csr_wdata: 00000000 | mscratch: 00000000
PC: 800022ec | Instr: 00000013 | rs1_d: 00000000 | rs2_d: 00000000 | alu_res: 00000000 | mem_w: 0 | reg_w: 1 | csr_w: 0 | csr_op: 00 | csr_addr: 000 | csr_wdata: 00000000 | mscratch: 00000000
PC: 800022f0 | Instr: 00000013 | rs1_d: 00000000 | rs2_d: 00000000 | alu_res: 00000000 | mem_w: 0 | reg_w: 1 | csr_w: 0 | csr_op: 00 | csr_addr: 000 | csr_wdata: 00000000 | mscratch: 00000000
PC: 800022f4 | Instr: 00000013 | rs1_d: 00000000 | rs2_d: 00000000 | alu_res: 00000000 | mem_w: 0 | reg_w: 1 | csr_w: 0 | csr_op: 00 | csr_addr: 000 | csr_wdata: 00000000 | mscratch: 00000000
PC: 800022f8 | Instr: 00000013 | rs1_d: 00000000 | rs2_d: 00000000 | alu_res: 00000000 | mem_w: 0 | reg_w: 1 | csr_w: 0 | csr_op: 00 | csr_addr: 000 | csr_wdata: 00000000 | mscratch: 00000000
PC: 800022fc | Instr: 00000013 | rs1_d: 00000000 | rs2_d: 00000000 | alu_res: 00000000 | mem_w: 0 | reg_w: 1 | csr_w: 0 | csr_op: 00 | csr_addr: 000 | csr_wdata: 00000000 | mscratch: 00000000
PC: 80002300 | Instr: 01942027 | rs1_d: 80040000 | rs2_d: 6805eb99 | alu_res: 80040000 | mem_w: 1 | reg_w: 0 | csr_w: 0 | csr_op: 00 | csr_addr: 019 | csr_wdata: 80040000 | mscratch: 00000000
PC: 80002304 | Instr: 00042403 | rs1_d: 80040000 | rs2_d: 00000000 | alu_res: 80040000 | mem_w: 0 | reg_w: 1 | csr_w: 0 | csr_op: 00 | csr_addr: 000 | csr_wdata: 80040000 | mscratch: 00000000
PC: 80002308 | Instr: 0085a023 | rs1_d: 800423dc | rs2_d: 4d32747d | alu_res: 800423dc | mem_w: 1 | reg_w: 0 | csr_w: 0 | csr_op: 00 | csr_addr: 008 | csr_wdata: 800423dc | mscratch: 00000000
PC: 8000230c | Instr: 00000863 | rs1_d: 00000000 | rs2_d: 00000000 | alu_res: 00000000 | mem_w: 0 | reg_w: 0 | csr_w: 0 | csr_op: 00 | csr_addr: 000 | csr_wdata: 00000000 | mscratch: 00000000
PC: 8000231c | Instr: 00458593 | rs1_d: 800423dc | rs2_d: 561d8308 | alu_res: 800423e0 | mem_w: 0 | reg_w: 1 | csr_w: 0 | csr_op: 00 | csr_addr: 004 | csr_wdata: 800423dc | mscratch: 00000000
PC: 80002320 | Instr: 00102473 | rs1_d: 00000000 | rs2_d: 80040228 | alu_res: 80040228 | mem_w: 0 | reg_w: 1 | csr_w: 0 | csr_op: 10 | csr_addr: 001 | csr_wdata: 00000000 | mscratch: 00000000
PC: 80002324 | Instr: 0085a023 | rs1_d: 800423e0 | rs2_d: 00000001 | alu_res: 800423e0 | mem_w: 1 | reg_w: 0 | csr_w: 0 | csr_op: 00 | csr_addr: 008 | csr_wdata: 800423e0 | mscratch: 00000000
PC: 80002328 | Instr: 00000863 | rs1_d: 00000000 | rs2_d: 00000000 | alu_res: 00000000 | mem_w: 0 | reg_w: 0 | csr_w: 0 | csr_op: 00 | csr_addr: 000 | csr_wdata: 00000000 | mscratch: 00000000
PC: 80002338 | Instr: 00458593 | rs1_d: 800423e0 | rs2_d: 561d8308 | alu_res: 800423e4 | mem_w: 0 | reg_w: 1 | csr_w: 0 | csr_op: 00 | csr_addr: 004 | csr_wdata: 800423e0 | mscratch: 00000000
PC: 8000233c | Instr: 0000ac03 | rs1_d: 80040228 | rs2_d: 00000000 | alu_res: 80040228 | mem_w: 0 | reg_w: 1 | csr_w: 0 | csr_op: 00 | csr_addr: 000 | csr_wdata: 80040228 | mscratch: 00000000
PC: 80002340 | Instr: 00408093 | rs1_d: 80040228 | rs2_d: 561d8308 | alu_res: 8004022c | mem_w: 0 | reg_w: 1 | csr_w: 0 | csr_op: 00 | csr_addr: 004 | csr_wdata: 80040228 | mscratch: 00000000
PC: 80002344 | Instr: 00105073 | rs1_d: 00000000 | rs2_d: 8004022c | alu_res: 8004022c | mem_w: 0 | reg_w: 1 | csr_w: 1 | csr_op: 01 | csr_addr: 001 | csr_wdata: 00000000 | mscratch: 00000000
PC: 80002348 | Instr: d00c7d53 | rs1_d: 77df3eed | rs2_d: 00000000 | alu_res: 77df3eed | mem_w: 0 | reg_w: 0 | csr_w: 0 | csr_op: 00 | csr_addr: d00 | csr_wdata: 77df3eed | mscratch: 00000000
PC: 8000234c | Instr: 00000013 | rs1_d: 00000000 | rs2_d: 00000000 | alu_res: 00000000 | mem_w: 0 | reg_w: 1 | csr_w: 0 | csr_op: 00 | csr_addr: 000 | csr_wdata: 00000000 | mscratch: 00000000
PC: 80002350 | Instr: 00000013 | rs1_d: 00000000 | rs2_d: 00000000 | alu_res: 00000000 | mem_w: 0 | reg_w: 1 | csr_w: 0 | csr_op: 00 | csr_addr: 000 | csr_wdata: 00000000 | mscratch: 00000000
PC: 80002354 | Instr: 00000013 | rs1_d: 00000000 | rs2_d: 00000000 | alu_res: 00000000 | mem_w: 0 | reg_w: 1 | csr_w: 0 | csr_op: 00 | csr_addr: 000 | csr_wdata: 00000000 | mscratch: 00000000
PC: 80002358 | Instr: 00000013 | rs1_d: 00000000 | rs2_d: 00000000 | alu_res: 00000000 | mem_w: 0 | reg_w: 1 | csr_w: 0 | csr_op: 00 | csr_addr: 000 | csr_wdata: 00000000 | mscratch: 00000000
PC: 8000235c | Instr: 00000013 | rs1_d: 00000000 | rs2_d: 00000000 | alu_res: 00000000 | mem_w: 0 | reg_w: 1 | csr_w: 0 | csr_op: 00 | csr_addr: 000 | csr_wdata: 00000000 | mscratch: 00000000
PC: 80002360 | Instr: 0003e417 | rs1_d: 6df56ff7 | rs2_d: 00000000 | alu_res: 80040360 | mem_w: 0 | reg_w: 1 | csr_w: 0 | csr_op: 00 | csr_addr: 000 | csr_wdata: 6df56ff7 | mscratch: 00000000
PC: 80002364 | Instr: ca040413 | rs1_d: 80040360 | rs2_d: 00000000 | alu_res: 80040000 | mem_w: 0 | reg_w: 1 | csr_w: 0 | csr_op: 00 | csr_addr: ca0 | csr_wdata: 80040360 | mscratch: 00000000
PC: 80002368 | Instr: 00000013 | rs1_d: 00000000 | rs2_d: 00000000 | alu_res: 00000000 | mem_w: 0 | reg_w: 1 | csr_w: 0 | csr_op: 00 | csr_addr: 000 | csr_wdata: 00000000 | mscratch: 00000000
PC: 8000236c | Instr: 00000013 | rs1_d: 00000000 | rs2_d: 00000000 | alu_res: 00000000 | mem_w: 0 | reg_w: 1 | csr_w: 0 | csr_op: 00 | csr_addr: 000 | csr_wdata: 00000000 | mscratch: 00000000
PC: 80002370 | Instr: 00000013 | rs1_d: 00000000 | rs2_d: 00000000 | alu_res: 00000000 | mem_w: 0 | reg_w: 1 | csr_w: 0 | csr_op: 00 | csr_addr: 000 | csr_wdata: 00000000 | mscratch: 00000000
PC: 80002374 | Instr: 00000013 | rs1_d: 00000000 | rs2_d: 00000000 | alu_res: 00000000 | mem_w: 0 | reg_w: 1 | csr_w: 0 | csr_op: 00 | csr_addr: 000 | csr_wdata: 00000000 | mscratch: 00000000
PC: 80002378 | Instr: 00000013 | rs1_d: 00000000 | rs2_d: 00000000 | alu_res: 00000000 | mem_w: 0 | reg_w: 1 | csr_w: 0 | csr_op: 00 | csr_addr: 000 | csr_wdata: 00000000 | mscratch: 00000000
PC: 8000237c | Instr: 00000013 | rs1_d: 00000000 | rs2_d: 00000000 | alu_res: 00000000 | mem_w: 0 | reg_w: 1 | csr_w: 0 | csr_op: 00 | csr_addr: 000 | csr_wdata: 00000000 | mscratch: 00000000
PC: 80002380 | Instr: 01a42027 | rs1_d: 80040000 | rs2_d: a806f866 | alu_res: 80040000 | mem_w: 1 | reg_w: 0 | csr_w: 0 | csr_op: 00 | csr_addr: 01a | csr_wdata: 80040000 | mscratch: 00000000
PC: 80002384 | Instr: 00042403 | rs1_d: 80040000 | rs2_d: 00000000 | alu_res: 80040000 | mem_w: 0 | reg_w: 1 | csr_w: 0 | csr_op: 00 | csr_addr: 000 | csr_wdata: 80040000 | mscratch: 00000000
PC: 80002388 | Instr: 0085a023 | rs1_d: 800423e4 | rs2_d: 4eefbe7e | alu_res: 800423e4 | mem_w: 1 | reg_w: 0 | csr_w: 0 | csr_op: 00 | csr_addr: 008 | csr_wdata: 800423e4 | mscratch: 00000000
PC: 8000238c | Instr: 00000863 | rs1_d: 00000000 | rs2_d: 00000000 | alu_res: 00000000 | mem_w: 0 | reg_w: 0 | csr_w: 0 | csr_op: 00 | csr_addr: 000 | csr_wdata: 00000000 | mscratch: 00000000
PC: 8000239c | Instr: 00458593 | rs1_d: 800423e4 | rs2_d: 561d8308 | alu_res: 800423e8 | mem_w: 0 | reg_w: 1 | csr_w: 0 | csr_op: 00 | csr_addr: 004 | csr_wdata: 800423e4 | mscratch: 00000000
PC: 800023a0 | Instr: 00102473 | rs1_d: 00000000 | rs2_d: 8004022c | alu_res: 8004022c | mem_w: 0 | reg_w: 1 | csr_w: 0 | csr_op: 10 | csr_addr: 001 | csr_wdata: 00000000 | mscratch: 00000000
PC: 800023a4 | Instr: 0085a023 | rs1_d: 800423e8 | rs2_d: 00000001 | alu_res: 800423e8 | mem_w: 1 | reg_w: 0 | csr_w: 0 | csr_op: 00 | csr_addr: 008 | csr_wdata: 800423e8 | mscratch: 00000000
PC: 800023a8 | Instr: 00000863 | rs1_d: 00000000 | rs2_d: 00000000 | alu_res: 00000000 | mem_w: 0 | reg_w: 0 | csr_w: 0 | csr_op: 00 | csr_addr: 000 | csr_wdata: 00000000 | mscratch: 00000000
PC: 800023b8 | Instr: 00458593 | rs1_d: 800423e8 | rs2_d: 561d8308 | alu_res: 800423ec | mem_w: 0 | reg_w: 1 | csr_w: 0 | csr_op: 00 | csr_addr: 004 | csr_wdata: 800423e8 | mscratch: 00000000
PC: 800023bc | Instr: 0000ab83 | rs1_d: 8004022c | rs2_d: 00000000 | alu_res: 8004022c | mem_w: 0 | reg_w: 1 | csr_w: 0 | csr_op: 00 | csr_addr: 000 | csr_wdata: 8004022c | mscratch: 00000000
PC: 800023c0 | Instr: 00408093 | rs1_d: 8004022c | rs2_d: 561d8308 | alu_res: 80040230 | mem_w: 0 | reg_w: 1 | csr_w: 0 | csr_op: 00 | csr_addr: 004 | csr_wdata: 8004022c | mscratch: 00000000
PC: 800023c4 | Instr: 00105073 | rs1_d: 00000000 | rs2_d: 80040230 | alu_res: 80040230 | mem_w: 0 | reg_w: 1 | csr_w: 1 | csr_op: 01 | csr_addr: 001 | csr_wdata: 00000000 | mscratch: 00000000
PC: 800023c8 | Instr: d00bfdd3 | rs1_d: 1e49c5e0 | rs2_d: 00000000 | alu_res: 1e49c5e0 | mem_w: 0 | reg_w: 0 | csr_w: 0 | csr_op: 00 | csr_addr: d00 | csr_wdata: 1e49c5e0 | mscratch: 00000000
PC: 800023cc | Instr: 00000013 | rs1_d: 00000000 | rs2_d: 00000000 | alu_res: 00000000 | mem_w: 0 | reg_w: 1 | csr_w: 0 | csr_op: 00 | csr_addr: 000 | csr_wdata: 00000000 | mscratch: 00000000
PC: 800023d0 | Instr: 00000013 | rs1_d: 00000000 | rs2_d: 00000000 | alu_res: 00000000 | mem_w: 0 | reg_w: 1 | csr_w: 0 | csr_op: 00 | csr_addr: 000 | csr_wdata: 00000000 | mscratch: 00000000
PC: 800023d4 | Instr: 00000013 | rs1_d: 00000000 | rs2_d: 00000000 | alu_res: 00000000 | mem_w: 0 | reg_w: 1 | csr_w: 0 | csr_op: 00 | csr_addr: 000 | csr_wdata: 00000000 | mscratch: 00000000
PC: 800023d8 | Instr: 00000013 | rs1_d: 00000000 | rs2_d: 00000000 | alu_res: 00000000 | mem_w: 0 | reg_w: 1 | csr_w: 0 | csr_op: 00 | csr_addr: 000 | csr_wdata: 00000000 | mscratch: 00000000
PC: 800023dc | Instr: 00000013 | rs1_d: 00000000 | rs2_d: 00000000 | alu_res: 00000000 | mem_w: 0 | reg_w: 1 | csr_w: 0 | csr_op: 00 | csr_addr: 000 | csr_wdata: 00000000 | mscratch: 00000000
PC: 800023e0 | Instr: 0003e417 | rs1_d: 6df56ff7 | rs2_d: 00000000 | alu_res: 800403e0 | mem_w: 0 | reg_w: 1 | csr_w: 0 | csr_op: 00 | csr_addr: 000 | csr_wdata: 6df56ff7 | mscratch: 00000000
PC: 800023e4 | Instr: c2040413 | rs1_d: 800403e0 | rs2_d: 00000000 | alu_res: 80040000 | mem_w: 0 | reg_w: 1 | csr_w: 0 | csr_op: 00 | csr_addr: c20 | csr_wdata: 800403e0 | mscratch: 00000000
PC: 800023e8 | Instr: 00000013 | rs1_d: 00000000 | rs2_d: 00000000 | alu_res: 00000000 | mem_w: 0 | reg_w: 1 | csr_w: 0 | csr_op: 00 | csr_addr: 000 | csr_wdata: 00000000 | mscratch: 00000000
PC: 800023ec | Instr: 00000013 | rs1_d: 00000000 | rs2_d: 00000000 | alu_res: 00000000 | mem_w: 0 | reg_w: 1 | csr_w: 0 | csr_op: 00 | csr_addr: 000 | csr_wdata: 00000000 | mscratch: 00000000
PC: 800023f0 | Instr: 00000013 | rs1_d: 00000000 | rs2_d: 00000000 | alu_res: 00000000 | mem_w: 0 | reg_w: 1 | csr_w: 0 | csr_op: 00 | csr_addr: 000 | csr_wdata: 00000000 | mscratch: 00000000
PC: 800023f4 | Instr: 00000013 | rs1_d: 00000000 | rs2_d: 00000000 | alu_res: 00000000 | mem_w: 0 | reg_w: 1 | csr_w: 0 | csr_op: 00 | csr_addr: 000 | csr_wdata: 00000000 | mscratch: 00000000
PC: 800023f8 | Instr: 00000013 | rs1_d: 00000000 | rs2_d: 00000000 | alu_res: 00000000 | mem_w: 0 | reg_w: 1 | csr_w: 0 | csr_op: 00 | csr_addr: 000 | csr_wdata: 00000000 | mscratch: 00000000
PC: 800023fc | Instr: 00000013 | rs1_d: 00000000 | rs2_d: 00000000 | alu_res: 00000000 | mem_w: 0 | reg_w: 1 | csr_w: 0 | csr_op: 00 | csr_addr: 000 | csr_wdata: 00000000 | mscratch: 00000000
PC: 80002400 | Instr: 01b42027 | rs1_d: 80040000 | rs2_d: 51c85d6c | alu_res: 80040000 | mem_w: 1 | reg_w: 0 | csr_w: 0 | csr_op: 00 | csr_addr: 01b | csr_wdata: 80040000 | mscratch: 00000000
PC: 80002404 | Instr: 00042403 | rs1_d: 80040000 | rs2_d: 00000000 | alu_res: 80040000 | mem_w: 0 | reg_w: 1 | csr_w: 0 | csr_op: 00 | csr_addr: 000 | csr_wdata: 80040000 | mscratch: 00000000
PC: 80002408 | Instr: 0085a023 | rs1_d: 800423ec | rs2_d: 4df24e2f | alu_res: 800423ec | mem_w: 1 | reg_w: 0 | csr_w: 0 | csr_op: 00 | csr_addr: 008 | csr_wdata: 800423ec | mscratch: 00000000
PC: 8000240c | Instr: 00000863 | rs1_d: 00000000 | rs2_d: 00000000 | alu_res: 00000000 | mem_w: 0 | reg_w: 0 | csr_w: 0 | csr_op: 00 | csr_addr: 000 | csr_wdata: 00000000 | mscratch: 00000000
PC: 8000241c | Instr: 00458593 | rs1_d: 800423ec | rs2_d: 561d8308 | alu_res: 800423f0 | mem_w: 0 | reg_w: 1 | csr_w: 0 | csr_op: 00 | csr_addr: 004 | csr_wdata: 800423ec | mscratch: 00000000
PC: 80002420 | Instr: 00102473 | rs1_d: 00000000 | rs2_d: 80040230 | alu_res: 80040230 | mem_w: 0 | reg_w: 1 | csr_w: 0 | csr_op: 10 | csr_addr: 001 | csr_wdata: 00000000 | mscratch: 00000000
PC: 80002424 | Instr: 0085a023 | rs1_d: 800423f0 | rs2_d: 00000000 | alu_res: 800423f0 | mem_w: 1 | reg_w: 0 | csr_w: 0 | csr_op: 00 | csr_addr: 008 | csr_wdata: 800423f0 | mscratch: 00000000
PC: 80002428 | Instr: 00000863 | rs1_d: 00000000 | rs2_d: 00000000 | alu_res: 00000000 | mem_w: 0 | reg_w: 0 | csr_w: 0 | csr_op: 00 | csr_addr: 000 | csr_wdata: 00000000 | mscratch: 00000000
PC: 80002438 | Instr: 00458593 | rs1_d: 800423f0 | rs2_d: 561d8308 | alu_res: 800423f4 | mem_w: 0 | reg_w: 1 | csr_w: 0 | csr_op: 00 | csr_addr: 004 | csr_wdata: 800423f0 | mscratch: 00000000
PC: 8000243c | Instr: 0000ad03 | rs1_d: 80040230 | rs2_d: 00000000 | alu_res: 80040230 | mem_w: 0 | reg_w: 1 | csr_w: 0 | csr_op: 00 | csr_addr: 000 | csr_wdata: 80040230 | mscratch: 00000000
PC: 80002440 | Instr: 00408093 | rs1_d: 80040230 | rs2_d: 561d8308 | alu_res: 80040234 | mem_w: 0 | reg_w: 1 | csr_w: 0 | csr_op: 00 | csr_addr: 004 | csr_wdata: 80040230 | mscratch: 00000000
PC: 80002444 | Instr: 00105073 | rs1_d: 00000000 | rs2_d: 80040234 | alu_res: 80040234 | mem_w: 0 | reg_w: 1 | csr_w: 1 | csr_op: 01 | csr_addr: 001 | csr_wdata: 00000000 | mscratch: 00000000
PC: 80002448 | Instr: d00d7e53 | rs1_d: fd458c61 | rs2_d: 00000000 | alu_res: fd458c61 | mem_w: 0 | reg_w: 0 | csr_w: 0 | csr_op: 00 | csr_addr: d00 | csr_wdata: fd458c61 | mscratch: 00000000
PC: 8000244c | Instr: 00000013 | rs1_d: 00000000 | rs2_d: 00000000 | alu_res: 00000000 | mem_w: 0 | reg_w: 1 | csr_w: 0 | csr_op: 00 | csr_addr: 000 | csr_wdata: 00000000 | mscratch: 00000000
PC: 80002450 | Instr: 00000013 | rs1_d: 00000000 | rs2_d: 00000000 | alu_res: 00000000 | mem_w: 0 | reg_w: 1 | csr_w: 0 | csr_op: 00 | csr_addr: 000 | csr_wdata: 00000000 | mscratch: 00000000
PC: 80002454 | Instr: 00000013 | rs1_d: 00000000 | rs2_d: 00000000 | alu_res: 00000000 | mem_w: 0 | reg_w: 1 | csr_w: 0 | csr_op: 00 | csr_addr: 000 | csr_wdata: 00000000 | mscratch: 00000000
PC: 80002458 | Instr: 00000013 | rs1_d: 00000000 | rs2_d: 00000000 | alu_res: 00000000 | mem_w: 0 | reg_w: 1 | csr_w: 0 | csr_op: 00 | csr_addr: 000 | csr_wdata: 00000000 | mscratch: 00000000
PC: 8000245c | Instr: 00000013 | rs1_d: 00000000 | rs2_d: 00000000 | alu_res: 00000000 | mem_w: 0 | reg_w: 1 | csr_w: 0 | csr_op: 00 | csr_addr: 000 | csr_wdata: 00000000 | mscratch: 00000000
PC: 80002460 | Instr: 0003e417 | rs1_d: 6df56ff7 | rs2_d: 00000000 | alu_res: 80040460 | mem_w: 0 | reg_w: 1 | csr_w: 0 | csr_op: 00 | csr_addr: 000 | csr_wdata: 6df56ff7 | mscratch: 00000000
PC: 80002464 | Instr: ba040413 | rs1_d: 80040460 | rs2_d: 00000000 | alu_res: 80040000 | mem_w: 0 | reg_w: 1 | csr_w: 0 | csr_op: 00 | csr_addr: ba0 | csr_wdata: 80040460 | mscratch: 00000000
PC: 80002468 | Instr: 00000013 | rs1_d: 00000000 | rs2_d: 00000000 | alu_res: 00000000 | mem_w: 0 | reg_w: 1 | csr_w: 0 | csr_op: 00 | csr_addr: 000 | csr_wdata: 00000000 | mscratch: 00000000
PC: 8000246c | Instr: 00000013 | rs1_d: 00000000 | rs2_d: 00000000 | alu_res: 00000000 | mem_w: 0 | reg_w: 1 | csr_w: 0 | csr_op: 00 | csr_addr: 000 | csr_wdata: 00000000 | mscratch: 00000000
PC: 80002470 | Instr: 00000013 | rs1_d: 00000000 | rs2_d: 00000000 | alu_res: 00000000 | mem_w: 0 | reg_w: 1 | csr_w: 0 | csr_op: 00 | csr_addr: 000 | csr_wdata: 00000000 | mscratch: 00000000
PC: 80002474 | Instr: 00000013 | rs1_d: 00000000 | rs2_d: 00000000 | alu_res: 00000000 | mem_w: 0 | reg_w: 1 | csr_w: 0 | csr_op: 00 | csr_addr: 000 | csr_wdata: 00000000 | mscratch: 00000000
PC: 80002478 | Instr: 00000013 | rs1_d: 00000000 | rs2_d: 00000000 | alu_res: 00000000 | mem_w: 0 | reg_w: 1 | csr_w: 0 | csr_op: 00 | csr_addr: 000 | csr_wdata: 00000000 | mscratch: 00000000
PC: 8000247c | Instr: 00000013 | rs1_d: 00000000 | rs2_d: 00000000 | alu_res: 00000000 | mem_w: 0 | reg_w: 1 | csr_w: 0 | csr_op: 00 | csr_addr: 000 | csr_wdata: 00000000 | mscratch: 00000000
PC: 80002480 | Instr: 01c42027 | rs1_d: 80040000 | rs2_d: f548feb8 | alu_res: 80040000 | mem_w: 1 | reg_w: 0 | csr_w: 0 | csr_op: 00 | csr_addr: 01c | csr_wdata: 80040000 | mscratch: 00000000
PC: 80002484 | Instr: 00042403 | rs1_d: 80040000 | rs2_d: 00000000 | alu_res: 80040000 | mem_w: 0 | reg_w: 1 | csr_w: 0 | csr_op: 00 | csr_addr: 000 | csr_wdata: 80040000 | mscratch: 00000000
PC: 80002488 | Instr: 0085a023 | rs1_d: 800423f4 | rs2_d: cc2e9ce8 | alu_res: 800423f4 | mem_w: 1 | reg_w: 0 | csr_w: 0 | csr_op: 00 | csr_addr: 008 | csr_wdata: 800423f4 | mscratch: 00000000
PC: 8000248c | Instr: 00000863 | rs1_d: 00000000 | rs2_d: 00000000 | alu_res: 00000000 | mem_w: 0 | reg_w: 0 | csr_w: 0 | csr_op: 00 | csr_addr: 000 | csr_wdata: 00000000 | mscratch: 00000000
PC: 8000249c | Instr: 00458593 | rs1_d: 800423f4 | rs2_d: 561d8308 | alu_res: 800423f8 | mem_w: 0 | reg_w: 1 | csr_w: 0 | csr_op: 00 | csr_addr: 004 | csr_wdata: 800423f4 | mscratch: 00000000
PC: 800024a0 | Instr: 00102473 | rs1_d: 00000000 | rs2_d: 80040234 | alu_res: 80040234 | mem_w: 0 | reg_w: 1 | csr_w: 0 | csr_op: 10 | csr_addr: 001 | csr_wdata: 00000000 | mscratch: 00000000
PC: 800024a4 | Instr: 0085a023 | rs1_d: 800423f8 | rs2_d: 00000001 | alu_res: 800423f8 | mem_w: 1 | reg_w: 0 | csr_w: 0 | csr_op: 00 | csr_addr: 008 | csr_wdata: 800423f8 | mscratch: 00000000
PC: 800024a8 | Instr: 00000863 | rs1_d: 00000000 | rs2_d: 00000000 | alu_res: 00000000 | mem_w: 0 | reg_w: 0 | csr_w: 0 | csr_op: 00 | csr_addr: 000 | csr_wdata: 00000000 | mscratch: 00000000
PC: 800024b8 | Instr: 00458593 | rs1_d: 800423f8 | rs2_d: 561d8308 | alu_res: 800423fc | mem_w: 0 | reg_w: 1 | csr_w: 0 | csr_op: 00 | csr_addr: 004 | csr_wdata: 800423f8 | mscratch: 00000000
PC: 800024bc | Instr: 0000a603 | rs1_d: 80040234 | rs2_d: 00000000 | alu_res: 80040234 | mem_w: 0 | reg_w: 1 | csr_w: 0 | csr_op: 00 | csr_addr: 000 | csr_wdata: 80040234 | mscratch: 00000000
PC: 800024c0 | Instr: 00408093 | rs1_d: 80040234 | rs2_d: 561d8308 | alu_res: 80040238 | mem_w: 0 | reg_w: 1 | csr_w: 0 | csr_op: 00 | csr_addr: 004 | csr_wdata: 80040234 | mscratch: 00000000
PC: 800024c4 | Instr: 00105073 | rs1_d: 00000000 | rs2_d: 80040238 | alu_res: 80040238 | mem_w: 0 | reg_w: 1 | csr_w: 1 | csr_op: 01 | csr_addr: 001 | csr_wdata: 00000000 | mscratch: 00000000
PC: 800024c8 | Instr: d0067ed3 | rs1_d: 4902e3a5 | rs2_d: 00000000 | alu_res: 4902e3a5 | mem_w: 0 | reg_w: 0 | csr_w: 0 | csr_op: 00 | csr_addr: d00 | csr_wdata: 4902e3a5 | mscratch: 00000000
PC: 800024cc | Instr: 00000013 | rs1_d: 00000000 | rs2_d: 00000000 | alu_res: 00000000 | mem_w: 0 | reg_w: 1 | csr_w: 0 | csr_op: 00 | csr_addr: 000 | csr_wdata: 00000000 | mscratch: 00000000
PC: 800024d0 | Instr: 00000013 | rs1_d: 00000000 | rs2_d: 00000000 | alu_res: 00000000 | mem_w: 0 | reg_w: 1 | csr_w: 0 | csr_op: 00 | csr_addr: 000 | csr_wdata: 00000000 | mscratch: 00000000
PC: 800024d4 | Instr: 00000013 | rs1_d: 00000000 | rs2_d: 00000000 | alu_res: 00000000 | mem_w: 0 | reg_w: 1 | csr_w: 0 | csr_op: 00 | csr_addr: 000 | csr_wdata: 00000000 | mscratch: 00000000
PC: 800024d8 | Instr: 00000013 | rs1_d: 00000000 | rs2_d: 00000000 | alu_res: 00000000 | mem_w: 0 | reg_w: 1 | csr_w: 0 | csr_op: 00 | csr_addr: 000 | csr_wdata: 00000000 | mscratch: 00000000
PC: 800024dc | Instr: 00000013 | rs1_d: 00000000 | rs2_d: 00000000 | alu_res: 00000000 | mem_w: 0 | reg_w: 1 | csr_w: 0 | csr_op: 00 | csr_addr: 000 | csr_wdata: 00000000 | mscratch: 00000000
PC: 800024e0 | Instr: 0003e417 | rs1_d: 6df56ff7 | rs2_d: 00000000 | alu_res: 800404e0 | mem_w: 0 | reg_w: 1 | csr_w: 0 | csr_op: 00 | csr_addr: 000 | csr_wdata: 6df56ff7 | mscratch: 00000000
PC: 800024e4 | Instr: b2040413 | rs1_d: 800404e0 | rs2_d: 00000000 | alu_res: 80040000 | mem_w: 0 | reg_w: 1 | csr_w: 0 | csr_op: 00 | csr_addr: b20 | csr_wdata: 800404e0 | mscratch: 00000000
PC: 800024e8 | Instr: 00000013 | rs1_d: 00000000 | rs2_d: 00000000 | alu_res: 00000000 | mem_w: 0 | reg_w: 1 | csr_w: 0 | csr_op: 00 | csr_addr: 000 | csr_wdata: 00000000 | mscratch: 00000000
PC: 800024ec | Instr: 00000013 | rs1_d: 00000000 | rs2_d: 00000000 | alu_res: 00000000 | mem_w: 0 | reg_w: 1 | csr_w: 0 | csr_op: 00 | csr_addr: 000 | csr_wdata: 00000000 | mscratch: 00000000
PC: 800024f0 | Instr: 00000013 | rs1_d: 00000000 | rs2_d: 00000000 | alu_res: 00000000 | mem_w: 0 | reg_w: 1 | csr_w: 0 | csr_op: 00 | csr_addr: 000 | csr_wdata: 00000000 | mscratch: 00000000
PC: 800024f4 | Instr: 00000013 | rs1_d: 00000000 | rs2_d: 00000000 | alu_res: 00000000 | mem_w: 0 | reg_w: 1 | csr_w: 0 | csr_op: 00 | csr_addr: 000 | csr_wdata: 00000000 | mscratch: 00000000
PC: 800024f8 | Instr: 00000013 | rs1_d: 00000000 | rs2_d: 00000000 | alu_res: 00000000 | mem_w: 0 | reg_w: 1 | csr_w: 0 | csr_op: 00 | csr_addr: 000 | csr_wdata: 00000000 | mscratch: 00000000
PC: 800024fc | Instr: 00000013 | rs1_d: 00000000 | rs2_d: 00000000 | alu_res: 00000000 | mem_w: 0 | reg_w: 1 | csr_w: 0 | csr_op: 00 | csr_addr: 000 | csr_wdata: 00000000 | mscratch: 00000000
PC: 80002500 | Instr: 01d42027 | rs1_d: 80040000 | rs2_d: 92ad5b92 | alu_res: 80040000 | mem_w: 1 | reg_w: 0 | csr_w: 0 | csr_op: 00 | csr_addr: 01d | csr_wdata: 80040000 | mscratch: 00000000
PC: 80002504 | Instr: 00042403 | rs1_d: 80040000 | rs2_d: 00000000 | alu_res: 80040000 | mem_w: 0 | reg_w: 1 | csr_w: 0 | csr_op: 00 | csr_addr: 000 | csr_wdata: 80040000 | mscratch: 00000000
PC: 80002508 | Instr: 0085a023 | rs1_d: 800423fc | rs2_d: 4e9205c7 | alu_res: 800423fc | mem_w: 1 | reg_w: 0 | csr_w: 0 | csr_op: 00 | csr_addr: 008 | csr_wdata: 800423fc | mscratch: 00000000
PC: 8000250c | Instr: 00000863 | rs1_d: 00000000 | rs2_d: 00000000 | alu_res: 00000000 | mem_w: 0 | reg_w: 0 | csr_w: 0 | csr_op: 00 | csr_addr: 000 | csr_wdata: 00000000 | mscratch: 00000000
PC: 8000251c | Instr: 00458593 | rs1_d: 800423fc | rs2_d: 561d8308 | alu_res: 80042400 | mem_w: 0 | reg_w: 1 | csr_w: 0 | csr_op: 00 | csr_addr: 004 | csr_wdata: 800423fc | mscratch: 00000000
PC: 80002520 | Instr: 00102473 | rs1_d: 00000000 | rs2_d: 80040238 | alu_res: 80040238 | mem_w: 0 | reg_w: 1 | csr_w: 0 | csr_op: 10 | csr_addr: 001 | csr_wdata: 00000000 | mscratch: 00000000
PC: 80002524 | Instr: 0085a023 | rs1_d: 80042400 | rs2_d: 00000001 | alu_res: 80042400 | mem_w: 1 | reg_w: 0 | csr_w: 0 | csr_op: 00 | csr_addr: 008 | csr_wdata: 80042400 | mscratch: 00000000
PC: 80002528 | Instr: 00000863 | rs1_d: 00000000 | rs2_d: 00000000 | alu_res: 00000000 | mem_w: 0 | reg_w: 0 | csr_w: 0 | csr_op: 00 | csr_addr: 000 | csr_wdata: 00000000 | mscratch: 00000000
PC: 80002538 | Instr: 00458593 | rs1_d: 80042400 | rs2_d: 561d8308 | alu_res: 80042404 | mem_w: 0 | reg_w: 1 | csr_w: 0 | csr_op: 00 | csr_addr: 004 | csr_wdata: 80042400 | mscratch: 00000000
PC: 8000253c | Instr: 0000ae03 | rs1_d: 80040238 | rs2_d: 00000000 | alu_res: 80040238 | mem_w: 0 | reg_w: 1 | csr_w: 0 | csr_op: 00 | csr_addr: 000 | csr_wdata: 80040238 | mscratch: 00000000
PC: 80002540 | Instr: 00408093 | rs1_d: 80040238 | rs2_d: 561d8308 | alu_res: 8004023c | mem_w: 0 | reg_w: 1 | csr_w: 0 | csr_op: 00 | csr_addr: 004 | csr_wdata: 80040238 | mscratch: 00000000
PC: 80002544 | Instr: 00105073 | rs1_d: 00000000 | rs2_d: 8004023c | alu_res: 8004023c | mem_w: 0 | reg_w: 1 | csr_w: 1 | csr_op: 01 | csr_addr: 001 | csr_wdata: 00000000 | mscratch: 00000000
PC: 80002548 | Instr: d00e7f53 | rs1_d: c10c746d | rs2_d: 00000000 | alu_res: c10c746d | mem_w: 0 | reg_w: 0 | csr_w: 0 | csr_op: 00 | csr_addr: d00 | csr_wdata: c10c746d | mscratch: 00000000
PC: 8000254c | Instr: 00000013 | rs1_d: 00000000 | rs2_d: 00000000 | alu_res: 00000000 | mem_w: 0 | reg_w: 1 | csr_w: 0 | csr_op: 00 | csr_addr: 000 | csr_wdata: 00000000 | mscratch: 00000000
PC: 80002550 | Instr: 00000013 | rs1_d: 00000000 | rs2_d: 00000000 | alu_res: 00000000 | mem_w: 0 | reg_w: 1 | csr_w: 0 | csr_op: 00 | csr_addr: 000 | csr_wdata: 00000000 | mscratch: 00000000
PC: 80002554 | Instr: 00000013 | rs1_d: 00000000 | rs2_d: 00000000 | alu_res: 00000000 | mem_w: 0 | reg_w: 1 | csr_w: 0 | csr_op: 00 | csr_addr: 000 | csr_wdata: 00000000 | mscratch: 00000000
PC: 80002558 | Instr: 00000013 | rs1_d: 00000000 | rs2_d: 00000000 | alu_res: 00000000 | mem_w: 0 | reg_w: 1 | csr_w: 0 | csr_op: 00 | csr_addr: 000 | csr_wdata: 00000000 | mscratch: 00000000
PC: 8000255c | Instr: 00000013 | rs1_d: 00000000 | rs2_d: 00000000 | alu_res: 00000000 | mem_w: 0 | reg_w: 1 | csr_w: 0 | csr_op: 00 | csr_addr: 000 | csr_wdata: 00000000 | mscratch: 00000000
PC: 80002560 | Instr: 0003e417 | rs1_d: 6df56ff7 | rs2_d: 00000000 | alu_res: 80040560 | mem_w: 0 | reg_w: 1 | csr_w: 0 | csr_op: 00 | csr_addr: 000 | csr_wdata: 6df56ff7 | mscratch: 00000000
PC: 80002564 | Instr: aa040413 | rs1_d: 80040560 | rs2_d: 00000000 | alu_res: 80040000 | mem_w: 0 | reg_w: 1 | csr_w: 0 | csr_op: 00 | csr_addr: aa0 | csr_wdata: 80040560 | mscratch: 00000000
PC: 80002568 | Instr: 00000013 | rs1_d: 00000000 | rs2_d: 00000000 | alu_res: 00000000 | mem_w: 0 | reg_w: 1 | csr_w: 0 | csr_op: 00 | csr_addr: 000 | csr_wdata: 00000000 | mscratch: 00000000
PC: 8000256c | Instr: 00000013 | rs1_d: 00000000 | rs2_d: 00000000 | alu_res: 00000000 | mem_w: 0 | reg_w: 1 | csr_w: 0 | csr_op: 00 | csr_addr: 000 | csr_wdata: 00000000 | mscratch: 00000000
PC: 80002570 | Instr: 00000013 | rs1_d: 00000000 | rs2_d: 00000000 | alu_res: 00000000 | mem_w: 0 | reg_w: 1 | csr_w: 0 | csr_op: 00 | csr_addr: 000 | csr_wdata: 00000000 | mscratch: 00000000
PC: 80002574 | Instr: 00000013 | rs1_d: 00000000 | rs2_d: 00000000 | alu_res: 00000000 | mem_w: 0 | reg_w: 1 | csr_w: 0 | csr_op: 00 | csr_addr: 000 | csr_wdata: 00000000 | mscratch: 00000000
PC: 80002578 | Instr: 00000013 | rs1_d: 00000000 | rs2_d: 00000000 | alu_res: 00000000 | mem_w: 0 | reg_w: 1 | csr_w: 0 | csr_op: 00 | csr_addr: 000 | csr_wdata: 00000000 | mscratch: 00000000
PC: 8000257c | Instr: 00000013 | rs1_d: 00000000 | rs2_d: 00000000 | alu_res: 00000000 | mem_w: 0 | reg_w: 1 | csr_w: 0 | csr_op: 00 | csr_addr: 000 | csr_wdata: 00000000 | mscratch: 00000000
PC: 80002580 | Instr: 01e42027 | rs1_d: 80040000 | rs2_d: 80000000 | alu_res: 80040000 | mem_w: 1 | reg_w: 0 | csr_w: 0 | csr_op: 00 | csr_addr: 01e | csr_wdata: 80040000 | mscratch: 00000000
PC: 80002584 | Instr: 00042403 | rs1_d: 80040000 | rs2_d: 00000000 | alu_res: 80040000 | mem_w: 0 | reg_w: 1 | csr_w: 0 | csr_op: 00 | csr_addr: 000 | csr_wdata: 80040000 | mscratch: 00000000
PC: 80002588 | Instr: 0085a023 | rs1_d: 80042404 | rs2_d: ce7bce2e | alu_res: 80042404 | mem_w: 1 | reg_w: 0 | csr_w: 0 | csr_op: 00 | csr_addr: 008 | csr_wdata: 80042404 | mscratch: 00000000
PC: 8000258c | Instr: 00000863 | rs1_d: 00000000 | rs2_d: 00000000 | alu_res: 00000000 | mem_w: 0 | reg_w: 0 | csr_w: 0 | csr_op: 00 | csr_addr: 000 | csr_wdata: 00000000 | mscratch: 00000000
PC: 8000259c | Instr: 00458593 | rs1_d: 80042404 | rs2_d: 561d8308 | alu_res: 80042408 | mem_w: 0 | reg_w: 1 | csr_w: 0 | csr_op: 00 | csr_addr: 004 | csr_wdata: 80042404 | mscratch: 00000000
PC: 800025a0 | Instr: 00102473 | rs1_d: 00000000 | rs2_d: 8004023c | alu_res: 8004023c | mem_w: 0 | reg_w: 1 | csr_w: 0 | csr_op: 10 | csr_addr: 001 | csr_wdata: 00000000 | mscratch: 00000000
PC: 800025a4 | Instr: 0085a023 | rs1_d: 80042408 | rs2_d: 00000001 | alu_res: 80042408 | mem_w: 1 | reg_w: 0 | csr_w: 0 | csr_op: 00 | csr_addr: 008 | csr_wdata: 80042408 | mscratch: 00000000
PC: 800025a8 | Instr: 00000863 | rs1_d: 00000000 | rs2_d: 00000000 | alu_res: 00000000 | mem_w: 0 | reg_w: 0 | csr_w: 0 | csr_op: 00 | csr_addr: 000 | csr_wdata: 00000000 | mscratch: 00000000
PC: 800025b8 | Instr: 00458593 | rs1_d: 80042408 | rs2_d: 561d8308 | alu_res: 8004240c | mem_w: 0 | reg_w: 1 | csr_w: 0 | csr_op: 00 | csr_addr: 004 | csr_wdata: 80042408 | mscratch: 00000000
PC: 800025bc | Instr: 0000a703 | rs1_d: 8004023c | rs2_d: 00000000 | alu_res: 8004023c | mem_w: 0 | reg_w: 1 | csr_w: 0 | csr_op: 00 | csr_addr: 000 | csr_wdata: 8004023c | mscratch: 00000000
PC: 800025c0 | Instr: 00408093 | rs1_d: 8004023c | rs2_d: 561d8308 | alu_res: 80040240 | mem_w: 0 | reg_w: 1 | csr_w: 0 | csr_op: 00 | csr_addr: 004 | csr_wdata: 8004023c | mscratch: 00000000
PC: 800025c4 | Instr: 00105073 | rs1_d: 00000000 | rs2_d: 80040240 | alu_res: 80040240 | mem_w: 0 | reg_w: 1 | csr_w: 1 | csr_op: 01 | csr_addr: 001 | csr_wdata: 00000000 | mscratch: 00000000
PC: 800025c8 | Instr: d0077fd3 | rs1_d: ba9d7e21 | rs2_d: 00000000 | alu_res: ba9d7e21 | mem_w: 0 | reg_w: 0 | csr_w: 0 | csr_op: 00 | csr_addr: d00 | csr_wdata: ba9d7e21 | mscratch: 00000000
PC: 800025cc | Instr: 00000013 | rs1_d: 00000000 | rs2_d: 00000000 | alu_res: 00000000 | mem_w: 0 | reg_w: 1 | csr_w: 0 | csr_op: 00 | csr_addr: 000 | csr_wdata: 00000000 | mscratch: 00000000
PC: 800025d0 | Instr: 00000013 | rs1_d: 00000000 | rs2_d: 00000000 | alu_res: 00000000 | mem_w: 0 | reg_w: 1 | csr_w: 0 | csr_op: 00 | csr_addr: 000 | csr_wdata: 00000000 | mscratch: 00000000
PC: 800025d4 | Instr: 00000013 | rs1_d: 00000000 | rs2_d: 00000000 | alu_res: 00000000 | mem_w: 0 | reg_w: 1 | csr_w: 0 | csr_op: 00 | csr_addr: 000 | csr_wdata: 00000000 | mscratch: 00000000
PC: 800025d8 | Instr: 00000013 | rs1_d: 00000000 | rs2_d: 00000000 | alu_res: 00000000 | mem_w: 0 | reg_w: 1 | csr_w: 0 | csr_op: 00 | csr_addr: 000 | csr_wdata: 00000000 | mscratch: 00000000
PC: 800025dc | Instr: 00000013 | rs1_d: 00000000 | rs2_d: 00000000 | alu_res: 00000000 | mem_w: 0 | reg_w: 1 | csr_w: 0 | csr_op: 00 | csr_addr: 000 | csr_wdata: 00000000 | mscratch: 00000000
PC: 800025e0 | Instr: 0003e417 | rs1_d: 6df56ff7 | rs2_d: 00000000 | alu_res: 800405e0 | mem_w: 0 | reg_w: 1 | csr_w: 0 | csr_op: 00 | csr_addr: 000 | csr_wdata: 6df56ff7 | mscratch: 00000000
PC: 800025e4 | Instr: a2040413 | rs1_d: 800405e0 | rs2_d: 00000000 | alu_res: 80040000 | mem_w: 0 | reg_w: 1 | csr_w: 0 | csr_op: 00 | csr_addr: a20 | csr_wdata: 800405e0 | mscratch: 00000000
PC: 800025e8 | Instr: 00000013 | rs1_d: 00000000 | rs2_d: 00000000 | alu_res: 00000000 | mem_w: 0 | reg_w: 1 | csr_w: 0 | csr_op: 00 | csr_addr: 000 | csr_wdata: 00000000 | mscratch: 00000000
PC: 800025ec | Instr: 00000013 | rs1_d: 00000000 | rs2_d: 00000000 | alu_res: 00000000 | mem_w: 0 | reg_w: 1 | csr_w: 0 | csr_op: 00 | csr_addr: 000 | csr_wdata: 00000000 | mscratch: 00000000
PC: 800025f0 | Instr: 00000013 | rs1_d: 00000000 | rs2_d: 00000000 | alu_res: 00000000 | mem_w: 0 | reg_w: 1 | csr_w: 0 | csr_op: 00 | csr_addr: 000 | csr_wdata: 00000000 | mscratch: 00000000
PC: 800025f4 | Instr: 00000013 | rs1_d: 00000000 | rs2_d: 00000000 | alu_res: 00000000 | mem_w: 0 | reg_w: 1 | csr_w: 0 | csr_op: 00 | csr_addr: 000 | csr_wdata: 00000000 | mscratch: 00000000
PC: 800025f8 | Instr: 00000013 | rs1_d: 00000000 | rs2_d: 00000000 | alu_res: 00000000 | mem_w: 0 | reg_w: 1 | csr_w: 0 | csr_op: 00 | csr_addr: 000 | csr_wdata: 00000000 | mscratch: 00000000
PC: 800025fc | Instr: 00000013 | rs1_d: 00000000 | rs2_d: 00000000 | alu_res: 00000000 | mem_w: 0 | reg_w: 1 | csr_w: 0 | csr_op: 00 | csr_addr: 000 | csr_wdata: 00000000 | mscratch: 00000000
PC: 80002600 | Instr: 01f42027 | rs1_d: 80040000 | rs2_d: b1b1322a | alu_res: 80040000 | mem_w: 1 | reg_w: 0 | csr_w: 0 | csr_op: 00 | csr_addr: 01f | csr_wdata: 80040000 | mscratch: 00000000
PC: 80002604 | Instr: 00042403 | rs1_d: 80040000 | rs2_d: 00000000 | alu_res: 80040000 | mem_w: 0 | reg_w: 1 | csr_w: 0 | csr_op: 00 | csr_addr: 000 | csr_wdata: 80040000 | mscratch: 00000000
PC: 80002608 | Instr: 0085a023 | rs1_d: 8004240c | rs2_d: ce8ac504 | alu_res: 8004240c | mem_w: 1 | reg_w: 0 | csr_w: 0 | csr_op: 00 | csr_addr: 008 | csr_wdata: 8004240c | mscratch: 00000000
PC: 8000260c | Instr: 00000863 | rs1_d: 00000000 | rs2_d: 00000000 | alu_res: 00000000 | mem_w: 0 | reg_w: 0 | csr_w: 0 | csr_op: 00 | csr_addr: 000 | csr_wdata: 00000000 | mscratch: 00000000
PC: 8000261c | Instr: 00458593 | rs1_d: 8004240c | rs2_d: 561d8308 | alu_res: 80042410 | mem_w: 0 | reg_w: 1 | csr_w: 0 | csr_op: 00 | csr_addr: 004 | csr_wdata: 8004240c | mscratch: 00000000
PC: 80002620 | Instr: 00102473 | rs1_d: 00000000 | rs2_d: 80040240 | alu_res: 80040240 | mem_w: 0 | reg_w: 1 | csr_w: 0 | csr_op: 10 | csr_addr: 001 | csr_wdata: 00000000 | mscratch: 00000000
PC: 80002624 | Instr: 0085a023 | rs1_d: 80042410 | rs2_d: 00000001 | alu_res: 80042410 | mem_w: 1 | reg_w: 0 | csr_w: 0 | csr_op: 00 | csr_addr: 008 | csr_wdata: 80042410 | mscratch: 00000000
PC: 80002628 | Instr: 00000863 | rs1_d: 00000000 | rs2_d: 00000000 | alu_res: 00000000 | mem_w: 0 | reg_w: 0 | csr_w: 0 | csr_op: 00 | csr_addr: 000 | csr_wdata: 00000000 | mscratch: 00000000
PC: 80002638 | Instr: 00458593 | rs1_d: 80042410 | rs2_d: 561d8308 | alu_res: 80042414 | mem_w: 0 | reg_w: 1 | csr_w: 0 | csr_op: 00 | csr_addr: 004 | csr_wdata: 80042410 | mscratch: 00000000
PC: 8000263c | Instr: 0000ab03 | rs1_d: 80040240 | rs2_d: 00000000 | alu_res: 80040240 | mem_w: 0 | reg_w: 1 | csr_w: 0 | csr_op: 00 | csr_addr: 000 | csr_wdata: 80040240 | mscratch: 00000000
PC: 80002640 | Instr: 00408093 | rs1_d: 80040240 | rs2_d: 561d8308 | alu_res: 80040244 | mem_w: 0 | reg_w: 1 | csr_w: 0 | csr_op: 00 | csr_addr: 004 | csr_wdata: 80040240 | mscratch: 00000000
PC: 80002644 | Instr: 00105073 | rs1_d: 00000000 | rs2_d: 80040244 | alu_res: 80040244 | mem_w: 0 | reg_w: 1 | csr_w: 1 | csr_op: 01 | csr_addr: 001 | csr_wdata: 00000000 | mscratch: 00000000
PC: 80002648 | Instr: 00215073 | rs1_d: b1b47cde | rs2_d: b1b47cde | alu_res: 6368f9bc | mem_w: 0 | reg_w: 1 | csr_w: 1 | csr_op: 01 | csr_addr: 002 | csr_wdata: 00000002 | mscratch: 00000000
PC: 8000264c | Instr: d00b7fd3 | rs1_d: ef259b07 | rs2_d: 00000000 | alu_res: ef259b07 | mem_w: 0 | reg_w: 0 | csr_w: 0 | csr_op: 00 | csr_addr: d00 | csr_wdata: ef259b07 | mscratch: 00000000
PC: 80002650 | Instr: 00000013 | rs1_d: 00000000 | rs2_d: 00000000 | alu_res: 00000000 | mem_w: 0 | reg_w: 1 | csr_w: 0 | csr_op: 00 | csr_addr: 000 | csr_wdata: 00000000 | mscratch: 00000000
PC: 80002654 | Instr: 00000013 | rs1_d: 00000000 | rs2_d: 00000000 | alu_res: 00000000 | mem_w: 0 | reg_w: 1 | csr_w: 0 | csr_op: 00 | csr_addr: 000 | csr_wdata: 00000000 | mscratch: 00000000
PC: 80002658 | Instr: 00000013 | rs1_d: 00000000 | rs2_d: 00000000 | alu_res: 00000000 | mem_w: 0 | reg_w: 1 | csr_w: 0 | csr_op: 00 | csr_addr: 000 | csr_wdata: 00000000 | mscratch: 00000000
PC: 8000265c | Instr: 00000013 | rs1_d: 00000000 | rs2_d: 00000000 | alu_res: 00000000 | mem_w: 0 | reg_w: 1 | csr_w: 0 | csr_op: 00 | csr_addr: 000 | csr_wdata: 00000000 | mscratch: 00000000
PC: 80002660 | Instr: 0003e417 | rs1_d: 6df56ff7 | rs2_d: 00000000 | alu_res: 80040660 | mem_w: 0 | reg_w: 1 | csr_w: 0 | csr_op: 00 | csr_addr: 000 | csr_wdata: 6df56ff7 | mscratch: 00000000
PC: 80002664 | Instr: 9a040413 | rs1_d: 80040660 | rs2_d: 00000000 | alu_res: 80040000 | mem_w: 0 | reg_w: 1 | csr_w: 0 | csr_op: 00 | csr_addr: 9a0 | csr_wdata: 80040660 | mscratch: 00000000
PC: 80002668 | Instr: 00000013 | rs1_d: 00000000 | rs2_d: 00000000 | alu_res: 00000000 | mem_w: 0 | reg_w: 1 | csr_w: 0 | csr_op: 00 | csr_addr: 000 | csr_wdata: 00000000 | mscratch: 00000000
PC: 8000266c | Instr: 00000013 | rs1_d: 00000000 | rs2_d: 00000000 | alu_res: 00000000 | mem_w: 0 | reg_w: 1 | csr_w: 0 | csr_op: 00 | csr_addr: 000 | csr_wdata: 00000000 | mscratch: 00000000
PC: 80002670 | Instr: 00000013 | rs1_d: 00000000 | rs2_d: 00000000 | alu_res: 00000000 | mem_w: 0 | reg_w: 1 | csr_w: 0 | csr_op: 00 | csr_addr: 000 | csr_wdata: 00000000 | mscratch: 00000000
PC: 80002674 | Instr: 00000013 | rs1_d: 00000000 | rs2_d: 00000000 | alu_res: 00000000 | mem_w: 0 | reg_w: 1 | csr_w: 0 | csr_op: 00 | csr_addr: 000 | csr_wdata: 00000000 | mscratch: 00000000
PC: 80002678 | Instr: 00000013 | rs1_d: 00000000 | rs2_d: 00000000 | alu_res: 00000000 | mem_w: 0 | reg_w: 1 | csr_w: 0 | csr_op: 00 | csr_addr: 000 | csr_wdata: 00000000 | mscratch: 00000000
PC: 8000267c | Instr: 00000013 | rs1_d: 00000000 | rs2_d: 00000000 | alu_res: 00000000 | mem_w: 0 | reg_w: 1 | csr_w: 0 | csr_op: 00 | csr_addr: 000 | csr_wdata: 00000000 | mscratch: 00000000
PC: 80002680 | Instr: 01f42027 | rs1_d: 80040000 | rs2_d: b1b1322a | alu_res: 80040000 | mem_w: 1 | reg_w: 0 | csr_w: 0 | csr_op: 00 | csr_addr: 01f | csr_wdata: 80040000 | mscratch: 00000000
PC: 80002684 | Instr: 00042403 | rs1_d: 80040000 | rs2_d: 00000000 | alu_res: 80040000 | mem_w: 0 | reg_w: 1 | csr_w: 0 | csr_op: 00 | csr_addr: 000 | csr_wdata: 80040000 | mscratch: 00000000
PC: 80002688 | Instr: 0085a023 | rs1_d: 80042414 | rs2_d: cd86d328 | alu_res: 80042414 | mem_w: 1 | reg_w: 0 | csr_w: 0 | csr_op: 00 | csr_addr: 008 | csr_wdata: 80042414 | mscratch: 00000000
PC: 8000268c | Instr: 00000863 | rs1_d: 00000000 | rs2_d: 00000000 | alu_res: 00000000 | mem_w: 0 | reg_w: 0 | csr_w: 0 | csr_op: 00 | csr_addr: 000 | csr_wdata: 00000000 | mscratch: 00000000
PC: 8000269c | Instr: 00458593 | rs1_d: 80042414 | rs2_d: 561d8308 | alu_res: 80042418 | mem_w: 0 | reg_w: 1 | csr_w: 0 | csr_op: 00 | csr_addr: 004 | csr_wdata: 80042414 | mscratch: 00000000
PC: 800026a0 | Instr: 00102473 | rs1_d: 00000000 | rs2_d: 80040244 | alu_res: 80040244 | mem_w: 0 | reg_w: 1 | csr_w: 0 | csr_op: 10 | csr_addr: 001 | csr_wdata: 00000000 | mscratch: 00000000
PC: 800026a4 | Instr: 0085a023 | rs1_d: 80042418 | rs2_d: 00000001 | alu_res: 80042418 | mem_w: 1 | reg_w: 0 | csr_w: 0 | csr_op: 00 | csr_addr: 008 | csr_wdata: 80042418 | mscratch: 00000000
PC: 800026a8 | Instr: 00000863 | rs1_d: 00000000 | rs2_d: 00000000 | alu_res: 00000000 | mem_w: 0 | reg_w: 0 | csr_w: 0 | csr_op: 00 | csr_addr: 000 | csr_wdata: 00000000 | mscratch: 00000000
PC: 800026b8 | Instr: 00458593 | rs1_d: 80042418 | rs2_d: 561d8308 | alu_res: 8004241c | mem_w: 0 | reg_w: 1 | csr_w: 0 | csr_op: 00 | csr_addr: 004 | csr_wdata: 80042418 | mscratch: 00000000
PC: 800026bc | Instr: 00205073 | rs1_d: 00000000 | rs2_d: b1b47cde | alu_res: b1b47cde | mem_w: 0 | reg_w: 1 | csr_w: 1 | csr_op: 01 | csr_addr: 002 | csr_wdata: 00000000 | mscratch: 00000000
PC: 800026c0 | Instr: 0000ae83 | rs1_d: 80040244 | rs2_d: 00000000 | alu_res: 80040244 | mem_w: 0 | reg_w: 1 | csr_w: 0 | csr_op: 00 | csr_addr: 000 | csr_wdata: 80040244 | mscratch: 00000000
PC: 800026c4 | Instr: 00408093 | rs1_d: 80040244 | rs2_d: 561d8308 | alu_res: 80040248 | mem_w: 0 | reg_w: 1 | csr_w: 0 | csr_op: 00 | csr_addr: 004 | csr_wdata: 80040244 | mscratch: 00000000
PC: 800026c8 | Instr: 00105073 | rs1_d: 00000000 | rs2_d: 80040248 | alu_res: 80040248 | mem_w: 0 | reg_w: 1 | csr_w: 1 | csr_op: 01 | csr_addr: 001 | csr_wdata: 00000000 | mscratch: 00000000
PC: 800026cc | Instr: d00eaa53 | rs1_d: aa8260b3 | rs2_d: 00000000 | alu_res: aa8260b3 | mem_w: 0 | reg_w: 0 | csr_w: 0 | csr_op: 00 | csr_addr: d00 | csr_wdata: aa8260b3 | mscratch: 00000000
PC: 800026d0 | Instr: 00000013 | rs1_d: 00000000 | rs2_d: 00000000 | alu_res: 00000000 | mem_w: 0 | reg_w: 1 | csr_w: 0 | csr_op: 00 | csr_addr: 000 | csr_wdata: 00000000 | mscratch: 00000000
PC: 800026d4 | Instr: 00000013 | rs1_d: 00000000 | rs2_d: 00000000 | alu_res: 00000000 | mem_w: 0 | reg_w: 1 | csr_w: 0 | csr_op: 00 | csr_addr: 000 | csr_wdata: 00000000 | mscratch: 00000000
PC: 800026d8 | Instr: 00000013 | rs1_d: 00000000 | rs2_d: 00000000 | alu_res: 00000000 | mem_w: 0 | reg_w: 1 | csr_w: 0 | csr_op: 00 | csr_addr: 000 | csr_wdata: 00000000 | mscratch: 00000000
PC: 800026dc | Instr: 00000013 | rs1_d: 00000000 | rs2_d: 00000000 | alu_res: 00000000 | mem_w: 0 | reg_w: 1 | csr_w: 0 | csr_op: 00 | csr_addr: 000 | csr_wdata: 00000000 | mscratch: 00000000
PC: 800026e0 | Instr: 0003e417 | rs1_d: 6df56ff7 | rs2_d: 00000000 | alu_res: 800406e0 | mem_w: 0 | reg_w: 1 | csr_w: 0 | csr_op: 00 | csr_addr: 000 | csr_wdata: 6df56ff7 | mscratch: 00000000
PC: 800026e4 | Instr: 92040413 | rs1_d: 800406e0 | rs2_d: 00000000 | alu_res: 80040000 | mem_w: 0 | reg_w: 1 | csr_w: 0 | csr_op: 00 | csr_addr: 920 | csr_wdata: 800406e0 | mscratch: 00000000
PC: 800026e8 | Instr: 00000013 | rs1_d: 00000000 | rs2_d: 00000000 | alu_res: 00000000 | mem_w: 0 | reg_w: 1 | csr_w: 0 | csr_op: 00 | csr_addr: 000 | csr_wdata: 00000000 | mscratch: 00000000
PC: 800026ec | Instr: 00000013 | rs1_d: 00000000 | rs2_d: 00000000 | alu_res: 00000000 | mem_w: 0 | reg_w: 1 | csr_w: 0 | csr_op: 00 | csr_addr: 000 | csr_wdata: 00000000 | mscratch: 00000000
PC: 800026f0 | Instr: 00000013 | rs1_d: 00000000 | rs2_d: 00000000 | alu_res: 00000000 | mem_w: 0 | reg_w: 1 | csr_w: 0 | csr_op: 00 | csr_addr: 000 | csr_wdata: 00000000 | mscratch: 00000000
PC: 800026f4 | Instr: 00000013 | rs1_d: 00000000 | rs2_d: 00000000 | alu_res: 00000000 | mem_w: 0 | reg_w: 1 | csr_w: 0 | csr_op: 00 | csr_addr: 000 | csr_wdata: 00000000 | mscratch: 00000000
PC: 800026f8 | Instr: 00000013 | rs1_d: 00000000 | rs2_d: 00000000 | alu_res: 00000000 | mem_w: 0 | reg_w: 1 | csr_w: 0 | csr_op: 00 | csr_addr: 000 | csr_wdata: 00000000 | mscratch: 00000000
PC: 800026fc | Instr: 00000013 | rs1_d: 00000000 | rs2_d: 00000000 | alu_res: 00000000 | mem_w: 0 | reg_w: 1 | csr_w: 0 | csr_op: 00 | csr_addr: 000 | csr_wdata: 00000000 | mscratch: 00000000
PC: 80002700 | Instr: 01442027 | rs1_d: 80040000 | rs2_d: 4d770a51 | alu_res: 80040000 | mem_w: 1 | reg_w: 0 | csr_w: 0 | csr_op: 00 | csr_addr: 014 | csr_wdata: 80040000 | mscratch: 00000000
PC: 80002704 | Instr: 00042403 | rs1_d: 80040000 | rs2_d: 00000000 | alu_res: 80040000 | mem_w: 0 | reg_w: 1 | csr_w: 0 | csr_op: 00 | csr_addr: 000 | csr_wdata: 80040000 | mscratch: 00000000
PC: 80002708 | Instr: 0085a023 | rs1_d: 8004241c | rs2_d: ceaafb3f | alu_res: 8004241c | mem_w: 1 | reg_w: 0 | csr_w: 0 | csr_op: 00 | csr_addr: 008 | csr_wdata: 8004241c | mscratch: 00000000
PC: 8000270c | Instr: 00000863 | rs1_d: 00000000 | rs2_d: 00000000 | alu_res: 00000000 | mem_w: 0 | reg_w: 0 | csr_w: 0 | csr_op: 00 | csr_addr: 000 | csr_wdata: 00000000 | mscratch: 00000000
PC: 8000271c | Instr: 00458593 | rs1_d: 8004241c | rs2_d: 561d8308 | alu_res: 80042420 | mem_w: 0 | reg_w: 1 | csr_w: 0 | csr_op: 00 | csr_addr: 004 | csr_wdata: 8004241c | mscratch: 00000000
PC: 80002720 | Instr: 00102473 | rs1_d: 00000000 | rs2_d: 80040248 | alu_res: 80040248 | mem_w: 0 | reg_w: 1 | csr_w: 0 | csr_op: 10 | csr_addr: 001 | csr_wdata: 00000000 | mscratch: 00000000
PC: 80002724 | Instr: 0085a023 | rs1_d: 80042420 | rs2_d: 00000001 | alu_res: 80042420 | mem_w: 1 | reg_w: 0 | csr_w: 0 | csr_op: 00 | csr_addr: 008 | csr_wdata: 80042420 | mscratch: 00000000
PC: 80002728 | Instr: 00000863 | rs1_d: 00000000 | rs2_d: 00000000 | alu_res: 00000000 | mem_w: 0 | reg_w: 0 | csr_w: 0 | csr_op: 00 | csr_addr: 000 | csr_wdata: 00000000 | mscratch: 00000000
PC: 80002738 | Instr: 00458593 | rs1_d: 80042420 | rs2_d: 561d8308 | alu_res: 80042424 | mem_w: 0 | reg_w: 1 | csr_w: 0 | csr_op: 00 | csr_addr: 004 | csr_wdata: 80042420 | mscratch: 00000000
PC: 8000273c | Instr: 0000ac83 | rs1_d: 80040248 | rs2_d: 00000000 | alu_res: 80040248 | mem_w: 0 | reg_w: 1 | csr_w: 0 | csr_op: 00 | csr_addr: 000 | csr_wdata: 80040248 | mscratch: 00000000
PC: 80002740 | Instr: 00408093 | rs1_d: 80040248 | rs2_d: 561d8308 | alu_res: 8004024c | mem_w: 0 | reg_w: 1 | csr_w: 0 | csr_op: 00 | csr_addr: 004 | csr_wdata: 80040248 | mscratch: 00000000
PC: 80002744 | Instr: 00105073 | rs1_d: 00000000 | rs2_d: 8004024c | alu_res: 8004024c | mem_w: 0 | reg_w: 1 | csr_w: 1 | csr_op: 01 | csr_addr: 001 | csr_wdata: 00000000 | mscratch: 00000000
PC: 80002748 | Instr: d00cce53 | rs1_d: a91d4f7f | rs2_d: 00000000 | alu_res: a91d4f7f | mem_w: 0 | reg_w: 0 | csr_w: 0 | csr_op: 00 | csr_addr: d00 | csr_wdata: a91d4f7f | mscratch: 00000000
PC: 8000274c | Instr: 00000013 | rs1_d: 00000000 | rs2_d: 00000000 | alu_res: 00000000 | mem_w: 0 | reg_w: 1 | csr_w: 0 | csr_op: 00 | csr_addr: 000 | csr_wdata: 00000000 | mscratch: 00000000
PC: 80002750 | Instr: 00000013 | rs1_d: 00000000 | rs2_d: 00000000 | alu_res: 00000000 | mem_w: 0 | reg_w: 1 | csr_w: 0 | csr_op: 00 | csr_addr: 000 | csr_wdata: 00000000 | mscratch: 00000000
PC: 80002754 | Instr: 00000013 | rs1_d: 00000000 | rs2_d: 00000000 | alu_res: 00000000 | mem_w: 0 | reg_w: 1 | csr_w: 0 | csr_op: 00 | csr_addr: 000 | csr_wdata: 00000000 | mscratch: 00000000
PC: 80002758 | Instr: 00000013 | rs1_d: 00000000 | rs2_d: 00000000 | alu_res: 00000000 | mem_w: 0 | reg_w: 1 | csr_w: 0 | csr_op: 00 | csr_addr: 000 | csr_wdata: 00000000 | mscratch: 00000000
PC: 8000275c | Instr: 00000013 | rs1_d: 00000000 | rs2_d: 00000000 | alu_res: 00000000 | mem_w: 0 | reg_w: 1 | csr_w: 0 | csr_op: 00 | csr_addr: 000 | csr_wdata: 00000000 | mscratch: 00000000
PC: 80002760 | Instr: 0003e417 | rs1_d: 6df56ff7 | rs2_d: 00000000 | alu_res: 80040760 | mem_w: 0 | reg_w: 1 | csr_w: 0 | csr_op: 00 | csr_addr: 000 | csr_wdata: 6df56ff7 | mscratch: 00000000
PC: 80002764 | Instr: 8a040413 | rs1_d: 80040760 | rs2_d: 00000000 | alu_res: 80040000 | mem_w: 0 | reg_w: 1 | csr_w: 0 | csr_op: 00 | csr_addr: 8a0 | csr_wdata: 80040760 | mscratch: 00000000
PC: 80002768 | Instr: 00000013 | rs1_d: 00000000 | rs2_d: 00000000 | alu_res: 00000000 | mem_w: 0 | reg_w: 1 | csr_w: 0 | csr_op: 00 | csr_addr: 000 | csr_wdata: 00000000 | mscratch: 00000000
PC: 8000276c | Instr: 00000013 | rs1_d: 00000000 | rs2_d: 00000000 | alu_res: 00000000 | mem_w: 0 | reg_w: 1 | csr_w: 0 | csr_op: 00 | csr_addr: 000 | csr_wdata: 00000000 | mscratch: 00000000
PC: 80002770 | Instr: 00000013 | rs1_d: 00000000 | rs2_d: 00000000 | alu_res: 00000000 | mem_w: 0 | reg_w: 1 | csr_w: 0 | csr_op: 00 | csr_addr: 000 | csr_wdata: 00000000 | mscratch: 00000000
PC: 80002774 | Instr: 00000013 | rs1_d: 00000000 | rs2_d: 00000000 | alu_res: 00000000 | mem_w: 0 | reg_w: 1 | csr_w: 0 | csr_op: 00 | csr_addr: 000 | csr_wdata: 00000000 | mscratch: 00000000
PC: 80002778 | Instr: 00000013 | rs1_d: 00000000 | rs2_d: 00000000 | alu_res: 00000000 | mem_w: 0 | reg_w: 1 | csr_w: 0 | csr_op: 00 | csr_addr: 000 | csr_wdata: 00000000 | mscratch: 00000000
PC: 8000277c | Instr: 00000013 | rs1_d: 00000000 | rs2_d: 00000000 | alu_res: 00000000 | mem_w: 0 | reg_w: 1 | csr_w: 0 | csr_op: 00 | csr_addr: 000 | csr_wdata: 00000000 | mscratch: 00000000
PC: 80002780 | Instr: 01c42027 | rs1_d: 80040000 | rs2_d: c10c746d | alu_res: 80040000 | mem_w: 1 | reg_w: 0 | csr_w: 0 | csr_op: 00 | csr_addr: 01c | csr_wdata: 80040000 | mscratch: 00000000
PC: 80002784 | Instr: 00042403 | rs1_d: 80040000 | rs2_d: 00000000 | alu_res: 80040000 | mem_w: 0 | reg_w: 1 | csr_w: 0 | csr_op: 00 | csr_addr: 000 | csr_wdata: 80040000 | mscratch: 00000000
PC: 80002788 | Instr: 0085a023 | rs1_d: 80042424 | rs2_d: ceadc561 | alu_res: 80042424 | mem_w: 1 | reg_w: 0 | csr_w: 0 | csr_op: 00 | csr_addr: 008 | csr_wdata: 80042424 | mscratch: 00000000
PC: 8000278c | Instr: 00000863 | rs1_d: 00000000 | rs2_d: 00000000 | alu_res: 00000000 | mem_w: 0 | reg_w: 0 | csr_w: 0 | csr_op: 00 | csr_addr: 000 | csr_wdata: 00000000 | mscratch: 00000000
PC: 8000279c | Instr: 00458593 | rs1_d: 80042424 | rs2_d: 561d8308 | alu_res: 80042428 | mem_w: 0 | reg_w: 1 | csr_w: 0 | csr_op: 00 | csr_addr: 004 | csr_wdata: 80042424 | mscratch: 00000000
PC: 800027a0 | Instr: 00102473 | rs1_d: 00000000 | rs2_d: 8004024c | alu_res: 8004024c | mem_w: 0 | reg_w: 1 | csr_w: 0 | csr_op: 10 | csr_addr: 001 | csr_wdata: 00000000 | mscratch: 00000000
PC: 800027a4 | Instr: 0085a023 | rs1_d: 80042428 | rs2_d: 00000001 | alu_res: 80042428 | mem_w: 1 | reg_w: 0 | csr_w: 0 | csr_op: 00 | csr_addr: 008 | csr_wdata: 80042428 | mscratch: 00000000
PC: 800027a8 | Instr: 00000863 | rs1_d: 00000000 | rs2_d: 00000000 | alu_res: 00000000 | mem_w: 0 | reg_w: 0 | csr_w: 0 | csr_op: 00 | csr_addr: 000 | csr_wdata: 00000000 | mscratch: 00000000
PC: 800027b8 | Instr: 00458593 | rs1_d: 80042428 | rs2_d: 561d8308 | alu_res: 8004242c | mem_w: 0 | reg_w: 1 | csr_w: 0 | csr_op: 00 | csr_addr: 004 | csr_wdata: 80042428 | mscratch: 00000000
PC: 800027bc | Instr: 0000af03 | rs1_d: 8004024c | rs2_d: 00000000 | alu_res: 8004024c | mem_w: 0 | reg_w: 1 | csr_w: 0 | csr_op: 00 | csr_addr: 000 | csr_wdata: 8004024c | mscratch: 00000000
PC: 800027c0 | Instr: 00408093 | rs1_d: 8004024c | rs2_d: 561d8308 | alu_res: 80040250 | mem_w: 0 | reg_w: 1 | csr_w: 0 | csr_op: 00 | csr_addr: 004 | csr_wdata: 8004024c | mscratch: 00000000
PC: 800027c4 | Instr: 00105073 | rs1_d: 00000000 | rs2_d: 80040250 | alu_res: 80040250 | mem_w: 0 | reg_w: 1 | csr_w: 1 | csr_op: 01 | csr_addr: 001 | csr_wdata: 00000000 | mscratch: 00000000
PC: 800027c8 | Instr: d00f0653 | rs1_d: a2f30c76 | rs2_d: 00000000 | alu_res: a2f30c76 | mem_w: 0 | reg_w: 0 | csr_w: 0 | csr_op: 00 | csr_addr: d00 | csr_wdata: a2f30c76 | mscratch: 00000000
PC: 800027cc | Instr: 00000013 | rs1_d: 00000000 | rs2_d: 00000000 | alu_res: 00000000 | mem_w: 0 | reg_w: 1 | csr_w: 0 | csr_op: 00 | csr_addr: 000 | csr_wdata: 00000000 | mscratch: 00000000
PC: 800027d0 | Instr: 00000013 | rs1_d: 00000000 | rs2_d: 00000000 | alu_res: 00000000 | mem_w: 0 | reg_w: 1 | csr_w: 0 | csr_op: 00 | csr_addr: 000 | csr_wdata: 00000000 | mscratch: 00000000
PC: 800027d4 | Instr: 00000013 | rs1_d: 00000000 | rs2_d: 00000000 | alu_res: 00000000 | mem_w: 0 | reg_w: 1 | csr_w: 0 | csr_op: 00 | csr_addr: 000 | csr_wdata: 00000000 | mscratch: 00000000
PC: 800027d8 | Instr: 00000013 | rs1_d: 00000000 | rs2_d: 00000000 | alu_res: 00000000 | mem_w: 0 | reg_w: 1 | csr_w: 0 | csr_op: 00 | csr_addr: 000 | csr_wdata: 00000000 | mscratch: 00000000
PC: 800027dc | Instr: 00000013 | rs1_d: 00000000 | rs2_d: 00000000 | alu_res: 00000000 | mem_w: 0 | reg_w: 1 | csr_w: 0 | csr_op: 00 | csr_addr: 000 | csr_wdata: 00000000 | mscratch: 00000000
PC: 800027e0 | Instr: 0003e417 | rs1_d: 6df56ff7 | rs2_d: 00000000 | alu_res: 800407e0 | mem_w: 0 | reg_w: 1 | csr_w: 0 | csr_op: 00 | csr_addr: 000 | csr_wdata: 6df56ff7 | mscratch: 00000000
PC: 800027e4 | Instr: 82040413 | rs1_d: 800407e0 | rs2_d: 00000000 | alu_res: 80040000 | mem_w: 0 | reg_w: 1 | csr_w: 0 | csr_op: 00 | csr_addr: 820 | csr_wdata: 800407e0 | mscratch: 00000000
PC: 800027e8 | Instr: 00000013 | rs1_d: 00000000 | rs2_d: 00000000 | alu_res: 00000000 | mem_w: 0 | reg_w: 1 | csr_w: 0 | csr_op: 00 | csr_addr: 000 | csr_wdata: 00000000 | mscratch: 00000000
PC: 800027ec | Instr: 00000013 | rs1_d: 00000000 | rs2_d: 00000000 | alu_res: 00000000 | mem_w: 0 | reg_w: 1 | csr_w: 0 | csr_op: 00 | csr_addr: 000 | csr_wdata: 00000000 | mscratch: 00000000
PC: 800027f0 | Instr: 00000013 | rs1_d: 00000000 | rs2_d: 00000000 | alu_res: 00000000 | mem_w: 0 | reg_w: 1 | csr_w: 0 | csr_op: 00 | csr_addr: 000 | csr_wdata: 00000000 | mscratch: 00000000
PC: 800027f4 | Instr: 00000013 | rs1_d: 00000000 | rs2_d: 00000000 | alu_res: 00000000 | mem_w: 0 | reg_w: 1 | csr_w: 0 | csr_op: 00 | csr_addr: 000 | csr_wdata: 00000000 | mscratch: 00000000
PC: 800027f8 | Instr: 00000013 | rs1_d: 00000000 | rs2_d: 00000000 | alu_res: 00000000 | mem_w: 0 | reg_w: 1 | csr_w: 0 | csr_op: 00 | csr_addr: 000 | csr_wdata: 00000000 | mscratch: 00000000
PC: 800027fc | Instr: 00000013 | rs1_d: 00000000 | rs2_d: 00000000 | alu_res: 00000000 | mem_w: 0 | reg_w: 1 | csr_w: 0 | csr_op: 00 | csr_addr: 000 | csr_wdata: 00000000 | mscratch: 00000000
PC: 80002800 | Instr: 00c42027 | rs1_d: 80040000 | rs2_d: 4902e3a5 | alu_res: 80040000 | mem_w: 1 | reg_w: 0 | csr_w: 0 | csr_op: 00 | csr_addr: 00c | csr_wdata: 80040000 | mscratch: 00000000
PC: 80002804 | Instr: 00042403 | rs1_d: 80040000 | rs2_d: 00000000 | alu_res: 80040000 | mem_w: 0 | reg_w: 1 | csr_w: 0 | csr_op: 00 | csr_addr: 000 | csr_wdata: 80040000 | mscratch: 00000000
PC: 80002808 | Instr: 0085a023 | rs1_d: 8004242c | rs2_d: ceba19e7 | alu_res: 8004242c | mem_w: 1 | reg_w: 0 | csr_w: 0 | csr_op: 00 | csr_addr: 008 | csr_wdata: 8004242c | mscratch: 00000000
PC: 8000280c | Instr: 00000863 | rs1_d: 00000000 | rs2_d: 00000000 | alu_res: 00000000 | mem_w: 0 | reg_w: 0 | csr_w: 0 | csr_op: 00 | csr_addr: 000 | csr_wdata: 00000000 | mscratch: 00000000
PC: 8000281c | Instr: 00458593 | rs1_d: 8004242c | rs2_d: 561d8308 | alu_res: 80042430 | mem_w: 0 | reg_w: 1 | csr_w: 0 | csr_op: 00 | csr_addr: 004 | csr_wdata: 8004242c | mscratch: 00000000
PC: 80002820 | Instr: 00102473 | rs1_d: 00000000 | rs2_d: 80040250 | alu_res: 80040250 | mem_w: 0 | reg_w: 1 | csr_w: 0 | csr_op: 10 | csr_addr: 001 | csr_wdata: 00000000 | mscratch: 00000000
PC: 80002824 | Instr: 0085a023 | rs1_d: 80042430 | rs2_d: 00000001 | alu_res: 80042430 | mem_w: 1 | reg_w: 0 | csr_w: 0 | csr_op: 00 | csr_addr: 008 | csr_wdata: 80042430 | mscratch: 00000000
PC: 80002828 | Instr: 00000863 | rs1_d: 00000000 | rs2_d: 00000000 | alu_res: 00000000 | mem_w: 0 | reg_w: 0 | csr_w: 0 | csr_op: 00 | csr_addr: 000 | csr_wdata: 00000000 | mscratch: 00000000
PC: 80002838 | Instr: 00458593 | rs1_d: 80042430 | rs2_d: 561d8308 | alu_res: 80042434 | mem_w: 0 | reg_w: 1 | csr_w: 0 | csr_op: 00 | csr_addr: 004 | csr_wdata: 80042430 | mscratch: 00000000
PC: 8000283c | Instr: 0000ac83 | rs1_d: 80040250 | rs2_d: 00000000 | alu_res: 80040250 | mem_w: 0 | reg_w: 1 | csr_w: 0 | csr_op: 00 | csr_addr: 000 | csr_wdata: 80040250 | mscratch: 00000000
PC: 80002840 | Instr: 00408093 | rs1_d: 80040250 | rs2_d: 561d8308 | alu_res: 80040254 | mem_w: 0 | reg_w: 1 | csr_w: 0 | csr_op: 00 | csr_addr: 004 | csr_wdata: 80040250 | mscratch: 00000000
PC: 80002844 | Instr: 00105073 | rs1_d: 00000000 | rs2_d: 80040254 | alu_res: 80040254 | mem_w: 0 | reg_w: 1 | csr_w: 1 | csr_op: 01 | csr_addr: 001 | csr_wdata: 00000000 | mscratch: 00000000
PC: 80002848 | Instr: d00c9c53 | rs1_d: 921a5a5e | rs2_d: 00000000 | alu_res: 921a5a5e | mem_w: 0 | reg_w: 0 | csr_w: 0 | csr_op: 00 | csr_addr: d00 | csr_wdata: 921a5a5e | mscratch: 00000000
PC: 8000284c | Instr: 00000013 | rs1_d: 00000000 | rs2_d: 00000000 | alu_res: 00000000 | mem_w: 0 | reg_w: 1 | csr_w: 0 | csr_op: 00 | csr_addr: 000 | csr_wdata: 00000000 | mscratch: 00000000
PC: 80002850 | Instr: 00000013 | rs1_d: 00000000 | rs2_d: 00000000 | alu_res: 00000000 | mem_w: 0 | reg_w: 1 | csr_w: 0 | csr_op: 00 | csr_addr: 000 | csr_wdata: 00000000 | mscratch: 00000000
PC: 80002854 | Instr: 00000013 | rs1_d: 00000000 | rs2_d: 00000000 | alu_res: 00000000 | mem_w: 0 | reg_w: 1 | csr_w: 0 | csr_op: 00 | csr_addr: 000 | csr_wdata: 00000000 | mscratch: 00000000
PC: 80002858 | Instr: 00000013 | rs1_d: 00000000 | rs2_d: 00000000 | alu_res: 00000000 | mem_w: 0 | reg_w: 1 | csr_w: 0 | csr_op: 00 | csr_addr: 000 | csr_wdata: 00000000 | mscratch: 00000000
PC: 8000285c | Instr: 00000013 | rs1_d: 00000000 | rs2_d: 00000000 | alu_res: 00000000 | mem_w: 0 | reg_w: 1 | csr_w: 0 | csr_op: 00 | csr_addr: 000 | csr_wdata: 00000000 | mscratch: 00000000
PC: 80002860 | Instr: 0003d417 | rs1_d: 6df56ff7 | rs2_d: 00000000 | alu_res: 8003f860 | mem_w: 0 | reg_w: 1 | csr_w: 0 | csr_op: 00 | csr_addr: 000 | csr_wdata: 6df56ff7 | mscratch: 00000000
PC: 80002864 | Instr: 7a040413 | rs1_d: 8003f860 | rs2_d: 00000000 | alu_res: 80040000 | mem_w: 0 | reg_w: 1 | csr_w: 0 | csr_op: 00 | csr_addr: 7a0 | csr_wdata: 8003f860 | mscratch: 00000000
PC: 80002868 | Instr: 00000013 | rs1_d: 00000000 | rs2_d: 00000000 | alu_res: 00000000 | mem_w: 0 | reg_w: 1 | csr_w: 0 | csr_op: 00 | csr_addr: 000 | csr_wdata: 00000000 | mscratch: 00000000
PC: 8000286c | Instr: 00000013 | rs1_d: 00000000 | rs2_d: 00000000 | alu_res: 00000000 | mem_w: 0 | reg_w: 1 | csr_w: 0 | csr_op: 00 | csr_addr: 000 | csr_wdata: 00000000 | mscratch: 00000000
PC: 80002870 | Instr: 00000013 | rs1_d: 00000000 | rs2_d: 00000000 | alu_res: 00000000 | mem_w: 0 | reg_w: 1 | csr_w: 0 | csr_op: 00 | csr_addr: 000 | csr_wdata: 00000000 | mscratch: 00000000
PC: 80002874 | Instr: 00000013 | rs1_d: 00000000 | rs2_d: 00000000 | alu_res: 00000000 | mem_w: 0 | reg_w: 1 | csr_w: 0 | csr_op: 00 | csr_addr: 000 | csr_wdata: 00000000 | mscratch: 00000000
PC: 80002878 | Instr: 00000013 | rs1_d: 00000000 | rs2_d: 00000000 | alu_res: 00000000 | mem_w: 0 | reg_w: 1 | csr_w: 0 | csr_op: 00 | csr_addr: 000 | csr_wdata: 00000000 | mscratch: 00000000
PC: 8000287c | Instr: 00000013 | rs1_d: 00000000 | rs2_d: 00000000 | alu_res: 00000000 | mem_w: 0 | reg_w: 1 | csr_w: 0 | csr_op: 00 | csr_addr: 000 | csr_wdata: 00000000 | mscratch: 00000000
PC: 80002880 | Instr: 01842027 | rs1_d: 80040000 | rs2_d: 77df3eed | alu_res: 80040000 | mem_w: 1 | reg_w: 0 | csr_w: 0 | csr_op: 00 | csr_addr: 018 | csr_wdata: 80040000 | mscratch: 00000000
PC: 80002884 | Instr: 00042403 | rs1_d: 80040000 | rs2_d: 00000000 | alu_res: 80040000 | mem_w: 0 | reg_w: 1 | csr_w: 0 | csr_op: 00 | csr_addr: 000 | csr_wdata: 80040000 | mscratch: 00000000
PC: 80002888 | Instr: 0085a023 | rs1_d: 80042434 | rs2_d: cedbcb4b | alu_res: 80042434 | mem_w: 1 | reg_w: 0 | csr_w: 0 | csr_op: 00 | csr_addr: 008 | csr_wdata: 80042434 | mscratch: 00000000
PC: 8000288c | Instr: 00000863 | rs1_d: 00000000 | rs2_d: 00000000 | alu_res: 00000000 | mem_w: 0 | reg_w: 0 | csr_w: 0 | csr_op: 00 | csr_addr: 000 | csr_wdata: 00000000 | mscratch: 00000000
PC: 8000289c | Instr: 00458593 | rs1_d: 80042434 | rs2_d: 561d8308 | alu_res: 80042438 | mem_w: 0 | reg_w: 1 | csr_w: 0 | csr_op: 00 | csr_addr: 004 | csr_wdata: 80042434 | mscratch: 00000000
PC: 800028a0 | Instr: 00102473 | rs1_d: 00000000 | rs2_d: 80040254 | alu_res: 80040254 | mem_w: 0 | reg_w: 1 | csr_w: 0 | csr_op: 10 | csr_addr: 001 | csr_wdata: 00000000 | mscratch: 00000000
PC: 800028a4 | Instr: 0085a023 | rs1_d: 80042438 | rs2_d: 00000001 | alu_res: 80042438 | mem_w: 1 | reg_w: 0 | csr_w: 0 | csr_op: 00 | csr_addr: 008 | csr_wdata: 80042438 | mscratch: 00000000
PC: 800028a8 | Instr: 00000863 | rs1_d: 00000000 | rs2_d: 00000000 | alu_res: 00000000 | mem_w: 0 | reg_w: 0 | csr_w: 0 | csr_op: 00 | csr_addr: 000 | csr_wdata: 00000000 | mscratch: 00000000
PC: 800028b8 | Instr: 00458593 | rs1_d: 80042438 | rs2_d: 561d8308 | alu_res: 8004243c | mem_w: 0 | reg_w: 1 | csr_w: 0 | csr_op: 00 | csr_addr: 004 | csr_wdata: 80042438 | mscratch: 00000000
PC: 800028bc | Instr: 0000ab83 | rs1_d: 80040254 | rs2_d: 00000000 | alu_res: 80040254 | mem_w: 0 | reg_w: 1 | csr_w: 0 | csr_op: 00 | csr_addr: 000 | csr_wdata: 80040254 | mscratch: 00000000
PC: 800028c0 | Instr: 00408093 | rs1_d: 80040254 | rs2_d: 561d8308 | alu_res: 80040258 | mem_w: 0 | reg_w: 1 | csr_w: 0 | csr_op: 00 | csr_addr: 004 | csr_wdata: 80040254 | mscratch: 00000000
PC: 800028c4 | Instr: 00105073 | rs1_d: 00000000 | rs2_d: 80040258 | alu_res: 80040258 | mem_w: 0 | reg_w: 1 | csr_w: 1 | csr_op: 01 | csr_addr: 001 | csr_wdata: 00000000 | mscratch: 00000000
PC: 800028c8 | Instr: d00bbf53 | rs1_d: 75b15fe8 | rs2_d: 00000000 | alu_res: 75b15fe8 | mem_w: 0 | reg_w: 0 | csr_w: 0 | csr_op: 00 | csr_addr: d00 | csr_wdata: 75b15fe8 | mscratch: 00000000
PC: 800028cc | Instr: 00000013 | rs1_d: 00000000 | rs2_d: 00000000 | alu_res: 00000000 | mem_w: 0 | reg_w: 1 | csr_w: 0 | csr_op: 00 | csr_addr: 000 | csr_wdata: 00000000 | mscratch: 00000000
PC: 800028d0 | Instr: 00000013 | rs1_d: 00000000 | rs2_d: 00000000 | alu_res: 00000000 | mem_w: 0 | reg_w: 1 | csr_w: 0 | csr_op: 00 | csr_addr: 000 | csr_wdata: 00000000 | mscratch: 00000000
PC: 800028d4 | Instr: 00000013 | rs1_d: 00000000 | rs2_d: 00000000 | alu_res: 00000000 | mem_w: 0 | reg_w: 1 | csr_w: 0 | csr_op: 00 | csr_addr: 000 | csr_wdata: 00000000 | mscratch: 00000000
PC: 800028d8 | Instr: 00000013 | rs1_d: 00000000 | rs2_d: 00000000 | alu_res: 00000000 | mem_w: 0 | reg_w: 1 | csr_w: 0 | csr_op: 00 | csr_addr: 000 | csr_wdata: 00000000 | mscratch: 00000000
PC: 800028dc | Instr: 00000013 | rs1_d: 00000000 | rs2_d: 00000000 | alu_res: 00000000 | mem_w: 0 | reg_w: 1 | csr_w: 0 | csr_op: 00 | csr_addr: 000 | csr_wdata: 00000000 | mscratch: 00000000
PC: 800028e0 | Instr: 0003d417 | rs1_d: 6df56ff7 | rs2_d: 00000000 | alu_res: 8003f8e0 | mem_w: 0 | reg_w: 1 | csr_w: 0 | csr_op: 00 | csr_addr: 000 | csr_wdata: 6df56ff7 | mscratch: 00000000
PC: 800028e4 | Instr: 72040413 | rs1_d: 8003f8e0 | rs2_d: 00000000 | alu_res: 80040000 | mem_w: 0 | reg_w: 1 | csr_w: 0 | csr_op: 00 | csr_addr: 720 | csr_wdata: 8003f8e0 | mscratch: 00000000
PC: 800028e8 | Instr: 00000013 | rs1_d: 00000000 | rs2_d: 00000000 | alu_res: 00000000 | mem_w: 0 | reg_w: 1 | csr_w: 0 | csr_op: 00 | csr_addr: 000 | csr_wdata: 00000000 | mscratch: 00000000
PC: 800028ec | Instr: 00000013 | rs1_d: 00000000 | rs2_d: 00000000 | alu_res: 00000000 | mem_w: 0 | reg_w: 1 | csr_w: 0 | csr_op: 00 | csr_addr: 000 | csr_wdata: 00000000 | mscratch: 00000000
PC: 800028f0 | Instr: 00000013 | rs1_d: 00000000 | rs2_d: 00000000 | alu_res: 00000000 | mem_w: 0 | reg_w: 1 | csr_w: 0 | csr_op: 00 | csr_addr: 000 | csr_wdata: 00000000 | mscratch: 00000000
PC: 800028f4 | Instr: 00000013 | rs1_d: 00000000 | rs2_d: 00000000 | alu_res: 00000000 | mem_w: 0 | reg_w: 1 | csr_w: 0 | csr_op: 00 | csr_addr: 000 | csr_wdata: 00000000 | mscratch: 00000000
PC: 800028f8 | Instr: 00000013 | rs1_d: 00000000 | rs2_d: 00000000 | alu_res: 00000000 | mem_w: 0 | reg_w: 1 | csr_w: 0 | csr_op: 00 | csr_addr: 000 | csr_wdata: 00000000 | mscratch: 00000000
PC: 800028fc | Instr: 00000013 | rs1_d: 00000000 | rs2_d: 00000000 | alu_res: 00000000 | mem_w: 0 | reg_w: 1 | csr_w: 0 | csr_op: 00 | csr_addr: 000 | csr_wdata: 00000000 | mscratch: 00000000
PC: 80002900 | Instr: 01e42027 | rs1_d: 80040000 | rs2_d: a2f30c76 | alu_res: 80040000 | mem_w: 1 | reg_w: 0 | csr_w: 0 | csr_op: 00 | csr_addr: 01e | csr_wdata: 80040000 | mscratch: 00000000
PC: 80002904 | Instr: 00042403 | rs1_d: 80040000 | rs2_d: 00000000 | alu_res: 80040000 | mem_w: 0 | reg_w: 1 | csr_w: 0 | csr_op: 00 | csr_addr: 000 | csr_wdata: 80040000 | mscratch: 00000000
PC: 80002908 | Instr: 0085a023 | rs1_d: 8004243c | rs2_d: 4eeb62c0 | alu_res: 8004243c | mem_w: 1 | reg_w: 0 | csr_w: 0 | csr_op: 00 | csr_addr: 008 | csr_wdata: 8004243c | mscratch: 00000000
PC: 8000290c | Instr: 00000863 | rs1_d: 00000000 | rs2_d: 00000000 | alu_res: 00000000 | mem_w: 0 | reg_w: 0 | csr_w: 0 | csr_op: 00 | csr_addr: 000 | csr_wdata: 00000000 | mscratch: 00000000
PC: 8000291c | Instr: 00458593 | rs1_d: 8004243c | rs2_d: 561d8308 | alu_res: 80042440 | mem_w: 0 | reg_w: 1 | csr_w: 0 | csr_op: 00 | csr_addr: 004 | csr_wdata: 8004243c | mscratch: 00000000
PC: 80002920 | Instr: 00102473 | rs1_d: 00000000 | rs2_d: 80040258 | alu_res: 80040258 | mem_w: 0 | reg_w: 1 | csr_w: 0 | csr_op: 10 | csr_addr: 001 | csr_wdata: 00000000 | mscratch: 00000000
PC: 80002924 | Instr: 0085a023 | rs1_d: 80042440 | rs2_d: 00000001 | alu_res: 80042440 | mem_w: 1 | reg_w: 0 | csr_w: 0 | csr_op: 00 | csr_addr: 008 | csr_wdata: 80042440 | mscratch: 00000000
PC: 80002928 | Instr: 00000863 | rs1_d: 00000000 | rs2_d: 00000000 | alu_res: 00000000 | mem_w: 0 | reg_w: 0 | csr_w: 0 | csr_op: 00 | csr_addr: 000 | csr_wdata: 00000000 | mscratch: 00000000
PC: 80002938 | Instr: 00458593 | rs1_d: 80042440 | rs2_d: 561d8308 | alu_res: 80042444 | mem_w: 0 | reg_w: 1 | csr_w: 0 | csr_op: 00 | csr_addr: 004 | csr_wdata: 80042440 | mscratch: 00000000
PC: 8000293c | Instr: 0000a303 | rs1_d: 80040258 | rs2_d: 00000000 | alu_res: 80040258 | mem_w: 0 | reg_w: 1 | csr_w: 0 | csr_op: 00 | csr_addr: 000 | csr_wdata: 80040258 | mscratch: 00000000
PC: 80002940 | Instr: 00408093 | rs1_d: 80040258 | rs2_d: 561d8308 | alu_res: 8004025c | mem_w: 0 | reg_w: 1 | csr_w: 0 | csr_op: 00 | csr_addr: 004 | csr_wdata: 80040258 | mscratch: 00000000
PC: 80002944 | Instr: 00105073 | rs1_d: 00000000 | rs2_d: 8004025c | alu_res: 8004025c | mem_w: 0 | reg_w: 1 | csr_w: 1 | csr_op: 01 | csr_addr: 001 | csr_wdata: 00000000 | mscratch: 00000000
PC: 80002948 | Instr: 00205073 | rs1_d: 00000000 | rs2_d: b1b47cde | alu_res: b1b47cde | mem_w: 0 | reg_w: 1 | csr_w: 1 | csr_op: 01 | csr_addr: 002 | csr_wdata: 00000000 | mscratch: 00000000
PC: 8000294c | Instr: d0037d53 | rs1_d: 38bb71f4 | rs2_d: 00000000 | alu_res: 38bb71f4 | mem_w: 0 | reg_w: 0 | csr_w: 0 | csr_op: 00 | csr_addr: d00 | csr_wdata: 38bb71f4 | mscratch: 00000000
PC: 80002950 | Instr: 00000013 | rs1_d: 00000000 | rs2_d: 00000000 | alu_res: 00000000 | mem_w: 0 | reg_w: 1 | csr_w: 0 | csr_op: 00 | csr_addr: 000 | csr_wdata: 00000000 | mscratch: 00000000
PC: 80002954 | Instr: 00000013 | rs1_d: 00000000 | rs2_d: 00000000 | alu_res: 00000000 | mem_w: 0 | reg_w: 1 | csr_w: 0 | csr_op: 00 | csr_addr: 000 | csr_wdata: 00000000 | mscratch: 00000000
PC: 80002958 | Instr: 00000013 | rs1_d: 00000000 | rs2_d: 00000000 | alu_res: 00000000 | mem_w: 0 | reg_w: 1 | csr_w: 0 | csr_op: 00 | csr_addr: 000 | csr_wdata: 00000000 | mscratch: 00000000
PC: 8000295c | Instr: 00000013 | rs1_d: 00000000 | rs2_d: 00000000 | alu_res: 00000000 | mem_w: 0 | reg_w: 1 | csr_w: 0 | csr_op: 00 | csr_addr: 000 | csr_wdata: 00000000 | mscratch: 00000000
PC: 80002960 | Instr: 0003d417 | rs1_d: 6df56ff7 | rs2_d: 00000000 | alu_res: 8003f960 | mem_w: 0 | reg_w: 1 | csr_w: 0 | csr_op: 00 | csr_addr: 000 | csr_wdata: 6df56ff7 | mscratch: 00000000
PC: 80002964 | Instr: 6a040413 | rs1_d: 8003f960 | rs2_d: 00000000 | alu_res: 80040000 | mem_w: 0 | reg_w: 1 | csr_w: 0 | csr_op: 00 | csr_addr: 6a0 | csr_wdata: 8003f960 | mscratch: 00000000
PC: 80002968 | Instr: 00000013 | rs1_d: 00000000 | rs2_d: 00000000 | alu_res: 00000000 | mem_w: 0 | reg_w: 1 | csr_w: 0 | csr_op: 00 | csr_addr: 000 | csr_wdata: 00000000 | mscratch: 00000000
PC: 8000296c | Instr: 00000013 | rs1_d: 00000000 | rs2_d: 00000000 | alu_res: 00000000 | mem_w: 0 | reg_w: 1 | csr_w: 0 | csr_op: 00 | csr_addr: 000 | csr_wdata: 00000000 | mscratch: 00000000
PC: 80002970 | Instr: 00000013 | rs1_d: 00000000 | rs2_d: 00000000 | alu_res: 00000000 | mem_w: 0 | reg_w: 1 | csr_w: 0 | csr_op: 00 | csr_addr: 000 | csr_wdata: 00000000 | mscratch: 00000000
PC: 80002974 | Instr: 00000013 | rs1_d: 00000000 | rs2_d: 00000000 | alu_res: 00000000 | mem_w: 0 | reg_w: 1 | csr_w: 0 | csr_op: 00 | csr_addr: 000 | csr_wdata: 00000000 | mscratch: 00000000
PC: 80002978 | Instr: 00000013 | rs1_d: 00000000 | rs2_d: 00000000 | alu_res: 00000000 | mem_w: 0 | reg_w: 1 | csr_w: 0 | csr_op: 00 | csr_addr: 000 | csr_wdata: 00000000 | mscratch: 00000000
PC: 8000297c | Instr: 00000013 | rs1_d: 00000000 | rs2_d: 00000000 | alu_res: 00000000 | mem_w: 0 | reg_w: 1 | csr_w: 0 | csr_op: 00 | csr_addr: 000 | csr_wdata: 00000000 | mscratch: 00000000
PC: 80002980 | Instr: 01a42027 | rs1_d: 80040000 | rs2_d: fd458c61 | alu_res: 80040000 | mem_w: 1 | reg_w: 0 | csr_w: 0 | csr_op: 00 | csr_addr: 01a | csr_wdata: 80040000 | mscratch: 00000000
PC: 80002984 | Instr: 00042403 | rs1_d: 80040000 | rs2_d: 00000000 | alu_res: 80040000 | mem_w: 0 | reg_w: 1 | csr_w: 0 | csr_op: 00 | csr_addr: 000 | csr_wdata: 80040000 | mscratch: 00000000
PC: 80002988 | Instr: 0085a023 | rs1_d: 80042444 | rs2_d: 4e62edc8 | alu_res: 80042444 | mem_w: 1 | reg_w: 0 | csr_w: 0 | csr_op: 00 | csr_addr: 008 | csr_wdata: 80042444 | mscratch: 00000000
PC: 8000298c | Instr: 00000863 | rs1_d: 00000000 | rs2_d: 00000000 | alu_res: 00000000 | mem_w: 0 | reg_w: 0 | csr_w: 0 | csr_op: 00 | csr_addr: 000 | csr_wdata: 00000000 | mscratch: 00000000
PC: 8000299c | Instr: 00458593 | rs1_d: 80042444 | rs2_d: 561d8308 | alu_res: 80042448 | mem_w: 0 | reg_w: 1 | csr_w: 0 | csr_op: 00 | csr_addr: 004 | csr_wdata: 80042444 | mscratch: 00000000
PC: 800029a0 | Instr: 00102473 | rs1_d: 00000000 | rs2_d: 8004025c | alu_res: 8004025c | mem_w: 0 | reg_w: 1 | csr_w: 0 | csr_op: 10 | csr_addr: 001 | csr_wdata: 00000000 | mscratch: 00000000
PC: 800029a4 | Instr: 0085a023 | rs1_d: 80042448 | rs2_d: 00000001 | alu_res: 80042448 | mem_w: 1 | reg_w: 0 | csr_w: 0 | csr_op: 00 | csr_addr: 008 | csr_wdata: 80042448 | mscratch: 00000000
PC: 800029a8 | Instr: 00000863 | rs1_d: 00000000 | rs2_d: 00000000 | alu_res: 00000000 | mem_w: 0 | reg_w: 0 | csr_w: 0 | csr_op: 00 | csr_addr: 000 | csr_wdata: 00000000 | mscratch: 00000000
PC: 800029b8 | Instr: 00458593 | rs1_d: 80042448 | rs2_d: 561d8308 | alu_res: 8004244c | mem_w: 0 | reg_w: 1 | csr_w: 0 | csr_op: 00 | csr_addr: 004 | csr_wdata: 80042448 | mscratch: 00000000
PC: 800029bc | Instr: 00205073 | rs1_d: 00000000 | rs2_d: b1b47cde | alu_res: b1b47cde | mem_w: 0 | reg_w: 1 | csr_w: 1 | csr_op: 01 | csr_addr: 002 | csr_wdata: 00000000 | mscratch: 00000000
PC: 800029c0 | Instr: 0000a183 | rs1_d: 8004025c | rs2_d: 00000000 | alu_res: 8004025c | mem_w: 0 | reg_w: 1 | csr_w: 0 | csr_op: 00 | csr_addr: 000 | csr_wdata: 8004025c | mscratch: 00000000
PC: 800029c4 | Instr: 00408093 | rs1_d: 8004025c | rs2_d: 561d8308 | alu_res: 80040260 | mem_w: 0 | reg_w: 1 | csr_w: 0 | csr_op: 00 | csr_addr: 004 | csr_wdata: 8004025c | mscratch: 00000000
PC: 800029c8 | Instr: 00105073 | rs1_d: 00000000 | rs2_d: 80040260 | alu_res: 80040260 | mem_w: 0 | reg_w: 1 | csr_w: 1 | csr_op: 01 | csr_addr: 001 | csr_wdata: 00000000 | mscratch: 00000000
PC: 800029cc | Instr: 0020d073 | rs1_d: 80040260 | rs2_d: b1b47cde | alu_res: 31b87f3e | mem_w: 0 | reg_w: 1 | csr_w: 1 | csr_op: 01 | csr_addr: 002 | csr_wdata: 00000001 | mscratch: 00000000
PC: 800029d0 | Instr: d001f6d3 | rs1_d: fcdb5c56 | rs2_d: 00000000 | alu_res: fcdb5c56 | mem_w: 0 | reg_w: 0 | csr_w: 0 | csr_op: 00 | csr_addr: d00 | csr_wdata: fcdb5c56 | mscratch: 00000000
PC: 800029d4 | Instr: 00000013 | rs1_d: 00000000 | rs2_d: 00000000 | alu_res: 00000000 | mem_w: 0 | reg_w: 1 | csr_w: 0 | csr_op: 00 | csr_addr: 000 | csr_wdata: 00000000 | mscratch: 00000000
PC: 800029d8 | Instr: 00000013 | rs1_d: 00000000 | rs2_d: 00000000 | alu_res: 00000000 | mem_w: 0 | reg_w: 1 | csr_w: 0 | csr_op: 00 | csr_addr: 000 | csr_wdata: 00000000 | mscratch: 00000000
PC: 800029dc | Instr: 00000013 | rs1_d: 00000000 | rs2_d: 00000000 | alu_res: 00000000 | mem_w: 0 | reg_w: 1 | csr_w: 0 | csr_op: 00 | csr_addr: 000 | csr_wdata: 00000000 | mscratch: 00000000
PC: 800029e0 | Instr: 0003d417 | rs1_d: 6df56ff7 | rs2_d: 00000000 | alu_res: 8003f9e0 | mem_w: 0 | reg_w: 1 | csr_w: 0 | csr_op: 00 | csr_addr: 000 | csr_wdata: 6df56ff7 | mscratch: 00000000
PC: 800029e4 | Instr: 62040413 | rs1_d: 8003f9e0 | rs2_d: 00000000 | alu_res: 80040000 | mem_w: 0 | reg_w: 1 | csr_w: 0 | csr_op: 00 | csr_addr: 620 | csr_wdata: 8003f9e0 | mscratch: 00000000
PC: 800029e8 | Instr: 00000013 | rs1_d: 00000000 | rs2_d: 00000000 | alu_res: 00000000 | mem_w: 0 | reg_w: 1 | csr_w: 0 | csr_op: 00 | csr_addr: 000 | csr_wdata: 00000000 | mscratch: 00000000
PC: 800029ec | Instr: 00000013 | rs1_d: 00000000 | rs2_d: 00000000 | alu_res: 00000000 | mem_w: 0 | reg_w: 1 | csr_w: 0 | csr_op: 00 | csr_addr: 000 | csr_wdata: 00000000 | mscratch: 00000000
PC: 800029f0 | Instr: 00000013 | rs1_d: 00000000 | rs2_d: 00000000 | alu_res: 00000000 | mem_w: 0 | reg_w: 1 | csr_w: 0 | csr_op: 00 | csr_addr: 000 | csr_wdata: 00000000 | mscratch: 00000000
PC: 800029f4 | Instr: 00000013 | rs1_d: 00000000 | rs2_d: 00000000 | alu_res: 00000000 | mem_w: 0 | reg_w: 1 | csr_w: 0 | csr_op: 00 | csr_addr: 000 | csr_wdata: 00000000 | mscratch: 00000000
PC: 800029f8 | Instr: 00000013 | rs1_d: 00000000 | rs2_d: 00000000 | alu_res: 00000000 | mem_w: 0 | reg_w: 1 | csr_w: 0 | csr_op: 00 | csr_addr: 000 | csr_wdata: 00000000 | mscratch: 00000000
PC: 800029fc | Instr: 00000013 | rs1_d: 00000000 | rs2_d: 00000000 | alu_res: 00000000 | mem_w: 0 | reg_w: 1 | csr_w: 0 | csr_op: 00 | csr_addr: 000 | csr_wdata: 00000000 | mscratch: 00000000
PC: 80002a00 | Instr: 00d42027 | rs1_d: 80040000 | rs2_d: fa023db1 | alu_res: 80040000 | mem_w: 1 | reg_w: 0 | csr_w: 0 | csr_op: 00 | csr_addr: 00d | csr_wdata: 80040000 | mscratch: 00000000
PC: 80002a04 | Instr: 00042403 | rs1_d: 80040000 | rs2_d: 00000000 | alu_res: 80040000 | mem_w: 0 | reg_w: 1 | csr_w: 0 | csr_op: 00 | csr_addr: 000 | csr_wdata: 80040000 | mscratch: 00000000
PC: 80002a08 | Instr: 0085a023 | rs1_d: 8004244c | rs2_d: cc4928ea | alu_res: 8004244c | mem_w: 1 | reg_w: 0 | csr_w: 0 | csr_op: 00 | csr_addr: 008 | csr_wdata: 8004244c | mscratch: 00000000
PC: 80002a0c | Instr: 00000863 | rs1_d: 00000000 | rs2_d: 00000000 | alu_res: 00000000 | mem_w: 0 | reg_w: 0 | csr_w: 0 | csr_op: 00 | csr_addr: 000 | csr_wdata: 00000000 | mscratch: 00000000
PC: 80002a1c | Instr: 00458593 | rs1_d: 8004244c | rs2_d: 561d8308 | alu_res: 80042450 | mem_w: 0 | reg_w: 1 | csr_w: 0 | csr_op: 00 | csr_addr: 004 | csr_wdata: 8004244c | mscratch: 00000000
PC: 80002a20 | Instr: 00102473 | rs1_d: 00000000 | rs2_d: 80040260 | alu_res: 80040260 | mem_w: 0 | reg_w: 1 | csr_w: 0 | csr_op: 10 | csr_addr: 001 | csr_wdata: 00000000 | mscratch: 00000000
PC: 80002a24 | Instr: 0085a023 | rs1_d: 80042450 | rs2_d: 00000001 | alu_res: 80042450 | mem_w: 1 | reg_w: 0 | csr_w: 0 | csr_op: 00 | csr_addr: 008 | csr_wdata: 80042450 | mscratch: 00000000
PC: 80002a28 | Instr: 00000863 | rs1_d: 00000000 | rs2_d: 00000000 | alu_res: 00000000 | mem_w: 0 | reg_w: 0 | csr_w: 0 | csr_op: 00 | csr_addr: 000 | csr_wdata: 00000000 | mscratch: 00000000
PC: 80002a38 | Instr: 00458593 | rs1_d: 80042450 | rs2_d: 561d8308 | alu_res: 80042454 | mem_w: 0 | reg_w: 1 | csr_w: 0 | csr_op: 00 | csr_addr: 004 | csr_wdata: 80042450 | mscratch: 00000000
PC: 80002a3c | Instr: 00205073 | rs1_d: 00000000 | rs2_d: b1b47cde | alu_res: b1b47cde | mem_w: 0 | reg_w: 1 | csr_w: 1 | csr_op: 01 | csr_addr: 002 | csr_wdata: 00000000 | mscratch: 00000000
PC: 80002a40 | Instr: 0000aa03 | rs1_d: 80040260 | rs2_d: 00000000 | alu_res: 80040260 | mem_w: 0 | reg_w: 1 | csr_w: 0 | csr_op: 00 | csr_addr: 000 | csr_wdata: 80040260 | mscratch: 00000000
PC: 80002a44 | Instr: 00408093 | rs1_d: 80040260 | rs2_d: 561d8308 | alu_res: 80040264 | mem_w: 0 | reg_w: 1 | csr_w: 0 | csr_op: 00 | csr_addr: 004 | csr_wdata: 80040260 | mscratch: 00000000
PC: 80002a48 | Instr: 00105073 | rs1_d: 00000000 | rs2_d: 80040264 | alu_res: 80040264 | mem_w: 0 | reg_w: 1 | csr_w: 1 | csr_op: 01 | csr_addr: 001 | csr_wdata: 00000000 | mscratch: 00000000
PC: 80002a4c | Instr: 00215073 | rs1_d: b1b47cde | rs2_d: b1b47cde | alu_res: 6368f9bc | mem_w: 0 | reg_w: 1 | csr_w: 1 | csr_op: 01 | csr_addr: 002 | csr_wdata: 00000002 | mscratch: 00000000
PC: 80002a50 | Instr: d00a75d3 | rs1_d: 402bbc0c | rs2_d: 00000000 | alu_res: 402bbc0c | mem_w: 0 | reg_w: 0 | csr_w: 0 | csr_op: 00 | csr_addr: d00 | csr_wdata: 402bbc0c | mscratch: 00000000
PC: 80002a54 | Instr: 00000013 | rs1_d: 00000000 | rs2_d: 00000000 | alu_res: 00000000 | mem_w: 0 | reg_w: 1 | csr_w: 0 | csr_op: 00 | csr_addr: 000 | csr_wdata: 00000000 | mscratch: 00000000
PC: 80002a58 | Instr: 00000013 | rs1_d: 00000000 | rs2_d: 00000000 | alu_res: 00000000 | mem_w: 0 | reg_w: 1 | csr_w: 0 | csr_op: 00 | csr_addr: 000 | csr_wdata: 00000000 | mscratch: 00000000
PC: 80002a5c | Instr: 00000013 | rs1_d: 00000000 | rs2_d: 00000000 | alu_res: 00000000 | mem_w: 0 | reg_w: 1 | csr_w: 0 | csr_op: 00 | csr_addr: 000 | csr_wdata: 00000000 | mscratch: 00000000
PC: 80002a60 | Instr: 0003d417 | rs1_d: 6df56ff7 | rs2_d: 00000000 | alu_res: 8003fa60 | mem_w: 0 | reg_w: 1 | csr_w: 0 | csr_op: 00 | csr_addr: 000 | csr_wdata: 6df56ff7 | mscratch: 00000000
PC: 80002a64 | Instr: 5a040413 | rs1_d: 8003fa60 | rs2_d: 00000000 | alu_res: 80040000 | mem_w: 0 | reg_w: 1 | csr_w: 0 | csr_op: 00 | csr_addr: 5a0 | csr_wdata: 8003fa60 | mscratch: 00000000
PC: 80002a68 | Instr: 00000013 | rs1_d: 00000000 | rs2_d: 00000000 | alu_res: 00000000 | mem_w: 0 | reg_w: 1 | csr_w: 0 | csr_op: 00 | csr_addr: 000 | csr_wdata: 00000000 | mscratch: 00000000
PC: 80002a6c | Instr: 00000013 | rs1_d: 00000000 | rs2_d: 00000000 | alu_res: 00000000 | mem_w: 0 | reg_w: 1 | csr_w: 0 | csr_op: 00 | csr_addr: 000 | csr_wdata: 00000000 | mscratch: 00000000
PC: 80002a70 | Instr: 00000013 | rs1_d: 00000000 | rs2_d: 00000000 | alu_res: 00000000 | mem_w: 0 | reg_w: 1 | csr_w: 0 | csr_op: 00 | csr_addr: 000 | csr_wdata: 00000000 | mscratch: 00000000
PC: 80002a74 | Instr: 00000013 | rs1_d: 00000000 | rs2_d: 00000000 | alu_res: 00000000 | mem_w: 0 | reg_w: 1 | csr_w: 0 | csr_op: 00 | csr_addr: 000 | csr_wdata: 00000000 | mscratch: 00000000
PC: 80002a78 | Instr: 00000013 | rs1_d: 00000000 | rs2_d: 00000000 | alu_res: 00000000 | mem_w: 0 | reg_w: 1 | csr_w: 0 | csr_op: 00 | csr_addr: 000 | csr_wdata: 00000000 | mscratch: 00000000
PC: 80002a7c | Instr: 00000013 | rs1_d: 00000000 | rs2_d: 00000000 | alu_res: 00000000 | mem_w: 0 | reg_w: 1 | csr_w: 0 | csr_op: 00 | csr_addr: 000 | csr_wdata: 00000000 | mscratch: 00000000
PC: 80002a80 | Instr: 00b42027 | rs1_d: 80040000 | rs2_d: 80042454 | alu_res: 80040000 | mem_w: 1 | reg_w: 0 | csr_w: 0 | csr_op: 00 | csr_addr: 00b | csr_wdata: 80040000 | mscratch: 00000000
PC: 80002a84 | Instr: 00042403 | rs1_d: 80040000 | rs2_d: 00000000 | alu_res: 80040000 | mem_w: 0 | reg_w: 1 | csr_w: 0 | csr_op: 00 | csr_addr: 000 | csr_wdata: 80040000 | mscratch: 00000000
PC: 80002a88 | Instr: 0085a023 | rs1_d: 80042454 | rs2_d: 4e805778 | alu_res: 80042454 | mem_w: 1 | reg_w: 0 | csr_w: 0 | csr_op: 00 | csr_addr: 008 | csr_wdata: 80042454 | mscratch: 00000000
PC: 80002a8c | Instr: 00000863 | rs1_d: 00000000 | rs2_d: 00000000 | alu_res: 00000000 | mem_w: 0 | reg_w: 0 | csr_w: 0 | csr_op: 00 | csr_addr: 000 | csr_wdata: 00000000 | mscratch: 00000000
PC: 80002a9c | Instr: 00458593 | rs1_d: 80042454 | rs2_d: 561d8308 | alu_res: 80042458 | mem_w: 0 | reg_w: 1 | csr_w: 0 | csr_op: 00 | csr_addr: 004 | csr_wdata: 80042454 | mscratch: 00000000
PC: 80002aa0 | Instr: 00102473 | rs1_d: 00000000 | rs2_d: 80040264 | alu_res: 80040264 | mem_w: 0 | reg_w: 1 | csr_w: 0 | csr_op: 10 | csr_addr: 001 | csr_wdata: 00000000 | mscratch: 00000000
PC: 80002aa4 | Instr: 0085a023 | rs1_d: 80042458 | rs2_d: 00000001 | alu_res: 80042458 | mem_w: 1 | reg_w: 0 | csr_w: 0 | csr_op: 00 | csr_addr: 008 | csr_wdata: 80042458 | mscratch: 00000000
PC: 80002aa8 | Instr: 00000863 | rs1_d: 00000000 | rs2_d: 00000000 | alu_res: 00000000 | mem_w: 0 | reg_w: 0 | csr_w: 0 | csr_op: 00 | csr_addr: 000 | csr_wdata: 00000000 | mscratch: 00000000
PC: 80002ab8 | Instr: 00458593 | rs1_d: 80042458 | rs2_d: 561d8308 | alu_res: 8004245c | mem_w: 0 | reg_w: 1 | csr_w: 0 | csr_op: 00 | csr_addr: 004 | csr_wdata: 80042458 | mscratch: 00000000
PC: 80002abc | Instr: 00205073 | rs1_d: 00000000 | rs2_d: b1b47cde | alu_res: b1b47cde | mem_w: 0 | reg_w: 1 | csr_w: 1 | csr_op: 01 | csr_addr: 002 | csr_wdata: 00000000 | mscratch: 00000000
PC: 80002ac0 | Instr: 0000a683 | rs1_d: 80040264 | rs2_d: 00000000 | alu_res: 80040264 | mem_w: 0 | reg_w: 1 | csr_w: 0 | csr_op: 00 | csr_addr: 000 | csr_wdata: 80040264 | mscratch: 00000000
PC: 80002ac4 | Instr: 00408093 | rs1_d: 80040264 | rs2_d: 561d8308 | alu_res: 80040268 | mem_w: 0 | reg_w: 1 | csr_w: 0 | csr_op: 00 | csr_addr: 004 | csr_wdata: 80040264 | mscratch: 00000000
PC: 80002ac8 | Instr: 00105073 | rs1_d: 00000000 | rs2_d: 80040268 | alu_res: 80040268 | mem_w: 0 | reg_w: 1 | csr_w: 1 | csr_op: 01 | csr_addr: 001 | csr_wdata: 00000000 | mscratch: 00000000
PC: 80002acc | Instr: 0021d073 | rs1_d: fcdb5c56 | rs2_d: b1b47cde | alu_res: ae8fd934 | mem_w: 0 | reg_w: 1 | csr_w: 1 | csr_op: 01 | csr_addr: 002 | csr_wdata: 00000003 | mscratch: 00000000
PC: 80002ad0 | Instr: d006ffd3 | rs1_d: ba331225 | rs2_d: 00000000 | alu_res: ba331225 | mem_w: 0 | reg_w: 0 | csr_w: 0 | csr_op: 00 | csr_addr: d00 | csr_wdata: ba331225 | mscratch: 00000000
PC: 80002ad4 | Instr: 00000013 | rs1_d: 00000000 | rs2_d: 00000000 | alu_res: 00000000 | mem_w: 0 | reg_w: 1 | csr_w: 0 | csr_op: 00 | csr_addr: 000 | csr_wdata: 00000000 | mscratch: 00000000
PC: 80002ad8 | Instr: 00000013 | rs1_d: 00000000 | rs2_d: 00000000 | alu_res: 00000000 | mem_w: 0 | reg_w: 1 | csr_w: 0 | csr_op: 00 | csr_addr: 000 | csr_wdata: 00000000 | mscratch: 00000000
PC: 80002adc | Instr: 00000013 | rs1_d: 00000000 | rs2_d: 00000000 | alu_res: 00000000 | mem_w: 0 | reg_w: 1 | csr_w: 0 | csr_op: 00 | csr_addr: 000 | csr_wdata: 00000000 | mscratch: 00000000
PC: 80002ae0 | Instr: 0003d417 | rs1_d: 6df56ff7 | rs2_d: 00000000 | alu_res: 8003fae0 | mem_w: 0 | reg_w: 1 | csr_w: 0 | csr_op: 00 | csr_addr: 000 | csr_wdata: 6df56ff7 | mscratch: 00000000
PC: 80002ae4 | Instr: 52040413 | rs1_d: 8003fae0 | rs2_d: 00000000 | alu_res: 80040000 | mem_w: 0 | reg_w: 1 | csr_w: 0 | csr_op: 00 | csr_addr: 520 | csr_wdata: 8003fae0 | mscratch: 00000000
PC: 80002ae8 | Instr: 00000013 | rs1_d: 00000000 | rs2_d: 00000000 | alu_res: 00000000 | mem_w: 0 | reg_w: 1 | csr_w: 0 | csr_op: 00 | csr_addr: 000 | csr_wdata: 00000000 | mscratch: 00000000
PC: 80002aec | Instr: 00000013 | rs1_d: 00000000 | rs2_d: 00000000 | alu_res: 00000000 | mem_w: 0 | reg_w: 1 | csr_w: 0 | csr_op: 00 | csr_addr: 000 | csr_wdata: 00000000 | mscratch: 00000000
PC: 80002af0 | Instr: 00000013 | rs1_d: 00000000 | rs2_d: 00000000 | alu_res: 00000000 | mem_w: 0 | reg_w: 1 | csr_w: 0 | csr_op: 00 | csr_addr: 000 | csr_wdata: 00000000 | mscratch: 00000000
PC: 80002af4 | Instr: 00000013 | rs1_d: 00000000 | rs2_d: 00000000 | alu_res: 00000000 | mem_w: 0 | reg_w: 1 | csr_w: 0 | csr_op: 00 | csr_addr: 000 | csr_wdata: 00000000 | mscratch: 00000000
PC: 80002af8 | Instr: 00000013 | rs1_d: 00000000 | rs2_d: 00000000 | alu_res: 00000000 | mem_w: 0 | reg_w: 1 | csr_w: 0 | csr_op: 00 | csr_addr: 000 | csr_wdata: 00000000 | mscratch: 00000000
PC: 80002afc | Instr: 00000013 | rs1_d: 00000000 | rs2_d: 00000000 | alu_res: 00000000 | mem_w: 0 | reg_w: 1 | csr_w: 0 | csr_op: 00 | csr_addr: 000 | csr_wdata: 00000000 | mscratch: 00000000
PC: 80002b00 | Instr: 01f42027 | rs1_d: 80040000 | rs2_d: b1b1322a | alu_res: 80040000 | mem_w: 1 | reg_w: 0 | csr_w: 0 | csr_op: 00 | csr_addr: 01f | csr_wdata: 80040000 | mscratch: 00000000
PC: 80002b04 | Instr: 00042403 | rs1_d: 80040000 | rs2_d: 00000000 | alu_res: 80040000 | mem_w: 0 | reg_w: 1 | csr_w: 0 | csr_op: 00 | csr_addr: 000 | csr_wdata: 80040000 | mscratch: 00000000
PC: 80002b08 | Instr: 0085a023 | rs1_d: 8004245c | rs2_d: ce8b99db | alu_res: 8004245c | mem_w: 1 | reg_w: 0 | csr_w: 0 | csr_op: 00 | csr_addr: 008 | csr_wdata: 8004245c | mscratch: 00000000
PC: 80002b0c | Instr: 00000863 | rs1_d: 00000000 | rs2_d: 00000000 | alu_res: 00000000 | mem_w: 0 | reg_w: 0 | csr_w: 0 | csr_op: 00 | csr_addr: 000 | csr_wdata: 00000000 | mscratch: 00000000
PC: 80002b1c | Instr: 00458593 | rs1_d: 8004245c | rs2_d: 561d8308 | alu_res: 80042460 | mem_w: 0 | reg_w: 1 | csr_w: 0 | csr_op: 00 | csr_addr: 004 | csr_wdata: 8004245c | mscratch: 00000000
PC: 80002b20 | Instr: 00102473 | rs1_d: 00000000 | rs2_d: 80040268 | alu_res: 80040268 | mem_w: 0 | reg_w: 1 | csr_w: 0 | csr_op: 10 | csr_addr: 001 | csr_wdata: 00000000 | mscratch: 00000000
PC: 80002b24 | Instr: 0085a023 | rs1_d: 80042460 | rs2_d: 00000001 | alu_res: 80042460 | mem_w: 1 | reg_w: 0 | csr_w: 0 | csr_op: 00 | csr_addr: 008 | csr_wdata: 80042460 | mscratch: 00000000
PC: 80002b28 | Instr: 00000863 | rs1_d: 00000000 | rs2_d: 00000000 | alu_res: 00000000 | mem_w: 0 | reg_w: 0 | csr_w: 0 | csr_op: 00 | csr_addr: 000 | csr_wdata: 00000000 | mscratch: 00000000
PC: 80002b38 | Instr: 00458593 | rs1_d: 80042460 | rs2_d: 561d8308 | alu_res: 80042464 | mem_w: 0 | reg_w: 1 | csr_w: 0 | csr_op: 00 | csr_addr: 004 | csr_wdata: 80042460 | mscratch: 00000000
PC: 80002b3c | Instr: 00205073 | rs1_d: 00000000 | rs2_d: b1b47cde | alu_res: b1b47cde | mem_w: 0 | reg_w: 1 | csr_w: 1 | csr_op: 01 | csr_addr: 002 | csr_wdata: 00000000 | mscratch: 00000000
PC: 80002b40 | Instr: 0000af03 | rs1_d: 80040268 | rs2_d: 00000000 | alu_res: 80040268 | mem_w: 0 | reg_w: 1 | csr_w: 0 | csr_op: 00 | csr_addr: 000 | csr_wdata: 80040268 | mscratch: 00000000
PC: 80002b44 | Instr: 00408093 | rs1_d: 80040268 | rs2_d: 561d8308 | alu_res: 8004026c | mem_w: 0 | reg_w: 1 | csr_w: 0 | csr_op: 00 | csr_addr: 004 | csr_wdata: 80040268 | mscratch: 00000000
PC: 80002b48 | Instr: 00105073 | rs1_d: 00000000 | rs2_d: 8004026c | alu_res: 8004026c | mem_w: 0 | reg_w: 1 | csr_w: 1 | csr_op: 01 | csr_addr: 001 | csr_wdata: 00000000 | mscratch: 00000000
PC: 80002b4c | Instr: 00225073 | rs1_d: 561d8308 | rs2_d: b1b47cde | alu_res: 07d1ffe6 | mem_w: 0 | reg_w: 1 | csr_w: 1 | csr_op: 01 | csr_addr: 002 | csr_wdata: 00000004 | mscratch: 00000000
PC: 80002b50 | Instr: d00f72d3 | rs1_d: 2292258b | rs2_d: 00000000 | alu_res: 2292258b | mem_w: 0 | reg_w: 0 | csr_w: 0 | csr_op: 00 | csr_addr: d00 | csr_wdata: 2292258b | mscratch: 00000000
PC: 80002b54 | Instr: 00000013 | rs1_d: 00000000 | rs2_d: 00000000 | alu_res: 00000000 | mem_w: 0 | reg_w: 1 | csr_w: 0 | csr_op: 00 | csr_addr: 000 | csr_wdata: 00000000 | mscratch: 00000000
PC: 80002b58 | Instr: 00000013 | rs1_d: 00000000 | rs2_d: 00000000 | alu_res: 00000000 | mem_w: 0 | reg_w: 1 | csr_w: 0 | csr_op: 00 | csr_addr: 000 | csr_wdata: 00000000 | mscratch: 00000000
PC: 80002b5c | Instr: 00000013 | rs1_d: 00000000 | rs2_d: 00000000 | alu_res: 00000000 | mem_w: 0 | reg_w: 1 | csr_w: 0 | csr_op: 00 | csr_addr: 000 | csr_wdata: 00000000 | mscratch: 00000000
PC: 80002b60 | Instr: 0003d417 | rs1_d: 6df56ff7 | rs2_d: 00000000 | alu_res: 8003fb60 | mem_w: 0 | reg_w: 1 | csr_w: 0 | csr_op: 00 | csr_addr: 000 | csr_wdata: 6df56ff7 | mscratch: 00000000
PC: 80002b64 | Instr: 4a040413 | rs1_d: 8003fb60 | rs2_d: 00000000 | alu_res: 80040000 | mem_w: 0 | reg_w: 1 | csr_w: 0 | csr_op: 00 | csr_addr: 4a0 | csr_wdata: 8003fb60 | mscratch: 00000000
PC: 80002b68 | Instr: 00000013 | rs1_d: 00000000 | rs2_d: 00000000 | alu_res: 00000000 | mem_w: 0 | reg_w: 1 | csr_w: 0 | csr_op: 00 | csr_addr: 000 | csr_wdata: 00000000 | mscratch: 00000000
PC: 80002b6c | Instr: 00000013 | rs1_d: 00000000 | rs2_d: 00000000 | alu_res: 00000000 | mem_w: 0 | reg_w: 1 | csr_w: 0 | csr_op: 00 | csr_addr: 000 | csr_wdata: 00000000 | mscratch: 00000000
PC: 80002b70 | Instr: 00000013 | rs1_d: 00000000 | rs2_d: 00000000 | alu_res: 00000000 | mem_w: 0 | reg_w: 1 | csr_w: 0 | csr_op: 00 | csr_addr: 000 | csr_wdata: 00000000 | mscratch: 00000000
PC: 80002b74 | Instr: 00000013 | rs1_d: 00000000 | rs2_d: 00000000 | alu_res: 00000000 | mem_w: 0 | reg_w: 1 | csr_w: 0 | csr_op: 00 | csr_addr: 000 | csr_wdata: 00000000 | mscratch: 00000000
PC: 80002b78 | Instr: 00000013 | rs1_d: 00000000 | rs2_d: 00000000 | alu_res: 00000000 | mem_w: 0 | reg_w: 1 | csr_w: 0 | csr_op: 00 | csr_addr: 000 | csr_wdata: 00000000 | mscratch: 00000000
PC: 80002b7c | Instr: 00000013 | rs1_d: 00000000 | rs2_d: 00000000 | alu_res: 00000000 | mem_w: 0 | reg_w: 1 | csr_w: 0 | csr_op: 00 | csr_addr: 000 | csr_wdata: 00000000 | mscratch: 00000000
PC: 80002b80 | Instr: 00542027 | rs1_d: 80040000 | rs2_d: 0b2747d6 | alu_res: 80040000 | mem_w: 1 | reg_w: 0 | csr_w: 0 | csr_op: 00 | csr_addr: 005 | csr_wdata: 80040000 | mscratch: 00000000
PC: 80002b84 | Instr: 00042403 | rs1_d: 80040000 | rs2_d: 00000000 | alu_res: 80040000 | mem_w: 0 | reg_w: 1 | csr_w: 0 | csr_op: 00 | csr_addr: 000 | csr_wdata: 80040000 | mscratch: 00000000
PC: 80002b88 | Instr: 0085a023 | rs1_d: 80042464 | rs2_d: 4e0a4896 | alu_res: 80042464 | mem_w: 1 | reg_w: 0 | csr_w: 0 | csr_op: 00 | csr_addr: 008 | csr_wdata: 80042464 | mscratch: 00000000
PC: 80002b8c | Instr: 00000863 | rs1_d: 00000000 | rs2_d: 00000000 | alu_res: 00000000 | mem_w: 0 | reg_w: 0 | csr_w: 0 | csr_op: 00 | csr_addr: 000 | csr_wdata: 00000000 | mscratch: 00000000
PC: 80002b9c | Instr: 00458593 | rs1_d: 80042464 | rs2_d: 561d8308 | alu_res: 80042468 | mem_w: 0 | reg_w: 1 | csr_w: 0 | csr_op: 00 | csr_addr: 004 | csr_wdata: 80042464 | mscratch: 00000000
PC: 80002ba0 | Instr: 00102473 | rs1_d: 00000000 | rs2_d: 8004026c | alu_res: 8004026c | mem_w: 0 | reg_w: 1 | csr_w: 0 | csr_op: 10 | csr_addr: 001 | csr_wdata: 00000000 | mscratch: 00000000
PC: 80002ba4 | Instr: 0085a023 | rs1_d: 80042468 | rs2_d: 00000001 | alu_res: 80042468 | mem_w: 1 | reg_w: 0 | csr_w: 0 | csr_op: 00 | csr_addr: 008 | csr_wdata: 80042468 | mscratch: 00000000
PC: 80002ba8 | Instr: 00000863 | rs1_d: 00000000 | rs2_d: 00000000 | alu_res: 00000000 | mem_w: 0 | reg_w: 0 | csr_w: 0 | csr_op: 00 | csr_addr: 000 | csr_wdata: 00000000 | mscratch: 00000000
PC: 80002bb8 | Instr: 00458593 | rs1_d: 80042468 | rs2_d: 561d8308 | alu_res: 8004246c | mem_w: 0 | reg_w: 1 | csr_w: 0 | csr_op: 00 | csr_addr: 004 | csr_wdata: 80042468 | mscratch: 00000000
PC: 80002bbc | Instr: 00205073 | rs1_d: 00000000 | rs2_d: b1b47cde | alu_res: b1b47cde | mem_w: 0 | reg_w: 1 | csr_w: 1 | csr_op: 01 | csr_addr: 002 | csr_wdata: 00000000 | mscratch: 00000000
PC: 80002bc0 | Instr: 00058113 | rs1_d: 8004246c | rs2_d: 00000000 | alu_res: 8004246c | mem_w: 0 | reg_w: 1 | csr_w: 0 | csr_op: 00 | csr_addr: 000 | csr_wdata: 8004246c | mscratch: 00000000
PC: 80002bc4 | Instr: 00000013 | rs1_d: 00000000 | rs2_d: 00000000 | alu_res: 00000000 | mem_w: 0 | reg_w: 1 | csr_w: 0 | csr_op: 00 | csr_addr: 000 | csr_wdata: 00000000 | mscratch: 00000000
PC: 80002bc8 | Instr: 00000013 | rs1_d: 00000000 | rs2_d: 00000000 | alu_res: 00000000 | mem_w: 0 | reg_w: 1 | csr_w: 0 | csr_op: 00 | csr_addr: 000 | csr_wdata: 00000000 | mscratch: 00000000
PC: 80002bcc | Instr: 00000013 | rs1_d: 00000000 | rs2_d: 00000000 | alu_res: 00000000 | mem_w: 0 | reg_w: 1 | csr_w: 0 | csr_op: 00 | csr_addr: 000 | csr_wdata: 00000000 | mscratch: 00000000
PC: 80002bd0 | Instr: 00000013 | rs1_d: 00000000 | rs2_d: 00000000 | alu_res: 00000000 | mem_w: 0 | reg_w: 1 | csr_w: 0 | csr_op: 00 | csr_addr: 000 | csr_wdata: 00000000 | mscratch: 00000000
PC: 80002bd4 | Instr: 00000013 | rs1_d: 00000000 | rs2_d: 00000000 | alu_res: 00000000 | mem_w: 0 | reg_w: 1 | csr_w: 0 | csr_op: 00 | csr_addr: 000 | csr_wdata: 00000000 | mscratch: 00000000
PC: 80002bd8 | Instr: 00000013 | rs1_d: 00000000 | rs2_d: 00000000 | alu_res: 00000000 | mem_w: 0 | reg_w: 1 | csr_w: 0 | csr_op: 00 | csr_addr: 000 | csr_wdata: 00000000 | mscratch: 00000000
PC: 80002bdc | Instr: 00000013 | rs1_d: 00000000 | rs2_d: 00000000 | alu_res: 00000000 | mem_w: 0 | reg_w: 1 | csr_w: 0 | csr_op: 00 | csr_addr: 000 | csr_wdata: 00000000 | mscratch: 00000000
PC: 80002be0 | Instr: 0003f517 | rs1_d: 6df56ff7 | rs2_d: 00000000 | alu_res: 80041be0 | mem_w: 0 | reg_w: 1 | csr_w: 0 | csr_op: 00 | csr_addr: 000 | csr_wdata: 6df56ff7 | mscratch: 00000000
PC: 80002be4 | Instr: a0050513 | rs1_d: 80041be0 | rs2_d: 00000000 | alu_res: 800415e0 | mem_w: 0 | reg_w: 1 | csr_w: 0 | csr_op: 00 | csr_addr: a00 | csr_wdata: 80041be0 | mscratch: 00000000
PC: 80002be8 | Instr: 00000013 | rs1_d: 00000000 | rs2_d: 00000000 | alu_res: 00000000 | mem_w: 0 | reg_w: 1 | csr_w: 0 | csr_op: 00 | csr_addr: 000 | csr_wdata: 00000000 | mscratch: 00000000
PC: 80002bec | Instr: 00000013 | rs1_d: 00000000 | rs2_d: 00000000 | alu_res: 00000000 | mem_w: 0 | reg_w: 1 | csr_w: 0 | csr_op: 00 | csr_addr: 000 | csr_wdata: 00000000 | mscratch: 00000000
PC: 80002bf0 | Instr: 00000013 | rs1_d: 00000000 | rs2_d: 00000000 | alu_res: 00000000 | mem_w: 0 | reg_w: 1 | csr_w: 0 | csr_op: 00 | csr_addr: 000 | csr_wdata: 00000000 | mscratch: 00000000
PC: 80002bf4 | Instr: 00000013 | rs1_d: 00000000 | rs2_d: 00000000 | alu_res: 00000000 | mem_w: 0 | reg_w: 1 | csr_w: 0 | csr_op: 00 | csr_addr: 000 | csr_wdata: 00000000 | mscratch: 00000000
PC: 80002bf8 | Instr: 00000013 | rs1_d: 00000000 | rs2_d: 00000000 | alu_res: 00000000 | mem_w: 0 | reg_w: 1 | csr_w: 0 | csr_op: 00 | csr_addr: 000 | csr_wdata: 00000000 | mscratch: 00000000
PC: 80002bfc | Instr: 00000013 | rs1_d: 00000000 | rs2_d: 00000000 | alu_res: 00000000 | mem_w: 0 | reg_w: 1 | csr_w: 0 | csr_op: 00 | csr_addr: 000 | csr_wdata: 00000000 | mscratch: 00000000
PC: 80002c00 | Instr: 00001097 | rs1_d: 00000000 | rs2_d: 00000000 | alu_res: 80003c00 | mem_w: 0 | reg_w: 1 | csr_w: 0 | csr_op: 00 | csr_addr: 000 | csr_wdata: 00000000 | mscratch: 00000000
PC: 80002c04 | Instr: c64080e7 | rs1_d: 80003c00 | rs2_d: 561d8308 | alu_res: 80003864 | mem_w: 0 | reg_w: 1 | csr_w: 0 | csr_op: 00 | csr_addr: c64 | csr_wdata: 80003c00 | mscratch: 00000000
PC: 80003864 | Instr: 00054303 | rs1_d: 800415e0 | rs2_d: 00000000 | alu_res: 800415e0 | mem_w: 0 | reg_w: 1 | csr_w: 0 | csr_op: 00 | csr_addr: 000 | csr_wdata: 800415e0 | mscratch: 00000000
PC: 80003868 | Instr: 02030063 | rs1_d: 0000000a | rs2_d: 00000000 | alu_res: 0000000a | mem_w: 0 | reg_w: 0 | csr_w: 0 | csr_op: 00 | csr_addr: 020 | csr_wdata: 0000000a | mscratch: 00000000
PC: 8000386c | Instr: 0004d397 | rs1_d: 86ff3997 | rs2_d: 00000000 | alu_res: 8005086c | mem_w: 0 | reg_w: 1 | csr_w: 0 | csr_op: 00 | csr_addr: 000 | csr_wdata: 86ff3997 | mscratch: 00000000
PC: 80003870 | Instr: 69438393 | rs1_d: 8005086c | rs2_d: 402bbc0c | alu_res: 80050f00 | mem_w: 0 | reg_w: 1 | csr_w: 0 | csr_op: 00 | csr_addr: 694 | csr_wdata: 8005086c | mscratch: 00000000
PC: 80003874 | Instr: 0063a023 | rs1_d: 80050f00 | rs2_d: 0000000a | alu_res: 80050f00 | mem_w: 1 | reg_w: 0 | csr_w: 0 | csr_op: 00 | csr_addr: 006 | csr_wdata: 80050f00 | mscratch: 00000000
PC: 80003878 | Instr: 01010337 | rs1_d: 8004246c | rs2_d: 5517e060 | alu_res: 01010000 | mem_w: 0 | reg_w: 1 | csr_w: 0 | csr_op: 00 | csr_addr: 010 | csr_wdata: 8004246c | mscratch: 00000000
PC: 8000387c | Instr: 0063a223 | rs1_d: 80050f00 | rs2_d: 01010000 | alu_res: 80050f04 | mem_w: 1 | reg_w: 0 | csr_w: 0 | csr_op: 00 | csr_addr: 006 | csr_wdata: 80050f00 | mscratch: 00000000
PC: 80003880 | Instr: 00150513 | rs1_d: 800415e0 | rs2_d: 80002c08 | alu_res: 800415e1 | mem_w: 0 | reg_w: 1 | csr_w: 0 | csr_op: 00 | csr_addr: 001 | csr_wdata: 800415e0 | mscratch: 00000000
PC: 80003884 | Instr: fe1ff06f | rs1_d: b1b1322a | rs2_d: 80002c08 | alu_res: 31b15e32 | mem_w: 0 | reg_w: 1 | csr_w: 0 | csr_op: 00 | csr_addr: fe1 | csr_wdata: b1b1322a | mscratch: 00000000
PC: 80003864 | Instr: 00054303 | rs1_d: 800415e1 | rs2_d: 00000000 | alu_res: 800415e1 | mem_w: 0 | reg_w: 1 | csr_w: 0 | csr_op: 00 | csr_addr: 000 | csr_wdata: 800415e1 | mscratch: 00000000
PC: 80003868 | Instr: 02030063 | rs1_d: 00000052 | rs2_d: 00000000 | alu_res: 00000052 | mem_w: 0 | reg_w: 0 | csr_w: 0 | csr_op: 00 | csr_addr: 020 | csr_wdata: 00000052 | mscratch: 00000000
PC: 8000386c | Instr: 0004d397 | rs1_d: 86ff3997 | rs2_d: 00000000 | alu_res: 8005086c | mem_w: 0 | reg_w: 1 | csr_w: 0 | csr_op: 00 | csr_addr: 000 | csr_wdata: 86ff3997 | mscratch: 00000000
PC: 80003870 | Instr: 69438393 | rs1_d: 8005086c | rs2_d: 402bbc0c | alu_res: 80050f00 | mem_w: 0 | reg_w: 1 | csr_w: 0 | csr_op: 00 | csr_addr: 694 | csr_wdata: 8005086c | mscratch: 00000000
PC: 80003874 | Instr: 0063a023 | rs1_d: 80050f00 | rs2_d: 00000052 | alu_res: 80050f00 | mem_w: 1 | reg_w: 0 | csr_w: 0 | csr_op: 00 | csr_addr: 006 | csr_wdata: 80050f00 | mscratch: 00000000
PC: 80003878 | Instr: 01010337 | rs1_d: 8004246c | rs2_d: 5517e060 | alu_res: 01010000 | mem_w: 0 | reg_w: 1 | csr_w: 0 | csr_op: 00 | csr_addr: 010 | csr_wdata: 8004246c | mscratch: 00000000
PC: 8000387c | Instr: 0063a223 | rs1_d: 80050f00 | rs2_d: 01010000 | alu_res: 80050f04 | mem_w: 1 | reg_w: 0 | csr_w: 0 | csr_op: 00 | csr_addr: 006 | csr_wdata: 80050f00 | mscratch: 00000000
PC: 80003880 | Instr: 00150513 | rs1_d: 800415e1 | rs2_d: 80002c08 | alu_res: 800415e2 | mem_w: 0 | reg_w: 1 | csr_w: 0 | csr_op: 00 | csr_addr: 001 | csr_wdata: 800415e1 | mscratch: 00000000
PC: 80003884 | Instr: fe1ff06f | rs1_d: b1b1322a | rs2_d: 80002c08 | alu_res: 31b15e32 | mem_w: 0 | reg_w: 1 | csr_w: 0 | csr_op: 00 | csr_addr: fe1 | csr_wdata: b1b1322a | mscratch: 00000000
PC: 80003864 | Instr: 00054303 | rs1_d: 800415e2 | rs2_d: 00000000 | alu_res: 800415e2 | mem_w: 0 | reg_w: 1 | csr_w: 0 | csr_op: 00 | csr_addr: 000 | csr_wdata: 800415e2 | mscratch: 00000000
PC: 80003868 | Instr: 02030063 | rs1_d: 00000056 | rs2_d: 00000000 | alu_res: 00000056 | mem_w: 0 | reg_w: 0 | csr_w: 0 | csr_op: 00 | csr_addr: 020 | csr_wdata: 00000056 | mscratch: 00000000
PC: 8000386c | Instr: 0004d397 | rs1_d: 86ff3997 | rs2_d: 00000000 | alu_res: 8005086c | mem_w: 0 | reg_w: 1 | csr_w: 0 | csr_op: 00 | csr_addr: 000 | csr_wdata: 86ff3997 | mscratch: 00000000
PC: 80003870 | Instr: 69438393 | rs1_d: 8005086c | rs2_d: 402bbc0c | alu_res: 80050f00 | mem_w: 0 | reg_w: 1 | csr_w: 0 | csr_op: 00 | csr_addr: 694 | csr_wdata: 8005086c | mscratch: 00000000
PC: 80003874 | Instr: 0063a023 | rs1_d: 80050f00 | rs2_d: 00000056 | alu_res: 80050f00 | mem_w: 1 | reg_w: 0 | csr_w: 0 | csr_op: 00 | csr_addr: 006 | csr_wdata: 80050f00 | mscratch: 00000000
PC: 80003878 | Instr: 01010337 | rs1_d: 8004246c | rs2_d: 5517e060 | alu_res: 01010000 | mem_w: 0 | reg_w: 1 | csr_w: 0 | csr_op: 00 | csr_addr: 010 | csr_wdata: 8004246c | mscratch: 00000000
PC: 8000387c | Instr: 0063a223 | rs1_d: 80050f00 | rs2_d: 01010000 | alu_res: 80050f04 | mem_w: 1 | reg_w: 0 | csr_w: 0 | csr_op: 00 | csr_addr: 006 | csr_wdata: 80050f00 | mscratch: 00000000
PC: 80003880 | Instr: 00150513 | rs1_d: 800415e2 | rs2_d: 80002c08 | alu_res: 800415e3 | mem_w: 0 | reg_w: 1 | csr_w: 0 | csr_op: 00 | csr_addr: 001 | csr_wdata: 800415e2 | mscratch: 00000000
PC: 80003884 | Instr: fe1ff06f | rs1_d: b1b1322a | rs2_d: 80002c08 | alu_res: 31b15e32 | mem_w: 0 | reg_w: 1 | csr_w: 0 | csr_op: 00 | csr_addr: fe1 | csr_wdata: b1b1322a | mscratch: 00000000
PC: 80003864 | Instr: 00054303 | rs1_d: 800415e3 | rs2_d: 00000000 | alu_res: 800415e3 | mem_w: 0 | reg_w: 1 | csr_w: 0 | csr_op: 00 | csr_addr: 000 | csr_wdata: 800415e3 | mscratch: 00000000
PC: 80003868 | Instr: 02030063 | rs1_d: 00000043 | rs2_d: 00000000 | alu_res: 00000043 | mem_w: 0 | reg_w: 0 | csr_w: 0 | csr_op: 00 | csr_addr: 020 | csr_wdata: 00000043 | mscratch: 00000000
PC: 8000386c | Instr: 0004d397 | rs1_d: 86ff3997 | rs2_d: 00000000 | alu_res: 8005086c | mem_w: 0 | reg_w: 1 | csr_w: 0 | csr_op: 00 | csr_addr: 000 | csr_wdata: 86ff3997 | mscratch: 00000000
PC: 80003870 | Instr: 69438393 | rs1_d: 8005086c | rs2_d: 402bbc0c | alu_res: 80050f00 | mem_w: 0 | reg_w: 1 | csr_w: 0 | csr_op: 00 | csr_addr: 694 | csr_wdata: 8005086c | mscratch: 00000000
PC: 80003874 | Instr: 0063a023 | rs1_d: 80050f00 | rs2_d: 00000043 | alu_res: 80050f00 | mem_w: 1 | reg_w: 0 | csr_w: 0 | csr_op: 00 | csr_addr: 006 | csr_wdata: 80050f00 | mscratch: 00000000
PC: 80003878 | Instr: 01010337 | rs1_d: 8004246c | rs2_d: 5517e060 | alu_res: 01010000 | mem_w: 0 | reg_w: 1 | csr_w: 0 | csr_op: 00 | csr_addr: 010 | csr_wdata: 8004246c | mscratch: 00000000
PC: 8000387c | Instr: 0063a223 | rs1_d: 80050f00 | rs2_d: 01010000 | alu_res: 80050f04 | mem_w: 1 | reg_w: 0 | csr_w: 0 | csr_op: 00 | csr_addr: 006 | csr_wdata: 80050f00 | mscratch: 00000000
PC: 80003880 | Instr: 00150513 | rs1_d: 800415e3 | rs2_d: 80002c08 | alu_res: 800415e4 | mem_w: 0 | reg_w: 1 | csr_w: 0 | csr_op: 00 | csr_addr: 001 | csr_wdata: 800415e3 | mscratch: 00000000
PC: 80003884 | Instr: fe1ff06f | rs1_d: b1b1322a | rs2_d: 80002c08 | alu_res: 31b15e32 | mem_w: 0 | reg_w: 1 | csr_w: 0 | csr_op: 00 | csr_addr: fe1 | csr_wdata: b1b1322a | mscratch: 00000000
PC: 80003864 | Instr: 00054303 | rs1_d: 800415e4 | rs2_d: 00000000 | alu_res: 800415e4 | mem_w: 0 | reg_w: 1 | csr_w: 0 | csr_op: 00 | csr_addr: 000 | csr_wdata: 800415e4 | mscratch: 00000000
PC: 80003868 | Instr: 02030063 | rs1_d: 00000050 | rs2_d: 00000000 | alu_res: 00000050 | mem_w: 0 | reg_w: 0 | csr_w: 0 | csr_op: 00 | csr_addr: 020 | csr_wdata: 00000050 | mscratch: 00000000
PC: 8000386c | Instr: 0004d397 | rs1_d: 86ff3997 | rs2_d: 00000000 | alu_res: 8005086c | mem_w: 0 | reg_w: 1 | csr_w: 0 | csr_op: 00 | csr_addr: 000 | csr_wdata: 86ff3997 | mscratch: 00000000
PC: 80003870 | Instr: 69438393 | rs1_d: 8005086c | rs2_d: 402bbc0c | alu_res: 80050f00 | mem_w: 0 | reg_w: 1 | csr_w: 0 | csr_op: 00 | csr_addr: 694 | csr_wdata: 8005086c | mscratch: 00000000
PC: 80003874 | Instr: 0063a023 | rs1_d: 80050f00 | rs2_d: 00000050 | alu_res: 80050f00 | mem_w: 1 | reg_w: 0 | csr_w: 0 | csr_op: 00 | csr_addr: 006 | csr_wdata: 80050f00 | mscratch: 00000000
PC: 80003878 | Instr: 01010337 | rs1_d: 8004246c | rs2_d: 5517e060 | alu_res: 01010000 | mem_w: 0 | reg_w: 1 | csr_w: 0 | csr_op: 00 | csr_addr: 010 | csr_wdata: 8004246c | mscratch: 00000000
PC: 8000387c | Instr: 0063a223 | rs1_d: 80050f00 | rs2_d: 01010000 | alu_res: 80050f04 | mem_w: 1 | reg_w: 0 | csr_w: 0 | csr_op: 00 | csr_addr: 006 | csr_wdata: 80050f00 | mscratch: 00000000
PC: 80003880 | Instr: 00150513 | rs1_d: 800415e4 | rs2_d: 80002c08 | alu_res: 800415e5 | mem_w: 0 | reg_w: 1 | csr_w: 0 | csr_op: 00 | csr_addr: 001 | csr_wdata: 800415e4 | mscratch: 00000000
PC: 80003884 | Instr: fe1ff06f | rs1_d: b1b1322a | rs2_d: 80002c08 | alu_res: 31b15e32 | mem_w: 0 | reg_w: 1 | csr_w: 0 | csr_op: 00 | csr_addr: fe1 | csr_wdata: b1b1322a | mscratch: 00000000
PC: 80003864 | Instr: 00054303 | rs1_d: 800415e5 | rs2_d: 00000000 | alu_res: 800415e5 | mem_w: 0 | reg_w: 1 | csr_w: 0 | csr_op: 00 | csr_addr: 000 | csr_wdata: 800415e5 | mscratch: 00000000
PC: 80003868 | Instr: 02030063 | rs1_d: 0000002d | rs2_d: 00000000 | alu_res: 0000002d | mem_w: 0 | reg_w: 0 | csr_w: 0 | csr_op: 00 | csr_addr: 020 | csr_wdata: 0000002d | mscratch: 00000000
PC: 8000386c | Instr: 0004d397 | rs1_d: 86ff3997 | rs2_d: 00000000 | alu_res: 8005086c | mem_w: 0 | reg_w: 1 | csr_w: 0 | csr_op: 00 | csr_addr: 000 | csr_wdata: 86ff3997 | mscratch: 00000000
PC: 80003870 | Instr: 69438393 | rs1_d: 8005086c | rs2_d: 402bbc0c | alu_res: 80050f00 | mem_w: 0 | reg_w: 1 | csr_w: 0 | csr_op: 00 | csr_addr: 694 | csr_wdata: 8005086c | mscratch: 00000000
PC: 80003874 | Instr: 0063a023 | rs1_d: 80050f00 | rs2_d: 0000002d | alu_res: 80050f00 | mem_w: 1 | reg_w: 0 | csr_w: 0 | csr_op: 00 | csr_addr: 006 | csr_wdata: 80050f00 | mscratch: 00000000
PC: 80003878 | Instr: 01010337 | rs1_d: 8004246c | rs2_d: 5517e060 | alu_res: 01010000 | mem_w: 0 | reg_w: 1 | csr_w: 0 | csr_op: 00 | csr_addr: 010 | csr_wdata: 8004246c | mscratch: 00000000
PC: 8000387c | Instr: 0063a223 | rs1_d: 80050f00 | rs2_d: 01010000 | alu_res: 80050f04 | mem_w: 1 | reg_w: 0 | csr_w: 0 | csr_op: 00 | csr_addr: 006 | csr_wdata: 80050f00 | mscratch: 00000000
PC: 80003880 | Instr: 00150513 | rs1_d: 800415e5 | rs2_d: 80002c08 | alu_res: 800415e6 | mem_w: 0 | reg_w: 1 | csr_w: 0 | csr_op: 00 | csr_addr: 001 | csr_wdata: 800415e5 | mscratch: 00000000
PC: 80003884 | Instr: fe1ff06f | rs1_d: b1b1322a | rs2_d: 80002c08 | alu_res: 31b15e32 | mem_w: 0 | reg_w: 1 | csr_w: 0 | csr_op: 00 | csr_addr: fe1 | csr_wdata: b1b1322a | mscratch: 00000000
PC: 80003864 | Instr: 00054303 | rs1_d: 800415e6 | rs2_d: 00000000 | alu_res: 800415e6 | mem_w: 0 | reg_w: 1 | csr_w: 0 | csr_op: 00 | csr_addr: 000 | csr_wdata: 800415e6 | mscratch: 00000000
PC: 80003868 | Instr: 02030063 | rs1_d: 00000053 | rs2_d: 00000000 | alu_res: 00000053 | mem_w: 0 | reg_w: 0 | csr_w: 0 | csr_op: 00 | csr_addr: 020 | csr_wdata: 00000053 | mscratch: 00000000
PC: 8000386c | Instr: 0004d397 | rs1_d: 86ff3997 | rs2_d: 00000000 | alu_res: 8005086c | mem_w: 0 | reg_w: 1 | csr_w: 0 | csr_op: 00 | csr_addr: 000 | csr_wdata: 86ff3997 | mscratch: 00000000
PC: 80003870 | Instr: 69438393 | rs1_d: 8005086c | rs2_d: 402bbc0c | alu_res: 80050f00 | mem_w: 0 | reg_w: 1 | csr_w: 0 | csr_op: 00 | csr_addr: 694 | csr_wdata: 8005086c | mscratch: 00000000
PC: 80003874 | Instr: 0063a023 | rs1_d: 80050f00 | rs2_d: 00000053 | alu_res: 80050f00 | mem_w: 1 | reg_w: 0 | csr_w: 0 | csr_op: 00 | csr_addr: 006 | csr_wdata: 80050f00 | mscratch: 00000000
PC: 80003878 | Instr: 01010337 | rs1_d: 8004246c | rs2_d: 5517e060 | alu_res: 01010000 | mem_w: 0 | reg_w: 1 | csr_w: 0 | csr_op: 00 | csr_addr: 010 | csr_wdata: 8004246c | mscratch: 00000000
PC: 8000387c | Instr: 0063a223 | rs1_d: 80050f00 | rs2_d: 01010000 | alu_res: 80050f04 | mem_w: 1 | reg_w: 0 | csr_w: 0 | csr_op: 00 | csr_addr: 006 | csr_wdata: 80050f00 | mscratch: 00000000
PC: 80003880 | Instr: 00150513 | rs1_d: 800415e6 | rs2_d: 80002c08 | alu_res: 800415e7 | mem_w: 0 | reg_w: 1 | csr_w: 0 | csr_op: 00 | csr_addr: 001 | csr_wdata: 800415e6 | mscratch: 00000000
PC: 80003884 | Instr: fe1ff06f | rs1_d: b1b1322a | rs2_d: 80002c08 | alu_res: 31b15e32 | mem_w: 0 | reg_w: 1 | csr_w: 0 | csr_op: 00 | csr_addr: fe1 | csr_wdata: b1b1322a | mscratch: 00000000
PC: 80003864 | Instr: 00054303 | rs1_d: 800415e7 | rs2_d: 00000000 | alu_res: 800415e7 | mem_w: 0 | reg_w: 1 | csr_w: 0 | csr_op: 00 | csr_addr: 000 | csr_wdata: 800415e7 | mscratch: 00000000
PC: 80003868 | Instr: 02030063 | rs1_d: 00000055 | rs2_d: 00000000 | alu_res: 00000055 | mem_w: 0 | reg_w: 0 | csr_w: 0 | csr_op: 00 | csr_addr: 020 | csr_wdata: 00000055 | mscratch: 00000000
PC: 8000386c | Instr: 0004d397 | rs1_d: 86ff3997 | rs2_d: 00000000 | alu_res: 8005086c | mem_w: 0 | reg_w: 1 | csr_w: 0 | csr_op: 00 | csr_addr: 000 | csr_wdata: 86ff3997 | mscratch: 00000000
PC: 80003870 | Instr: 69438393 | rs1_d: 8005086c | rs2_d: 402bbc0c | alu_res: 80050f00 | mem_w: 0 | reg_w: 1 | csr_w: 0 | csr_op: 00 | csr_addr: 694 | csr_wdata: 8005086c | mscratch: 00000000
PC: 80003874 | Instr: 0063a023 | rs1_d: 80050f00 | rs2_d: 00000055 | alu_res: 80050f00 | mem_w: 1 | reg_w: 0 | csr_w: 0 | csr_op: 00 | csr_addr: 006 | csr_wdata: 80050f00 | mscratch: 00000000
PC: 80003878 | Instr: 01010337 | rs1_d: 8004246c | rs2_d: 5517e060 | alu_res: 01010000 | mem_w: 0 | reg_w: 1 | csr_w: 0 | csr_op: 00 | csr_addr: 010 | csr_wdata: 8004246c | mscratch: 00000000
PC: 8000387c | Instr: 0063a223 | rs1_d: 80050f00 | rs2_d: 01010000 | alu_res: 80050f04 | mem_w: 1 | reg_w: 0 | csr_w: 0 | csr_op: 00 | csr_addr: 006 | csr_wdata: 80050f00 | mscratch: 00000000
PC: 80003880 | Instr: 00150513 | rs1_d: 800415e7 | rs2_d: 80002c08 | alu_res: 800415e8 | mem_w: 0 | reg_w: 1 | csr_w: 0 | csr_op: 00 | csr_addr: 001 | csr_wdata: 800415e7 | mscratch: 00000000
PC: 80003884 | Instr: fe1ff06f | rs1_d: b1b1322a | rs2_d: 80002c08 | alu_res: 31b15e32 | mem_w: 0 | reg_w: 1 | csr_w: 0 | csr_op: 00 | csr_addr: fe1 | csr_wdata: b1b1322a | mscratch: 00000000
PC: 80003864 | Instr: 00054303 | rs1_d: 800415e8 | rs2_d: 00000000 | alu_res: 800415e8 | mem_w: 0 | reg_w: 1 | csr_w: 0 | csr_op: 00 | csr_addr: 000 | csr_wdata: 800415e8 | mscratch: 00000000
PC: 80003868 | Instr: 02030063 | rs1_d: 0000004d | rs2_d: 00000000 | alu_res: 0000004d | mem_w: 0 | reg_w: 0 | csr_w: 0 | csr_op: 00 | csr_addr: 020 | csr_wdata: 0000004d | mscratch: 00000000
PC: 8000386c | Instr: 0004d397 | rs1_d: 86ff3997 | rs2_d: 00000000 | alu_res: 8005086c | mem_w: 0 | reg_w: 1 | csr_w: 0 | csr_op: 00 | csr_addr: 000 | csr_wdata: 86ff3997 | mscratch: 00000000
PC: 80003870 | Instr: 69438393 | rs1_d: 8005086c | rs2_d: 402bbc0c | alu_res: 80050f00 | mem_w: 0 | reg_w: 1 | csr_w: 0 | csr_op: 00 | csr_addr: 694 | csr_wdata: 8005086c | mscratch: 00000000
PC: 80003874 | Instr: 0063a023 | rs1_d: 80050f00 | rs2_d: 0000004d | alu_res: 80050f00 | mem_w: 1 | reg_w: 0 | csr_w: 0 | csr_op: 00 | csr_addr: 006 | csr_wdata: 80050f00 | mscratch: 00000000
PC: 80003878 | Instr: 01010337 | rs1_d: 8004246c | rs2_d: 5517e060 | alu_res: 01010000 | mem_w: 0 | reg_w: 1 | csr_w: 0 | csr_op: 00 | csr_addr: 010 | csr_wdata: 8004246c | mscratch: 00000000
PC: 8000387c | Instr: 0063a223 | rs1_d: 80050f00 | rs2_d: 01010000 | alu_res: 80050f04 | mem_w: 1 | reg_w: 0 | csr_w: 0 | csr_op: 00 | csr_addr: 006 | csr_wdata: 80050f00 | mscratch: 00000000
PC: 80003880 | Instr: 00150513 | rs1_d: 800415e8 | rs2_d: 80002c08 | alu_res: 800415e9 | mem_w: 0 | reg_w: 1 | csr_w: 0 | csr_op: 00 | csr_addr: 001 | csr_wdata: 800415e8 | mscratch: 00000000
PC: 80003884 | Instr: fe1ff06f | rs1_d: b1b1322a | rs2_d: 80002c08 | alu_res: 31b15e32 | mem_w: 0 | reg_w: 1 | csr_w: 0 | csr_op: 00 | csr_addr: fe1 | csr_wdata: b1b1322a | mscratch: 00000000
PC: 80003864 | Instr: 00054303 | rs1_d: 800415e9 | rs2_d: 00000000 | alu_res: 800415e9 | mem_w: 0 | reg_w: 1 | csr_w: 0 | csr_op: 00 | csr_addr: 000 | csr_wdata: 800415e9 | mscratch: 00000000
PC: 80003868 | Instr: 02030063 | rs1_d: 0000004d | rs2_d: 00000000 | alu_res: 0000004d | mem_w: 0 | reg_w: 0 | csr_w: 0 | csr_op: 00 | csr_addr: 020 | csr_wdata: 0000004d | mscratch: 00000000
PC: 8000386c | Instr: 0004d397 | rs1_d: 86ff3997 | rs2_d: 00000000 | alu_res: 8005086c | mem_w: 0 | reg_w: 1 | csr_w: 0 | csr_op: 00 | csr_addr: 000 | csr_wdata: 86ff3997 | mscratch: 00000000
PC: 80003870 | Instr: 69438393 | rs1_d: 8005086c | rs2_d: 402bbc0c | alu_res: 80050f00 | mem_w: 0 | reg_w: 1 | csr_w: 0 | csr_op: 00 | csr_addr: 694 | csr_wdata: 8005086c | mscratch: 00000000
PC: 80003874 | Instr: 0063a023 | rs1_d: 80050f00 | rs2_d: 0000004d | alu_res: 80050f00 | mem_w: 1 | reg_w: 0 | csr_w: 0 | csr_op: 00 | csr_addr: 006 | csr_wdata: 80050f00 | mscratch: 00000000
PC: 80003878 | Instr: 01010337 | rs1_d: 8004246c | rs2_d: 5517e060 | alu_res: 01010000 | mem_w: 0 | reg_w: 1 | csr_w: 0 | csr_op: 00 | csr_addr: 010 | csr_wdata: 8004246c | mscratch: 00000000
PC: 8000387c | Instr: 0063a223 | rs1_d: 80050f00 | rs2_d: 01010000 | alu_res: 80050f04 | mem_w: 1 | reg_w: 0 | csr_w: 0 | csr_op: 00 | csr_addr: 006 | csr_wdata: 80050f00 | mscratch: 00000000
PC: 80003880 | Instr: 00150513 | rs1_d: 800415e9 | rs2_d: 80002c08 | alu_res: 800415ea | mem_w: 0 | reg_w: 1 | csr_w: 0 | csr_op: 00 | csr_addr: 001 | csr_wdata: 800415e9 | mscratch: 00000000
PC: 80003884 | Instr: fe1ff06f | rs1_d: b1b1322a | rs2_d: 80002c08 | alu_res: 31b15e32 | mem_w: 0 | reg_w: 1 | csr_w: 0 | csr_op: 00 | csr_addr: fe1 | csr_wdata: b1b1322a | mscratch: 00000000
PC: 80003864 | Instr: 00054303 | rs1_d: 800415ea | rs2_d: 00000000 | alu_res: 800415ea | mem_w: 0 | reg_w: 1 | csr_w: 0 | csr_op: 00 | csr_addr: 000 | csr_wdata: 800415ea | mscratch: 00000000
PC: 80003868 | Instr: 02030063 | rs1_d: 00000041 | rs2_d: 00000000 | alu_res: 00000041 | mem_w: 0 | reg_w: 0 | csr_w: 0 | csr_op: 00 | csr_addr: 020 | csr_wdata: 00000041 | mscratch: 00000000
PC: 8000386c | Instr: 0004d397 | rs1_d: 86ff3997 | rs2_d: 00000000 | alu_res: 8005086c | mem_w: 0 | reg_w: 1 | csr_w: 0 | csr_op: 00 | csr_addr: 000 | csr_wdata: 86ff3997 | mscratch: 00000000
PC: 80003870 | Instr: 69438393 | rs1_d: 8005086c | rs2_d: 402bbc0c | alu_res: 80050f00 | mem_w: 0 | reg_w: 1 | csr_w: 0 | csr_op: 00 | csr_addr: 694 | csr_wdata: 8005086c | mscratch: 00000000
PC: 80003874 | Instr: 0063a023 | rs1_d: 80050f00 | rs2_d: 00000041 | alu_res: 80050f00 | mem_w: 1 | reg_w: 0 | csr_w: 0 | csr_op: 00 | csr_addr: 006 | csr_wdata: 80050f00 | mscratch: 00000000
PC: 80003878 | Instr: 01010337 | rs1_d: 8004246c | rs2_d: 5517e060 | alu_res: 01010000 | mem_w: 0 | reg_w: 1 | csr_w: 0 | csr_op: 00 | csr_addr: 010 | csr_wdata: 8004246c | mscratch: 00000000
PC: 8000387c | Instr: 0063a223 | rs1_d: 80050f00 | rs2_d: 01010000 | alu_res: 80050f04 | mem_w: 1 | reg_w: 0 | csr_w: 0 | csr_op: 00 | csr_addr: 006 | csr_wdata: 80050f00 | mscratch: 00000000
PC: 80003880 | Instr: 00150513 | rs1_d: 800415ea | rs2_d: 80002c08 | alu_res: 800415eb | mem_w: 0 | reg_w: 1 | csr_w: 0 | csr_op: 00 | csr_addr: 001 | csr_wdata: 800415ea | mscratch: 00000000
PC: 80003884 | Instr: fe1ff06f | rs1_d: b1b1322a | rs2_d: 80002c08 | alu_res: 31b15e32 | mem_w: 0 | reg_w: 1 | csr_w: 0 | csr_op: 00 | csr_addr: fe1 | csr_wdata: b1b1322a | mscratch: 00000000
PC: 80003864 | Instr: 00054303 | rs1_d: 800415eb | rs2_d: 00000000 | alu_res: 800415eb | mem_w: 0 | reg_w: 1 | csr_w: 0 | csr_op: 00 | csr_addr: 000 | csr_wdata: 800415eb | mscratch: 00000000
PC: 80003868 | Instr: 02030063 | rs1_d: 00000052 | rs2_d: 00000000 | alu_res: 00000052 | mem_w: 0 | reg_w: 0 | csr_w: 0 | csr_op: 00 | csr_addr: 020 | csr_wdata: 00000052 | mscratch: 00000000
PC: 8000386c | Instr: 0004d397 | rs1_d: 86ff3997 | rs2_d: 00000000 | alu_res: 8005086c | mem_w: 0 | reg_w: 1 | csr_w: 0 | csr_op: 00 | csr_addr: 000 | csr_wdata: 86ff3997 | mscratch: 00000000
PC: 80003870 | Instr: 69438393 | rs1_d: 8005086c | rs2_d: 402bbc0c | alu_res: 80050f00 | mem_w: 0 | reg_w: 1 | csr_w: 0 | csr_op: 00 | csr_addr: 694 | csr_wdata: 8005086c | mscratch: 00000000
PC: 80003874 | Instr: 0063a023 | rs1_d: 80050f00 | rs2_d: 00000052 | alu_res: 80050f00 | mem_w: 1 | reg_w: 0 | csr_w: 0 | csr_op: 00 | csr_addr: 006 | csr_wdata: 80050f00 | mscratch: 00000000
PC: 80003878 | Instr: 01010337 | rs1_d: 8004246c | rs2_d: 5517e060 | alu_res: 01010000 | mem_w: 0 | reg_w: 1 | csr_w: 0 | csr_op: 00 | csr_addr: 010 | csr_wdata: 8004246c | mscratch: 00000000
PC: 8000387c | Instr: 0063a223 | rs1_d: 80050f00 | rs2_d: 01010000 | alu_res: 80050f04 | mem_w: 1 | reg_w: 0 | csr_w: 0 | csr_op: 00 | csr_addr: 006 | csr_wdata: 80050f00 | mscratch: 00000000
PC: 80003880 | Instr: 00150513 | rs1_d: 800415eb | rs2_d: 80002c08 | alu_res: 800415ec | mem_w: 0 | reg_w: 1 | csr_w: 0 | csr_op: 00 | csr_addr: 001 | csr_wdata: 800415eb | mscratch: 00000000
PC: 80003884 | Instr: fe1ff06f | rs1_d: b1b1322a | rs2_d: 80002c08 | alu_res: 31b15e32 | mem_w: 0 | reg_w: 1 | csr_w: 0 | csr_op: 00 | csr_addr: fe1 | csr_wdata: b1b1322a | mscratch: 00000000
PC: 80003864 | Instr: 00054303 | rs1_d: 800415ec | rs2_d: 00000000 | alu_res: 800415ec | mem_w: 0 | reg_w: 1 | csr_w: 0 | csr_op: 00 | csr_addr: 000 | csr_wdata: 800415ec | mscratch: 00000000
PC: 80003868 | Instr: 02030063 | rs1_d: 00000059 | rs2_d: 00000000 | alu_res: 00000059 | mem_w: 0 | reg_w: 0 | csr_w: 0 | csr_op: 00 | csr_addr: 020 | csr_wdata: 00000059 | mscratch: 00000000
PC: 8000386c | Instr: 0004d397 | rs1_d: 86ff3997 | rs2_d: 00000000 | alu_res: 8005086c | mem_w: 0 | reg_w: 1 | csr_w: 0 | csr_op: 00 | csr_addr: 000 | csr_wdata: 86ff3997 | mscratch: 00000000
PC: 80003870 | Instr: 69438393 | rs1_d: 8005086c | rs2_d: 402bbc0c | alu_res: 80050f00 | mem_w: 0 | reg_w: 1 | csr_w: 0 | csr_op: 00 | csr_addr: 694 | csr_wdata: 8005086c | mscratch: 00000000
PC: 80003874 | Instr: 0063a023 | rs1_d: 80050f00 | rs2_d: 00000059 | alu_res: 80050f00 | mem_w: 1 | reg_w: 0 | csr_w: 0 | csr_op: 00 | csr_addr: 006 | csr_wdata: 80050f00 | mscratch: 00000000
PC: 80003878 | Instr: 01010337 | rs1_d: 8004246c | rs2_d: 5517e060 | alu_res: 01010000 | mem_w: 0 | reg_w: 1 | csr_w: 0 | csr_op: 00 | csr_addr: 010 | csr_wdata: 8004246c | mscratch: 00000000
PC: 8000387c | Instr: 0063a223 | rs1_d: 80050f00 | rs2_d: 01010000 | alu_res: 80050f04 | mem_w: 1 | reg_w: 0 | csr_w: 0 | csr_op: 00 | csr_addr: 006 | csr_wdata: 80050f00 | mscratch: 00000000
PC: 80003880 | Instr: 00150513 | rs1_d: 800415ec | rs2_d: 80002c08 | alu_res: 800415ed | mem_w: 0 | reg_w: 1 | csr_w: 0 | csr_op: 00 | csr_addr: 001 | csr_wdata: 800415ec | mscratch: 00000000
PC: 80003884 | Instr: fe1ff06f | rs1_d: b1b1322a | rs2_d: 80002c08 | alu_res: 31b15e32 | mem_w: 0 | reg_w: 1 | csr_w: 0 | csr_op: 00 | csr_addr: fe1 | csr_wdata: b1b1322a | mscratch: 00000000
PC: 80003864 | Instr: 00054303 | rs1_d: 800415ed | rs2_d: 00000000 | alu_res: 800415ed | mem_w: 0 | reg_w: 1 | csr_w: 0 | csr_op: 00 | csr_addr: 000 | csr_wdata: 800415ed | mscratch: 00000000
PC: 80003868 | Instr: 02030063 | rs1_d: 0000003a | rs2_d: 00000000 | alu_res: 0000003a | mem_w: 0 | reg_w: 0 | csr_w: 0 | csr_op: 00 | csr_addr: 020 | csr_wdata: 0000003a | mscratch: 00000000
PC: 8000386c | Instr: 0004d397 | rs1_d: 86ff3997 | rs2_d: 00000000 | alu_res: 8005086c | mem_w: 0 | reg_w: 1 | csr_w: 0 | csr_op: 00 | csr_addr: 000 | csr_wdata: 86ff3997 | mscratch: 00000000
PC: 80003870 | Instr: 69438393 | rs1_d: 8005086c | rs2_d: 402bbc0c | alu_res: 80050f00 | mem_w: 0 | reg_w: 1 | csr_w: 0 | csr_op: 00 | csr_addr: 694 | csr_wdata: 8005086c | mscratch: 00000000
PC: 80003874 | Instr: 0063a023 | rs1_d: 80050f00 | rs2_d: 0000003a | alu_res: 80050f00 | mem_w: 1 | reg_w: 0 | csr_w: 0 | csr_op: 00 | csr_addr: 006 | csr_wdata: 80050f00 | mscratch: 00000000
PC: 80003878 | Instr: 01010337 | rs1_d: 8004246c | rs2_d: 5517e060 | alu_res: 01010000 | mem_w: 0 | reg_w: 1 | csr_w: 0 | csr_op: 00 | csr_addr: 010 | csr_wdata: 8004246c | mscratch: 00000000
PC: 8000387c | Instr: 0063a223 | rs1_d: 80050f00 | rs2_d: 01010000 | alu_res: 80050f04 | mem_w: 1 | reg_w: 0 | csr_w: 0 | csr_op: 00 | csr_addr: 006 | csr_wdata: 80050f00 | mscratch: 00000000
PC: 80003880 | Instr: 00150513 | rs1_d: 800415ed | rs2_d: 80002c08 | alu_res: 800415ee | mem_w: 0 | reg_w: 1 | csr_w: 0 | csr_op: 00 | csr_addr: 001 | csr_wdata: 800415ed | mscratch: 00000000
PC: 80003884 | Instr: fe1ff06f | rs1_d: b1b1322a | rs2_d: 80002c08 | alu_res: 31b15e32 | mem_w: 0 | reg_w: 1 | csr_w: 0 | csr_op: 00 | csr_addr: fe1 | csr_wdata: b1b1322a | mscratch: 00000000
PC: 80003864 | Instr: 00054303 | rs1_d: 800415ee | rs2_d: 00000000 | alu_res: 800415ee | mem_w: 0 | reg_w: 1 | csr_w: 0 | csr_op: 00 | csr_addr: 000 | csr_wdata: 800415ee | mscratch: 00000000
PC: 80003868 | Instr: 02030063 | rs1_d: 00000020 | rs2_d: 00000000 | alu_res: 00000020 | mem_w: 0 | reg_w: 0 | csr_w: 0 | csr_op: 00 | csr_addr: 020 | csr_wdata: 00000020 | mscratch: 00000000
PC: 8000386c | Instr: 0004d397 | rs1_d: 86ff3997 | rs2_d: 00000000 | alu_res: 8005086c | mem_w: 0 | reg_w: 1 | csr_w: 0 | csr_op: 00 | csr_addr: 000 | csr_wdata: 86ff3997 | mscratch: 00000000
PC: 80003870 | Instr: 69438393 | rs1_d: 8005086c | rs2_d: 402bbc0c | alu_res: 80050f00 | mem_w: 0 | reg_w: 1 | csr_w: 0 | csr_op: 00 | csr_addr: 694 | csr_wdata: 8005086c | mscratch: 00000000
PC: 80003874 | Instr: 0063a023 | rs1_d: 80050f00 | rs2_d: 00000020 | alu_res: 80050f00 | mem_w: 1 | reg_w: 0 | csr_w: 0 | csr_op: 00 | csr_addr: 006 | csr_wdata: 80050f00 | mscratch: 00000000
PC: 80003878 | Instr: 01010337 | rs1_d: 8004246c | rs2_d: 5517e060 | alu_res: 01010000 | mem_w: 0 | reg_w: 1 | csr_w: 0 | csr_op: 00 | csr_addr: 010 | csr_wdata: 8004246c | mscratch: 00000000
PC: 8000387c | Instr: 0063a223 | rs1_d: 80050f00 | rs2_d: 01010000 | alu_res: 80050f04 | mem_w: 1 | reg_w: 0 | csr_w: 0 | csr_op: 00 | csr_addr: 006 | csr_wdata: 80050f00 | mscratch: 00000000
PC: 80003880 | Instr: 00150513 | rs1_d: 800415ee | rs2_d: 80002c08 | alu_res: 800415ef | mem_w: 0 | reg_w: 1 | csr_w: 0 | csr_op: 00 | csr_addr: 001 | csr_wdata: 800415ee | mscratch: 00000000
PC: 80003884 | Instr: fe1ff06f | rs1_d: b1b1322a | rs2_d: 80002c08 | alu_res: 31b15e32 | mem_w: 0 | reg_w: 1 | csr_w: 0 | csr_op: 00 | csr_addr: fe1 | csr_wdata: b1b1322a | mscratch: 00000000
PC: 80003864 | Instr: 00054303 | rs1_d: 800415ef | rs2_d: 00000000 | alu_res: 800415ef | mem_w: 0 | reg_w: 1 | csr_w: 0 | csr_op: 00 | csr_addr: 000 | csr_wdata: 800415ef | mscratch: 00000000
PC: 80003868 | Instr: 02030063 | rs1_d: 00000054 | rs2_d: 00000000 | alu_res: 00000054 | mem_w: 0 | reg_w: 0 | csr_w: 0 | csr_op: 00 | csr_addr: 020 | csr_wdata: 00000054 | mscratch: 00000000
PC: 8000386c | Instr: 0004d397 | rs1_d: 86ff3997 | rs2_d: 00000000 | alu_res: 8005086c | mem_w: 0 | reg_w: 1 | csr_w: 0 | csr_op: 00 | csr_addr: 000 | csr_wdata: 86ff3997 | mscratch: 00000000
PC: 80003870 | Instr: 69438393 | rs1_d: 8005086c | rs2_d: 402bbc0c | alu_res: 80050f00 | mem_w: 0 | reg_w: 1 | csr_w: 0 | csr_op: 00 | csr_addr: 694 | csr_wdata: 8005086c | mscratch: 00000000
PC: 80003874 | Instr: 0063a023 | rs1_d: 80050f00 | rs2_d: 00000054 | alu_res: 80050f00 | mem_w: 1 | reg_w: 0 | csr_w: 0 | csr_op: 00 | csr_addr: 006 | csr_wdata: 80050f00 | mscratch: 00000000
PC: 80003878 | Instr: 01010337 | rs1_d: 8004246c | rs2_d: 5517e060 | alu_res: 01010000 | mem_w: 0 | reg_w: 1 | csr_w: 0 | csr_op: 00 | csr_addr: 010 | csr_wdata: 8004246c | mscratch: 00000000
PC: 8000387c | Instr: 0063a223 | rs1_d: 80050f00 | rs2_d: 01010000 | alu_res: 80050f04 | mem_w: 1 | reg_w: 0 | csr_w: 0 | csr_op: 00 | csr_addr: 006 | csr_wdata: 80050f00 | mscratch: 00000000
PC: 80003880 | Instr: 00150513 | rs1_d: 800415ef | rs2_d: 80002c08 | alu_res: 800415f0 | mem_w: 0 | reg_w: 1 | csr_w: 0 | csr_op: 00 | csr_addr: 001 | csr_wdata: 800415ef | mscratch: 00000000
PC: 80003884 | Instr: fe1ff06f | rs1_d: b1b1322a | rs2_d: 80002c08 | alu_res: 31b15e32 | mem_w: 0 | reg_w: 1 | csr_w: 0 | csr_op: 00 | csr_addr: fe1 | csr_wdata: b1b1322a | mscratch: 00000000
PC: 80003864 | Instr: 00054303 | rs1_d: 800415f0 | rs2_d: 00000000 | alu_res: 800415f0 | mem_w: 0 | reg_w: 1 | csr_w: 0 | csr_op: 00 | csr_addr: 000 | csr_wdata: 800415f0 | mscratch: 00000000
PC: 80003868 | Instr: 02030063 | rs1_d: 00000045 | rs2_d: 00000000 | alu_res: 00000045 | mem_w: 0 | reg_w: 0 | csr_w: 0 | csr_op: 00 | csr_addr: 020 | csr_wdata: 00000045 | mscratch: 00000000
PC: 8000386c | Instr: 0004d397 | rs1_d: 86ff3997 | rs2_d: 00000000 | alu_res: 8005086c | mem_w: 0 | reg_w: 1 | csr_w: 0 | csr_op: 00 | csr_addr: 000 | csr_wdata: 86ff3997 | mscratch: 00000000
PC: 80003870 | Instr: 69438393 | rs1_d: 8005086c | rs2_d: 402bbc0c | alu_res: 80050f00 | mem_w: 0 | reg_w: 1 | csr_w: 0 | csr_op: 00 | csr_addr: 694 | csr_wdata: 8005086c | mscratch: 00000000
PC: 80003874 | Instr: 0063a023 | rs1_d: 80050f00 | rs2_d: 00000045 | alu_res: 80050f00 | mem_w: 1 | reg_w: 0 | csr_w: 0 | csr_op: 00 | csr_addr: 006 | csr_wdata: 80050f00 | mscratch: 00000000
PC: 80003878 | Instr: 01010337 | rs1_d: 8004246c | rs2_d: 5517e060 | alu_res: 01010000 | mem_w: 0 | reg_w: 1 | csr_w: 0 | csr_op: 00 | csr_addr: 010 | csr_wdata: 8004246c | mscratch: 00000000
PC: 8000387c | Instr: 0063a223 | rs1_d: 80050f00 | rs2_d: 01010000 | alu_res: 80050f04 | mem_w: 1 | reg_w: 0 | csr_w: 0 | csr_op: 00 | csr_addr: 006 | csr_wdata: 80050f00 | mscratch: 00000000
PC: 80003880 | Instr: 00150513 | rs1_d: 800415f0 | rs2_d: 80002c08 | alu_res: 800415f1 | mem_w: 0 | reg_w: 1 | csr_w: 0 | csr_op: 00 | csr_addr: 001 | csr_wdata: 800415f0 | mscratch: 00000000
PC: 80003884 | Instr: fe1ff06f | rs1_d: b1b1322a | rs2_d: 80002c08 | alu_res: 31b15e32 | mem_w: 0 | reg_w: 1 | csr_w: 0 | csr_op: 00 | csr_addr: fe1 | csr_wdata: b1b1322a | mscratch: 00000000
PC: 80003864 | Instr: 00054303 | rs1_d: 800415f1 | rs2_d: 00000000 | alu_res: 800415f1 | mem_w: 0 | reg_w: 1 | csr_w: 0 | csr_op: 00 | csr_addr: 000 | csr_wdata: 800415f1 | mscratch: 00000000
PC: 80003868 | Instr: 02030063 | rs1_d: 00000053 | rs2_d: 00000000 | alu_res: 00000053 | mem_w: 0 | reg_w: 0 | csr_w: 0 | csr_op: 00 | csr_addr: 020 | csr_wdata: 00000053 | mscratch: 00000000
PC: 8000386c | Instr: 0004d397 | rs1_d: 86ff3997 | rs2_d: 00000000 | alu_res: 8005086c | mem_w: 0 | reg_w: 1 | csr_w: 0 | csr_op: 00 | csr_addr: 000 | csr_wdata: 86ff3997 | mscratch: 00000000
PC: 80003870 | Instr: 69438393 | rs1_d: 8005086c | rs2_d: 402bbc0c | alu_res: 80050f00 | mem_w: 0 | reg_w: 1 | csr_w: 0 | csr_op: 00 | csr_addr: 694 | csr_wdata: 8005086c | mscratch: 00000000
PC: 80003874 | Instr: 0063a023 | rs1_d: 80050f00 | rs2_d: 00000053 | alu_res: 80050f00 | mem_w: 1 | reg_w: 0 | csr_w: 0 | csr_op: 00 | csr_addr: 006 | csr_wdata: 80050f00 | mscratch: 00000000
PC: 80003878 | Instr: 01010337 | rs1_d: 8004246c | rs2_d: 5517e060 | alu_res: 01010000 | mem_w: 0 | reg_w: 1 | csr_w: 0 | csr_op: 00 | csr_addr: 010 | csr_wdata: 8004246c | mscratch: 00000000
PC: 8000387c | Instr: 0063a223 | rs1_d: 80050f00 | rs2_d: 01010000 | alu_res: 80050f04 | mem_w: 1 | reg_w: 0 | csr_w: 0 | csr_op: 00 | csr_addr: 006 | csr_wdata: 80050f00 | mscratch: 00000000
PC: 80003880 | Instr: 00150513 | rs1_d: 800415f1 | rs2_d: 80002c08 | alu_res: 800415f2 | mem_w: 0 | reg_w: 1 | csr_w: 0 | csr_op: 00 | csr_addr: 001 | csr_wdata: 800415f1 | mscratch: 00000000
PC: 80003884 | Instr: fe1ff06f | rs1_d: b1b1322a | rs2_d: 80002c08 | alu_res: 31b15e32 | mem_w: 0 | reg_w: 1 | csr_w: 0 | csr_op: 00 | csr_addr: fe1 | csr_wdata: b1b1322a | mscratch: 00000000
PC: 80003864 | Instr: 00054303 | rs1_d: 800415f2 | rs2_d: 00000000 | alu_res: 800415f2 | mem_w: 0 | reg_w: 1 | csr_w: 0 | csr_op: 00 | csr_addr: 000 | csr_wdata: 800415f2 | mscratch: 00000000
PC: 80003868 | Instr: 02030063 | rs1_d: 00000054 | rs2_d: 00000000 | alu_res: 00000054 | mem_w: 0 | reg_w: 0 | csr_w: 0 | csr_op: 00 | csr_addr: 020 | csr_wdata: 00000054 | mscratch: 00000000
PC: 8000386c | Instr: 0004d397 | rs1_d: 86ff3997 | rs2_d: 00000000 | alu_res: 8005086c | mem_w: 0 | reg_w: 1 | csr_w: 0 | csr_op: 00 | csr_addr: 000 | csr_wdata: 86ff3997 | mscratch: 00000000
PC: 80003870 | Instr: 69438393 | rs1_d: 8005086c | rs2_d: 402bbc0c | alu_res: 80050f00 | mem_w: 0 | reg_w: 1 | csr_w: 0 | csr_op: 00 | csr_addr: 694 | csr_wdata: 8005086c | mscratch: 00000000
PC: 80003874 | Instr: 0063a023 | rs1_d: 80050f00 | rs2_d: 00000054 | alu_res: 80050f00 | mem_w: 1 | reg_w: 0 | csr_w: 0 | csr_op: 00 | csr_addr: 006 | csr_wdata: 80050f00 | mscratch: 00000000
PC: 80003878 | Instr: 01010337 | rs1_d: 8004246c | rs2_d: 5517e060 | alu_res: 01010000 | mem_w: 0 | reg_w: 1 | csr_w: 0 | csr_op: 00 | csr_addr: 010 | csr_wdata: 8004246c | mscratch: 00000000
PC: 8000387c | Instr: 0063a223 | rs1_d: 80050f00 | rs2_d: 01010000 | alu_res: 80050f04 | mem_w: 1 | reg_w: 0 | csr_w: 0 | csr_op: 00 | csr_addr: 006 | csr_wdata: 80050f00 | mscratch: 00000000
PC: 80003880 | Instr: 00150513 | rs1_d: 800415f2 | rs2_d: 80002c08 | alu_res: 800415f3 | mem_w: 0 | reg_w: 1 | csr_w: 0 | csr_op: 00 | csr_addr: 001 | csr_wdata: 800415f2 | mscratch: 00000000
PC: 80003884 | Instr: fe1ff06f | rs1_d: b1b1322a | rs2_d: 80002c08 | alu_res: 31b15e32 | mem_w: 0 | reg_w: 1 | csr_w: 0 | csr_op: 00 | csr_addr: fe1 | csr_wdata: b1b1322a | mscratch: 00000000
PC: 80003864 | Instr: 00054303 | rs1_d: 800415f3 | rs2_d: 00000000 | alu_res: 800415f3 | mem_w: 0 | reg_w: 1 | csr_w: 0 | csr_op: 00 | csr_addr: 000 | csr_wdata: 800415f3 | mscratch: 00000000
PC: 80003868 | Instr: 02030063 | rs1_d: 00000020 | rs2_d: 00000000 | alu_res: 00000020 | mem_w: 0 | reg_w: 0 | csr_w: 0 | csr_op: 00 | csr_addr: 020 | csr_wdata: 00000020 | mscratch: 00000000
PC: 8000386c | Instr: 0004d397 | rs1_d: 86ff3997 | rs2_d: 00000000 | alu_res: 8005086c | mem_w: 0 | reg_w: 1 | csr_w: 0 | csr_op: 00 | csr_addr: 000 | csr_wdata: 86ff3997 | mscratch: 00000000
PC: 80003870 | Instr: 69438393 | rs1_d: 8005086c | rs2_d: 402bbc0c | alu_res: 80050f00 | mem_w: 0 | reg_w: 1 | csr_w: 0 | csr_op: 00 | csr_addr: 694 | csr_wdata: 8005086c | mscratch: 00000000
PC: 80003874 | Instr: 0063a023 | rs1_d: 80050f00 | rs2_d: 00000020 | alu_res: 80050f00 | mem_w: 1 | reg_w: 0 | csr_w: 0 | csr_op: 00 | csr_addr: 006 | csr_wdata: 80050f00 | mscratch: 00000000
PC: 80003878 | Instr: 01010337 | rs1_d: 8004246c | rs2_d: 5517e060 | alu_res: 01010000 | mem_w: 0 | reg_w: 1 | csr_w: 0 | csr_op: 00 | csr_addr: 010 | csr_wdata: 8004246c | mscratch: 00000000
PC: 8000387c | Instr: 0063a223 | rs1_d: 80050f00 | rs2_d: 01010000 | alu_res: 80050f04 | mem_w: 1 | reg_w: 0 | csr_w: 0 | csr_op: 00 | csr_addr: 006 | csr_wdata: 80050f00 | mscratch: 00000000
PC: 80003880 | Instr: 00150513 | rs1_d: 800415f3 | rs2_d: 80002c08 | alu_res: 800415f4 | mem_w: 0 | reg_w: 1 | csr_w: 0 | csr_op: 00 | csr_addr: 001 | csr_wdata: 800415f3 | mscratch: 00000000
PC: 80003884 | Instr: fe1ff06f | rs1_d: b1b1322a | rs2_d: 80002c08 | alu_res: 31b15e32 | mem_w: 0 | reg_w: 1 | csr_w: 0 | csr_op: 00 | csr_addr: fe1 | csr_wdata: b1b1322a | mscratch: 00000000
PC: 80003864 | Instr: 00054303 | rs1_d: 800415f4 | rs2_d: 00000000 | alu_res: 800415f4 | mem_w: 0 | reg_w: 1 | csr_w: 0 | csr_op: 00 | csr_addr: 000 | csr_wdata: 800415f4 | mscratch: 00000000
PC: 80003868 | Instr: 02030063 | rs1_d: 00000053 | rs2_d: 00000000 | alu_res: 00000053 | mem_w: 0 | reg_w: 0 | csr_w: 0 | csr_op: 00 | csr_addr: 020 | csr_wdata: 00000053 | mscratch: 00000000
PC: 8000386c | Instr: 0004d397 | rs1_d: 86ff3997 | rs2_d: 00000000 | alu_res: 8005086c | mem_w: 0 | reg_w: 1 | csr_w: 0 | csr_op: 00 | csr_addr: 000 | csr_wdata: 86ff3997 | mscratch: 00000000
PC: 80003870 | Instr: 69438393 | rs1_d: 8005086c | rs2_d: 402bbc0c | alu_res: 80050f00 | mem_w: 0 | reg_w: 1 | csr_w: 0 | csr_op: 00 | csr_addr: 694 | csr_wdata: 8005086c | mscratch: 00000000
PC: 80003874 | Instr: 0063a023 | rs1_d: 80050f00 | rs2_d: 00000053 | alu_res: 80050f00 | mem_w: 1 | reg_w: 0 | csr_w: 0 | csr_op: 00 | csr_addr: 006 | csr_wdata: 80050f00 | mscratch: 00000000
PC: 80003878 | Instr: 01010337 | rs1_d: 8004246c | rs2_d: 5517e060 | alu_res: 01010000 | mem_w: 0 | reg_w: 1 | csr_w: 0 | csr_op: 00 | csr_addr: 010 | csr_wdata: 8004246c | mscratch: 00000000
PC: 8000387c | Instr: 0063a223 | rs1_d: 80050f00 | rs2_d: 01010000 | alu_res: 80050f04 | mem_w: 1 | reg_w: 0 | csr_w: 0 | csr_op: 00 | csr_addr: 006 | csr_wdata: 80050f00 | mscratch: 00000000
PC: 80003880 | Instr: 00150513 | rs1_d: 800415f4 | rs2_d: 80002c08 | alu_res: 800415f5 | mem_w: 0 | reg_w: 1 | csr_w: 0 | csr_op: 00 | csr_addr: 001 | csr_wdata: 800415f4 | mscratch: 00000000
PC: 80003884 | Instr: fe1ff06f | rs1_d: b1b1322a | rs2_d: 80002c08 | alu_res: 31b15e32 | mem_w: 0 | reg_w: 1 | csr_w: 0 | csr_op: 00 | csr_addr: fe1 | csr_wdata: b1b1322a | mscratch: 00000000
PC: 80003864 | Instr: 00054303 | rs1_d: 800415f5 | rs2_d: 00000000 | alu_res: 800415f5 | mem_w: 0 | reg_w: 1 | csr_w: 0 | csr_op: 00 | csr_addr: 000 | csr_wdata: 800415f5 | mscratch: 00000000
PC: 80003868 | Instr: 02030063 | rs1_d: 00000049 | rs2_d: 00000000 | alu_res: 00000049 | mem_w: 0 | reg_w: 0 | csr_w: 0 | csr_op: 00 | csr_addr: 020 | csr_wdata: 00000049 | mscratch: 00000000
PC: 8000386c | Instr: 0004d397 | rs1_d: 86ff3997 | rs2_d: 00000000 | alu_res: 8005086c | mem_w: 0 | reg_w: 1 | csr_w: 0 | csr_op: 00 | csr_addr: 000 | csr_wdata: 86ff3997 | mscratch: 00000000
PC: 80003870 | Instr: 69438393 | rs1_d: 8005086c | rs2_d: 402bbc0c | alu_res: 80050f00 | mem_w: 0 | reg_w: 1 | csr_w: 0 | csr_op: 00 | csr_addr: 694 | csr_wdata: 8005086c | mscratch: 00000000
PC: 80003874 | Instr: 0063a023 | rs1_d: 80050f00 | rs2_d: 00000049 | alu_res: 80050f00 | mem_w: 1 | reg_w: 0 | csr_w: 0 | csr_op: 00 | csr_addr: 006 | csr_wdata: 80050f00 | mscratch: 00000000
PC: 80003878 | Instr: 01010337 | rs1_d: 8004246c | rs2_d: 5517e060 | alu_res: 01010000 | mem_w: 0 | reg_w: 1 | csr_w: 0 | csr_op: 00 | csr_addr: 010 | csr_wdata: 8004246c | mscratch: 00000000
PC: 8000387c | Instr: 0063a223 | rs1_d: 80050f00 | rs2_d: 01010000 | alu_res: 80050f04 | mem_w: 1 | reg_w: 0 | csr_w: 0 | csr_op: 00 | csr_addr: 006 | csr_wdata: 80050f00 | mscratch: 00000000
PC: 80003880 | Instr: 00150513 | rs1_d: 800415f5 | rs2_d: 80002c08 | alu_res: 800415f6 | mem_w: 0 | reg_w: 1 | csr_w: 0 | csr_op: 00 | csr_addr: 001 | csr_wdata: 800415f5 | mscratch: 00000000
PC: 80003884 | Instr: fe1ff06f | rs1_d: b1b1322a | rs2_d: 80002c08 | alu_res: 31b15e32 | mem_w: 0 | reg_w: 1 | csr_w: 0 | csr_op: 00 | csr_addr: fe1 | csr_wdata: b1b1322a | mscratch: 00000000
PC: 80003864 | Instr: 00054303 | rs1_d: 800415f6 | rs2_d: 00000000 | alu_res: 800415f6 | mem_w: 0 | reg_w: 1 | csr_w: 0 | csr_op: 00 | csr_addr: 000 | csr_wdata: 800415f6 | mscratch: 00000000
PC: 80003868 | Instr: 02030063 | rs1_d: 00000047 | rs2_d: 00000000 | alu_res: 00000047 | mem_w: 0 | reg_w: 0 | csr_w: 0 | csr_op: 00 | csr_addr: 020 | csr_wdata: 00000047 | mscratch: 00000000
PC: 8000386c | Instr: 0004d397 | rs1_d: 86ff3997 | rs2_d: 00000000 | alu_res: 8005086c | mem_w: 0 | reg_w: 1 | csr_w: 0 | csr_op: 00 | csr_addr: 000 | csr_wdata: 86ff3997 | mscratch: 00000000
PC: 80003870 | Instr: 69438393 | rs1_d: 8005086c | rs2_d: 402bbc0c | alu_res: 80050f00 | mem_w: 0 | reg_w: 1 | csr_w: 0 | csr_op: 00 | csr_addr: 694 | csr_wdata: 8005086c | mscratch: 00000000
PC: 80003874 | Instr: 0063a023 | rs1_d: 80050f00 | rs2_d: 00000047 | alu_res: 80050f00 | mem_w: 1 | reg_w: 0 | csr_w: 0 | csr_op: 00 | csr_addr: 006 | csr_wdata: 80050f00 | mscratch: 00000000
PC: 80003878 | Instr: 01010337 | rs1_d: 8004246c | rs2_d: 5517e060 | alu_res: 01010000 | mem_w: 0 | reg_w: 1 | csr_w: 0 | csr_op: 00 | csr_addr: 010 | csr_wdata: 8004246c | mscratch: 00000000
PC: 8000387c | Instr: 0063a223 | rs1_d: 80050f00 | rs2_d: 01010000 | alu_res: 80050f04 | mem_w: 1 | reg_w: 0 | csr_w: 0 | csr_op: 00 | csr_addr: 006 | csr_wdata: 80050f00 | mscratch: 00000000
PC: 80003880 | Instr: 00150513 | rs1_d: 800415f6 | rs2_d: 80002c08 | alu_res: 800415f7 | mem_w: 0 | reg_w: 1 | csr_w: 0 | csr_op: 00 | csr_addr: 001 | csr_wdata: 800415f6 | mscratch: 00000000
PC: 80003884 | Instr: fe1ff06f | rs1_d: b1b1322a | rs2_d: 80002c08 | alu_res: 31b15e32 | mem_w: 0 | reg_w: 1 | csr_w: 0 | csr_op: 00 | csr_addr: fe1 | csr_wdata: b1b1322a | mscratch: 00000000
PC: 80003864 | Instr: 00054303 | rs1_d: 800415f7 | rs2_d: 00000000 | alu_res: 800415f7 | mem_w: 0 | reg_w: 1 | csr_w: 0 | csr_op: 00 | csr_addr: 000 | csr_wdata: 800415f7 | mscratch: 00000000
PC: 80003868 | Instr: 02030063 | rs1_d: 00000052 | rs2_d: 00000000 | alu_res: 00000052 | mem_w: 0 | reg_w: 0 | csr_w: 0 | csr_op: 00 | csr_addr: 020 | csr_wdata: 00000052 | mscratch: 00000000
PC: 8000386c | Instr: 0004d397 | rs1_d: 86ff3997 | rs2_d: 00000000 | alu_res: 8005086c | mem_w: 0 | reg_w: 1 | csr_w: 0 | csr_op: 00 | csr_addr: 000 | csr_wdata: 86ff3997 | mscratch: 00000000
PC: 80003870 | Instr: 69438393 | rs1_d: 8005086c | rs2_d: 402bbc0c | alu_res: 80050f00 | mem_w: 0 | reg_w: 1 | csr_w: 0 | csr_op: 00 | csr_addr: 694 | csr_wdata: 8005086c | mscratch: 00000000
PC: 80003874 | Instr: 0063a023 | rs1_d: 80050f00 | rs2_d: 00000052 | alu_res: 80050f00 | mem_w: 1 | reg_w: 0 | csr_w: 0 | csr_op: 00 | csr_addr: 006 | csr_wdata: 80050f00 | mscratch: 00000000
PC: 80003878 | Instr: 01010337 | rs1_d: 8004246c | rs2_d: 5517e060 | alu_res: 01010000 | mem_w: 0 | reg_w: 1 | csr_w: 0 | csr_op: 00 | csr_addr: 010 | csr_wdata: 8004246c | mscratch: 00000000
PC: 8000387c | Instr: 0063a223 | rs1_d: 80050f00 | rs2_d: 01010000 | alu_res: 80050f04 | mem_w: 1 | reg_w: 0 | csr_w: 0 | csr_op: 00 | csr_addr: 006 | csr_wdata: 80050f00 | mscratch: 00000000
PC: 80003880 | Instr: 00150513 | rs1_d: 800415f7 | rs2_d: 80002c08 | alu_res: 800415f8 | mem_w: 0 | reg_w: 1 | csr_w: 0 | csr_op: 00 | csr_addr: 001 | csr_wdata: 800415f7 | mscratch: 00000000
PC: 80003884 | Instr: fe1ff06f | rs1_d: b1b1322a | rs2_d: 80002c08 | alu_res: 31b15e32 | mem_w: 0 | reg_w: 1 | csr_w: 0 | csr_op: 00 | csr_addr: fe1 | csr_wdata: b1b1322a | mscratch: 00000000
PC: 80003864 | Instr: 00054303 | rs1_d: 800415f8 | rs2_d: 00000000 | alu_res: 800415f8 | mem_w: 0 | reg_w: 1 | csr_w: 0 | csr_op: 00 | csr_addr: 000 | csr_wdata: 800415f8 | mscratch: 00000000
PC: 80003868 | Instr: 02030063 | rs1_d: 00000055 | rs2_d: 00000000 | alu_res: 00000055 | mem_w: 0 | reg_w: 0 | csr_w: 0 | csr_op: 00 | csr_addr: 020 | csr_wdata: 00000055 | mscratch: 00000000
PC: 8000386c | Instr: 0004d397 | rs1_d: 86ff3997 | rs2_d: 00000000 | alu_res: 8005086c | mem_w: 0 | reg_w: 1 | csr_w: 0 | csr_op: 00 | csr_addr: 000 | csr_wdata: 86ff3997 | mscratch: 00000000
PC: 80003870 | Instr: 69438393 | rs1_d: 8005086c | rs2_d: 402bbc0c | alu_res: 80050f00 | mem_w: 0 | reg_w: 1 | csr_w: 0 | csr_op: 00 | csr_addr: 694 | csr_wdata: 8005086c | mscratch: 00000000
PC: 80003874 | Instr: 0063a023 | rs1_d: 80050f00 | rs2_d: 00000055 | alu_res: 80050f00 | mem_w: 1 | reg_w: 0 | csr_w: 0 | csr_op: 00 | csr_addr: 006 | csr_wdata: 80050f00 | mscratch: 00000000
PC: 80003878 | Instr: 01010337 | rs1_d: 8004246c | rs2_d: 5517e060 | alu_res: 01010000 | mem_w: 0 | reg_w: 1 | csr_w: 0 | csr_op: 00 | csr_addr: 010 | csr_wdata: 8004246c | mscratch: 00000000
PC: 8000387c | Instr: 0063a223 | rs1_d: 80050f00 | rs2_d: 01010000 | alu_res: 80050f04 | mem_w: 1 | reg_w: 0 | csr_w: 0 | csr_op: 00 | csr_addr: 006 | csr_wdata: 80050f00 | mscratch: 00000000
PC: 80003880 | Instr: 00150513 | rs1_d: 800415f8 | rs2_d: 80002c08 | alu_res: 800415f9 | mem_w: 0 | reg_w: 1 | csr_w: 0 | csr_op: 00 | csr_addr: 001 | csr_wdata: 800415f8 | mscratch: 00000000
PC: 80003884 | Instr: fe1ff06f | rs1_d: b1b1322a | rs2_d: 80002c08 | alu_res: 31b15e32 | mem_w: 0 | reg_w: 1 | csr_w: 0 | csr_op: 00 | csr_addr: fe1 | csr_wdata: b1b1322a | mscratch: 00000000
PC: 80003864 | Instr: 00054303 | rs1_d: 800415f9 | rs2_d: 00000000 | alu_res: 800415f9 | mem_w: 0 | reg_w: 1 | csr_w: 0 | csr_op: 00 | csr_addr: 000 | csr_wdata: 800415f9 | mscratch: 00000000
PC: 80003868 | Instr: 02030063 | rs1_d: 0000004e | rs2_d: 00000000 | alu_res: 0000004e | mem_w: 0 | reg_w: 0 | csr_w: 0 | csr_op: 00 | csr_addr: 020 | csr_wdata: 0000004e | mscratch: 00000000
PC: 8000386c | Instr: 0004d397 | rs1_d: 86ff3997 | rs2_d: 00000000 | alu_res: 8005086c | mem_w: 0 | reg_w: 1 | csr_w: 0 | csr_op: 00 | csr_addr: 000 | csr_wdata: 86ff3997 | mscratch: 00000000
PC: 80003870 | Instr: 69438393 | rs1_d: 8005086c | rs2_d: 402bbc0c | alu_res: 80050f00 | mem_w: 0 | reg_w: 1 | csr_w: 0 | csr_op: 00 | csr_addr: 694 | csr_wdata: 8005086c | mscratch: 00000000
PC: 80003874 | Instr: 0063a023 | rs1_d: 80050f00 | rs2_d: 0000004e | alu_res: 80050f00 | mem_w: 1 | reg_w: 0 | csr_w: 0 | csr_op: 00 | csr_addr: 006 | csr_wdata: 80050f00 | mscratch: 00000000
PC: 80003878 | Instr: 01010337 | rs1_d: 8004246c | rs2_d: 5517e060 | alu_res: 01010000 | mem_w: 0 | reg_w: 1 | csr_w: 0 | csr_op: 00 | csr_addr: 010 | csr_wdata: 8004246c | mscratch: 00000000
PC: 8000387c | Instr: 0063a223 | rs1_d: 80050f00 | rs2_d: 01010000 | alu_res: 80050f04 | mem_w: 1 | reg_w: 0 | csr_w: 0 | csr_op: 00 | csr_addr: 006 | csr_wdata: 80050f00 | mscratch: 00000000
PC: 80003880 | Instr: 00150513 | rs1_d: 800415f9 | rs2_d: 80002c08 | alu_res: 800415fa | mem_w: 0 | reg_w: 1 | csr_w: 0 | csr_op: 00 | csr_addr: 001 | csr_wdata: 800415f9 | mscratch: 00000000
PC: 80003884 | Instr: fe1ff06f | rs1_d: b1b1322a | rs2_d: 80002c08 | alu_res: 31b15e32 | mem_w: 0 | reg_w: 1 | csr_w: 0 | csr_op: 00 | csr_addr: fe1 | csr_wdata: b1b1322a | mscratch: 00000000
PC: 80003864 | Instr: 00054303 | rs1_d: 800415fa | rs2_d: 00000000 | alu_res: 800415fa | mem_w: 0 | reg_w: 1 | csr_w: 0 | csr_op: 00 | csr_addr: 000 | csr_wdata: 800415fa | mscratch: 00000000
PC: 80003868 | Instr: 02030063 | rs1_d: 00000020 | rs2_d: 00000000 | alu_res: 00000020 | mem_w: 0 | reg_w: 0 | csr_w: 0 | csr_op: 00 | csr_addr: 020 | csr_wdata: 00000020 | mscratch: 00000000
PC: 8000386c | Instr: 0004d397 | rs1_d: 86ff3997 | rs2_d: 00000000 | alu_res: 8005086c | mem_w: 0 | reg_w: 1 | csr_w: 0 | csr_op: 00 | csr_addr: 000 | csr_wdata: 86ff3997 | mscratch: 00000000
PC: 80003870 | Instr: 69438393 | rs1_d: 8005086c | rs2_d: 402bbc0c | alu_res: 80050f00 | mem_w: 0 | reg_w: 1 | csr_w: 0 | csr_op: 00 | csr_addr: 694 | csr_wdata: 8005086c | mscratch: 00000000
PC: 80003874 | Instr: 0063a023 | rs1_d: 80050f00 | rs2_d: 00000020 | alu_res: 80050f00 | mem_w: 1 | reg_w: 0 | csr_w: 0 | csr_op: 00 | csr_addr: 006 | csr_wdata: 80050f00 | mscratch: 00000000
PC: 80003878 | Instr: 01010337 | rs1_d: 8004246c | rs2_d: 5517e060 | alu_res: 01010000 | mem_w: 0 | reg_w: 1 | csr_w: 0 | csr_op: 00 | csr_addr: 010 | csr_wdata: 8004246c | mscratch: 00000000
PC: 8000387c | Instr: 0063a223 | rs1_d: 80050f00 | rs2_d: 01010000 | alu_res: 80050f04 | mem_w: 1 | reg_w: 0 | csr_w: 0 | csr_op: 00 | csr_addr: 006 | csr_wdata: 80050f00 | mscratch: 00000000
PC: 80003880 | Instr: 00150513 | rs1_d: 800415fa | rs2_d: 80002c08 | alu_res: 800415fb | mem_w: 0 | reg_w: 1 | csr_w: 0 | csr_op: 00 | csr_addr: 001 | csr_wdata: 800415fa | mscratch: 00000000
PC: 80003884 | Instr: fe1ff06f | rs1_d: b1b1322a | rs2_d: 80002c08 | alu_res: 31b15e32 | mem_w: 0 | reg_w: 1 | csr_w: 0 | csr_op: 00 | csr_addr: fe1 | csr_wdata: b1b1322a | mscratch: 00000000
PC: 80003864 | Instr: 00054303 | rs1_d: 800415fb | rs2_d: 00000000 | alu_res: 800415fb | mem_w: 0 | reg_w: 1 | csr_w: 0 | csr_op: 00 | csr_addr: 000 | csr_wdata: 800415fb | mscratch: 00000000
PC: 80003868 | Instr: 02030063 | rs1_d: 0000002d | rs2_d: 00000000 | alu_res: 0000002d | mem_w: 0 | reg_w: 0 | csr_w: 0 | csr_op: 00 | csr_addr: 020 | csr_wdata: 0000002d | mscratch: 00000000
PC: 8000386c | Instr: 0004d397 | rs1_d: 86ff3997 | rs2_d: 00000000 | alu_res: 8005086c | mem_w: 0 | reg_w: 1 | csr_w: 0 | csr_op: 00 | csr_addr: 000 | csr_wdata: 86ff3997 | mscratch: 00000000
PC: 80003870 | Instr: 69438393 | rs1_d: 8005086c | rs2_d: 402bbc0c | alu_res: 80050f00 | mem_w: 0 | reg_w: 1 | csr_w: 0 | csr_op: 00 | csr_addr: 694 | csr_wdata: 8005086c | mscratch: 00000000
PC: 80003874 | Instr: 0063a023 | rs1_d: 80050f00 | rs2_d: 0000002d | alu_res: 80050f00 | mem_w: 1 | reg_w: 0 | csr_w: 0 | csr_op: 00 | csr_addr: 006 | csr_wdata: 80050f00 | mscratch: 00000000
PC: 80003878 | Instr: 01010337 | rs1_d: 8004246c | rs2_d: 5517e060 | alu_res: 01010000 | mem_w: 0 | reg_w: 1 | csr_w: 0 | csr_op: 00 | csr_addr: 010 | csr_wdata: 8004246c | mscratch: 00000000
PC: 8000387c | Instr: 0063a223 | rs1_d: 80050f00 | rs2_d: 01010000 | alu_res: 80050f04 | mem_w: 1 | reg_w: 0 | csr_w: 0 | csr_op: 00 | csr_addr: 006 | csr_wdata: 80050f00 | mscratch: 00000000
PC: 80003880 | Instr: 00150513 | rs1_d: 800415fb | rs2_d: 80002c08 | alu_res: 800415fc | mem_w: 0 | reg_w: 1 | csr_w: 0 | csr_op: 00 | csr_addr: 001 | csr_wdata: 800415fb | mscratch: 00000000
PC: 80003884 | Instr: fe1ff06f | rs1_d: b1b1322a | rs2_d: 80002c08 | alu_res: 31b15e32 | mem_w: 0 | reg_w: 1 | csr_w: 0 | csr_op: 00 | csr_addr: fe1 | csr_wdata: b1b1322a | mscratch: 00000000
PC: 80003864 | Instr: 00054303 | rs1_d: 800415fc | rs2_d: 00000000 | alu_res: 800415fc | mem_w: 0 | reg_w: 1 | csr_w: 0 | csr_op: 00 | csr_addr: 000 | csr_wdata: 800415fc | mscratch: 00000000
PC: 80003868 | Instr: 02030063 | rs1_d: 00000020 | rs2_d: 00000000 | alu_res: 00000020 | mem_w: 0 | reg_w: 0 | csr_w: 0 | csr_op: 00 | csr_addr: 020 | csr_wdata: 00000020 | mscratch: 00000000
PC: 8000386c | Instr: 0004d397 | rs1_d: 86ff3997 | rs2_d: 00000000 | alu_res: 8005086c | mem_w: 0 | reg_w: 1 | csr_w: 0 | csr_op: 00 | csr_addr: 000 | csr_wdata: 86ff3997 | mscratch: 00000000
PC: 80003870 | Instr: 69438393 | rs1_d: 8005086c | rs2_d: 402bbc0c | alu_res: 80050f00 | mem_w: 0 | reg_w: 1 | csr_w: 0 | csr_op: 00 | csr_addr: 694 | csr_wdata: 8005086c | mscratch: 00000000
PC: 80003874 | Instr: 0063a023 | rs1_d: 80050f00 | rs2_d: 00000020 | alu_res: 80050f00 | mem_w: 1 | reg_w: 0 | csr_w: 0 | csr_op: 00 | csr_addr: 006 | csr_wdata: 80050f00 | mscratch: 00000000
PC: 80003878 | Instr: 01010337 | rs1_d: 8004246c | rs2_d: 5517e060 | alu_res: 01010000 | mem_w: 0 | reg_w: 1 | csr_w: 0 | csr_op: 00 | csr_addr: 010 | csr_wdata: 8004246c | mscratch: 00000000
PC: 8000387c | Instr: 0063a223 | rs1_d: 80050f00 | rs2_d: 01010000 | alu_res: 80050f04 | mem_w: 1 | reg_w: 0 | csr_w: 0 | csr_op: 00 | csr_addr: 006 | csr_wdata: 80050f00 | mscratch: 00000000
PC: 80003880 | Instr: 00150513 | rs1_d: 800415fc | rs2_d: 80002c08 | alu_res: 800415fd | mem_w: 0 | reg_w: 1 | csr_w: 0 | csr_op: 00 | csr_addr: 001 | csr_wdata: 800415fc | mscratch: 00000000
PC: 80003884 | Instr: fe1ff06f | rs1_d: b1b1322a | rs2_d: 80002c08 | alu_res: 31b15e32 | mem_w: 0 | reg_w: 1 | csr_w: 0 | csr_op: 00 | csr_addr: fe1 | csr_wdata: b1b1322a | mscratch: 00000000
PC: 80003864 | Instr: 00054303 | rs1_d: 800415fd | rs2_d: 00000000 | alu_res: 800415fd | mem_w: 0 | reg_w: 1 | csr_w: 0 | csr_op: 00 | csr_addr: 000 | csr_wdata: 800415fd | mscratch: 00000000
PC: 80003868 | Instr: 02030063 | rs1_d: 00000054 | rs2_d: 00000000 | alu_res: 00000054 | mem_w: 0 | reg_w: 0 | csr_w: 0 | csr_op: 00 | csr_addr: 020 | csr_wdata: 00000054 | mscratch: 00000000
PC: 8000386c | Instr: 0004d397 | rs1_d: 86ff3997 | rs2_d: 00000000 | alu_res: 8005086c | mem_w: 0 | reg_w: 1 | csr_w: 0 | csr_op: 00 | csr_addr: 000 | csr_wdata: 86ff3997 | mscratch: 00000000
PC: 80003870 | Instr: 69438393 | rs1_d: 8005086c | rs2_d: 402bbc0c | alu_res: 80050f00 | mem_w: 0 | reg_w: 1 | csr_w: 0 | csr_op: 00 | csr_addr: 694 | csr_wdata: 8005086c | mscratch: 00000000
PC: 80003874 | Instr: 0063a023 | rs1_d: 80050f00 | rs2_d: 00000054 | alu_res: 80050f00 | mem_w: 1 | reg_w: 0 | csr_w: 0 | csr_op: 00 | csr_addr: 006 | csr_wdata: 80050f00 | mscratch: 00000000
PC: 80003878 | Instr: 01010337 | rs1_d: 8004246c | rs2_d: 5517e060 | alu_res: 01010000 | mem_w: 0 | reg_w: 1 | csr_w: 0 | csr_op: 00 | csr_addr: 010 | csr_wdata: 8004246c | mscratch: 00000000
PC: 8000387c | Instr: 0063a223 | rs1_d: 80050f00 | rs2_d: 01010000 | alu_res: 80050f04 | mem_w: 1 | reg_w: 0 | csr_w: 0 | csr_op: 00 | csr_addr: 006 | csr_wdata: 80050f00 | mscratch: 00000000
PC: 80003880 | Instr: 00150513 | rs1_d: 800415fd | rs2_d: 80002c08 | alu_res: 800415fe | mem_w: 0 | reg_w: 1 | csr_w: 0 | csr_op: 00 | csr_addr: 001 | csr_wdata: 800415fd | mscratch: 00000000
PC: 80003884 | Instr: fe1ff06f | rs1_d: b1b1322a | rs2_d: 80002c08 | alu_res: 31b15e32 | mem_w: 0 | reg_w: 1 | csr_w: 0 | csr_op: 00 | csr_addr: fe1 | csr_wdata: b1b1322a | mscratch: 00000000
PC: 80003864 | Instr: 00054303 | rs1_d: 800415fe | rs2_d: 00000000 | alu_res: 800415fe | mem_w: 0 | reg_w: 1 | csr_w: 0 | csr_op: 00 | csr_addr: 000 | csr_wdata: 800415fe | mscratch: 00000000
PC: 80003868 | Instr: 02030063 | rs1_d: 00000065 | rs2_d: 00000000 | alu_res: 00000065 | mem_w: 0 | reg_w: 0 | csr_w: 0 | csr_op: 00 | csr_addr: 020 | csr_wdata: 00000065 | mscratch: 00000000
PC: 8000386c | Instr: 0004d397 | rs1_d: 86ff3997 | rs2_d: 00000000 | alu_res: 8005086c | mem_w: 0 | reg_w: 1 | csr_w: 0 | csr_op: 00 | csr_addr: 000 | csr_wdata: 86ff3997 | mscratch: 00000000
PC: 80003870 | Instr: 69438393 | rs1_d: 8005086c | rs2_d: 402bbc0c | alu_res: 80050f00 | mem_w: 0 | reg_w: 1 | csr_w: 0 | csr_op: 00 | csr_addr: 694 | csr_wdata: 8005086c | mscratch: 00000000
PC: 80003874 | Instr: 0063a023 | rs1_d: 80050f00 | rs2_d: 00000065 | alu_res: 80050f00 | mem_w: 1 | reg_w: 0 | csr_w: 0 | csr_op: 00 | csr_addr: 006 | csr_wdata: 80050f00 | mscratch: 00000000
PC: 80003878 | Instr: 01010337 | rs1_d: 8004246c | rs2_d: 5517e060 | alu_res: 01010000 | mem_w: 0 | reg_w: 1 | csr_w: 0 | csr_op: 00 | csr_addr: 010 | csr_wdata: 8004246c | mscratch: 00000000
PC: 8000387c | Instr: 0063a223 | rs1_d: 80050f00 | rs2_d: 01010000 | alu_res: 80050f04 | mem_w: 1 | reg_w: 0 | csr_w: 0 | csr_op: 00 | csr_addr: 006 | csr_wdata: 80050f00 | mscratch: 00000000
PC: 80003880 | Instr: 00150513 | rs1_d: 800415fe | rs2_d: 80002c08 | alu_res: 800415ff | mem_w: 0 | reg_w: 1 | csr_w: 0 | csr_op: 00 | csr_addr: 001 | csr_wdata: 800415fe | mscratch: 00000000
PC: 80003884 | Instr: fe1ff06f | rs1_d: b1b1322a | rs2_d: 80002c08 | alu_res: 31b15e32 | mem_w: 0 | reg_w: 1 | csr_w: 0 | csr_op: 00 | csr_addr: fe1 | csr_wdata: b1b1322a | mscratch: 00000000
PC: 80003864 | Instr: 00054303 | rs1_d: 800415ff | rs2_d: 00000000 | alu_res: 800415ff | mem_w: 0 | reg_w: 1 | csr_w: 0 | csr_op: 00 | csr_addr: 000 | csr_wdata: 800415ff | mscratch: 00000000
PC: 80003868 | Instr: 02030063 | rs1_d: 00000073 | rs2_d: 00000000 | alu_res: 00000073 | mem_w: 0 | reg_w: 0 | csr_w: 0 | csr_op: 00 | csr_addr: 020 | csr_wdata: 00000073 | mscratch: 00000000
PC: 8000386c | Instr: 0004d397 | rs1_d: 86ff3997 | rs2_d: 00000000 | alu_res: 8005086c | mem_w: 0 | reg_w: 1 | csr_w: 0 | csr_op: 00 | csr_addr: 000 | csr_wdata: 86ff3997 | mscratch: 00000000
PC: 80003870 | Instr: 69438393 | rs1_d: 8005086c | rs2_d: 402bbc0c | alu_res: 80050f00 | mem_w: 0 | reg_w: 1 | csr_w: 0 | csr_op: 00 | csr_addr: 694 | csr_wdata: 8005086c | mscratch: 00000000
PC: 80003874 | Instr: 0063a023 | rs1_d: 80050f00 | rs2_d: 00000073 | alu_res: 80050f00 | mem_w: 1 | reg_w: 0 | csr_w: 0 | csr_op: 00 | csr_addr: 006 | csr_wdata: 80050f00 | mscratch: 00000000
PC: 80003878 | Instr: 01010337 | rs1_d: 8004246c | rs2_d: 5517e060 | alu_res: 01010000 | mem_w: 0 | reg_w: 1 | csr_w: 0 | csr_op: 00 | csr_addr: 010 | csr_wdata: 8004246c | mscratch: 00000000
PC: 8000387c | Instr: 0063a223 | rs1_d: 80050f00 | rs2_d: 01010000 | alu_res: 80050f04 | mem_w: 1 | reg_w: 0 | csr_w: 0 | csr_op: 00 | csr_addr: 006 | csr_wdata: 80050f00 | mscratch: 00000000
PC: 80003880 | Instr: 00150513 | rs1_d: 800415ff | rs2_d: 80002c08 | alu_res: 80041600 | mem_w: 0 | reg_w: 1 | csr_w: 0 | csr_op: 00 | csr_addr: 001 | csr_wdata: 800415ff | mscratch: 00000000
PC: 80003884 | Instr: fe1ff06f | rs1_d: b1b1322a | rs2_d: 80002c08 | alu_res: 31b15e32 | mem_w: 0 | reg_w: 1 | csr_w: 0 | csr_op: 00 | csr_addr: fe1 | csr_wdata: b1b1322a | mscratch: 00000000
PC: 80003864 | Instr: 00054303 | rs1_d: 80041600 | rs2_d: 00000000 | alu_res: 80041600 | mem_w: 0 | reg_w: 1 | csr_w: 0 | csr_op: 00 | csr_addr: 000 | csr_wdata: 80041600 | mscratch: 00000000
PC: 80003868 | Instr: 02030063 | rs1_d: 00000074 | rs2_d: 00000000 | alu_res: 00000074 | mem_w: 0 | reg_w: 0 | csr_w: 0 | csr_op: 00 | csr_addr: 020 | csr_wdata: 00000074 | mscratch: 00000000
PC: 8000386c | Instr: 0004d397 | rs1_d: 86ff3997 | rs2_d: 00000000 | alu_res: 8005086c | mem_w: 0 | reg_w: 1 | csr_w: 0 | csr_op: 00 | csr_addr: 000 | csr_wdata: 86ff3997 | mscratch: 00000000
PC: 80003870 | Instr: 69438393 | rs1_d: 8005086c | rs2_d: 402bbc0c | alu_res: 80050f00 | mem_w: 0 | reg_w: 1 | csr_w: 0 | csr_op: 00 | csr_addr: 694 | csr_wdata: 8005086c | mscratch: 00000000
PC: 80003874 | Instr: 0063a023 | rs1_d: 80050f00 | rs2_d: 00000074 | alu_res: 80050f00 | mem_w: 1 | reg_w: 0 | csr_w: 0 | csr_op: 00 | csr_addr: 006 | csr_wdata: 80050f00 | mscratch: 00000000
PC: 80003878 | Instr: 01010337 | rs1_d: 8004246c | rs2_d: 5517e060 | alu_res: 01010000 | mem_w: 0 | reg_w: 1 | csr_w: 0 | csr_op: 00 | csr_addr: 010 | csr_wdata: 8004246c | mscratch: 00000000
PC: 8000387c | Instr: 0063a223 | rs1_d: 80050f00 | rs2_d: 01010000 | alu_res: 80050f04 | mem_w: 1 | reg_w: 0 | csr_w: 0 | csr_op: 00 | csr_addr: 006 | csr_wdata: 80050f00 | mscratch: 00000000
PC: 80003880 | Instr: 00150513 | rs1_d: 80041600 | rs2_d: 80002c08 | alu_res: 80041601 | mem_w: 0 | reg_w: 1 | csr_w: 0 | csr_op: 00 | csr_addr: 001 | csr_wdata: 80041600 | mscratch: 00000000
PC: 80003884 | Instr: fe1ff06f | rs1_d: b1b1322a | rs2_d: 80002c08 | alu_res: 31b15e32 | mem_w: 0 | reg_w: 1 | csr_w: 0 | csr_op: 00 | csr_addr: fe1 | csr_wdata: b1b1322a | mscratch: 00000000
PC: 80003864 | Instr: 00054303 | rs1_d: 80041601 | rs2_d: 00000000 | alu_res: 80041601 | mem_w: 0 | reg_w: 1 | csr_w: 0 | csr_op: 00 | csr_addr: 000 | csr_wdata: 80041601 | mscratch: 00000000
PC: 80003868 | Instr: 02030063 | rs1_d: 00000020 | rs2_d: 00000000 | alu_res: 00000020 | mem_w: 0 | reg_w: 0 | csr_w: 0 | csr_op: 00 | csr_addr: 020 | csr_wdata: 00000020 | mscratch: 00000000
PC: 8000386c | Instr: 0004d397 | rs1_d: 86ff3997 | rs2_d: 00000000 | alu_res: 8005086c | mem_w: 0 | reg_w: 1 | csr_w: 0 | csr_op: 00 | csr_addr: 000 | csr_wdata: 86ff3997 | mscratch: 00000000
PC: 80003870 | Instr: 69438393 | rs1_d: 8005086c | rs2_d: 402bbc0c | alu_res: 80050f00 | mem_w: 0 | reg_w: 1 | csr_w: 0 | csr_op: 00 | csr_addr: 694 | csr_wdata: 8005086c | mscratch: 00000000
PC: 80003874 | Instr: 0063a023 | rs1_d: 80050f00 | rs2_d: 00000020 | alu_res: 80050f00 | mem_w: 1 | reg_w: 0 | csr_w: 0 | csr_op: 00 | csr_addr: 006 | csr_wdata: 80050f00 | mscratch: 00000000
PC: 80003878 | Instr: 01010337 | rs1_d: 8004246c | rs2_d: 5517e060 | alu_res: 01010000 | mem_w: 0 | reg_w: 1 | csr_w: 0 | csr_op: 00 | csr_addr: 010 | csr_wdata: 8004246c | mscratch: 00000000
PC: 8000387c | Instr: 0063a223 | rs1_d: 80050f00 | rs2_d: 01010000 | alu_res: 80050f04 | mem_w: 1 | reg_w: 0 | csr_w: 0 | csr_op: 00 | csr_addr: 006 | csr_wdata: 80050f00 | mscratch: 00000000
PC: 80003880 | Instr: 00150513 | rs1_d: 80041601 | rs2_d: 80002c08 | alu_res: 80041602 | mem_w: 0 | reg_w: 1 | csr_w: 0 | csr_op: 00 | csr_addr: 001 | csr_wdata: 80041601 | mscratch: 00000000
PC: 80003884 | Instr: fe1ff06f | rs1_d: b1b1322a | rs2_d: 80002c08 | alu_res: 31b15e32 | mem_w: 0 | reg_w: 1 | csr_w: 0 | csr_op: 00 | csr_addr: fe1 | csr_wdata: b1b1322a | mscratch: 00000000
PC: 80003864 | Instr: 00054303 | rs1_d: 80041602 | rs2_d: 00000000 | alu_res: 80041602 | mem_w: 0 | reg_w: 1 | csr_w: 0 | csr_op: 00 | csr_addr: 000 | csr_wdata: 80041602 | mscratch: 00000000
PC: 80003868 | Instr: 02030063 | rs1_d: 00000046 | rs2_d: 00000000 | alu_res: 00000046 | mem_w: 0 | reg_w: 0 | csr_w: 0 | csr_op: 00 | csr_addr: 020 | csr_wdata: 00000046 | mscratch: 00000000
PC: 8000386c | Instr: 0004d397 | rs1_d: 86ff3997 | rs2_d: 00000000 | alu_res: 8005086c | mem_w: 0 | reg_w: 1 | csr_w: 0 | csr_op: 00 | csr_addr: 000 | csr_wdata: 86ff3997 | mscratch: 00000000
PC: 80003870 | Instr: 69438393 | rs1_d: 8005086c | rs2_d: 402bbc0c | alu_res: 80050f00 | mem_w: 0 | reg_w: 1 | csr_w: 0 | csr_op: 00 | csr_addr: 694 | csr_wdata: 8005086c | mscratch: 00000000
PC: 80003874 | Instr: 0063a023 | rs1_d: 80050f00 | rs2_d: 00000046 | alu_res: 80050f00 | mem_w: 1 | reg_w: 0 | csr_w: 0 | csr_op: 00 | csr_addr: 006 | csr_wdata: 80050f00 | mscratch: 00000000
PC: 80003878 | Instr: 01010337 | rs1_d: 8004246c | rs2_d: 5517e060 | alu_res: 01010000 | mem_w: 0 | reg_w: 1 | csr_w: 0 | csr_op: 00 | csr_addr: 010 | csr_wdata: 8004246c | mscratch: 00000000
PC: 8000387c | Instr: 0063a223 | rs1_d: 80050f00 | rs2_d: 01010000 | alu_res: 80050f04 | mem_w: 1 | reg_w: 0 | csr_w: 0 | csr_op: 00 | csr_addr: 006 | csr_wdata: 80050f00 | mscratch: 00000000
PC: 80003880 | Instr: 00150513 | rs1_d: 80041602 | rs2_d: 80002c08 | alu_res: 80041603 | mem_w: 0 | reg_w: 1 | csr_w: 0 | csr_op: 00 | csr_addr: 001 | csr_wdata: 80041602 | mscratch: 00000000
PC: 80003884 | Instr: fe1ff06f | rs1_d: b1b1322a | rs2_d: 80002c08 | alu_res: 31b15e32 | mem_w: 0 | reg_w: 1 | csr_w: 0 | csr_op: 00 | csr_addr: fe1 | csr_wdata: b1b1322a | mscratch: 00000000
PC: 80003864 | Instr: 00054303 | rs1_d: 80041603 | rs2_d: 00000000 | alu_res: 80041603 | mem_w: 0 | reg_w: 1 | csr_w: 0 | csr_op: 00 | csr_addr: 000 | csr_wdata: 80041603 | mscratch: 00000000
PC: 80003868 | Instr: 02030063 | rs1_d: 00000069 | rs2_d: 00000000 | alu_res: 00000069 | mem_w: 0 | reg_w: 0 | csr_w: 0 | csr_op: 00 | csr_addr: 020 | csr_wdata: 00000069 | mscratch: 00000000
PC: 8000386c | Instr: 0004d397 | rs1_d: 86ff3997 | rs2_d: 00000000 | alu_res: 8005086c | mem_w: 0 | reg_w: 1 | csr_w: 0 | csr_op: 00 | csr_addr: 000 | csr_wdata: 86ff3997 | mscratch: 00000000
PC: 80003870 | Instr: 69438393 | rs1_d: 8005086c | rs2_d: 402bbc0c | alu_res: 80050f00 | mem_w: 0 | reg_w: 1 | csr_w: 0 | csr_op: 00 | csr_addr: 694 | csr_wdata: 8005086c | mscratch: 00000000
PC: 80003874 | Instr: 0063a023 | rs1_d: 80050f00 | rs2_d: 00000069 | alu_res: 80050f00 | mem_w: 1 | reg_w: 0 | csr_w: 0 | csr_op: 00 | csr_addr: 006 | csr_wdata: 80050f00 | mscratch: 00000000
PC: 80003878 | Instr: 01010337 | rs1_d: 8004246c | rs2_d: 5517e060 | alu_res: 01010000 | mem_w: 0 | reg_w: 1 | csr_w: 0 | csr_op: 00 | csr_addr: 010 | csr_wdata: 8004246c | mscratch: 00000000
PC: 8000387c | Instr: 0063a223 | rs1_d: 80050f00 | rs2_d: 01010000 | alu_res: 80050f04 | mem_w: 1 | reg_w: 0 | csr_w: 0 | csr_op: 00 | csr_addr: 006 | csr_wdata: 80050f00 | mscratch: 00000000
PC: 80003880 | Instr: 00150513 | rs1_d: 80041603 | rs2_d: 80002c08 | alu_res: 80041604 | mem_w: 0 | reg_w: 1 | csr_w: 0 | csr_op: 00 | csr_addr: 001 | csr_wdata: 80041603 | mscratch: 00000000
PC: 80003884 | Instr: fe1ff06f | rs1_d: b1b1322a | rs2_d: 80002c08 | alu_res: 31b15e32 | mem_w: 0 | reg_w: 1 | csr_w: 0 | csr_op: 00 | csr_addr: fe1 | csr_wdata: b1b1322a | mscratch: 00000000
PC: 80003864 | Instr: 00054303 | rs1_d: 80041604 | rs2_d: 00000000 | alu_res: 80041604 | mem_w: 0 | reg_w: 1 | csr_w: 0 | csr_op: 00 | csr_addr: 000 | csr_wdata: 80041604 | mscratch: 00000000
PC: 80003868 | Instr: 02030063 | rs1_d: 0000006c | rs2_d: 00000000 | alu_res: 0000006c | mem_w: 0 | reg_w: 0 | csr_w: 0 | csr_op: 00 | csr_addr: 020 | csr_wdata: 0000006c | mscratch: 00000000
PC: 8000386c | Instr: 0004d397 | rs1_d: 86ff3997 | rs2_d: 00000000 | alu_res: 8005086c | mem_w: 0 | reg_w: 1 | csr_w: 0 | csr_op: 00 | csr_addr: 000 | csr_wdata: 86ff3997 | mscratch: 00000000
PC: 80003870 | Instr: 69438393 | rs1_d: 8005086c | rs2_d: 402bbc0c | alu_res: 80050f00 | mem_w: 0 | reg_w: 1 | csr_w: 0 | csr_op: 00 | csr_addr: 694 | csr_wdata: 8005086c | mscratch: 00000000
PC: 80003874 | Instr: 0063a023 | rs1_d: 80050f00 | rs2_d: 0000006c | alu_res: 80050f00 | mem_w: 1 | reg_w: 0 | csr_w: 0 | csr_op: 00 | csr_addr: 006 | csr_wdata: 80050f00 | mscratch: 00000000
PC: 80003878 | Instr: 01010337 | rs1_d: 8004246c | rs2_d: 5517e060 | alu_res: 01010000 | mem_w: 0 | reg_w: 1 | csr_w: 0 | csr_op: 00 | csr_addr: 010 | csr_wdata: 8004246c | mscratch: 00000000
PC: 8000387c | Instr: 0063a223 | rs1_d: 80050f00 | rs2_d: 01010000 | alu_res: 80050f04 | mem_w: 1 | reg_w: 0 | csr_w: 0 | csr_op: 00 | csr_addr: 006 | csr_wdata: 80050f00 | mscratch: 00000000
PC: 80003880 | Instr: 00150513 | rs1_d: 80041604 | rs2_d: 80002c08 | alu_res: 80041605 | mem_w: 0 | reg_w: 1 | csr_w: 0 | csr_op: 00 | csr_addr: 001 | csr_wdata: 80041604 | mscratch: 00000000
PC: 80003884 | Instr: fe1ff06f | rs1_d: b1b1322a | rs2_d: 80002c08 | alu_res: 31b15e32 | mem_w: 0 | reg_w: 1 | csr_w: 0 | csr_op: 00 | csr_addr: fe1 | csr_wdata: b1b1322a | mscratch: 00000000
PC: 80003864 | Instr: 00054303 | rs1_d: 80041605 | rs2_d: 00000000 | alu_res: 80041605 | mem_w: 0 | reg_w: 1 | csr_w: 0 | csr_op: 00 | csr_addr: 000 | csr_wdata: 80041605 | mscratch: 00000000
PC: 80003868 | Instr: 02030063 | rs1_d: 00000065 | rs2_d: 00000000 | alu_res: 00000065 | mem_w: 0 | reg_w: 0 | csr_w: 0 | csr_op: 00 | csr_addr: 020 | csr_wdata: 00000065 | mscratch: 00000000
PC: 8000386c | Instr: 0004d397 | rs1_d: 86ff3997 | rs2_d: 00000000 | alu_res: 8005086c | mem_w: 0 | reg_w: 1 | csr_w: 0 | csr_op: 00 | csr_addr: 000 | csr_wdata: 86ff3997 | mscratch: 00000000
PC: 80003870 | Instr: 69438393 | rs1_d: 8005086c | rs2_d: 402bbc0c | alu_res: 80050f00 | mem_w: 0 | reg_w: 1 | csr_w: 0 | csr_op: 00 | csr_addr: 694 | csr_wdata: 8005086c | mscratch: 00000000
PC: 80003874 | Instr: 0063a023 | rs1_d: 80050f00 | rs2_d: 00000065 | alu_res: 80050f00 | mem_w: 1 | reg_w: 0 | csr_w: 0 | csr_op: 00 | csr_addr: 006 | csr_wdata: 80050f00 | mscratch: 00000000
PC: 80003878 | Instr: 01010337 | rs1_d: 8004246c | rs2_d: 5517e060 | alu_res: 01010000 | mem_w: 0 | reg_w: 1 | csr_w: 0 | csr_op: 00 | csr_addr: 010 | csr_wdata: 8004246c | mscratch: 00000000
PC: 8000387c | Instr: 0063a223 | rs1_d: 80050f00 | rs2_d: 01010000 | alu_res: 80050f04 | mem_w: 1 | reg_w: 0 | csr_w: 0 | csr_op: 00 | csr_addr: 006 | csr_wdata: 80050f00 | mscratch: 00000000
PC: 80003880 | Instr: 00150513 | rs1_d: 80041605 | rs2_d: 80002c08 | alu_res: 80041606 | mem_w: 0 | reg_w: 1 | csr_w: 0 | csr_op: 00 | csr_addr: 001 | csr_wdata: 80041605 | mscratch: 00000000
PC: 80003884 | Instr: fe1ff06f | rs1_d: b1b1322a | rs2_d: 80002c08 | alu_res: 31b15e32 | mem_w: 0 | reg_w: 1 | csr_w: 0 | csr_op: 00 | csr_addr: fe1 | csr_wdata: b1b1322a | mscratch: 00000000
PC: 80003864 | Instr: 00054303 | rs1_d: 80041606 | rs2_d: 00000000 | alu_res: 80041606 | mem_w: 0 | reg_w: 1 | csr_w: 0 | csr_op: 00 | csr_addr: 000 | csr_wdata: 80041606 | mscratch: 00000000
PC: 80003868 | Instr: 02030063 | rs1_d: 00000020 | rs2_d: 00000000 | alu_res: 00000020 | mem_w: 0 | reg_w: 0 | csr_w: 0 | csr_op: 00 | csr_addr: 020 | csr_wdata: 00000020 | mscratch: 00000000
PC: 8000386c | Instr: 0004d397 | rs1_d: 86ff3997 | rs2_d: 00000000 | alu_res: 8005086c | mem_w: 0 | reg_w: 1 | csr_w: 0 | csr_op: 00 | csr_addr: 000 | csr_wdata: 86ff3997 | mscratch: 00000000
PC: 80003870 | Instr: 69438393 | rs1_d: 8005086c | rs2_d: 402bbc0c | alu_res: 80050f00 | mem_w: 0 | reg_w: 1 | csr_w: 0 | csr_op: 00 | csr_addr: 694 | csr_wdata: 8005086c | mscratch: 00000000
PC: 80003874 | Instr: 0063a023 | rs1_d: 80050f00 | rs2_d: 00000020 | alu_res: 80050f00 | mem_w: 1 | reg_w: 0 | csr_w: 0 | csr_op: 00 | csr_addr: 006 | csr_wdata: 80050f00 | mscratch: 00000000
PC: 80003878 | Instr: 01010337 | rs1_d: 8004246c | rs2_d: 5517e060 | alu_res: 01010000 | mem_w: 0 | reg_w: 1 | csr_w: 0 | csr_op: 00 | csr_addr: 010 | csr_wdata: 8004246c | mscratch: 00000000
PC: 8000387c | Instr: 0063a223 | rs1_d: 80050f00 | rs2_d: 01010000 | alu_res: 80050f04 | mem_w: 1 | reg_w: 0 | csr_w: 0 | csr_op: 00 | csr_addr: 006 | csr_wdata: 80050f00 | mscratch: 00000000
PC: 80003880 | Instr: 00150513 | rs1_d: 80041606 | rs2_d: 80002c08 | alu_res: 80041607 | mem_w: 0 | reg_w: 1 | csr_w: 0 | csr_op: 00 | csr_addr: 001 | csr_wdata: 80041606 | mscratch: 00000000
PC: 80003884 | Instr: fe1ff06f | rs1_d: b1b1322a | rs2_d: 80002c08 | alu_res: 31b15e32 | mem_w: 0 | reg_w: 1 | csr_w: 0 | csr_op: 00 | csr_addr: fe1 | csr_wdata: b1b1322a | mscratch: 00000000
PC: 80003864 | Instr: 00054303 | rs1_d: 80041607 | rs2_d: 00000000 | alu_res: 80041607 | mem_w: 0 | reg_w: 1 | csr_w: 0 | csr_op: 00 | csr_addr: 000 | csr_wdata: 80041607 | mscratch: 00000000
PC: 80003868 | Instr: 02030063 | rs1_d: 00000022 | rs2_d: 00000000 | alu_res: 00000022 | mem_w: 0 | reg_w: 0 | csr_w: 0 | csr_op: 00 | csr_addr: 020 | csr_wdata: 00000022 | mscratch: 00000000
PC: 8000386c | Instr: 0004d397 | rs1_d: 86ff3997 | rs2_d: 00000000 | alu_res: 8005086c | mem_w: 0 | reg_w: 1 | csr_w: 0 | csr_op: 00 | csr_addr: 000 | csr_wdata: 86ff3997 | mscratch: 00000000
PC: 80003870 | Instr: 69438393 | rs1_d: 8005086c | rs2_d: 402bbc0c | alu_res: 80050f00 | mem_w: 0 | reg_w: 1 | csr_w: 0 | csr_op: 00 | csr_addr: 694 | csr_wdata: 8005086c | mscratch: 00000000
PC: 80003874 | Instr: 0063a023 | rs1_d: 80050f00 | rs2_d: 00000022 | alu_res: 80050f00 | mem_w: 1 | reg_w: 0 | csr_w: 0 | csr_op: 00 | csr_addr: 006 | csr_wdata: 80050f00 | mscratch: 00000000
PC: 80003878 | Instr: 01010337 | rs1_d: 8004246c | rs2_d: 5517e060 | alu_res: 01010000 | mem_w: 0 | reg_w: 1 | csr_w: 0 | csr_op: 00 | csr_addr: 010 | csr_wdata: 8004246c | mscratch: 00000000
PC: 8000387c | Instr: 0063a223 | rs1_d: 80050f00 | rs2_d: 01010000 | alu_res: 80050f04 | mem_w: 1 | reg_w: 0 | csr_w: 0 | csr_op: 00 | csr_addr: 006 | csr_wdata: 80050f00 | mscratch: 00000000
PC: 80003880 | Instr: 00150513 | rs1_d: 80041607 | rs2_d: 80002c08 | alu_res: 80041608 | mem_w: 0 | reg_w: 1 | csr_w: 0 | csr_op: 00 | csr_addr: 001 | csr_wdata: 80041607 | mscratch: 00000000
PC: 80003884 | Instr: fe1ff06f | rs1_d: b1b1322a | rs2_d: 80002c08 | alu_res: 31b15e32 | mem_w: 0 | reg_w: 1 | csr_w: 0 | csr_op: 00 | csr_addr: fe1 | csr_wdata: b1b1322a | mscratch: 00000000
PC: 80003864 | Instr: 00054303 | rs1_d: 80041608 | rs2_d: 00000000 | alu_res: 80041608 | mem_w: 0 | reg_w: 1 | csr_w: 0 | csr_op: 00 | csr_addr: 000 | csr_wdata: 80041608 | mscratch: 00000000
PC: 80003868 | Instr: 02030063 | rs1_d: 00000046 | rs2_d: 00000000 | alu_res: 00000046 | mem_w: 0 | reg_w: 0 | csr_w: 0 | csr_op: 00 | csr_addr: 020 | csr_wdata: 00000046 | mscratch: 00000000
PC: 8000386c | Instr: 0004d397 | rs1_d: 86ff3997 | rs2_d: 00000000 | alu_res: 8005086c | mem_w: 0 | reg_w: 1 | csr_w: 0 | csr_op: 00 | csr_addr: 000 | csr_wdata: 86ff3997 | mscratch: 00000000
PC: 80003870 | Instr: 69438393 | rs1_d: 8005086c | rs2_d: 402bbc0c | alu_res: 80050f00 | mem_w: 0 | reg_w: 1 | csr_w: 0 | csr_op: 00 | csr_addr: 694 | csr_wdata: 8005086c | mscratch: 00000000
PC: 80003874 | Instr: 0063a023 | rs1_d: 80050f00 | rs2_d: 00000046 | alu_res: 80050f00 | mem_w: 1 | reg_w: 0 | csr_w: 0 | csr_op: 00 | csr_addr: 006 | csr_wdata: 80050f00 | mscratch: 00000000
PC: 80003878 | Instr: 01010337 | rs1_d: 8004246c | rs2_d: 5517e060 | alu_res: 01010000 | mem_w: 0 | reg_w: 1 | csr_w: 0 | csr_op: 00 | csr_addr: 010 | csr_wdata: 8004246c | mscratch: 00000000
PC: 8000387c | Instr: 0063a223 | rs1_d: 80050f00 | rs2_d: 01010000 | alu_res: 80050f04 | mem_w: 1 | reg_w: 0 | csr_w: 0 | csr_op: 00 | csr_addr: 006 | csr_wdata: 80050f00 | mscratch: 00000000
PC: 80003880 | Instr: 00150513 | rs1_d: 80041608 | rs2_d: 80002c08 | alu_res: 80041609 | mem_w: 0 | reg_w: 1 | csr_w: 0 | csr_op: 00 | csr_addr: 001 | csr_wdata: 80041608 | mscratch: 00000000
PC: 80003884 | Instr: fe1ff06f | rs1_d: b1b1322a | rs2_d: 80002c08 | alu_res: 31b15e32 | mem_w: 0 | reg_w: 1 | csr_w: 0 | csr_op: 00 | csr_addr: fe1 | csr_wdata: b1b1322a | mscratch: 00000000
PC: 80003864 | Instr: 00054303 | rs1_d: 80041609 | rs2_d: 00000000 | alu_res: 80041609 | mem_w: 0 | reg_w: 1 | csr_w: 0 | csr_op: 00 | csr_addr: 000 | csr_wdata: 80041609 | mscratch: 00000000
PC: 80003868 | Instr: 02030063 | rs1_d: 0000002d | rs2_d: 00000000 | alu_res: 0000002d | mem_w: 0 | reg_w: 0 | csr_w: 0 | csr_op: 00 | csr_addr: 020 | csr_wdata: 0000002d | mscratch: 00000000
PC: 8000386c | Instr: 0004d397 | rs1_d: 86ff3997 | rs2_d: 00000000 | alu_res: 8005086c | mem_w: 0 | reg_w: 1 | csr_w: 0 | csr_op: 00 | csr_addr: 000 | csr_wdata: 86ff3997 | mscratch: 00000000
PC: 80003870 | Instr: 69438393 | rs1_d: 8005086c | rs2_d: 402bbc0c | alu_res: 80050f00 | mem_w: 0 | reg_w: 1 | csr_w: 0 | csr_op: 00 | csr_addr: 694 | csr_wdata: 8005086c | mscratch: 00000000
PC: 80003874 | Instr: 0063a023 | rs1_d: 80050f00 | rs2_d: 0000002d | alu_res: 80050f00 | mem_w: 1 | reg_w: 0 | csr_w: 0 | csr_op: 00 | csr_addr: 006 | csr_wdata: 80050f00 | mscratch: 00000000
PC: 80003878 | Instr: 01010337 | rs1_d: 8004246c | rs2_d: 5517e060 | alu_res: 01010000 | mem_w: 0 | reg_w: 1 | csr_w: 0 | csr_op: 00 | csr_addr: 010 | csr_wdata: 8004246c | mscratch: 00000000
PC: 8000387c | Instr: 0063a223 | rs1_d: 80050f00 | rs2_d: 01010000 | alu_res: 80050f04 | mem_w: 1 | reg_w: 0 | csr_w: 0 | csr_op: 00 | csr_addr: 006 | csr_wdata: 80050f00 | mscratch: 00000000
PC: 80003880 | Instr: 00150513 | rs1_d: 80041609 | rs2_d: 80002c08 | alu_res: 8004160a | mem_w: 0 | reg_w: 1 | csr_w: 0 | csr_op: 00 | csr_addr: 001 | csr_wdata: 80041609 | mscratch: 00000000
PC: 80003884 | Instr: fe1ff06f | rs1_d: b1b1322a | rs2_d: 80002c08 | alu_res: 31b15e32 | mem_w: 0 | reg_w: 1 | csr_w: 0 | csr_op: 00 | csr_addr: fe1 | csr_wdata: b1b1322a | mscratch: 00000000
PC: 80003864 | Instr: 00054303 | rs1_d: 8004160a | rs2_d: 00000000 | alu_res: 8004160a | mem_w: 0 | reg_w: 1 | csr_w: 0 | csr_op: 00 | csr_addr: 000 | csr_wdata: 8004160a | mscratch: 00000000
PC: 80003868 | Instr: 02030063 | rs1_d: 00000066 | rs2_d: 00000000 | alu_res: 00000066 | mem_w: 0 | reg_w: 0 | csr_w: 0 | csr_op: 00 | csr_addr: 020 | csr_wdata: 00000066 | mscratch: 00000000
PC: 8000386c | Instr: 0004d397 | rs1_d: 86ff3997 | rs2_d: 00000000 | alu_res: 8005086c | mem_w: 0 | reg_w: 1 | csr_w: 0 | csr_op: 00 | csr_addr: 000 | csr_wdata: 86ff3997 | mscratch: 00000000
PC: 80003870 | Instr: 69438393 | rs1_d: 8005086c | rs2_d: 402bbc0c | alu_res: 80050f00 | mem_w: 0 | reg_w: 1 | csr_w: 0 | csr_op: 00 | csr_addr: 694 | csr_wdata: 8005086c | mscratch: 00000000
PC: 80003874 | Instr: 0063a023 | rs1_d: 80050f00 | rs2_d: 00000066 | alu_res: 80050f00 | mem_w: 1 | reg_w: 0 | csr_w: 0 | csr_op: 00 | csr_addr: 006 | csr_wdata: 80050f00 | mscratch: 00000000
PC: 80003878 | Instr: 01010337 | rs1_d: 8004246c | rs2_d: 5517e060 | alu_res: 01010000 | mem_w: 0 | reg_w: 1 | csr_w: 0 | csr_op: 00 | csr_addr: 010 | csr_wdata: 8004246c | mscratch: 00000000
PC: 8000387c | Instr: 0063a223 | rs1_d: 80050f00 | rs2_d: 01010000 | alu_res: 80050f04 | mem_w: 1 | reg_w: 0 | csr_w: 0 | csr_op: 00 | csr_addr: 006 | csr_wdata: 80050f00 | mscratch: 00000000
PC: 80003880 | Instr: 00150513 | rs1_d: 8004160a | rs2_d: 80002c08 | alu_res: 8004160b | mem_w: 0 | reg_w: 1 | csr_w: 0 | csr_op: 00 | csr_addr: 001 | csr_wdata: 8004160a | mscratch: 00000000
PC: 80003884 | Instr: fe1ff06f | rs1_d: b1b1322a | rs2_d: 80002c08 | alu_res: 31b15e32 | mem_w: 0 | reg_w: 1 | csr_w: 0 | csr_op: 00 | csr_addr: fe1 | csr_wdata: b1b1322a | mscratch: 00000000
PC: 80003864 | Instr: 00054303 | rs1_d: 8004160b | rs2_d: 00000000 | alu_res: 8004160b | mem_w: 0 | reg_w: 1 | csr_w: 0 | csr_op: 00 | csr_addr: 000 | csr_wdata: 8004160b | mscratch: 00000000
PC: 80003868 | Instr: 02030063 | rs1_d: 00000063 | rs2_d: 00000000 | alu_res: 00000063 | mem_w: 0 | reg_w: 0 | csr_w: 0 | csr_op: 00 | csr_addr: 020 | csr_wdata: 00000063 | mscratch: 00000000
PC: 8000386c | Instr: 0004d397 | rs1_d: 86ff3997 | rs2_d: 00000000 | alu_res: 8005086c | mem_w: 0 | reg_w: 1 | csr_w: 0 | csr_op: 00 | csr_addr: 000 | csr_wdata: 86ff3997 | mscratch: 00000000
PC: 80003870 | Instr: 69438393 | rs1_d: 8005086c | rs2_d: 402bbc0c | alu_res: 80050f00 | mem_w: 0 | reg_w: 1 | csr_w: 0 | csr_op: 00 | csr_addr: 694 | csr_wdata: 8005086c | mscratch: 00000000
PC: 80003874 | Instr: 0063a023 | rs1_d: 80050f00 | rs2_d: 00000063 | alu_res: 80050f00 | mem_w: 1 | reg_w: 0 | csr_w: 0 | csr_op: 00 | csr_addr: 006 | csr_wdata: 80050f00 | mscratch: 00000000
PC: 80003878 | Instr: 01010337 | rs1_d: 8004246c | rs2_d: 5517e060 | alu_res: 01010000 | mem_w: 0 | reg_w: 1 | csr_w: 0 | csr_op: 00 | csr_addr: 010 | csr_wdata: 8004246c | mscratch: 00000000
PC: 8000387c | Instr: 0063a223 | rs1_d: 80050f00 | rs2_d: 01010000 | alu_res: 80050f04 | mem_w: 1 | reg_w: 0 | csr_w: 0 | csr_op: 00 | csr_addr: 006 | csr_wdata: 80050f00 | mscratch: 00000000
PC: 80003880 | Instr: 00150513 | rs1_d: 8004160b | rs2_d: 80002c08 | alu_res: 8004160c | mem_w: 0 | reg_w: 1 | csr_w: 0 | csr_op: 00 | csr_addr: 001 | csr_wdata: 8004160b | mscratch: 00000000
PC: 80003884 | Instr: fe1ff06f | rs1_d: b1b1322a | rs2_d: 80002c08 | alu_res: 31b15e32 | mem_w: 0 | reg_w: 1 | csr_w: 0 | csr_op: 00 | csr_addr: fe1 | csr_wdata: b1b1322a | mscratch: 00000000
PC: 80003864 | Instr: 00054303 | rs1_d: 8004160c | rs2_d: 00000000 | alu_res: 8004160c | mem_w: 0 | reg_w: 1 | csr_w: 0 | csr_op: 00 | csr_addr: 000 | csr_wdata: 8004160c | mscratch: 00000000
PC: 80003868 | Instr: 02030063 | rs1_d: 00000076 | rs2_d: 00000000 | alu_res: 00000076 | mem_w: 0 | reg_w: 0 | csr_w: 0 | csr_op: 00 | csr_addr: 020 | csr_wdata: 00000076 | mscratch: 00000000
PC: 8000386c | Instr: 0004d397 | rs1_d: 86ff3997 | rs2_d: 00000000 | alu_res: 8005086c | mem_w: 0 | reg_w: 1 | csr_w: 0 | csr_op: 00 | csr_addr: 000 | csr_wdata: 86ff3997 | mscratch: 00000000
PC: 80003870 | Instr: 69438393 | rs1_d: 8005086c | rs2_d: 402bbc0c | alu_res: 80050f00 | mem_w: 0 | reg_w: 1 | csr_w: 0 | csr_op: 00 | csr_addr: 694 | csr_wdata: 8005086c | mscratch: 00000000
PC: 80003874 | Instr: 0063a023 | rs1_d: 80050f00 | rs2_d: 00000076 | alu_res: 80050f00 | mem_w: 1 | reg_w: 0 | csr_w: 0 | csr_op: 00 | csr_addr: 006 | csr_wdata: 80050f00 | mscratch: 00000000
PC: 80003878 | Instr: 01010337 | rs1_d: 8004246c | rs2_d: 5517e060 | alu_res: 01010000 | mem_w: 0 | reg_w: 1 | csr_w: 0 | csr_op: 00 | csr_addr: 010 | csr_wdata: 8004246c | mscratch: 00000000
PC: 8000387c | Instr: 0063a223 | rs1_d: 80050f00 | rs2_d: 01010000 | alu_res: 80050f04 | mem_w: 1 | reg_w: 0 | csr_w: 0 | csr_op: 00 | csr_addr: 006 | csr_wdata: 80050f00 | mscratch: 00000000
PC: 80003880 | Instr: 00150513 | rs1_d: 8004160c | rs2_d: 80002c08 | alu_res: 8004160d | mem_w: 0 | reg_w: 1 | csr_w: 0 | csr_op: 00 | csr_addr: 001 | csr_wdata: 8004160c | mscratch: 00000000
PC: 80003884 | Instr: fe1ff06f | rs1_d: b1b1322a | rs2_d: 80002c08 | alu_res: 31b15e32 | mem_w: 0 | reg_w: 1 | csr_w: 0 | csr_op: 00 | csr_addr: fe1 | csr_wdata: b1b1322a | mscratch: 00000000
PC: 80003864 | Instr: 00054303 | rs1_d: 8004160d | rs2_d: 00000000 | alu_res: 8004160d | mem_w: 0 | reg_w: 1 | csr_w: 0 | csr_op: 00 | csr_addr: 000 | csr_wdata: 8004160d | mscratch: 00000000
PC: 80003868 | Instr: 02030063 | rs1_d: 00000074 | rs2_d: 00000000 | alu_res: 00000074 | mem_w: 0 | reg_w: 0 | csr_w: 0 | csr_op: 00 | csr_addr: 020 | csr_wdata: 00000074 | mscratch: 00000000
PC: 8000386c | Instr: 0004d397 | rs1_d: 86ff3997 | rs2_d: 00000000 | alu_res: 8005086c | mem_w: 0 | reg_w: 1 | csr_w: 0 | csr_op: 00 | csr_addr: 000 | csr_wdata: 86ff3997 | mscratch: 00000000
PC: 80003870 | Instr: 69438393 | rs1_d: 8005086c | rs2_d: 402bbc0c | alu_res: 80050f00 | mem_w: 0 | reg_w: 1 | csr_w: 0 | csr_op: 00 | csr_addr: 694 | csr_wdata: 8005086c | mscratch: 00000000
PC: 80003874 | Instr: 0063a023 | rs1_d: 80050f00 | rs2_d: 00000074 | alu_res: 80050f00 | mem_w: 1 | reg_w: 0 | csr_w: 0 | csr_op: 00 | csr_addr: 006 | csr_wdata: 80050f00 | mscratch: 00000000
PC: 80003878 | Instr: 01010337 | rs1_d: 8004246c | rs2_d: 5517e060 | alu_res: 01010000 | mem_w: 0 | reg_w: 1 | csr_w: 0 | csr_op: 00 | csr_addr: 010 | csr_wdata: 8004246c | mscratch: 00000000
PC: 8000387c | Instr: 0063a223 | rs1_d: 80050f00 | rs2_d: 01010000 | alu_res: 80050f04 | mem_w: 1 | reg_w: 0 | csr_w: 0 | csr_op: 00 | csr_addr: 006 | csr_wdata: 80050f00 | mscratch: 00000000
PC: 80003880 | Instr: 00150513 | rs1_d: 8004160d | rs2_d: 80002c08 | alu_res: 8004160e | mem_w: 0 | reg_w: 1 | csr_w: 0 | csr_op: 00 | csr_addr: 001 | csr_wdata: 8004160d | mscratch: 00000000
PC: 80003884 | Instr: fe1ff06f | rs1_d: b1b1322a | rs2_d: 80002c08 | alu_res: 31b15e32 | mem_w: 0 | reg_w: 1 | csr_w: 0 | csr_op: 00 | csr_addr: fe1 | csr_wdata: b1b1322a | mscratch: 00000000
PC: 80003864 | Instr: 00054303 | rs1_d: 8004160e | rs2_d: 00000000 | alu_res: 8004160e | mem_w: 0 | reg_w: 1 | csr_w: 0 | csr_op: 00 | csr_addr: 000 | csr_wdata: 8004160e | mscratch: 00000000
PC: 80003868 | Instr: 02030063 | rs1_d: 0000002e | rs2_d: 00000000 | alu_res: 0000002e | mem_w: 0 | reg_w: 0 | csr_w: 0 | csr_op: 00 | csr_addr: 020 | csr_wdata: 0000002e | mscratch: 00000000
PC: 8000386c | Instr: 0004d397 | rs1_d: 86ff3997 | rs2_d: 00000000 | alu_res: 8005086c | mem_w: 0 | reg_w: 1 | csr_w: 0 | csr_op: 00 | csr_addr: 000 | csr_wdata: 86ff3997 | mscratch: 00000000
PC: 80003870 | Instr: 69438393 | rs1_d: 8005086c | rs2_d: 402bbc0c | alu_res: 80050f00 | mem_w: 0 | reg_w: 1 | csr_w: 0 | csr_op: 00 | csr_addr: 694 | csr_wdata: 8005086c | mscratch: 00000000
PC: 80003874 | Instr: 0063a023 | rs1_d: 80050f00 | rs2_d: 0000002e | alu_res: 80050f00 | mem_w: 1 | reg_w: 0 | csr_w: 0 | csr_op: 00 | csr_addr: 006 | csr_wdata: 80050f00 | mscratch: 00000000
PC: 80003878 | Instr: 01010337 | rs1_d: 8004246c | rs2_d: 5517e060 | alu_res: 01010000 | mem_w: 0 | reg_w: 1 | csr_w: 0 | csr_op: 00 | csr_addr: 010 | csr_wdata: 8004246c | mscratch: 00000000
PC: 8000387c | Instr: 0063a223 | rs1_d: 80050f00 | rs2_d: 01010000 | alu_res: 80050f04 | mem_w: 1 | reg_w: 0 | csr_w: 0 | csr_op: 00 | csr_addr: 006 | csr_wdata: 80050f00 | mscratch: 00000000
PC: 80003880 | Instr: 00150513 | rs1_d: 8004160e | rs2_d: 80002c08 | alu_res: 8004160f | mem_w: 0 | reg_w: 1 | csr_w: 0 | csr_op: 00 | csr_addr: 001 | csr_wdata: 8004160e | mscratch: 00000000
PC: 80003884 | Instr: fe1ff06f | rs1_d: b1b1322a | rs2_d: 80002c08 | alu_res: 31b15e32 | mem_w: 0 | reg_w: 1 | csr_w: 0 | csr_op: 00 | csr_addr: fe1 | csr_wdata: b1b1322a | mscratch: 00000000
PC: 80003864 | Instr: 00054303 | rs1_d: 8004160f | rs2_d: 00000000 | alu_res: 8004160f | mem_w: 0 | reg_w: 1 | csr_w: 0 | csr_op: 00 | csr_addr: 000 | csr_wdata: 8004160f | mscratch: 00000000
PC: 80003868 | Instr: 02030063 | rs1_d: 00000073 | rs2_d: 00000000 | alu_res: 00000073 | mem_w: 0 | reg_w: 0 | csr_w: 0 | csr_op: 00 | csr_addr: 020 | csr_wdata: 00000073 | mscratch: 00000000
PC: 8000386c | Instr: 0004d397 | rs1_d: 86ff3997 | rs2_d: 00000000 | alu_res: 8005086c | mem_w: 0 | reg_w: 1 | csr_w: 0 | csr_op: 00 | csr_addr: 000 | csr_wdata: 86ff3997 | mscratch: 00000000
PC: 80003870 | Instr: 69438393 | rs1_d: 8005086c | rs2_d: 402bbc0c | alu_res: 80050f00 | mem_w: 0 | reg_w: 1 | csr_w: 0 | csr_op: 00 | csr_addr: 694 | csr_wdata: 8005086c | mscratch: 00000000
PC: 80003874 | Instr: 0063a023 | rs1_d: 80050f00 | rs2_d: 00000073 | alu_res: 80050f00 | mem_w: 1 | reg_w: 0 | csr_w: 0 | csr_op: 00 | csr_addr: 006 | csr_wdata: 80050f00 | mscratch: 00000000
PC: 80003878 | Instr: 01010337 | rs1_d: 8004246c | rs2_d: 5517e060 | alu_res: 01010000 | mem_w: 0 | reg_w: 1 | csr_w: 0 | csr_op: 00 | csr_addr: 010 | csr_wdata: 8004246c | mscratch: 00000000
PC: 8000387c | Instr: 0063a223 | rs1_d: 80050f00 | rs2_d: 01010000 | alu_res: 80050f04 | mem_w: 1 | reg_w: 0 | csr_w: 0 | csr_op: 00 | csr_addr: 006 | csr_wdata: 80050f00 | mscratch: 00000000
PC: 80003880 | Instr: 00150513 | rs1_d: 8004160f | rs2_d: 80002c08 | alu_res: 80041610 | mem_w: 0 | reg_w: 1 | csr_w: 0 | csr_op: 00 | csr_addr: 001 | csr_wdata: 8004160f | mscratch: 00000000
PC: 80003884 | Instr: fe1ff06f | rs1_d: b1b1322a | rs2_d: 80002c08 | alu_res: 31b15e32 | mem_w: 0 | reg_w: 1 | csr_w: 0 | csr_op: 00 | csr_addr: fe1 | csr_wdata: b1b1322a | mscratch: 00000000
PC: 80003864 | Instr: 00054303 | rs1_d: 80041610 | rs2_d: 00000000 | alu_res: 80041610 | mem_w: 0 | reg_w: 1 | csr_w: 0 | csr_op: 00 | csr_addr: 000 | csr_wdata: 80041610 | mscratch: 00000000
PC: 80003868 | Instr: 02030063 | rs1_d: 0000002e | rs2_d: 00000000 | alu_res: 0000002e | mem_w: 0 | reg_w: 0 | csr_w: 0 | csr_op: 00 | csr_addr: 020 | csr_wdata: 0000002e | mscratch: 00000000
PC: 8000386c | Instr: 0004d397 | rs1_d: 86ff3997 | rs2_d: 00000000 | alu_res: 8005086c | mem_w: 0 | reg_w: 1 | csr_w: 0 | csr_op: 00 | csr_addr: 000 | csr_wdata: 86ff3997 | mscratch: 00000000
PC: 80003870 | Instr: 69438393 | rs1_d: 8005086c | rs2_d: 402bbc0c | alu_res: 80050f00 | mem_w: 0 | reg_w: 1 | csr_w: 0 | csr_op: 00 | csr_addr: 694 | csr_wdata: 8005086c | mscratch: 00000000
PC: 80003874 | Instr: 0063a023 | rs1_d: 80050f00 | rs2_d: 0000002e | alu_res: 80050f00 | mem_w: 1 | reg_w: 0 | csr_w: 0 | csr_op: 00 | csr_addr: 006 | csr_wdata: 80050f00 | mscratch: 00000000
PC: 80003878 | Instr: 01010337 | rs1_d: 8004246c | rs2_d: 5517e060 | alu_res: 01010000 | mem_w: 0 | reg_w: 1 | csr_w: 0 | csr_op: 00 | csr_addr: 010 | csr_wdata: 8004246c | mscratch: 00000000
PC: 8000387c | Instr: 0063a223 | rs1_d: 80050f00 | rs2_d: 01010000 | alu_res: 80050f04 | mem_w: 1 | reg_w: 0 | csr_w: 0 | csr_op: 00 | csr_addr: 006 | csr_wdata: 80050f00 | mscratch: 00000000
PC: 80003880 | Instr: 00150513 | rs1_d: 80041610 | rs2_d: 80002c08 | alu_res: 80041611 | mem_w: 0 | reg_w: 1 | csr_w: 0 | csr_op: 00 | csr_addr: 001 | csr_wdata: 80041610 | mscratch: 00000000
PC: 80003884 | Instr: fe1ff06f | rs1_d: b1b1322a | rs2_d: 80002c08 | alu_res: 31b15e32 | mem_w: 0 | reg_w: 1 | csr_w: 0 | csr_op: 00 | csr_addr: fe1 | csr_wdata: b1b1322a | mscratch: 00000000
PC: 80003864 | Instr: 00054303 | rs1_d: 80041611 | rs2_d: 00000000 | alu_res: 80041611 | mem_w: 0 | reg_w: 1 | csr_w: 0 | csr_op: 00 | csr_addr: 000 | csr_wdata: 80041611 | mscratch: 00000000
PC: 80003868 | Instr: 02030063 | rs1_d: 00000077 | rs2_d: 00000000 | alu_res: 00000077 | mem_w: 0 | reg_w: 0 | csr_w: 0 | csr_op: 00 | csr_addr: 020 | csr_wdata: 00000077 | mscratch: 00000000
PC: 8000386c | Instr: 0004d397 | rs1_d: 86ff3997 | rs2_d: 00000000 | alu_res: 8005086c | mem_w: 0 | reg_w: 1 | csr_w: 0 | csr_op: 00 | csr_addr: 000 | csr_wdata: 86ff3997 | mscratch: 00000000
PC: 80003870 | Instr: 69438393 | rs1_d: 8005086c | rs2_d: 402bbc0c | alu_res: 80050f00 | mem_w: 0 | reg_w: 1 | csr_w: 0 | csr_op: 00 | csr_addr: 694 | csr_wdata: 8005086c | mscratch: 00000000
PC: 80003874 | Instr: 0063a023 | rs1_d: 80050f00 | rs2_d: 00000077 | alu_res: 80050f00 | mem_w: 1 | reg_w: 0 | csr_w: 0 | csr_op: 00 | csr_addr: 006 | csr_wdata: 80050f00 | mscratch: 00000000
PC: 80003878 | Instr: 01010337 | rs1_d: 8004246c | rs2_d: 5517e060 | alu_res: 01010000 | mem_w: 0 | reg_w: 1 | csr_w: 0 | csr_op: 00 | csr_addr: 010 | csr_wdata: 8004246c | mscratch: 00000000
PC: 8000387c | Instr: 0063a223 | rs1_d: 80050f00 | rs2_d: 01010000 | alu_res: 80050f04 | mem_w: 1 | reg_w: 0 | csr_w: 0 | csr_op: 00 | csr_addr: 006 | csr_wdata: 80050f00 | mscratch: 00000000
PC: 80003880 | Instr: 00150513 | rs1_d: 80041611 | rs2_d: 80002c08 | alu_res: 80041612 | mem_w: 0 | reg_w: 1 | csr_w: 0 | csr_op: 00 | csr_addr: 001 | csr_wdata: 80041611 | mscratch: 00000000
PC: 80003884 | Instr: fe1ff06f | rs1_d: b1b1322a | rs2_d: 80002c08 | alu_res: 31b15e32 | mem_w: 0 | reg_w: 1 | csr_w: 0 | csr_op: 00 | csr_addr: fe1 | csr_wdata: b1b1322a | mscratch: 00000000
PC: 80003864 | Instr: 00054303 | rs1_d: 80041612 | rs2_d: 00000000 | alu_res: 80041612 | mem_w: 0 | reg_w: 1 | csr_w: 0 | csr_op: 00 | csr_addr: 000 | csr_wdata: 80041612 | mscratch: 00000000
PC: 80003868 | Instr: 02030063 | rs1_d: 0000002d | rs2_d: 00000000 | alu_res: 0000002d | mem_w: 0 | reg_w: 0 | csr_w: 0 | csr_op: 00 | csr_addr: 020 | csr_wdata: 0000002d | mscratch: 00000000
PC: 8000386c | Instr: 0004d397 | rs1_d: 86ff3997 | rs2_d: 00000000 | alu_res: 8005086c | mem_w: 0 | reg_w: 1 | csr_w: 0 | csr_op: 00 | csr_addr: 000 | csr_wdata: 86ff3997 | mscratch: 00000000
PC: 80003870 | Instr: 69438393 | rs1_d: 8005086c | rs2_d: 402bbc0c | alu_res: 80050f00 | mem_w: 0 | reg_w: 1 | csr_w: 0 | csr_op: 00 | csr_addr: 694 | csr_wdata: 8005086c | mscratch: 00000000
PC: 80003874 | Instr: 0063a023 | rs1_d: 80050f00 | rs2_d: 0000002d | alu_res: 80050f00 | mem_w: 1 | reg_w: 0 | csr_w: 0 | csr_op: 00 | csr_addr: 006 | csr_wdata: 80050f00 | mscratch: 00000000
PC: 80003878 | Instr: 01010337 | rs1_d: 8004246c | rs2_d: 5517e060 | alu_res: 01010000 | mem_w: 0 | reg_w: 1 | csr_w: 0 | csr_op: 00 | csr_addr: 010 | csr_wdata: 8004246c | mscratch: 00000000
PC: 8000387c | Instr: 0063a223 | rs1_d: 80050f00 | rs2_d: 01010000 | alu_res: 80050f04 | mem_w: 1 | reg_w: 0 | csr_w: 0 | csr_op: 00 | csr_addr: 006 | csr_wdata: 80050f00 | mscratch: 00000000
PC: 80003880 | Instr: 00150513 | rs1_d: 80041612 | rs2_d: 80002c08 | alu_res: 80041613 | mem_w: 0 | reg_w: 1 | csr_w: 0 | csr_op: 00 | csr_addr: 001 | csr_wdata: 80041612 | mscratch: 00000000
PC: 80003884 | Instr: fe1ff06f | rs1_d: b1b1322a | rs2_d: 80002c08 | alu_res: 31b15e32 | mem_w: 0 | reg_w: 1 | csr_w: 0 | csr_op: 00 | csr_addr: fe1 | csr_wdata: b1b1322a | mscratch: 00000000
PC: 80003864 | Instr: 00054303 | rs1_d: 80041613 | rs2_d: 00000000 | alu_res: 80041613 | mem_w: 0 | reg_w: 1 | csr_w: 0 | csr_op: 00 | csr_addr: 000 | csr_wdata: 80041613 | mscratch: 00000000
PC: 80003868 | Instr: 02030063 | rs1_d: 00000030 | rs2_d: 00000000 | alu_res: 00000030 | mem_w: 0 | reg_w: 0 | csr_w: 0 | csr_op: 00 | csr_addr: 020 | csr_wdata: 00000030 | mscratch: 00000000
PC: 8000386c | Instr: 0004d397 | rs1_d: 86ff3997 | rs2_d: 00000000 | alu_res: 8005086c | mem_w: 0 | reg_w: 1 | csr_w: 0 | csr_op: 00 | csr_addr: 000 | csr_wdata: 86ff3997 | mscratch: 00000000
PC: 80003870 | Instr: 69438393 | rs1_d: 8005086c | rs2_d: 402bbc0c | alu_res: 80050f00 | mem_w: 0 | reg_w: 1 | csr_w: 0 | csr_op: 00 | csr_addr: 694 | csr_wdata: 8005086c | mscratch: 00000000
PC: 80003874 | Instr: 0063a023 | rs1_d: 80050f00 | rs2_d: 00000030 | alu_res: 80050f00 | mem_w: 1 | reg_w: 0 | csr_w: 0 | csr_op: 00 | csr_addr: 006 | csr_wdata: 80050f00 | mscratch: 00000000
PC: 80003878 | Instr: 01010337 | rs1_d: 8004246c | rs2_d: 5517e060 | alu_res: 01010000 | mem_w: 0 | reg_w: 1 | csr_w: 0 | csr_op: 00 | csr_addr: 010 | csr_wdata: 8004246c | mscratch: 00000000
PC: 8000387c | Instr: 0063a223 | rs1_d: 80050f00 | rs2_d: 01010000 | alu_res: 80050f04 | mem_w: 1 | reg_w: 0 | csr_w: 0 | csr_op: 00 | csr_addr: 006 | csr_wdata: 80050f00 | mscratch: 00000000
PC: 80003880 | Instr: 00150513 | rs1_d: 80041613 | rs2_d: 80002c08 | alu_res: 80041614 | mem_w: 0 | reg_w: 1 | csr_w: 0 | csr_op: 00 | csr_addr: 001 | csr_wdata: 80041613 | mscratch: 00000000
PC: 80003884 | Instr: fe1ff06f | rs1_d: b1b1322a | rs2_d: 80002c08 | alu_res: 31b15e32 | mem_w: 0 | reg_w: 1 | csr_w: 0 | csr_op: 00 | csr_addr: fe1 | csr_wdata: b1b1322a | mscratch: 00000000
PC: 80003864 | Instr: 00054303 | rs1_d: 80041614 | rs2_d: 00000000 | alu_res: 80041614 | mem_w: 0 | reg_w: 1 | csr_w: 0 | csr_op: 00 | csr_addr: 000 | csr_wdata: 80041614 | mscratch: 00000000
PC: 80003868 | Instr: 02030063 | rs1_d: 00000030 | rs2_d: 00000000 | alu_res: 00000030 | mem_w: 0 | reg_w: 0 | csr_w: 0 | csr_op: 00 | csr_addr: 020 | csr_wdata: 00000030 | mscratch: 00000000
PC: 8000386c | Instr: 0004d397 | rs1_d: 86ff3997 | rs2_d: 00000000 | alu_res: 8005086c | mem_w: 0 | reg_w: 1 | csr_w: 0 | csr_op: 00 | csr_addr: 000 | csr_wdata: 86ff3997 | mscratch: 00000000
PC: 80003870 | Instr: 69438393 | rs1_d: 8005086c | rs2_d: 402bbc0c | alu_res: 80050f00 | mem_w: 0 | reg_w: 1 | csr_w: 0 | csr_op: 00 | csr_addr: 694 | csr_wdata: 8005086c | mscratch: 00000000
PC: 80003874 | Instr: 0063a023 | rs1_d: 80050f00 | rs2_d: 00000030 | alu_res: 80050f00 | mem_w: 1 | reg_w: 0 | csr_w: 0 | csr_op: 00 | csr_addr: 006 | csr_wdata: 80050f00 | mscratch: 00000000
PC: 80003878 | Instr: 01010337 | rs1_d: 8004246c | rs2_d: 5517e060 | alu_res: 01010000 | mem_w: 0 | reg_w: 1 | csr_w: 0 | csr_op: 00 | csr_addr: 010 | csr_wdata: 8004246c | mscratch: 00000000
PC: 8000387c | Instr: 0063a223 | rs1_d: 80050f00 | rs2_d: 01010000 | alu_res: 80050f04 | mem_w: 1 | reg_w: 0 | csr_w: 0 | csr_op: 00 | csr_addr: 006 | csr_wdata: 80050f00 | mscratch: 00000000
PC: 80003880 | Instr: 00150513 | rs1_d: 80041614 | rs2_d: 80002c08 | alu_res: 80041615 | mem_w: 0 | reg_w: 1 | csr_w: 0 | csr_op: 00 | csr_addr: 001 | csr_wdata: 80041614 | mscratch: 00000000
PC: 80003884 | Instr: fe1ff06f | rs1_d: b1b1322a | rs2_d: 80002c08 | alu_res: 31b15e32 | mem_w: 0 | reg_w: 1 | csr_w: 0 | csr_op: 00 | csr_addr: fe1 | csr_wdata: b1b1322a | mscratch: 00000000
PC: 80003864 | Instr: 00054303 | rs1_d: 80041615 | rs2_d: 00000000 | alu_res: 80041615 | mem_w: 0 | reg_w: 1 | csr_w: 0 | csr_op: 00 | csr_addr: 000 | csr_wdata: 80041615 | mscratch: 00000000
PC: 80003868 | Instr: 02030063 | rs1_d: 0000002e | rs2_d: 00000000 | alu_res: 0000002e | mem_w: 0 | reg_w: 0 | csr_w: 0 | csr_op: 00 | csr_addr: 020 | csr_wdata: 0000002e | mscratch: 00000000
PC: 8000386c | Instr: 0004d397 | rs1_d: 86ff3997 | rs2_d: 00000000 | alu_res: 8005086c | mem_w: 0 | reg_w: 1 | csr_w: 0 | csr_op: 00 | csr_addr: 000 | csr_wdata: 86ff3997 | mscratch: 00000000
PC: 80003870 | Instr: 69438393 | rs1_d: 8005086c | rs2_d: 402bbc0c | alu_res: 80050f00 | mem_w: 0 | reg_w: 1 | csr_w: 0 | csr_op: 00 | csr_addr: 694 | csr_wdata: 8005086c | mscratch: 00000000
PC: 80003874 | Instr: 0063a023 | rs1_d: 80050f00 | rs2_d: 0000002e | alu_res: 80050f00 | mem_w: 1 | reg_w: 0 | csr_w: 0 | csr_op: 00 | csr_addr: 006 | csr_wdata: 80050f00 | mscratch: 00000000
PC: 80003878 | Instr: 01010337 | rs1_d: 8004246c | rs2_d: 5517e060 | alu_res: 01010000 | mem_w: 0 | reg_w: 1 | csr_w: 0 | csr_op: 00 | csr_addr: 010 | csr_wdata: 8004246c | mscratch: 00000000
PC: 8000387c | Instr: 0063a223 | rs1_d: 80050f00 | rs2_d: 01010000 | alu_res: 80050f04 | mem_w: 1 | reg_w: 0 | csr_w: 0 | csr_op: 00 | csr_addr: 006 | csr_wdata: 80050f00 | mscratch: 00000000
PC: 80003880 | Instr: 00150513 | rs1_d: 80041615 | rs2_d: 80002c08 | alu_res: 80041616 | mem_w: 0 | reg_w: 1 | csr_w: 0 | csr_op: 00 | csr_addr: 001 | csr_wdata: 80041615 | mscratch: 00000000
PC: 80003884 | Instr: fe1ff06f | rs1_d: b1b1322a | rs2_d: 80002c08 | alu_res: 31b15e32 | mem_w: 0 | reg_w: 1 | csr_w: 0 | csr_op: 00 | csr_addr: fe1 | csr_wdata: b1b1322a | mscratch: 00000000
PC: 80003864 | Instr: 00054303 | rs1_d: 80041616 | rs2_d: 00000000 | alu_res: 80041616 | mem_w: 0 | reg_w: 1 | csr_w: 0 | csr_op: 00 | csr_addr: 000 | csr_wdata: 80041616 | mscratch: 00000000
PC: 80003868 | Instr: 02030063 | rs1_d: 00000053 | rs2_d: 00000000 | alu_res: 00000053 | mem_w: 0 | reg_w: 0 | csr_w: 0 | csr_op: 00 | csr_addr: 020 | csr_wdata: 00000053 | mscratch: 00000000
PC: 8000386c | Instr: 0004d397 | rs1_d: 86ff3997 | rs2_d: 00000000 | alu_res: 8005086c | mem_w: 0 | reg_w: 1 | csr_w: 0 | csr_op: 00 | csr_addr: 000 | csr_wdata: 86ff3997 | mscratch: 00000000
PC: 80003870 | Instr: 69438393 | rs1_d: 8005086c | rs2_d: 402bbc0c | alu_res: 80050f00 | mem_w: 0 | reg_w: 1 | csr_w: 0 | csr_op: 00 | csr_addr: 694 | csr_wdata: 8005086c | mscratch: 00000000
PC: 80003874 | Instr: 0063a023 | rs1_d: 80050f00 | rs2_d: 00000053 | alu_res: 80050f00 | mem_w: 1 | reg_w: 0 | csr_w: 0 | csr_op: 00 | csr_addr: 006 | csr_wdata: 80050f00 | mscratch: 00000000
PC: 80003878 | Instr: 01010337 | rs1_d: 8004246c | rs2_d: 5517e060 | alu_res: 01010000 | mem_w: 0 | reg_w: 1 | csr_w: 0 | csr_op: 00 | csr_addr: 010 | csr_wdata: 8004246c | mscratch: 00000000
PC: 8000387c | Instr: 0063a223 | rs1_d: 80050f00 | rs2_d: 01010000 | alu_res: 80050f04 | mem_w: 1 | reg_w: 0 | csr_w: 0 | csr_op: 00 | csr_addr: 006 | csr_wdata: 80050f00 | mscratch: 00000000
PC: 80003880 | Instr: 00150513 | rs1_d: 80041616 | rs2_d: 80002c08 | alu_res: 80041617 | mem_w: 0 | reg_w: 1 | csr_w: 0 | csr_op: 00 | csr_addr: 001 | csr_wdata: 80041616 | mscratch: 00000000
PC: 80003884 | Instr: fe1ff06f | rs1_d: b1b1322a | rs2_d: 80002c08 | alu_res: 31b15e32 | mem_w: 0 | reg_w: 1 | csr_w: 0 | csr_op: 00 | csr_addr: fe1 | csr_wdata: b1b1322a | mscratch: 00000000
PC: 80003864 | Instr: 00054303 | rs1_d: 80041617 | rs2_d: 00000000 | alu_res: 80041617 | mem_w: 0 | reg_w: 1 | csr_w: 0 | csr_op: 00 | csr_addr: 000 | csr_wdata: 80041617 | mscratch: 00000000
PC: 80003868 | Instr: 02030063 | rs1_d: 00000022 | rs2_d: 00000000 | alu_res: 00000022 | mem_w: 0 | reg_w: 0 | csr_w: 0 | csr_op: 00 | csr_addr: 020 | csr_wdata: 00000022 | mscratch: 00000000
PC: 8000386c | Instr: 0004d397 | rs1_d: 86ff3997 | rs2_d: 00000000 | alu_res: 8005086c | mem_w: 0 | reg_w: 1 | csr_w: 0 | csr_op: 00 | csr_addr: 000 | csr_wdata: 86ff3997 | mscratch: 00000000
PC: 80003870 | Instr: 69438393 | rs1_d: 8005086c | rs2_d: 402bbc0c | alu_res: 80050f00 | mem_w: 0 | reg_w: 1 | csr_w: 0 | csr_op: 00 | csr_addr: 694 | csr_wdata: 8005086c | mscratch: 00000000
PC: 80003874 | Instr: 0063a023 | rs1_d: 80050f00 | rs2_d: 00000022 | alu_res: 80050f00 | mem_w: 1 | reg_w: 0 | csr_w: 0 | csr_op: 00 | csr_addr: 006 | csr_wdata: 80050f00 | mscratch: 00000000
PC: 80003878 | Instr: 01010337 | rs1_d: 8004246c | rs2_d: 5517e060 | alu_res: 01010000 | mem_w: 0 | reg_w: 1 | csr_w: 0 | csr_op: 00 | csr_addr: 010 | csr_wdata: 8004246c | mscratch: 00000000
PC: 8000387c | Instr: 0063a223 | rs1_d: 80050f00 | rs2_d: 01010000 | alu_res: 80050f04 | mem_w: 1 | reg_w: 0 | csr_w: 0 | csr_op: 00 | csr_addr: 006 | csr_wdata: 80050f00 | mscratch: 00000000
PC: 80003880 | Instr: 00150513 | rs1_d: 80041617 | rs2_d: 80002c08 | alu_res: 80041618 | mem_w: 0 | reg_w: 1 | csr_w: 0 | csr_op: 00 | csr_addr: 001 | csr_wdata: 80041617 | mscratch: 00000000
PC: 80003884 | Instr: fe1ff06f | rs1_d: b1b1322a | rs2_d: 80002c08 | alu_res: 31b15e32 | mem_w: 0 | reg_w: 1 | csr_w: 0 | csr_op: 00 | csr_addr: fe1 | csr_wdata: b1b1322a | mscratch: 00000000
PC: 80003864 | Instr: 00054303 | rs1_d: 80041618 | rs2_d: 00000000 | alu_res: 80041618 | mem_w: 0 | reg_w: 1 | csr_w: 0 | csr_op: 00 | csr_addr: 000 | csr_wdata: 80041618 | mscratch: 00000000
PC: 80003868 | Instr: 02030063 | rs1_d: 0000000a | rs2_d: 00000000 | alu_res: 0000000a | mem_w: 0 | reg_w: 0 | csr_w: 0 | csr_op: 00 | csr_addr: 020 | csr_wdata: 0000000a | mscratch: 00000000
PC: 8000386c | Instr: 0004d397 | rs1_d: 86ff3997 | rs2_d: 00000000 | alu_res: 8005086c | mem_w: 0 | reg_w: 1 | csr_w: 0 | csr_op: 00 | csr_addr: 000 | csr_wdata: 86ff3997 | mscratch: 00000000
PC: 80003870 | Instr: 69438393 | rs1_d: 8005086c | rs2_d: 402bbc0c | alu_res: 80050f00 | mem_w: 0 | reg_w: 1 | csr_w: 0 | csr_op: 00 | csr_addr: 694 | csr_wdata: 8005086c | mscratch: 00000000
PC: 80003874 | Instr: 0063a023 | rs1_d: 80050f00 | rs2_d: 0000000a | alu_res: 80050f00 | mem_w: 1 | reg_w: 0 | csr_w: 0 | csr_op: 00 | csr_addr: 006 | csr_wdata: 80050f00 | mscratch: 00000000
PC: 80003878 | Instr: 01010337 | rs1_d: 8004246c | rs2_d: 5517e060 | alu_res: 01010000 | mem_w: 0 | reg_w: 1 | csr_w: 0 | csr_op: 00 | csr_addr: 010 | csr_wdata: 8004246c | mscratch: 00000000
PC: 8000387c | Instr: 0063a223 | rs1_d: 80050f00 | rs2_d: 01010000 | alu_res: 80050f04 | mem_w: 1 | reg_w: 0 | csr_w: 0 | csr_op: 00 | csr_addr: 006 | csr_wdata: 80050f00 | mscratch: 00000000
PC: 80003880 | Instr: 00150513 | rs1_d: 80041618 | rs2_d: 80002c08 | alu_res: 80041619 | mem_w: 0 | reg_w: 1 | csr_w: 0 | csr_op: 00 | csr_addr: 001 | csr_wdata: 80041618 | mscratch: 00000000
PC: 80003884 | Instr: fe1ff06f | rs1_d: b1b1322a | rs2_d: 80002c08 | alu_res: 31b15e32 | mem_w: 0 | reg_w: 1 | csr_w: 0 | csr_op: 00 | csr_addr: fe1 | csr_wdata: b1b1322a | mscratch: 00000000
PC: 80003864 | Instr: 00054303 | rs1_d: 80041619 | rs2_d: 00000000 | alu_res: 80041619 | mem_w: 0 | reg_w: 1 | csr_w: 0 | csr_op: 00 | csr_addr: 000 | csr_wdata: 80041619 | mscratch: 00000000
PC: 80003868 | Instr: 02030063 | rs1_d: 0000000a | rs2_d: 00000000 | alu_res: 0000000a | mem_w: 0 | reg_w: 0 | csr_w: 0 | csr_op: 00 | csr_addr: 020 | csr_wdata: 0000000a | mscratch: 00000000
PC: 8000386c | Instr: 0004d397 | rs1_d: 86ff3997 | rs2_d: 00000000 | alu_res: 8005086c | mem_w: 0 | reg_w: 1 | csr_w: 0 | csr_op: 00 | csr_addr: 000 | csr_wdata: 86ff3997 | mscratch: 00000000
PC: 80003870 | Instr: 69438393 | rs1_d: 8005086c | rs2_d: 402bbc0c | alu_res: 80050f00 | mem_w: 0 | reg_w: 1 | csr_w: 0 | csr_op: 00 | csr_addr: 694 | csr_wdata: 8005086c | mscratch: 00000000
PC: 80003874 | Instr: 0063a023 | rs1_d: 80050f00 | rs2_d: 0000000a | alu_res: 80050f00 | mem_w: 1 | reg_w: 0 | csr_w: 0 | csr_op: 00 | csr_addr: 006 | csr_wdata: 80050f00 | mscratch: 00000000
PC: 80003878 | Instr: 01010337 | rs1_d: 8004246c | rs2_d: 5517e060 | alu_res: 01010000 | mem_w: 0 | reg_w: 1 | csr_w: 0 | csr_op: 00 | csr_addr: 010 | csr_wdata: 8004246c | mscratch: 00000000
PC: 8000387c | Instr: 0063a223 | rs1_d: 80050f00 | rs2_d: 01010000 | alu_res: 80050f04 | mem_w: 1 | reg_w: 0 | csr_w: 0 | csr_op: 00 | csr_addr: 006 | csr_wdata: 80050f00 | mscratch: 00000000
PC: 80003880 | Instr: 00150513 | rs1_d: 80041619 | rs2_d: 80002c08 | alu_res: 8004161a | mem_w: 0 | reg_w: 1 | csr_w: 0 | csr_op: 00 | csr_addr: 001 | csr_wdata: 80041619 | mscratch: 00000000
PC: 80003884 | Instr: fe1ff06f | rs1_d: b1b1322a | rs2_d: 80002c08 | alu_res: 31b15e32 | mem_w: 0 | reg_w: 1 | csr_w: 0 | csr_op: 00 | csr_addr: fe1 | csr_wdata: b1b1322a | mscratch: 00000000
PC: 80003864 | Instr: 00054303 | rs1_d: 8004161a | rs2_d: 00000000 | alu_res: 8004161a | mem_w: 0 | reg_w: 1 | csr_w: 0 | csr_op: 00 | csr_addr: 000 | csr_wdata: 8004161a | mscratch: 00000000
PC: 80003868 | Instr: 02030063 | rs1_d: 00000000 | rs2_d: 00000000 | alu_res: 00000000 | mem_w: 0 | reg_w: 0 | csr_w: 0 | csr_op: 00 | csr_addr: 020 | csr_wdata: 00000000 | mscratch: 00000000
PC: 80003888 | Instr: 00008067 | rs1_d: 80002c08 | rs2_d: 00000000 | alu_res: 80002c08 | mem_w: 0 | reg_w: 1 | csr_w: 0 | csr_op: 00 | csr_addr: 000 | csr_wdata: 80002c08 | mscratch: 00000000
PC: 80002c08 | Instr: 00001097 | rs1_d: 00000000 | rs2_d: 00000000 | alu_res: 80003c08 | mem_w: 0 | reg_w: 1 | csr_w: 0 | csr_op: 00 | csr_addr: 000 | csr_wdata: 00000000 | mscratch: 00000000
PC: 80002c0c | Instr: c84080e7 | rs1_d: 80003c08 | rs2_d: 561d8308 | alu_res: 8000388c | mem_w: 0 | reg_w: 1 | csr_w: 0 | csr_op: 00 | csr_addr: c84 | csr_wdata: 80003c08 | mscratch: 00000000
PC: 8000388c | Instr: 00100093 | rs1_d: 00000000 | rs2_d: 80002c10 | alu_res: 00000001 | mem_w: 0 | reg_w: 1 | csr_w: 0 | csr_op: 00 | csr_addr: 001 | csr_wdata: 00000000 | mscratch: 00000000
PC: 80003890 | Instr: 0004d297 | rs1_d: 86ff3997 | rs2_d: 00000000 | alu_res: 80050890 | mem_w: 0 | reg_w: 1 | csr_w: 0 | csr_op: 00 | csr_addr: 000 | csr_wdata: 86ff3997 | mscratch: 00000000
PC: 80003894 | Instr: 67028293 | rs1_d: 80050890 | rs2_d: 5517e060 | alu_res: 80050f00 | mem_w: 0 | reg_w: 1 | csr_w: 0 | csr_op: 00 | csr_addr: 670 | csr_wdata: 80050890 | mscratch: 00000000
PC: 80003898 | Instr: 0012a023 | rs1_d: 80050f00 | rs2_d: 00000001 | alu_res: 80050f00 | mem_w: 1 | reg_w: 0 | csr_w: 0 | csr_op: 00 | csr_addr: 001 | csr_wdata: 80050f00 | mscratch: 00000000
