PC: 80000000 | Instr: 00007097 | rs1_d: 00000000 | rs2_d: 00000000 | alu_res: 80007000 | mem_w: 0 | reg_w: 1 | csr_w: 0 | csr_op: 00 | csr_addr: 000 | csr_wdata: 00000000 | mscratch: 00000000
PC: 80000004 | Instr: 32008093 | rs1_d: 80007000 | rs2_d: 00000000 | alu_res: 80007320 | mem_w: 0 | reg_w: 1 | csr_w: 0 | csr_op: 00 | csr_addr: 320 | csr_wdata: 80007000 | mscratch: 00000000
PC: 80000008 | Instr: 00000013 | rs1_d: 00000000 | rs2_d: 00000000 | alu_res: 00000000 | mem_w: 0 | reg_w: 1 | csr_w: 0 | csr_op: 00 | csr_addr: 000 | csr_wdata: 00000000 | mscratch: 00000000
PC: 8000000c | Instr: 00000013 | rs1_d: 00000000 | rs2_d: 00000000 | alu_res: 00000000 | mem_w: 0 | reg_w: 1 | csr_w: 0 | csr_op: 00 | csr_addr: 000 | csr_wdata: 00000000 | mscratch: 00000000
PC: 80000010 | Instr: 00000013 | rs1_d: 00000000 | rs2_d: 00000000 | alu_res: 00000000 | mem_w: 0 | reg_w: 1 | csr_w: 0 | csr_op: 00 | csr_addr: 000 | csr_wdata: 00000000 | mscratch: 00000000
PC: 80000014 | Instr: 00000013 | rs1_d: 00000000 | rs2_d: 00000000 | alu_res: 00000000 | mem_w: 0 | reg_w: 1 | csr_w: 0 | csr_op: 00 | csr_addr: 000 | csr_wdata: 00000000 | mscratch: 00000000
PC: 80000018 | Instr: 00000013 | rs1_d: 00000000 | rs2_d: 00000000 | alu_res: 00000000 | mem_w: 0 | reg_w: 1 | csr_w: 0 | csr_op: 00 | csr_addr: 000 | csr_wdata: 00000000 | mscratch: 00000000
PC: 8000001c | Instr: 00000013 | rs1_d: 00000000 | rs2_d: 00000000 | alu_res: 00000000 | mem_w: 0 | reg_w: 1 | csr_w: 0 | csr_op: 00 | csr_addr: 000 | csr_wdata: 00000000 | mscratch: 00000000
PC: 80000020 | Instr: 000080e7 | rs1_d: 80007320 | rs2_d: 00000000 | alu_res: 80007320 | mem_w: 0 | reg_w: 1 | csr_w: 0 | csr_op: 00 | csr_addr: 000 | csr_wdata: 80007320 | mscratch: 00000000
PC: 80007320 | Instr: 0005a117 | rs1_d: 00000000 | rs2_d: 00000000 | alu_res: 80061320 | mem_w: 0 | reg_w: 1 | csr_w: 0 | csr_op: 00 | csr_addr: 000 | csr_wdata: 00000000 | mscratch: 00000000
PC: 80007324 | Instr: 1e810113 | rs1_d: 80061320 | rs2_d: 00000000 | alu_res: 80061508 | mem_w: 0 | reg_w: 1 | csr_w: 0 | csr_op: 00 | csr_addr: 1e8 | csr_wdata: 80061320 | mscratch: 00000000
PC: 80007328 | Instr: 000012b7 | rs1_d: 00000000 | rs2_d: 00000000 | alu_res: 00001000 | mem_w: 0 | reg_w: 1 | csr_w: 0 | csr_op: 00 | csr_addr: 000 | csr_wdata: 00000000 | mscratch: 00000000
PC: 8000732c | Instr: 00510133 | rs1_d: 80061508 | rs2_d: 00001000 | alu_res: 80062508 | mem_w: 0 | reg_w: 1 | csr_w: 0 | csr_op: 00 | csr_addr: 005 | csr_wdata: 80061508 | mscratch: 00000000
PC: 80007330 | Instr: 00039197 | rs1_d: 00000000 | rs2_d: 00000000 | alu_res: 80040330 | mem_w: 0 | reg_w: 1 | csr_w: 0 | csr_op: 00 | csr_addr: 000 | csr_wdata: 00000000 | mscratch: 00000000
PC: 80007334 | Instr: cd018193 | rs1_d: 80040330 | rs2_d: 00000000 | alu_res: 80040000 | mem_w: 0 | reg_w: 1 | csr_w: 0 | csr_op: 00 | csr_addr: cd0 | csr_wdata: 80040330 | mscratch: 00000000
PC: 80007338 | Instr: 000062b7 | rs1_d: 00000000 | rs2_d: 00000000 | alu_res: 00006000 | mem_w: 0 | reg_w: 1 | csr_w: 0 | csr_op: 00 | csr_addr: 000 | csr_wdata: 00000000 | mscratch: 00000000
PC: 8000733c | Instr: 3002a073 | rs1_d: 00006000 | rs2_d: 00000000 | alu_res: 00006000 | mem_w: 0 | reg_w: 1 | csr_w: 1 | csr_op: 10 | csr_addr: 300 | csr_wdata: 00006000 | mscratch: 00000000
PC: 80007340 | Instr: 000062b7 | rs1_d: 00000000 | rs2_d: 00000000 | alu_res: 00006000 | mem_w: 0 | reg_w: 1 | csr_w: 0 | csr_op: 00 | csr_addr: 000 | csr_wdata: 00000000 | mscratch: 00000000
PC: 80007344 | Instr: 3002a073 | rs1_d: 00006000 | rs2_d: 00000000 | alu_res: 00006000 | mem_w: 0 | reg_w: 1 | csr_w: 1 | csr_op: 10 | csr_addr: 300 | csr_wdata: 00006000 | mscratch: 00000000
PC: 80007348 | Instr: 00301073 | rs1_d: 00000000 | rs2_d: 80040000 | alu_res: 80040000 | mem_w: 0 | reg_w: 1 | csr_w: 1 | csr_op: 01 | csr_addr: 003 | csr_wdata: 00000000 | mscratch: 00000000
PC: 8000734c | Instr: 7d5c0837 | rs1_d: 00000000 | rs2_d: 00000000 | alu_res: 7d5c0000 | mem_w: 0 | reg_w: 1 | csr_w: 0 | csr_op: 00 | csr_addr: 7d5 | csr_wdata: 00000000 | mscratch: 00000000
PC: 80007350 | Instr: ddb80813 | rs1_d: 7d5c0000 | rs2_d: 00000000 | alu_res: 7d5bfddb | mem_w: 0 | reg_w: 1 | csr_w: 0 | csr_op: 00 | csr_addr: ddb | csr_wdata: 7d5c0000 | mscratch: 00000000
PC: 80007354 | Instr: 01981793 | rs1_d: 7d5bfddb | rs2_d: 00000000 | alu_res: b6000000 | mem_w: 0 | reg_w: 1 | csr_w: 0 | csr_op: 00 | csr_addr: 019 | csr_wdata: 7d5bfddb | mscratch: 00000000
PC: 80007358 | Instr: 00785893 | rs1_d: 7d5bfddb | rs2_d: 00000000 | alu_res: 00fab7fb | mem_w: 0 | reg_w: 1 | csr_w: 0 | csr_op: 00 | csr_addr: 007 | csr_wdata: 7d5bfddb | mscratch: 00000000
PC: 8000735c | Instr: 00f8e8b3 | rs1_d: 00fab7fb | rs2_d: b6000000 | alu_res: b6fab7fb | mem_w: 0 | reg_w: 1 | csr_w: 0 | csr_op: 00 | csr_addr: 00f | csr_wdata: 00fab7fb | mscratch: 00000000
PC: 80007360 | Instr: 01989793 | rs1_d: b6fab7fb | rs2_d: 00000000 | alu_res: f6000000 | mem_w: 0 | reg_w: 1 | csr_w: 0 | csr_op: 00 | csr_addr: 019 | csr_wdata: b6fab7fb | mscratch: 00000000
PC: 80007364 | Instr: 0078d913 | rs1_d: b6fab7fb | rs2_d: 00000000 | alu_res: 016df56f | mem_w: 0 | reg_w: 1 | csr_w: 0 | csr_op: 00 | csr_addr: 007 | csr_wdata: b6fab7fb | mscratch: 00000000
PC: 80007368 | Instr: 00f96933 | rs1_d: 016df56f | rs2_d: f6000000 | alu_res: f76df56f | mem_w: 0 | reg_w: 1 | csr_w: 0 | csr_op: 00 | csr_addr: 00f | csr_wdata: 016df56f | mscratch: 00000000
PC: 8000736c | Instr: 01991793 | rs1_d: f76df56f | rs2_d: 00000000 | alu_res: de000000 | mem_w: 0 | reg_w: 1 | csr_w: 0 | csr_op: 00 | csr_addr: 019 | csr_wdata: f76df56f | mscratch: 00000000
PC: 80007370 | Instr: 00795993 | rs1_d: f76df56f | rs2_d: 00000000 | alu_res: 01eedbea | mem_w: 0 | reg_w: 1 | csr_w: 0 | csr_op: 00 | csr_addr: 007 | csr_wdata: f76df56f | mscratch: 00000000
PC: 80007374 | Instr: 00f9e9b3 | rs1_d: 01eedbea | rs2_d: de000000 | alu_res: dfeedbea | mem_w: 0 | reg_w: 1 | csr_w: 0 | csr_op: 00 | csr_addr: 00f | csr_wdata: 01eedbea | mscratch: 00000000
PC: 80007378 | Instr: 01999793 | rs1_d: dfeedbea | rs2_d: 00000000 | alu_res: d4000000 | mem_w: 0 | reg_w: 1 | csr_w: 0 | csr_op: 00 | csr_addr: 019 | csr_wdata: dfeedbea | mscratch: 00000000
PC: 8000737c | Instr: 0079da13 | rs1_d: dfeedbea | rs2_d: 00000000 | alu_res: 01bfddb7 | mem_w: 0 | reg_w: 1 | csr_w: 0 | csr_op: 00 | csr_addr: 007 | csr_wdata: dfeedbea | mscratch: 00000000
PC: 80007380 | Instr: 00fa6a33 | rs1_d: 01bfddb7 | rs2_d: d4000000 | alu_res: d5bfddb7 | mem_w: 0 | reg_w: 1 | csr_w: 0 | csr_op: 00 | csr_addr: 00f | csr_wdata: 01bfddb7 | mscratch: 00000000
PC: 80007384 | Instr: 019a1793 | rs1_d: d5bfddb7 | rs2_d: 00000000 | alu_res: 6e000000 | mem_w: 0 | reg_w: 1 | csr_w: 0 | csr_op: 00 | csr_addr: 019 | csr_wdata: d5bfddb7 | mscratch: 00000000
PC: 80007388 | Instr: 007a5a93 | rs1_d: d5bfddb7 | rs2_d: 00000000 | alu_res: 01ab7fbb | mem_w: 0 | reg_w: 1 | csr_w: 0 | csr_op: 00 | csr_addr: 007 | csr_wdata: d5bfddb7 | mscratch: 00000000
PC: 8000738c | Instr: 00faeab3 | rs1_d: 01ab7fbb | rs2_d: 6e000000 | alu_res: 6fab7fbb | mem_w: 0 | reg_w: 1 | csr_w: 0 | csr_op: 00 | csr_addr: 00f | csr_wdata: 01ab7fbb | mscratch: 00000000
PC: 80007390 | Instr: 019a9793 | rs1_d: 6fab7fbb | rs2_d: 00000000 | alu_res: 76000000 | mem_w: 0 | reg_w: 1 | csr_w: 0 | csr_op: 00 | csr_addr: 019 | csr_wdata: 6fab7fbb | mscratch: 00000000
PC: 80007394 | Instr: 007adb13 | rs1_d: 6fab7fbb | rs2_d: 00000000 | alu_res: 00df56ff | mem_w: 0 | reg_w: 1 | csr_w: 0 | csr_op: 00 | csr_addr: 007 | csr_wdata: 6fab7fbb | mscratch: 00000000
PC: 80007398 | Instr: 00fb6b33 | rs1_d: 00df56ff | rs2_d: 76000000 | alu_res: 76df56ff | mem_w: 0 | reg_w: 1 | csr_w: 0 | csr_op: 00 | csr_addr: 00f | csr_wdata: 00df56ff | mscratch: 00000000
PC: 8000739c | Instr: 019b1793 | rs1_d: 76df56ff | rs2_d: 00000000 | alu_res: fe000000 | mem_w: 0 | reg_w: 1 | csr_w: 0 | csr_op: 00 | csr_addr: 019 | csr_wdata: 76df56ff | mscratch: 00000000
PC: 800073a0 | Instr: 007b5b93 | rs1_d: 76df56ff | rs2_d: 00000000 | alu_res: 00edbead | mem_w: 0 | reg_w: 1 | csr_w: 0 | csr_op: 00 | csr_addr: 007 | csr_wdata: 76df56ff | mscratch: 00000000
PC: 800073a4 | Instr: 00fbebb3 | rs1_d: 00edbead | rs2_d: fe000000 | alu_res: feedbead | mem_w: 0 | reg_w: 1 | csr_w: 0 | csr_op: 00 | csr_addr: 00f | csr_wdata: 00edbead | mscratch: 00000000
PC: 800073a8 | Instr: 019b9793 | rs1_d: feedbead | rs2_d: 00000000 | alu_res: 5a000000 | mem_w: 0 | reg_w: 1 | csr_w: 0 | csr_op: 00 | csr_addr: 019 | csr_wdata: feedbead | mscratch: 00000000
PC: 800073ac | Instr: 007bdc13 | rs1_d: feedbead | rs2_d: 00000000 | alu_res: 01fddb7d | mem_w: 0 | reg_w: 1 | csr_w: 0 | csr_op: 00 | csr_addr: 007 | csr_wdata: feedbead | mscratch: 00000000
PC: 800073b0 | Instr: 00fc6c33 | rs1_d: 01fddb7d | rs2_d: 5a000000 | alu_res: 5bfddb7d | mem_w: 0 | reg_w: 1 | csr_w: 0 | csr_op: 00 | csr_addr: 00f | csr_wdata: 01fddb7d | mscratch: 00000000
PC: 800073b4 | Instr: 019c1793 | rs1_d: 5bfddb7d | rs2_d: 00000000 | alu_res: fa000000 | mem_w: 0 | reg_w: 1 | csr_w: 0 | csr_op: 00 | csr_addr: 019 | csr_wdata: 5bfddb7d | mscratch: 00000000
PC: 800073b8 | Instr: 007c5c93 | rs1_d: 5bfddb7d | rs2_d: 00000000 | alu_res: 00b7fbb6 | mem_w: 0 | reg_w: 1 | csr_w: 0 | csr_op: 00 | csr_addr: 007 | csr_wdata: 5bfddb7d | mscratch: 00000000
PC: 800073bc | Instr: 00fcecb3 | rs1_d: 00b7fbb6 | rs2_d: fa000000 | alu_res: fab7fbb6 | mem_w: 0 | reg_w: 1 | csr_w: 0 | csr_op: 00 | csr_addr: 00f | csr_wdata: 00b7fbb6 | mscratch: 00000000
PC: 800073c0 | Instr: 019c9793 | rs1_d: fab7fbb6 | rs2_d: fab7fbb6 | alu_res: 6c000000 | mem_w: 0 | reg_w: 1 | csr_w: 0 | csr_op: 00 | csr_addr: 019 | csr_wdata: fab7fbb6 | mscratch: 00000000
PC: 800073c4 | Instr: 007cdd13 | rs1_d: fab7fbb6 | rs2_d: 00000000 | alu_res: 01f56ff7 | mem_w: 0 | reg_w: 1 | csr_w: 0 | csr_op: 00 | csr_addr: 007 | csr_wdata: fab7fbb6 | mscratch: 00000000
PC: 800073c8 | Instr: 00fd6d33 | rs1_d: 01f56ff7 | rs2_d: 6c000000 | alu_res: 6df56ff7 | mem_w: 0 | reg_w: 1 | csr_w: 0 | csr_op: 00 | csr_addr: 00f | csr_wdata: 01f56ff7 | mscratch: 00000000
PC: 800073cc | Instr: 019d1793 | rs1_d: 6df56ff7 | rs2_d: fab7fbb6 | alu_res: ee000000 | mem_w: 0 | reg_w: 1 | csr_w: 0 | csr_op: 00 | csr_addr: 019 | csr_wdata: 6df56ff7 | mscratch: 00000000
PC: 800073d0 | Instr: 007d5d93 | rs1_d: 6df56ff7 | rs2_d: 00000000 | alu_res: 00dbeadf | mem_w: 0 | reg_w: 1 | csr_w: 0 | csr_op: 00 | csr_addr: 007 | csr_wdata: 6df56ff7 | mscratch: 00000000
PC: 800073d4 | Instr: 00fdedb3 | rs1_d: 00dbeadf | rs2_d: ee000000 | alu_res: eedbeadf | mem_w: 0 | reg_w: 1 | csr_w: 0 | csr_op: 00 | csr_addr: 00f | csr_wdata: 00dbeadf | mscratch: 00000000
PC: 800073d8 | Instr: 019d9793 | rs1_d: eedbeadf | rs2_d: fab7fbb6 | alu_res: be000000 | mem_w: 0 | reg_w: 1 | csr_w: 0 | csr_op: 00 | csr_addr: 019 | csr_wdata: eedbeadf | mscratch: 00000000
PC: 800073dc | Instr: 007dde13 | rs1_d: eedbeadf | rs2_d: 00000000 | alu_res: 01ddb7d5 | mem_w: 0 | reg_w: 1 | csr_w: 0 | csr_op: 00 | csr_addr: 007 | csr_wdata: eedbeadf | mscratch: 00000000
PC: 800073e0 | Instr: 00fe6e33 | rs1_d: 01ddb7d5 | rs2_d: be000000 | alu_res: bfddb7d5 | mem_w: 0 | reg_w: 1 | csr_w: 0 | csr_op: 00 | csr_addr: 00f | csr_wdata: 01ddb7d5 | mscratch: 00000000
PC: 800073e4 | Instr: 019e1793 | rs1_d: bfddb7d5 | rs2_d: fab7fbb6 | alu_res: aa000000 | mem_w: 0 | reg_w: 1 | csr_w: 0 | csr_op: 00 | csr_addr: 019 | csr_wdata: bfddb7d5 | mscratch: 00000000
PC: 800073e8 | Instr: 007e5e93 | rs1_d: bfddb7d5 | rs2_d: 00000000 | alu_res: 017fbb6f | mem_w: 0 | reg_w: 1 | csr_w: 0 | csr_op: 00 | csr_addr: 007 | csr_wdata: bfddb7d5 | mscratch: 00000000
PC: 800073ec | Instr: 00feeeb3 | rs1_d: 017fbb6f | rs2_d: aa000000 | alu_res: ab7fbb6f | mem_w: 0 | reg_w: 1 | csr_w: 0 | csr_op: 00 | csr_addr: 00f | csr_wdata: 017fbb6f | mscratch: 00000000
PC: 800073f0 | Instr: 019e9793 | rs1_d: ab7fbb6f | rs2_d: fab7fbb6 | alu_res: de000000 | mem_w: 0 | reg_w: 1 | csr_w: 0 | csr_op: 00 | csr_addr: 019 | csr_wdata: ab7fbb6f | mscratch: 00000000
PC: 800073f4 | Instr: 007edf13 | rs1_d: ab7fbb6f | rs2_d: 00000000 | alu_res: 0156ff76 | mem_w: 0 | reg_w: 1 | csr_w: 0 | csr_op: 00 | csr_addr: 007 | csr_wdata: ab7fbb6f | mscratch: 00000000
PC: 800073f8 | Instr: 00ff6f33 | rs1_d: 0156ff76 | rs2_d: de000000 | alu_res: df56ff76 | mem_w: 0 | reg_w: 1 | csr_w: 0 | csr_op: 00 | csr_addr: 00f | csr_wdata: 0156ff76 | mscratch: 00000000
PC: 800073fc | Instr: 019f1793 | rs1_d: df56ff76 | rs2_d: fab7fbb6 | alu_res: ec000000 | mem_w: 0 | reg_w: 1 | csr_w: 0 | csr_op: 00 | csr_addr: 019 | csr_wdata: df56ff76 | mscratch: 00000000
PC: 80007400 | Instr: 007f5f93 | rs1_d: df56ff76 | rs2_d: 00000000 | alu_res: 01beadfe | mem_w: 0 | reg_w: 1 | csr_w: 0 | csr_op: 00 | csr_addr: 007 | csr_wdata: df56ff76 | mscratch: 00000000
PC: 80007404 | Instr: 00ffefb3 | rs1_d: 01beadfe | rs2_d: ec000000 | alu_res: edbeadfe | mem_w: 0 | reg_w: 1 | csr_w: 0 | csr_op: 00 | csr_addr: 00f | csr_wdata: 01beadfe | mscratch: 00000000
PC: 80007408 | Instr: feedc0b7 | rs1_d: eedbeadf | rs2_d: 00000000 | alu_res: feedc000 | mem_w: 0 | reg_w: 1 | csr_w: 0 | csr_op: 00 | csr_addr: fee | csr_wdata: eedbeadf | mscratch: 00000000
PC: 8000740c | Instr: ead08093 | rs1_d: feedc000 | rs2_d: 00000000 | alu_res: feedbead | mem_w: 0 | reg_w: 1 | csr_w: 0 | csr_op: 00 | csr_addr: ead | csr_wdata: feedc000 | mscratch: 00000000
PC: 80007410 | Instr: 01909793 | rs1_d: feedbead | rs2_d: fab7fbb6 | alu_res: 5a000000 | mem_w: 0 | reg_w: 1 | csr_w: 0 | csr_op: 00 | csr_addr: 019 | csr_wdata: feedbead | mscratch: 00000000
PC: 80007414 | Instr: 0070d113 | rs1_d: feedbead | rs2_d: 00000000 | alu_res: 01fddb7d | mem_w: 0 | reg_w: 1 | csr_w: 0 | csr_op: 00 | csr_addr: 007 | csr_wdata: feedbead | mscratch: 00000000
PC: 80007418 | Instr: 00f16133 | rs1_d: 01fddb7d | rs2_d: 5a000000 | alu_res: 5bfddb7d | mem_w: 0 | reg_w: 1 | csr_w: 0 | csr_op: 00 | csr_addr: 00f | csr_wdata: 01fddb7d | mscratch: 00000000
PC: 8000741c | Instr: 01911793 | rs1_d: 5bfddb7d | rs2_d: fab7fbb6 | alu_res: fa000000 | mem_w: 0 | reg_w: 1 | csr_w: 0 | csr_op: 00 | csr_addr: 019 | csr_wdata: 5bfddb7d | mscratch: 00000000
PC: 80007420 | Instr: 00715193 | rs1_d: 5bfddb7d | rs2_d: 00000000 | alu_res: 00b7fbb6 | mem_w: 0 | reg_w: 1 | csr_w: 0 | csr_op: 00 | csr_addr: 007 | csr_wdata: 5bfddb7d | mscratch: 00000000
PC: 80007424 | Instr: 00f1e1b3 | rs1_d: 00b7fbb6 | rs2_d: fa000000 | alu_res: fab7fbb6 | mem_w: 0 | reg_w: 1 | csr_w: 0 | csr_op: 00 | csr_addr: 00f | csr_wdata: 00b7fbb6 | mscratch: 00000000
PC: 80007428 | Instr: 01919793 | rs1_d: fab7fbb6 | rs2_d: fab7fbb6 | alu_res: 6c000000 | mem_w: 0 | reg_w: 1 | csr_w: 0 | csr_op: 00 | csr_addr: 019 | csr_wdata: fab7fbb6 | mscratch: 00000000
PC: 8000742c | Instr: 0071d213 | rs1_d: fab7fbb6 | rs2_d: 00000000 | alu_res: 01f56ff7 | mem_w: 0 | reg_w: 1 | csr_w: 0 | csr_op: 00 | csr_addr: 007 | csr_wdata: fab7fbb6 | mscratch: 00000000
PC: 80007430 | Instr: 00f26233 | rs1_d: 01f56ff7 | rs2_d: 6c000000 | alu_res: 6df56ff7 | mem_w: 0 | reg_w: 1 | csr_w: 0 | csr_op: 00 | csr_addr: 00f | csr_wdata: 01f56ff7 | mscratch: 00000000
PC: 80007434 | Instr: 01921793 | rs1_d: 6df56ff7 | rs2_d: fab7fbb6 | alu_res: ee000000 | mem_w: 0 | reg_w: 1 | csr_w: 0 | csr_op: 00 | csr_addr: 019 | csr_wdata: 6df56ff7 | mscratch: 00000000
PC: 80007438 | Instr: 00725293 | rs1_d: 6df56ff7 | rs2_d: 00000000 | alu_res: 00dbeadf | mem_w: 0 | reg_w: 1 | csr_w: 0 | csr_op: 00 | csr_addr: 007 | csr_wdata: 6df56ff7 | mscratch: 00000000
PC: 8000743c | Instr: 00f2e2b3 | rs1_d: 00dbeadf | rs2_d: ee000000 | alu_res: eedbeadf | mem_w: 0 | reg_w: 1 | csr_w: 0 | csr_op: 00 | csr_addr: 00f | csr_wdata: 00dbeadf | mscratch: 00000000
PC: 80007440 | Instr: 01929793 | rs1_d: eedbeadf | rs2_d: fab7fbb6 | alu_res: be000000 | mem_w: 0 | reg_w: 1 | csr_w: 0 | csr_op: 00 | csr_addr: 019 | csr_wdata: eedbeadf | mscratch: 00000000
PC: 80007444 | Instr: 0072d313 | rs1_d: eedbeadf | rs2_d: 00000000 | alu_res: 01ddb7d5 | mem_w: 0 | reg_w: 1 | csr_w: 0 | csr_op: 00 | csr_addr: 007 | csr_wdata: eedbeadf | mscratch: 00000000
PC: 80007448 | Instr: 00f36333 | rs1_d: 01ddb7d5 | rs2_d: be000000 | alu_res: bfddb7d5 | mem_w: 0 | reg_w: 1 | csr_w: 0 | csr_op: 00 | csr_addr: 00f | csr_wdata: 01ddb7d5 | mscratch: 00000000
PC: 8000744c | Instr: 01931793 | rs1_d: bfddb7d5 | rs2_d: fab7fbb6 | alu_res: aa000000 | mem_w: 0 | reg_w: 1 | csr_w: 0 | csr_op: 00 | csr_addr: 019 | csr_wdata: bfddb7d5 | mscratch: 00000000
PC: 80007450 | Instr: 00735393 | rs1_d: bfddb7d5 | rs2_d: 00000000 | alu_res: 017fbb6f | mem_w: 0 | reg_w: 1 | csr_w: 0 | csr_op: 00 | csr_addr: 007 | csr_wdata: bfddb7d5 | mscratch: 00000000
PC: 80007454 | Instr: 00f3e3b3 | rs1_d: 017fbb6f | rs2_d: aa000000 | alu_res: ab7fbb6f | mem_w: 0 | reg_w: 1 | csr_w: 0 | csr_op: 00 | csr_addr: 00f | csr_wdata: 017fbb6f | mscratch: 00000000
PC: 80007458 | Instr: 01939793 | rs1_d: ab7fbb6f | rs2_d: fab7fbb6 | alu_res: de000000 | mem_w: 0 | reg_w: 1 | csr_w: 0 | csr_op: 00 | csr_addr: 019 | csr_wdata: ab7fbb6f | mscratch: 00000000
PC: 8000745c | Instr: 0073d413 | rs1_d: ab7fbb6f | rs2_d: ab7fbb6f | alu_res: 0156ff76 | mem_w: 0 | reg_w: 1 | csr_w: 0 | csr_op: 00 | csr_addr: 007 | csr_wdata: ab7fbb6f | mscratch: 00000000
PC: 80007460 | Instr: 00f46433 | rs1_d: 0156ff76 | rs2_d: de000000 | alu_res: df56ff76 | mem_w: 0 | reg_w: 1 | csr_w: 0 | csr_op: 00 | csr_addr: 00f | csr_wdata: 0156ff76 | mscratch: 00000000
PC: 80007464 | Instr: 01941793 | rs1_d: df56ff76 | rs2_d: fab7fbb6 | alu_res: ec000000 | mem_w: 0 | reg_w: 1 | csr_w: 0 | csr_op: 00 | csr_addr: 019 | csr_wdata: df56ff76 | mscratch: 00000000
PC: 80007468 | Instr: 00745493 | rs1_d: df56ff76 | rs2_d: ab7fbb6f | alu_res: 01beadfe | mem_w: 0 | reg_w: 1 | csr_w: 0 | csr_op: 00 | csr_addr: 007 | csr_wdata: df56ff76 | mscratch: 00000000
PC: 8000746c | Instr: 00f4e4b3 | rs1_d: 01beadfe | rs2_d: ec000000 | alu_res: edbeadfe | mem_w: 0 | reg_w: 1 | csr_w: 0 | csr_op: 00 | csr_addr: 00f | csr_wdata: 01beadfe | mscratch: 00000000
PC: 80007470 | Instr: 01949793 | rs1_d: edbeadfe | rs2_d: fab7fbb6 | alu_res: fc000000 | mem_w: 0 | reg_w: 1 | csr_w: 0 | csr_op: 00 | csr_addr: 019 | csr_wdata: edbeadfe | mscratch: 00000000
PC: 80007474 | Instr: 0074d513 | rs1_d: edbeadfe | rs2_d: ab7fbb6f | alu_res: 01db7d5b | mem_w: 0 | reg_w: 1 | csr_w: 0 | csr_op: 00 | csr_addr: 007 | csr_wdata: edbeadfe | mscratch: 00000000
PC: 80007478 | Instr: 00f56533 | rs1_d: 01db7d5b | rs2_d: fc000000 | alu_res: fddb7d5b | mem_w: 0 | reg_w: 1 | csr_w: 0 | csr_op: 00 | csr_addr: 00f | csr_wdata: 01db7d5b | mscratch: 00000000
PC: 8000747c | Instr: 01951793 | rs1_d: fddb7d5b | rs2_d: fab7fbb6 | alu_res: b6000000 | mem_w: 0 | reg_w: 1 | csr_w: 0 | csr_op: 00 | csr_addr: 019 | csr_wdata: fddb7d5b | mscratch: 00000000
PC: 80007480 | Instr: 00755593 | rs1_d: fddb7d5b | rs2_d: ab7fbb6f | alu_res: 01fbb6fa | mem_w: 0 | reg_w: 1 | csr_w: 0 | csr_op: 00 | csr_addr: 007 | csr_wdata: fddb7d5b | mscratch: 00000000
PC: 80007484 | Instr: 00f5e5b3 | rs1_d: 01fbb6fa | rs2_d: b6000000 | alu_res: b7fbb6fa | mem_w: 0 | reg_w: 1 | csr_w: 0 | csr_op: 00 | csr_addr: 00f | csr_wdata: 01fbb6fa | mscratch: 00000000
PC: 80007488 | Instr: 01959793 | rs1_d: b7fbb6fa | rs2_d: fab7fbb6 | alu_res: f4000000 | mem_w: 0 | reg_w: 1 | csr_w: 0 | csr_op: 00 | csr_addr: 019 | csr_wdata: b7fbb6fa | mscratch: 00000000
PC: 8000748c | Instr: 0075d613 | rs1_d: b7fbb6fa | rs2_d: ab7fbb6f | alu_res: 016ff76d | mem_w: 0 | reg_w: 1 | csr_w: 0 | csr_op: 00 | csr_addr: 007 | csr_wdata: b7fbb6fa | mscratch: 00000000
PC: 80007490 | Instr: 00f66633 | rs1_d: 016ff76d | rs2_d: f4000000 | alu_res: f56ff76d | mem_w: 0 | reg_w: 1 | csr_w: 0 | csr_op: 00 | csr_addr: 00f | csr_wdata: 016ff76d | mscratch: 00000000
PC: 80007494 | Instr: 01961793 | rs1_d: f56ff76d | rs2_d: fab7fbb6 | alu_res: da000000 | mem_w: 0 | reg_w: 1 | csr_w: 0 | csr_op: 00 | csr_addr: 019 | csr_wdata: f56ff76d | mscratch: 00000000
PC: 80007498 | Instr: 00765693 | rs1_d: f56ff76d | rs2_d: ab7fbb6f | alu_res: 01eadfee | mem_w: 0 | reg_w: 1 | csr_w: 0 | csr_op: 00 | csr_addr: 007 | csr_wdata: f56ff76d | mscratch: 00000000
PC: 8000749c | Instr: 00f6e6b3 | rs1_d: 01eadfee | rs2_d: da000000 | alu_res: dbeadfee | mem_w: 0 | reg_w: 1 | csr_w: 0 | csr_op: 00 | csr_addr: 00f | csr_wdata: 01eadfee | mscratch: 00000000
PC: 800074a0 | Instr: 01969793 | rs1_d: dbeadfee | rs2_d: fab7fbb6 | alu_res: dc000000 | mem_w: 0 | reg_w: 1 | csr_w: 0 | csr_op: 00 | csr_addr: 019 | csr_wdata: dbeadfee | mscratch: 00000000
PC: 800074a4 | Instr: 0076d713 | rs1_d: dbeadfee | rs2_d: ab7fbb6f | alu_res: 01b7d5bf | mem_w: 0 | reg_w: 1 | csr_w: 0 | csr_op: 00 | csr_addr: 007 | csr_wdata: dbeadfee | mscratch: 00000000
PC: 800074a8 | Instr: 00f76733 | rs1_d: 01b7d5bf | rs2_d: dc000000 | alu_res: ddb7d5bf | mem_w: 0 | reg_w: 1 | csr_w: 0 | csr_op: 00 | csr_addr: 00f | csr_wdata: 01b7d5bf | mscratch: 00000000
PC: 800074ac | Instr: fab807b7 | rs1_d: 7d5bfddb | rs2_d: b7fbb6fa | alu_res: fab80000 | mem_w: 0 | reg_w: 1 | csr_w: 0 | csr_op: 00 | csr_addr: fab | csr_wdata: 7d5bfddb | mscratch: 00000000
PC: 800074b0 | Instr: bb678793 | rs1_d: fab80000 | rs2_d: 76df56ff | alu_res: fab7fbb6 | mem_w: 0 | reg_w: 1 | csr_w: 0 | csr_op: 00 | csr_addr: bb6 | csr_wdata: fab80000 | mscratch: 00000000
PC: 800074b4 | Instr: 00000013 | rs1_d: 00000000 | rs2_d: 00000000 | alu_res: 00000000 | mem_w: 0 | reg_w: 1 | csr_w: 0 | csr_op: 00 | csr_addr: 000 | csr_wdata: 00000000 | mscratch: 00000000
PC: 800074b8 | Instr: 00000013 | rs1_d: 00000000 | rs2_d: 00000000 | alu_res: 00000000 | mem_w: 0 | reg_w: 1 | csr_w: 0 | csr_op: 00 | csr_addr: 000 | csr_wdata: 00000000 | mscratch: 00000000
PC: 800074bc | Instr: 00000013 | rs1_d: 00000000 | rs2_d: 00000000 | alu_res: 00000000 | mem_w: 0 | reg_w: 1 | csr_w: 0 | csr_op: 00 | csr_addr: 000 | csr_wdata: 00000000 | mscratch: 00000000
PC: 800074c0 | Instr: 0003c117 | rs1_d: ab7fbb6f | rs2_d: 00000000 | alu_res: 800434c0 | mem_w: 0 | reg_w: 1 | csr_w: 0 | csr_op: 00 | csr_addr: 000 | csr_wdata: ab7fbb6f | mscratch: 00000000
PC: 800074c4 | Instr: d1010113 | rs1_d: 800434c0 | rs2_d: 7d5bfddb | alu_res: 800431d0 | mem_w: 0 | reg_w: 1 | csr_w: 0 | csr_op: 00 | csr_addr: d10 | csr_wdata: 800434c0 | mscratch: 00000000
PC: 800074c8 | Instr: 00000013 | rs1_d: 00000000 | rs2_d: 00000000 | alu_res: 00000000 | mem_w: 0 | reg_w: 1 | csr_w: 0 | csr_op: 00 | csr_addr: 000 | csr_wdata: 00000000 | mscratch: 00000000
PC: 800074cc | Instr: 00000013 | rs1_d: 00000000 | rs2_d: 00000000 | alu_res: 00000000 | mem_w: 0 | reg_w: 1 | csr_w: 0 | csr_op: 00 | csr_addr: 000 | csr_wdata: 00000000 | mscratch: 00000000
PC: 800074d0 | Instr: 00000013 | rs1_d: 00000000 | rs2_d: 00000000 | alu_res: 00000000 | mem_w: 0 | reg_w: 1 | csr_w: 0 | csr_op: 00 | csr_addr: 000 | csr_wdata: 00000000 | mscratch: 00000000
PC: 800074d4 | Instr: 00000013 | rs1_d: 00000000 | rs2_d: 00000000 | alu_res: 00000000 | mem_w: 0 | reg_w: 1 | csr_w: 0 | csr_op: 00 | csr_addr: 000 | csr_wdata: 00000000 | mscratch: 00000000
PC: 800074d8 | Instr: 00000013 | rs1_d: 00000000 | rs2_d: 00000000 | alu_res: 00000000 | mem_w: 0 | reg_w: 1 | csr_w: 0 | csr_op: 00 | csr_addr: 000 | csr_wdata: 00000000 | mscratch: 00000000
PC: 800074dc | Instr: 00000013 | rs1_d: 00000000 | rs2_d: 00000000 | alu_res: 00000000 | mem_w: 0 | reg_w: 1 | csr_w: 0 | csr_op: 00 | csr_addr: 000 | csr_wdata: 00000000 | mscratch: 00000000
PC: 800074e0 | Instr: e7d4b337 | rs1_d: edbeadfe | rs2_d: ab7fbb6f | alu_res: e7d4b000 | mem_w: 0 | reg_w: 1 | csr_w: 0 | csr_op: 00 | csr_addr: e7d | csr_wdata: edbeadfe | mscratch: 00000000
PC: 800074e4 | Instr: 28130313 | rs1_d: e7d4b000 | rs2_d: feedbead | alu_res: e7d4b281 | mem_w: 0 | reg_w: 1 | csr_w: 0 | csr_op: 00 | csr_addr: 281 | csr_wdata: e7d4b000 | mscratch: 00000000
PC: 800074e8 | Instr: 00012203 | rs1_d: 800431d0 | rs2_d: 00000000 | alu_res: 800431d0 | mem_w: 0 | reg_w: 1 | csr_w: 0 | csr_op: 00 | csr_addr: 000 | csr_wdata: 800431d0 | mscratch: 00000000
PC: 800074ec | Instr: 00620863 | rs1_d: e7d4b281 | rs2_d: e7d4b281 | alu_res: 00000000 | mem_w: 0 | reg_w: 0 | csr_w: 0 | csr_op: 00 | csr_addr: 006 | csr_wdata: e7d4b281 | mscratch: 00000000
PC: 800074fc | Instr: 00810113 | rs1_d: 800431d0 | rs2_d: df56ff76 | alu_res: 800431d8 | mem_w: 0 | reg_w: 1 | csr_w: 0 | csr_op: 00 | csr_addr: 008 | csr_wdata: 800431d0 | mscratch: 00000000
PC: 80007500 | Instr: 00039197 | rs1_d: ab7fbb6f | rs2_d: 00000000 | alu_res: 80040500 | mem_w: 0 | reg_w: 1 | csr_w: 0 | csr_op: 00 | csr_addr: 000 | csr_wdata: ab7fbb6f | mscratch: 00000000
PC: 80007504 | Instr: c1018193 | rs1_d: 80040500 | rs2_d: 7d5bfddb | alu_res: 80040110 | mem_w: 0 | reg_w: 1 | csr_w: 0 | csr_op: 00 | csr_addr: c10 | csr_wdata: 80040500 | mscratch: 00000000
PC: 80007508 | Instr: 00000013 | rs1_d: 00000000 | rs2_d: 00000000 | alu_res: 00000000 | mem_w: 0 | reg_w: 1 | csr_w: 0 | csr_op: 00 | csr_addr: 000 | csr_wdata: 00000000 | mscratch: 00000000
PC: 8000750c | Instr: 00000013 | rs1_d: 00000000 | rs2_d: 00000000 | alu_res: 00000000 | mem_w: 0 | reg_w: 1 | csr_w: 0 | csr_op: 00 | csr_addr: 000 | csr_wdata: 00000000 | mscratch: 00000000
PC: 80007510 | Instr: 00000013 | rs1_d: 00000000 | rs2_d: 00000000 | alu_res: 00000000 | mem_w: 0 | reg_w: 1 | csr_w: 0 | csr_op: 00 | csr_addr: 000 | csr_wdata: 00000000 | mscratch: 00000000
PC: 80007514 | Instr: 00000013 | rs1_d: 00000000 | rs2_d: 00000000 | alu_res: 00000000 | mem_w: 0 | reg_w: 1 | csr_w: 0 | csr_op: 00 | csr_addr: 000 | csr_wdata: 00000000 | mscratch: 00000000
PC: 80007518 | Instr: 00000013 | rs1_d: 00000000 | rs2_d: 00000000 | alu_res: 00000000 | mem_w: 0 | reg_w: 1 | csr_w: 0 | csr_op: 00 | csr_addr: 000 | csr_wdata: 00000000 | mscratch: 00000000
PC: 8000751c | Instr: 00000013 | rs1_d: 00000000 | rs2_d: 00000000 | alu_res: 00000000 | mem_w: 0 | reg_w: 1 | csr_w: 0 | csr_op: 00 | csr_addr: 000 | csr_wdata: 00000000 | mscratch: 00000000
PC: 80007520 | Instr: ffff9317 | rs1_d: edbeadfe | rs2_d: edbeadfe | alu_res: 80000520 | mem_w: 0 | reg_w: 1 | csr_w: 0 | csr_op: 00 | csr_addr: fff | csr_wdata: edbeadfe | mscratch: 00000000
PC: 80007524 | Instr: b2030313 | rs1_d: 80000520 | rs2_d: 00000000 | alu_res: 80000040 | mem_w: 0 | reg_w: 1 | csr_w: 0 | csr_op: 00 | csr_addr: b20 | csr_wdata: 80000520 | mscratch: 00000000
PC: 80007528 | Instr: 00000013 | rs1_d: 00000000 | rs2_d: 00000000 | alu_res: 00000000 | mem_w: 0 | reg_w: 1 | csr_w: 0 | csr_op: 00 | csr_addr: 000 | csr_wdata: 00000000 | mscratch: 00000000
PC: 8000752c | Instr: 00000013 | rs1_d: 00000000 | rs2_d: 00000000 | alu_res: 00000000 | mem_w: 0 | reg_w: 1 | csr_w: 0 | csr_op: 00 | csr_addr: 000 | csr_wdata: 00000000 | mscratch: 00000000
PC: 80007530 | Instr: 00000013 | rs1_d: 00000000 | rs2_d: 00000000 | alu_res: 00000000 | mem_w: 0 | reg_w: 1 | csr_w: 0 | csr_op: 00 | csr_addr: 000 | csr_wdata: 00000000 | mscratch: 00000000
PC: 80007534 | Instr: 00000013 | rs1_d: 00000000 | rs2_d: 00000000 | alu_res: 00000000 | mem_w: 0 | reg_w: 1 | csr_w: 0 | csr_op: 00 | csr_addr: 000 | csr_wdata: 00000000 | mscratch: 00000000
PC: 80007538 | Instr: 00000013 | rs1_d: 00000000 | rs2_d: 00000000 | alu_res: 00000000 | mem_w: 0 | reg_w: 1 | csr_w: 0 | csr_op: 00 | csr_addr: 000 | csr_wdata: 00000000 | mscratch: 00000000
PC: 8000753c | Instr: 00000013 | rs1_d: 00000000 | rs2_d: 00000000 | alu_res: 00000000 | mem_w: 0 | reg_w: 1 | csr_w: 0 | csr_op: 00 | csr_addr: 000 | csr_wdata: 00000000 | mscratch: 00000000
PC: 80007540 | Instr: 00030067 | rs1_d: 80000040 | rs2_d: 00000000 | alu_res: 80000040 | mem_w: 0 | reg_w: 1 | csr_w: 0 | csr_op: 00 | csr_addr: 000 | csr_wdata: 80000040 | mscratch: 00000000
PC: 80000040 | Instr: 0001a007 | rs1_d: 80040110 | rs2_d: 00000000 | alu_res: 80040110 | mem_w: 0 | reg_w: 0 | csr_w: 0 | csr_op: 00 | csr_addr: 000 | csr_wdata: 80040110 | mscratch: 00000000
PC: 80000044 | Instr: 00818193 | rs1_d: 80040110 | rs2_d: df56ff76 | alu_res: 80040118 | mem_w: 0 | reg_w: 1 | csr_w: 0 | csr_op: 00 | csr_addr: 008 | csr_wdata: 80040110 | mscratch: 00000000
PC: 80000048 | Instr: 00105073 | rs1_d: 00000000 | rs2_d: feedbead | alu_res: feedbead | mem_w: 0 | reg_w: 1 | csr_w: 1 | csr_op: 01 | csr_addr: 001 | csr_wdata: 00000000 | mscratch: 00000000
PC: 8000004c | Instr: 420009d3 | rs1_d: 00000000 | rs2_d: 00000000 | alu_res: 00000000 | mem_w: 0 | reg_w: 0 | csr_w: 0 | csr_op: 00 | csr_addr: 420 | csr_wdata: 00000000 | mscratch: 00000000
PC: 80000050 | Instr: 00000013 | rs1_d: 00000000 | rs2_d: 00000000 | alu_res: 00000000 | mem_w: 0 | reg_w: 1 | csr_w: 0 | csr_op: 00 | csr_addr: 000 | csr_wdata: 00000000 | mscratch: 00000000
PC: 80000054 | Instr: 00000013 | rs1_d: 00000000 | rs2_d: 00000000 | alu_res: 00000000 | mem_w: 0 | reg_w: 1 | csr_w: 0 | csr_op: 00 | csr_addr: 000 | csr_wdata: 00000000 | mscratch: 00000000
PC: 80000058 | Instr: 00000013 | rs1_d: 00000000 | rs2_d: 00000000 | alu_res: 00000000 | mem_w: 0 | reg_w: 1 | csr_w: 0 | csr_op: 00 | csr_addr: 000 | csr_wdata: 00000000 | mscratch: 00000000
PC: 8000005c | Instr: 00000013 | rs1_d: 00000000 | rs2_d: 00000000 | alu_res: 00000000 | mem_w: 0 | reg_w: 1 | csr_w: 0 | csr_op: 00 | csr_addr: 000 | csr_wdata: 00000000 | mscratch: 00000000
PC: 80000060 | Instr: 00040297 | rs1_d: df56ff76 | rs2_d: 00000000 | alu_res: 80040060 | mem_w: 0 | reg_w: 1 | csr_w: 0 | csr_op: 00 | csr_addr: 000 | csr_wdata: df56ff76 | mscratch: 00000000
PC: 80000064 | Instr: fa028293 | rs1_d: 80040060 | rs2_d: 00000000 | alu_res: 80040000 | mem_w: 0 | reg_w: 1 | csr_w: 0 | csr_op: 00 | csr_addr: fa0 | csr_wdata: 80040060 | mscratch: 00000000
PC: 80000068 | Instr: 00000013 | rs1_d: 00000000 | rs2_d: 00000000 | alu_res: 00000000 | mem_w: 0 | reg_w: 1 | csr_w: 0 | csr_op: 00 | csr_addr: 000 | csr_wdata: 00000000 | mscratch: 00000000
PC: 8000006c | Instr: 00000013 | rs1_d: 00000000 | rs2_d: 00000000 | alu_res: 00000000 | mem_w: 0 | reg_w: 1 | csr_w: 0 | csr_op: 00 | csr_addr: 000 | csr_wdata: 00000000 | mscratch: 00000000
PC: 80000070 | Instr: 00000013 | rs1_d: 00000000 | rs2_d: 00000000 | alu_res: 00000000 | mem_w: 0 | reg_w: 1 | csr_w: 0 | csr_op: 00 | csr_addr: 000 | csr_wdata: 00000000 | mscratch: 00000000
PC: 80000074 | Instr: 00000013 | rs1_d: 00000000 | rs2_d: 00000000 | alu_res: 00000000 | mem_w: 0 | reg_w: 1 | csr_w: 0 | csr_op: 00 | csr_addr: 000 | csr_wdata: 00000000 | mscratch: 00000000
PC: 80000078 | Instr: 00000013 | rs1_d: 00000000 | rs2_d: 00000000 | alu_res: 00000000 | mem_w: 0 | reg_w: 1 | csr_w: 0 | csr_op: 00 | csr_addr: 000 | csr_wdata: 00000000 | mscratch: 00000000
PC: 8000007c | Instr: 00000013 | rs1_d: 00000000 | rs2_d: 00000000 | alu_res: 00000000 | mem_w: 0 | reg_w: 1 | csr_w: 0 | csr_op: 00 | csr_addr: 000 | csr_wdata: 00000000 | mscratch: 00000000
PC: 80000080 | Instr: 0132b027 | rs1_d: 80040000 | rs2_d: dfeedbea | alu_res: 80040000 | mem_w: 0 | reg_w: 0 | csr_w: 0 | csr_op: 00 | csr_addr: 013 | csr_wdata: 80040000 | mscratch: 00000000
PC: 80000084 | Instr: 0002a283 | rs1_d: 80040000 | rs2_d: 00000000 | alu_res: 80040000 | mem_w: 0 | reg_w: 1 | csr_w: 0 | csr_op: 00 | csr_addr: 000 | csr_wdata: 80040000 | mscratch: 00000000
PC: 80000088 | Instr: 00012203 | rs1_d: 800431d8 | rs2_d: 00000000 | alu_res: 800431d8 | mem_w: 0 | reg_w: 1 | csr_w: 0 | csr_op: 00 | csr_addr: 000 | csr_wdata: 800431d8 | mscratch: 00000000
PC: 8000008c | Instr: 00520863 | rs1_d: 60000000 | rs2_d: 00000000 | alu_res: 60000000 | mem_w: 0 | reg_w: 0 | csr_w: 0 | csr_op: 00 | csr_addr: 005 | csr_wdata: 60000000 | mscratch: 00000000
PC: 80000090 | Instr: 001062ef | rs1_d: 00000000 | rs2_d: feedbead | alu_res: feedbead | mem_w: 0 | reg_w: 1 | csr_w: 0 | csr_op: 00 | csr_addr: 001 | csr_wdata: 00000000 | mscratch: 00000000
PC: 80006890 | Instr: 0003c217 | rs1_d: ab7fbb6f | rs2_d: 00000000 | alu_res: 80042890 | mem_w: 0 | reg_w: 1 | csr_w: 0 | csr_op: 00 | csr_addr: 000 | csr_wdata: ab7fbb6f | mscratch: 00000000
PC: 80006894 | Instr: c1020213 | rs1_d: 80042890 | rs2_d: 7d5bfddb | alu_res: 800424a0 | mem_w: 0 | reg_w: 1 | csr_w: 0 | csr_op: 00 | csr_addr: c10 | csr_wdata: 80042890 | mscratch: 00000000
PC: 80006898 | Instr: 02522423 | rs1_d: 800424a0 | rs2_d: 80000094 | alu_res: 800424c8 | mem_w: 1 | reg_w: 0 | csr_w: 0 | csr_op: 00 | csr_addr: 025 | csr_wdata: 800424a0 | mscratch: 00000000
PC: 8000689c | Instr: 00122423 | rs1_d: 800424a0 | rs2_d: feedbead | alu_res: 800424a8 | mem_w: 1 | reg_w: 0 | csr_w: 0 | csr_op: 00 | csr_addr: 001 | csr_wdata: 800424a0 | mscratch: 00000000
PC: 800068a0 | Instr: 00100093 | rs1_d: 00000000 | rs2_d: feedbead | alu_res: 00000001 | mem_w: 0 | reg_w: 1 | csr_w: 0 | csr_op: 00 | csr_addr: 001 | csr_wdata: 00000000 | mscratch: 00000000
PC: 800068a4 | Instr: 00122023 | rs1_d: 800424a0 | rs2_d: 00000001 | alu_res: 800424a0 | mem_w: 1 | reg_w: 0 | csr_w: 0 | csr_op: 00 | csr_addr: 001 | csr_wdata: 800424a0 | mscratch: 00000000
PC: 800068a8 | Instr: 0d00006f | rs1_d: 00000000 | rs2_d: 7d5bfddb | alu_res: 7d5bfddb | mem_w: 0 | reg_w: 1 | csr_w: 0 | csr_op: 00 | csr_addr: 0d0 | csr_wdata: 00000000 | mscratch: 00000000
PC: 80006978 | Instr: 00222823 | rs1_d: 800424a0 | rs2_d: 800431d8 | alu_res: 800424b0 | mem_w: 1 | reg_w: 0 | csr_w: 0 | csr_op: 00 | csr_addr: 002 | csr_wdata: 800424a0 | mscratch: 00000000
PC: 8000697c | Instr: 00322c23 | rs1_d: 800424a0 | rs2_d: 80040118 | alu_res: 800424b8 | mem_w: 1 | reg_w: 0 | csr_w: 0 | csr_op: 00 | csr_addr: 003 | csr_wdata: 800424a0 | mscratch: 00000000
PC: 80006980 | Instr: 02622823 | rs1_d: 800424a0 | rs2_d: 80000040 | alu_res: 800424d0 | mem_w: 1 | reg_w: 0 | csr_w: 0 | csr_op: 00 | csr_addr: 026 | csr_wdata: 800424a0 | mscratch: 00000000
PC: 80006984 | Instr: 02722c23 | rs1_d: 800424a0 | rs2_d: ab7fbb6f | alu_res: 800424d8 | mem_w: 1 | reg_w: 0 | csr_w: 0 | csr_op: 00 | csr_addr: 027 | csr_wdata: 800424a0 | mscratch: 00000000
PC: 80006988 | Instr: 04822023 | rs1_d: 800424a0 | rs2_d: df56ff76 | alu_res: 800424e0 | mem_w: 1 | reg_w: 0 | csr_w: 0 | csr_op: 00 | csr_addr: 048 | csr_wdata: 800424a0 | mscratch: 00000000
PC: 8000698c | Instr: 04922423 | rs1_d: 800424a0 | rs2_d: edbeadfe | alu_res: 800424e8 | mem_w: 1 | reg_w: 0 | csr_w: 0 | csr_op: 00 | csr_addr: 049 | csr_wdata: 800424a0 | mscratch: 00000000
PC: 80006990 | Instr: 04a22823 | rs1_d: 800424a0 | rs2_d: fddb7d5b | alu_res: 800424f0 | mem_w: 1 | reg_w: 0 | csr_w: 0 | csr_op: 00 | csr_addr: 04a | csr_wdata: 800424a0 | mscratch: 00000000
PC: 80006994 | Instr: 04b22c23 | rs1_d: 800424a0 | rs2_d: b7fbb6fa | alu_res: 800424f8 | mem_w: 1 | reg_w: 0 | csr_w: 0 | csr_op: 00 | csr_addr: 04b | csr_wdata: 800424a0 | mscratch: 00000000
PC: 80006998 | Instr: 06c22023 | rs1_d: 800424a0 | rs2_d: f56ff76d | alu_res: 80042500 | mem_w: 1 | reg_w: 0 | csr_w: 0 | csr_op: 00 | csr_addr: 06c | csr_wdata: 800424a0 | mscratch: 00000000
PC: 8000699c | Instr: 06d22423 | rs1_d: 800424a0 | rs2_d: dbeadfee | alu_res: 80042508 | mem_w: 1 | reg_w: 0 | csr_w: 0 | csr_op: 00 | csr_addr: 06d | csr_wdata: 800424a0 | mscratch: 00000000
PC: 800069a0 | Instr: 06e22823 | rs1_d: 800424a0 | rs2_d: ddb7d5bf | alu_res: 80042510 | mem_w: 1 | reg_w: 0 | csr_w: 0 | csr_op: 00 | csr_addr: 06e | csr_wdata: 800424a0 | mscratch: 00000000
PC: 800069a4 | Instr: 06f22c23 | rs1_d: 800424a0 | rs2_d: fab7fbb6 | alu_res: 80042518 | mem_w: 1 | reg_w: 0 | csr_w: 0 | csr_op: 00 | csr_addr: 06f | csr_wdata: 800424a0 | mscratch: 00000000
PC: 800069a8 | Instr: 09022023 | rs1_d: 800424a0 | rs2_d: 7d5bfddb | alu_res: 80042520 | mem_w: 1 | reg_w: 0 | csr_w: 0 | csr_op: 00 | csr_addr: 090 | csr_wdata: 800424a0 | mscratch: 00000000
PC: 800069ac | Instr: 09122423 | rs1_d: 800424a0 | rs2_d: b6fab7fb | alu_res: 80042528 | mem_w: 1 | reg_w: 0 | csr_w: 0 | csr_op: 00 | csr_addr: 091 | csr_wdata: 800424a0 | mscratch: 00000000
PC: 800069b0 | Instr: 09222823 | rs1_d: 800424a0 | rs2_d: f76df56f | alu_res: 80042530 | mem_w: 1 | reg_w: 0 | csr_w: 0 | csr_op: 00 | csr_addr: 092 | csr_wdata: 800424a0 | mscratch: 00000000
PC: 800069b4 | Instr: 09322c23 | rs1_d: 800424a0 | rs2_d: dfeedbea | alu_res: 80042538 | mem_w: 1 | reg_w: 0 | csr_w: 0 | csr_op: 00 | csr_addr: 093 | csr_wdata: 800424a0 | mscratch: 00000000
PC: 800069b8 | Instr: 0b422023 | rs1_d: 800424a0 | rs2_d: d5bfddb7 | alu_res: 80042540 | mem_w: 1 | reg_w: 0 | csr_w: 0 | csr_op: 00 | csr_addr: 0b4 | csr_wdata: 800424a0 | mscratch: 00000000
PC: 800069bc | Instr: 0b522423 | rs1_d: 800424a0 | rs2_d: 6fab7fbb | alu_res: 80042548 | mem_w: 1 | reg_w: 0 | csr_w: 0 | csr_op: 00 | csr_addr: 0b5 | csr_wdata: 800424a0 | mscratch: 00000000
PC: 800069c0 | Instr: 0b622823 | rs1_d: 800424a0 | rs2_d: 76df56ff | alu_res: 80042550 | mem_w: 1 | reg_w: 0 | csr_w: 0 | csr_op: 00 | csr_addr: 0b6 | csr_wdata: 800424a0 | mscratch: 00000000
PC: 800069c4 | Instr: 0b722c23 | rs1_d: 800424a0 | rs2_d: feedbead | alu_res: 80042558 | mem_w: 1 | reg_w: 0 | csr_w: 0 | csr_op: 00 | csr_addr: 0b7 | csr_wdata: 800424a0 | mscratch: 00000000
PC: 800069c8 | Instr: 0d822023 | rs1_d: 800424a0 | rs2_d: 5bfddb7d | alu_res: 80042560 | mem_w: 1 | reg_w: 0 | csr_w: 0 | csr_op: 00 | csr_addr: 0d8 | csr_wdata: 800424a0 | mscratch: 00000000
PC: 800069cc | Instr: 0d922423 | rs1_d: 800424a0 | rs2_d: fab7fbb6 | alu_res: 80042568 | mem_w: 1 | reg_w: 0 | csr_w: 0 | csr_op: 00 | csr_addr: 0d9 | csr_wdata: 800424a0 | mscratch: 00000000
PC: 800069d0 | Instr: 0da22823 | rs1_d: 800424a0 | rs2_d: 6df56ff7 | alu_res: 80042570 | mem_w: 1 | reg_w: 0 | csr_w: 0 | csr_op: 00 | csr_addr: 0da | csr_wdata: 800424a0 | mscratch: 00000000
PC: 800069d4 | Instr: 0db22c23 | rs1_d: 800424a0 | rs2_d: eedbeadf | alu_res: 80042578 | mem_w: 1 | reg_w: 0 | csr_w: 0 | csr_op: 00 | csr_addr: 0db | csr_wdata: 800424a0 | mscratch: 00000000
PC: 800069d8 | Instr: 0fc22023 | rs1_d: 800424a0 | rs2_d: bfddb7d5 | alu_res: 80042580 | mem_w: 1 | reg_w: 0 | csr_w: 0 | csr_op: 00 | csr_addr: 0fc | csr_wdata: 800424a0 | mscratch: 00000000
PC: 800069dc | Instr: 0fd22423 | rs1_d: 800424a0 | rs2_d: ab7fbb6f | alu_res: 80042588 | mem_w: 1 | reg_w: 0 | csr_w: 0 | csr_op: 00 | csr_addr: 0fd | csr_wdata: 800424a0 | mscratch: 00000000
PC: 800069e0 | Instr: 0fe22823 | rs1_d: 800424a0 | rs2_d: df56ff76 | alu_res: 80042590 | mem_w: 1 | reg_w: 0 | csr_w: 0 | csr_op: 00 | csr_addr: 0fe | csr_wdata: 800424a0 | mscratch: 00000000
PC: 800069e4 | Instr: 0ff22c23 | rs1_d: 800424a0 | rs2_d: edbeadfe | alu_res: 80042598 | mem_w: 1 | reg_w: 0 | csr_w: 0 | csr_op: 00 | csr_addr: 0ff | csr_wdata: 800424a0 | mscratch: 00000000
PC: 800069e8 | Instr: 0003c497 | rs1_d: ab7fbb6f | rs2_d: 00000000 | alu_res: 800429e8 | mem_w: 0 | reg_w: 1 | csr_w: 0 | csr_op: 00 | csr_addr: 000 | csr_wdata: ab7fbb6f | mscratch: 00000000
PC: 800069ec | Instr: ab84a483 | rs1_d: 800429e8 | rs2_d: 5bfddb7d | alu_res: 800424a0 | mem_w: 0 | reg_w: 1 | csr_w: 0 | csr_op: 00 | csr_addr: ab8 | csr_wdata: 800429e8 | mscratch: 00000000
PC: 800069f0 | Instr: 00100513 | rs1_d: 00000000 | rs2_d: 00000001 | alu_res: 00000001 | mem_w: 0 | reg_w: 1 | csr_w: 0 | csr_op: 00 | csr_addr: 001 | csr_wdata: 00000000 | mscratch: 00000000
PC: 800069f4 | Instr: 0aa48c63 | rs1_d: 00000001 | rs2_d: 00000001 | alu_res: 00000000 | mem_w: 0 | reg_w: 0 | csr_w: 0 | csr_op: 00 | csr_addr: 0aa | csr_wdata: 00000001 | mscratch: 00000000
PC: 80006aac | Instr: fee2d303 | rs1_d: 80000094 | rs2_d: ddb7d5bf | alu_res: 80000082 | mem_w: 0 | reg_w: 1 | csr_w: 0 | csr_op: 00 | csr_addr: fee | csr_wdata: 80000094 | mscratch: 00000000
PC: 80006ab0 | Instr: fec2d383 | rs1_d: 80000094 | rs2_d: f56ff76d | alu_res: 80000080 | mem_w: 0 | reg_w: 1 | csr_w: 0 | csr_op: 00 | csr_addr: fec | csr_wdata: 80000094 | mscratch: 00000000
PC: 80006ab4 | Instr: 01031313 | rs1_d: 00000132 | rs2_d: 7d5bfddb | alu_res: 01320000 | mem_w: 0 | reg_w: 1 | csr_w: 0 | csr_op: 00 | csr_addr: 010 | csr_wdata: 00000132 | mscratch: 00000000
PC: 80006ab8 | Instr: 00736333 | rs1_d: 01320000 | rs2_d: 0000b027 | alu_res: 0132b027 | mem_w: 0 | reg_w: 1 | csr_w: 0 | csr_op: 00 | csr_addr: 007 | csr_wdata: 01320000 | mscratch: 00000000
PC: 80006abc | Instr: 01435313 | rs1_d: 0132b027 | rs2_d: d5bfddb7 | alu_res: 00000013 | mem_w: 0 | reg_w: 1 | csr_w: 0 | csr_op: 00 | csr_addr: 014 | csr_wdata: 0132b027 | mscratch: 00000000
PC: 80006ac0 | Instr: 01f37313 | rs1_d: 00000013 | rs2_d: edbeadfe | alu_res: 00000013 | mem_w: 0 | reg_w: 1 | csr_w: 0 | csr_op: 00 | csr_addr: 01f | csr_wdata: 00000013 | mscratch: 00000000
PC: 80006ac4 | Instr: 10622223 | rs1_d: 800424a0 | rs2_d: 00000013 | alu_res: 800425a4 | mem_w: 1 | reg_w: 0 | csr_w: 0 | csr_op: 00 | csr_addr: 106 | csr_wdata: 800424a0 | mscratch: 00000000
PC: 80006ac8 | Instr: 00039317 | rs1_d: 0000b027 | rs2_d: 00000000 | alu_res: 8003fac8 | mem_w: 0 | reg_w: 1 | csr_w: 0 | csr_op: 00 | csr_addr: 000 | csr_wdata: 0000b027 | mscratch: 00000000
PC: 80006acc | Instr: 53830313 | rs1_d: 8003fac8 | rs2_d: 5bfddb7d | alu_res: 80040000 | mem_w: 0 | reg_w: 1 | csr_w: 0 | csr_op: 00 | csr_addr: 538 | csr_wdata: 8003fac8 | mscratch: 00000000
PC: 80006ad0 | Instr: 00032383 | rs1_d: 80040000 | rs2_d: 00000000 | alu_res: 80040000 | mem_w: 0 | reg_w: 1 | csr_w: 0 | csr_op: 00 | csr_addr: 000 | csr_wdata: 80040000 | mscratch: 00000000
PC: 80006ad4 | Instr: 10722823 | rs1_d: 800424a0 | rs2_d: 00000000 | alu_res: 800425b0 | mem_w: 1 | reg_w: 0 | csr_w: 0 | csr_op: 00 | csr_addr: 107 | csr_wdata: 800424a0 | mscratch: 00000000
PC: 80006ad8 | Instr: 00432383 | rs1_d: 80040000 | rs2_d: 800424a0 | alu_res: 80040004 | mem_w: 0 | reg_w: 1 | csr_w: 0 | csr_op: 00 | csr_addr: 004 | csr_wdata: 80040000 | mscratch: 00000000
PC: 80006adc | Instr: 0003c417 | rs1_d: 7ff80000 | rs2_d: 00000000 | alu_res: 80042adc | mem_w: 0 | reg_w: 1 | csr_w: 0 | csr_op: 00 | csr_addr: 000 | csr_wdata: 7ff80000 | mscratch: 00000000
PC: 80006ae0 | Instr: aec40413 | rs1_d: 80042adc | rs2_d: f56ff76d | alu_res: 800425c8 | mem_w: 0 | reg_w: 1 | csr_w: 0 | csr_op: 00 | csr_addr: aec | csr_wdata: 80042adc | mscratch: 00000000
PC: 80006ae4 | Instr: 00742023 | rs1_d: 800425c8 | rs2_d: 7ff80000 | alu_res: 800425c8 | mem_w: 1 | reg_w: 0 | csr_w: 0 | csr_op: 00 | csr_addr: 007 | csr_wdata: 800425c8 | mscratch: 00000000
PC: 80006ae8 | Instr: ff62d303 | rs1_d: 80000094 | rs2_d: 76df56ff | alu_res: 8000008a | mem_w: 0 | reg_w: 1 | csr_w: 0 | csr_op: 00 | csr_addr: ff6 | csr_wdata: 80000094 | mscratch: 00000000
PC: 80006aec | Instr: ff42d383 | rs1_d: 80000094 | rs2_d: d5bfddb7 | alu_res: 80000088 | mem_w: 0 | reg_w: 1 | csr_w: 0 | csr_op: 00 | csr_addr: ff4 | csr_wdata: 80000094 | mscratch: 00000000
PC: 80006af0 | Instr: 01031313 | rs1_d: 00000001 | rs2_d: 7d5bfddb | alu_res: 00010000 | mem_w: 0 | reg_w: 1 | csr_w: 0 | csr_op: 00 | csr_addr: 010 | csr_wdata: 00000001 | mscratch: 00000000
PC: 80006af4 | Instr: 00736333 | rs1_d: 00010000 | rs2_d: 00002203 | alu_res: 00012203 | mem_w: 0 | reg_w: 1 | csr_w: 0 | csr_op: 00 | csr_addr: 007 | csr_wdata: 00010000 | mscratch: 00000000
PC: 80006af8 | Instr: 00f35313 | rs1_d: 00012203 | rs2_d: fab7fbb6 | alu_res: 00000002 | mem_w: 0 | reg_w: 1 | csr_w: 0 | csr_op: 00 | csr_addr: 00f | csr_wdata: 00012203 | mscratch: 00000000
PC: 80006afc | Instr: 01f37313 | rs1_d: 00000002 | rs2_d: edbeadfe | alu_res: 00000002 | mem_w: 0 | reg_w: 1 | csr_w: 0 | csr_op: 00 | csr_addr: 01f | csr_wdata: 00000002 | mscratch: 00000000
PC: 80006b00 | Instr: 00331313 | rs1_d: 00000002 | rs2_d: 80040118 | alu_res: 00000010 | mem_w: 0 | reg_w: 1 | csr_w: 0 | csr_op: 00 | csr_addr: 003 | csr_wdata: 00000002 | mscratch: 00000000
PC: 80006b04 | Instr: 00620333 | rs1_d: 800424a0 | rs2_d: 00000010 | alu_res: 800424b0 | mem_w: 0 | reg_w: 1 | csr_w: 0 | csr_op: 00 | csr_addr: 006 | csr_wdata: 800424a0 | mscratch: 00000000
PC: 80006b08 | Instr: 00032303 | rs1_d: 800424b0 | rs2_d: 00000000 | alu_res: 800424b0 | mem_w: 0 | reg_w: 1 | csr_w: 0 | csr_op: 00 | csr_addr: 000 | csr_wdata: 800424b0 | mscratch: 00000000
PC: 80006b0c | Instr: 00032383 | rs1_d: 800431d8 | rs2_d: 00000000 | alu_res: 800431d8 | mem_w: 0 | reg_w: 1 | csr_w: 0 | csr_op: 00 | csr_addr: 000 | csr_wdata: 800431d8 | mscratch: 00000000
PC: 80006b10 | Instr: 10722c23 | rs1_d: 800424a0 | rs2_d: 60000000 | alu_res: 800425b8 | mem_w: 1 | reg_w: 0 | csr_w: 0 | csr_op: 00 | csr_addr: 107 | csr_wdata: 800424a0 | mscratch: 00000000
PC: 80006b14 | Instr: 00832383 | rs1_d: 800431d8 | rs2_d: 800425c8 | alu_res: 800431e0 | mem_w: 0 | reg_w: 1 | csr_w: 0 | csr_op: 00 | csr_addr: 008 | csr_wdata: 800431d8 | mscratch: 00000000
PC: 80006b18 | Instr: 0003c417 | rs1_d: c47cf17d | rs2_d: 00000000 | alu_res: 80042b18 | mem_w: 0 | reg_w: 1 | csr_w: 0 | csr_op: 00 | csr_addr: 000 | csr_wdata: c47cf17d | mscratch: 00000000
PC: 80006b1c | Instr: ab840413 | rs1_d: 80042b18 | rs2_d: 5bfddb7d | alu_res: 800425d0 | mem_w: 0 | reg_w: 1 | csr_w: 0 | csr_op: 00 | csr_addr: ab8 | csr_wdata: 80042b18 | mscratch: 00000000
PC: 80006b20 | Instr: 00742023 | rs1_d: 800425d0 | rs2_d: c47cf17d | alu_res: 800425d0 | mem_w: 1 | reg_w: 0 | csr_w: 0 | csr_op: 00 | csr_addr: 007 | csr_wdata: 800425d0 | mscratch: 00000000
PC: 80006b24 | Instr: 0040006f | rs1_d: 00000000 | rs2_d: 800424a0 | alu_res: 800424a0 | mem_w: 0 | reg_w: 1 | csr_w: 0 | csr_op: 00 | csr_addr: 004 | csr_wdata: 00000000 | mscratch: 00000000
PC: 80006b28 | Instr: 0002a303 | rs1_d: 80000094 | rs2_d: 00000000 | alu_res: 80000094 | mem_w: 0 | reg_w: 1 | csr_w: 0 | csr_op: 00 | csr_addr: 000 | csr_wdata: 80000094 | mscratch: 00000000
PC: 80006b2c | Instr: 10622423 | rs1_d: 800424a0 | rs2_d: 8000004c | alu_res: 800425a8 | mem_w: 1 | reg_w: 0 | csr_w: 0 | csr_op: 00 | csr_addr: 106 | csr_wdata: 800424a0 | mscratch: 00000000
PC: 80006b30 | Instr: 00035383 | rs1_d: 8000004c | rs2_d: 00000000 | alu_res: 8000004c | mem_w: 0 | reg_w: 1 | csr_w: 0 | csr_op: 00 | csr_addr: 000 | csr_wdata: 8000004c | mscratch: 00000000
PC: 80006b34 | Instr: 0033f413 | rs1_d: 000009d3 | rs2_d: 80040118 | alu_res: 00000003 | mem_w: 0 | reg_w: 1 | csr_w: 0 | csr_op: 00 | csr_addr: 003 | csr_wdata: 000009d3 | mscratch: 00000000
PC: 80006b38 | Instr: 00300493 | rs1_d: 00000000 | rs2_d: 80040118 | alu_res: 00000003 | mem_w: 0 | reg_w: 1 | csr_w: 0 | csr_op: 00 | csr_addr: 003 | csr_wdata: 00000000 | mscratch: 00000000
PC: 80006b3c | Instr: 00941863 | rs1_d: 00000003 | rs2_d: 00000003 | alu_res: 00000000 | mem_w: 0 | reg_w: 0 | csr_w: 0 | csr_op: 00 | csr_addr: 009 | csr_wdata: 00000003 | mscratch: 00000000
PC: 80006b40 | Instr: 00235403 | rs1_d: 8000004c | rs2_d: 800431d8 | alu_res: 8000004e | mem_w: 0 | reg_w: 1 | csr_w: 0 | csr_op: 00 | csr_addr: 002 | csr_wdata: 8000004c | mscratch: 00000000
PC: 80006b44 | Instr: 01041413 | rs1_d: 00004200 | rs2_d: 7d5bfddb | alu_res: 42000000 | mem_w: 0 | reg_w: 1 | csr_w: 0 | csr_op: 00 | csr_addr: 010 | csr_wdata: 00004200 | mscratch: 00000000
PC: 80006b48 | Instr: 0083e3b3 | rs1_d: 000009d3 | rs2_d: 42000000 | alu_res: 420009d3 | mem_w: 0 | reg_w: 1 | csr_w: 0 | csr_op: 00 | csr_addr: 008 | csr_wdata: 000009d3 | mscratch: 00000000
PC: 80006b4c | Instr: 10722023 | rs1_d: 800424a0 | rs2_d: 420009d3 | alu_res: 800425a0 | mem_w: 1 | reg_w: 0 | csr_w: 0 | csr_op: 00 | csr_addr: 107 | csr_wdata: 800424a0 | mscratch: 00000000
PC: 80006b50 | Instr: 0042a303 | rs1_d: 80000094 | rs2_d: 800424a0 | alu_res: 80000098 | mem_w: 0 | reg_w: 1 | csr_w: 0 | csr_op: 00 | csr_addr: 004 | csr_wdata: 80000094 | mscratch: 00000000
PC: 80006b54 | Instr: 12622023 | rs1_d: 800424a0 | rs2_d: 80040560 | alu_res: 800425c0 | mem_w: 1 | reg_w: 0 | csr_w: 0 | csr_op: 00 | csr_addr: 126 | csr_wdata: 800424a0 | mscratch: 00000000
PC: 80006b58 | Instr: 00000013 | rs1_d: 00000000 | rs2_d: 00000000 | alu_res: 00000000 | mem_w: 0 | reg_w: 1 | csr_w: 0 | csr_op: 00 | csr_addr: 000 | csr_wdata: 00000000 | mscratch: 00000000
PC: 80006b5c | Instr: 00000013 | rs1_d: 00000000 | rs2_d: 00000000 | alu_res: 00000000 | mem_w: 0 | reg_w: 1 | csr_w: 0 | csr_op: 00 | csr_addr: 000 | csr_wdata: 00000000 | mscratch: 00000000
PC: 80006b60 | Instr: 0003c517 | rs1_d: 420009d3 | rs2_d: 00000000 | alu_res: 80042b60 | mem_w: 0 | reg_w: 1 | csr_w: 0 | csr_op: 00 | csr_addr: 000 | csr_wdata: 420009d3 | mscratch: 00000000
PC: 80006b64 | Instr: adb50513 | rs1_d: 80042b60 | rs2_d: eedbeadf | alu_res: 8004263b | mem_w: 0 | reg_w: 1 | csr_w: 0 | csr_op: 00 | csr_addr: adb | csr_wdata: 80042b60 | mscratch: 00000000
PC: 80006b68 | Instr: 00000013 | rs1_d: 00000000 | rs2_d: 00000000 | alu_res: 00000000 | mem_w: 0 | reg_w: 1 | csr_w: 0 | csr_op: 00 | csr_addr: 000 | csr_wdata: 00000000 | mscratch: 00000000
PC: 80006b6c | Instr: 00000013 | rs1_d: 00000000 | rs2_d: 00000000 | alu_res: 00000000 | mem_w: 0 | reg_w: 1 | csr_w: 0 | csr_op: 00 | csr_addr: 000 | csr_wdata: 00000000 | mscratch: 00000000
PC: 80006b70 | Instr: 00000013 | rs1_d: 00000000 | rs2_d: 00000000 | alu_res: 00000000 | mem_w: 0 | reg_w: 1 | csr_w: 0 | csr_op: 00 | csr_addr: 000 | csr_wdata: 00000000 | mscratch: 00000000
PC: 80006b74 | Instr: 00000013 | rs1_d: 00000000 | rs2_d: 00000000 | alu_res: 00000000 | mem_w: 0 | reg_w: 1 | csr_w: 0 | csr_op: 00 | csr_addr: 000 | csr_wdata: 00000000 | mscratch: 00000000
PC: 80006b78 | Instr: 00000013 | rs1_d: 00000000 | rs2_d: 00000000 | alu_res: 00000000 | mem_w: 0 | reg_w: 1 | csr_w: 0 | csr_op: 00 | csr_addr: 000 | csr_wdata: 00000000 | mscratch: 00000000
PC: 80006b7c | Instr: 00000013 | rs1_d: 00000000 | rs2_d: 00000000 | alu_res: 00000000 | mem_w: 0 | reg_w: 1 | csr_w: 0 | csr_op: 00 | csr_addr: 000 | csr_wdata: 00000000 | mscratch: 00000000
PC: 80006b80 | Instr: 00001097 | rs1_d: 00000000 | rs2_d: 00000000 | alu_res: 80007b80 | mem_w: 0 | reg_w: 1 | csr_w: 0 | csr_op: 00 | csr_addr: 000 | csr_wdata: 00000000 | mscratch: 00000000
PC: 80006b84 | Instr: 9c4080e7 | rs1_d: 80007b80 | rs2_d: 800424a0 | alu_res: 80007544 | mem_w: 0 | reg_w: 1 | csr_w: 0 | csr_op: 00 | csr_addr: 9c4 | csr_wdata: 80007b80 | mscratch: 00000000
PC: 80007544 | Instr: 00008067 | rs1_d: 80006b88 | rs2_d: 00000000 | alu_res: 80006b88 | mem_w: 0 | reg_w: 1 | csr_w: 0 | csr_op: 00 | csr_addr: 000 | csr_wdata: 80006b88 | mscratch: 00000000
PC: 80006b88 | Instr: 00000013 | rs1_d: 00000000 | rs2_d: 00000000 | alu_res: 00000000 | mem_w: 0 | reg_w: 1 | csr_w: 0 | csr_op: 00 | csr_addr: 000 | csr_wdata: 00000000 | mscratch: 00000000
PC: 80006b8c | Instr: 00000013 | rs1_d: 00000000 | rs2_d: 00000000 | alu_res: 00000000 | mem_w: 0 | reg_w: 1 | csr_w: 0 | csr_op: 00 | csr_addr: 000 | csr_wdata: 00000000 | mscratch: 00000000
PC: 80006b90 | Instr: 00000013 | rs1_d: 00000000 | rs2_d: 00000000 | alu_res: 00000000 | mem_w: 0 | reg_w: 1 | csr_w: 0 | csr_op: 00 | csr_addr: 000 | csr_wdata: 00000000 | mscratch: 00000000
PC: 80006b94 | Instr: 00000013 | rs1_d: 00000000 | rs2_d: 00000000 | alu_res: 00000000 | mem_w: 0 | reg_w: 1 | csr_w: 0 | csr_op: 00 | csr_addr: 000 | csr_wdata: 00000000 | mscratch: 00000000
PC: 80006b98 | Instr: 00000013 | rs1_d: 00000000 | rs2_d: 00000000 | alu_res: 00000000 | mem_w: 0 | reg_w: 1 | csr_w: 0 | csr_op: 00 | csr_addr: 000 | csr_wdata: 00000000 | mscratch: 00000000
PC: 80006b9c | Instr: 00000013 | rs1_d: 00000000 | rs2_d: 00000000 | alu_res: 00000000 | mem_w: 0 | reg_w: 1 | csr_w: 0 | csr_op: 00 | csr_addr: 000 | csr_wdata: 00000000 | mscratch: 00000000
PC: 80006ba0 | Instr: 0003c517 | rs1_d: 420009d3 | rs2_d: 00000000 | alu_res: 80042ba0 | mem_w: 0 | reg_w: 1 | csr_w: 0 | csr_op: 00 | csr_addr: 000 | csr_wdata: 420009d3 | mscratch: 00000000
PC: 80006ba4 | Instr: b3350513 | rs1_d: 80042ba0 | rs2_d: dfeedbea | alu_res: 800426d3 | mem_w: 0 | reg_w: 1 | csr_w: 0 | csr_op: 00 | csr_addr: b33 | csr_wdata: 80042ba0 | mscratch: 00000000
PC: 80006ba8 | Instr: 00000013 | rs1_d: 00000000 | rs2_d: 00000000 | alu_res: 00000000 | mem_w: 0 | reg_w: 1 | csr_w: 0 | csr_op: 00 | csr_addr: 000 | csr_wdata: 00000000 | mscratch: 00000000
PC: 80006bac | Instr: 00000013 | rs1_d: 00000000 | rs2_d: 00000000 | alu_res: 00000000 | mem_w: 0 | reg_w: 1 | csr_w: 0 | csr_op: 00 | csr_addr: 000 | csr_wdata: 00000000 | mscratch: 00000000
PC: 80006bb0 | Instr: 00000013 | rs1_d: 00000000 | rs2_d: 00000000 | alu_res: 00000000 | mem_w: 0 | reg_w: 1 | csr_w: 0 | csr_op: 00 | csr_addr: 000 | csr_wdata: 00000000 | mscratch: 00000000
PC: 80006bb4 | Instr: 00000013 | rs1_d: 00000000 | rs2_d: 00000000 | alu_res: 00000000 | mem_w: 0 | reg_w: 1 | csr_w: 0 | csr_op: 00 | csr_addr: 000 | csr_wdata: 00000000 | mscratch: 00000000
PC: 80006bb8 | Instr: 00000013 | rs1_d: 00000000 | rs2_d: 00000000 | alu_res: 00000000 | mem_w: 0 | reg_w: 1 | csr_w: 0 | csr_op: 00 | csr_addr: 000 | csr_wdata: 00000000 | mscratch: 00000000
PC: 80006bbc | Instr: 00000013 | rs1_d: 00000000 | rs2_d: 00000000 | alu_res: 00000000 | mem_w: 0 | reg_w: 1 | csr_w: 0 | csr_op: 00 | csr_addr: 000 | csr_wdata: 00000000 | mscratch: 00000000
PC: 80006bc0 | Instr: 00001097 | rs1_d: 00000000 | rs2_d: 00000000 | alu_res: 80007bc0 | mem_w: 0 | reg_w: 1 | csr_w: 0 | csr_op: 00 | csr_addr: 000 | csr_wdata: 00000000 | mscratch: 00000000
PC: 80006bc4 | Instr: 984080e7 | rs1_d: 80007bc0 | rs2_d: 800424a0 | alu_res: 80007544 | mem_w: 0 | reg_w: 1 | csr_w: 0 | csr_op: 00 | csr_addr: 984 | csr_wdata: 80007bc0 | mscratch: 00000000
PC: 80007544 | Instr: 00008067 | rs1_d: 80006bc8 | rs2_d: 00000000 | alu_res: 80006bc8 | mem_w: 0 | reg_w: 1 | csr_w: 0 | csr_op: 00 | csr_addr: 000 | csr_wdata: 80006bc8 | mscratch: 00000000
PC: 80006bc8 | Instr: 0003c517 | rs1_d: 420009d3 | rs2_d: 00000000 | alu_res: 80042bc8 | mem_w: 0 | reg_w: 1 | csr_w: 0 | csr_op: 00 | csr_addr: 000 | csr_wdata: 420009d3 | mscratch: 00000000
PC: 80006bcc | Instr: 9f852503 | rs1_d: 80042bc8 | rs2_d: 5bfddb7d | alu_res: 800425c0 | mem_w: 0 | reg_w: 1 | csr_w: 0 | csr_op: 00 | csr_addr: 9f8 | csr_wdata: 80042bc8 | mscratch: 00000000
PC: 80006bd0 | Instr: 00001097 | rs1_d: 00000000 | rs2_d: 00000000 | alu_res: 80007bd0 | mem_w: 0 | reg_w: 1 | csr_w: 0 | csr_op: 00 | csr_addr: 000 | csr_wdata: 00000000 | mscratch: 00000000
PC: 80006bd4 | Instr: 974080e7 | rs1_d: 80007bd0 | rs2_d: d5bfddb7 | alu_res: 80007544 | mem_w: 0 | reg_w: 1 | csr_w: 0 | csr_op: 00 | csr_addr: 974 | csr_wdata: 80007bd0 | mscratch: 00000000
PC: 80007544 | Instr: 00008067 | rs1_d: 80006bd8 | rs2_d: 00000000 | alu_res: 80006bd8 | mem_w: 0 | reg_w: 1 | csr_w: 0 | csr_op: 00 | csr_addr: 000 | csr_wdata: 80006bd8 | mscratch: 00000000
PC: 80006bd8 | Instr: 00000013 | rs1_d: 00000000 | rs2_d: 00000000 | alu_res: 00000000 | mem_w: 0 | reg_w: 1 | csr_w: 0 | csr_op: 00 | csr_addr: 000 | csr_wdata: 00000000 | mscratch: 00000000
PC: 80006bdc | Instr: 00000013 | rs1_d: 00000000 | rs2_d: 00000000 | alu_res: 00000000 | mem_w: 0 | reg_w: 1 | csr_w: 0 | csr_op: 00 | csr_addr: 000 | csr_wdata: 00000000 | mscratch: 00000000
PC: 80006be0 | Instr: 0003c517 | rs1_d: 420009d3 | rs2_d: 00000000 | alu_res: 80042be0 | mem_w: 0 | reg_w: 1 | csr_w: 0 | csr_op: 00 | csr_addr: 000 | csr_wdata: 420009d3 | mscratch: 00000000
PC: 80006be4 | Instr: b0550513 | rs1_d: 80042be0 | rs2_d: 80000094 | alu_res: 800426e5 | mem_w: 0 | reg_w: 1 | csr_w: 0 | csr_op: 00 | csr_addr: b05 | csr_wdata: 80042be0 | mscratch: 00000000
PC: 80006be8 | Instr: 00000013 | rs1_d: 00000000 | rs2_d: 00000000 | alu_res: 00000000 | mem_w: 0 | reg_w: 1 | csr_w: 0 | csr_op: 00 | csr_addr: 000 | csr_wdata: 00000000 | mscratch: 00000000
PC: 80006bec | Instr: 00000013 | rs1_d: 00000000 | rs2_d: 00000000 | alu_res: 00000000 | mem_w: 0 | reg_w: 1 | csr_w: 0 | csr_op: 00 | csr_addr: 000 | csr_wdata: 00000000 | mscratch: 00000000
PC: 80006bf0 | Instr: 00000013 | rs1_d: 00000000 | rs2_d: 00000000 | alu_res: 00000000 | mem_w: 0 | reg_w: 1 | csr_w: 0 | csr_op: 00 | csr_addr: 000 | csr_wdata: 00000000 | mscratch: 00000000
PC: 80006bf4 | Instr: 00000013 | rs1_d: 00000000 | rs2_d: 00000000 | alu_res: 00000000 | mem_w: 0 | reg_w: 1 | csr_w: 0 | csr_op: 00 | csr_addr: 000 | csr_wdata: 00000000 | mscratch: 00000000
PC: 80006bf8 | Instr: 00000013 | rs1_d: 00000000 | rs2_d: 00000000 | alu_res: 00000000 | mem_w: 0 | reg_w: 1 | csr_w: 0 | csr_op: 00 | csr_addr: 000 | csr_wdata: 00000000 | mscratch: 00000000
PC: 80006bfc | Instr: 00000013 | rs1_d: 00000000 | rs2_d: 00000000 | alu_res: 00000000 | mem_w: 0 | reg_w: 1 | csr_w: 0 | csr_op: 00 | csr_addr: 000 | csr_wdata: 00000000 | mscratch: 00000000
PC: 80006c00 | Instr: 00001097 | rs1_d: 00000000 | rs2_d: 00000000 | alu_res: 80007c00 | mem_w: 0 | reg_w: 1 | csr_w: 0 | csr_op: 00 | csr_addr: 000 | csr_wdata: 00000000 | mscratch: 00000000
PC: 80006c04 | Instr: 944080e7 | rs1_d: 80007c00 | rs2_d: 800424a0 | alu_res: 80007544 | mem_w: 0 | reg_w: 1 | csr_w: 0 | csr_op: 00 | csr_addr: 944 | csr_wdata: 80007c00 | mscratch: 00000000
PC: 80007544 | Instr: 00008067 | rs1_d: 80006c08 | rs2_d: 00000000 | alu_res: 80006c08 | mem_w: 0 | reg_w: 1 | csr_w: 0 | csr_op: 00 | csr_addr: 000 | csr_wdata: 80006c08 | mscratch: 00000000
PC: 80006c08 | Instr: 0003c517 | rs1_d: 420009d3 | rs2_d: 00000000 | alu_res: 80042c08 | mem_w: 0 | reg_w: 1 | csr_w: 0 | csr_op: 00 | csr_addr: 000 | csr_wdata: 420009d3 | mscratch: 00000000
PC: 80006c0c | Instr: 9a852503 | rs1_d: 80042c08 | rs2_d: 42000000 | alu_res: 800425b0 | mem_w: 0 | reg_w: 1 | csr_w: 0 | csr_op: 00 | csr_addr: 9a8 | csr_wdata: 80042c08 | mscratch: 00000000
PC: 80006c10 | Instr: bad0e5b7 | rs1_d: 80006c08 | rs2_d: dbeadfee | alu_res: bad0e000 | mem_w: 0 | reg_w: 1 | csr_w: 0 | csr_op: 00 | csr_addr: bad | csr_wdata: 80006c08 | mscratch: 00000000
PC: 80006c14 | Instr: ead58593 | rs1_d: bad0e000 | rs2_d: dbeadfee | alu_res: bad0dead | mem_w: 0 | reg_w: 1 | csr_w: 0 | csr_op: 00 | csr_addr: ead | csr_wdata: bad0e000 | mscratch: 00000000
PC: 80006c18 | Instr: 3eb50863 | rs1_d: 00000000 | rs2_d: bad0dead | alu_res: 452f2153 | mem_w: 0 | reg_w: 0 | csr_w: 0 | csr_op: 00 | csr_addr: 3eb | csr_wdata: 00000000 | mscratch: 00000000
PC: 80006c1c | Instr: 00000013 | rs1_d: 00000000 | rs2_d: 00000000 | alu_res: 00000000 | mem_w: 0 | reg_w: 1 | csr_w: 0 | csr_op: 00 | csr_addr: 000 | csr_wdata: 00000000 | mscratch: 00000000
PC: 80006c20 | Instr: 0003c517 | rs1_d: 420009d3 | rs2_d: 00000000 | alu_res: 80042c20 | mem_w: 0 | reg_w: 1 | csr_w: 0 | csr_op: 00 | csr_addr: 000 | csr_wdata: 420009d3 | mscratch: 00000000
PC: 80006c24 | Instr: ac750513 | rs1_d: 80042c20 | rs2_d: 420009d3 | alu_res: 800426e7 | mem_w: 0 | reg_w: 1 | csr_w: 0 | csr_op: 00 | csr_addr: ac7 | csr_wdata: 80042c20 | mscratch: 00000000
PC: 80006c28 | Instr: 00000013 | rs1_d: 00000000 | rs2_d: 00000000 | alu_res: 00000000 | mem_w: 0 | reg_w: 1 | csr_w: 0 | csr_op: 00 | csr_addr: 000 | csr_wdata: 00000000 | mscratch: 00000000
PC: 80006c2c | Instr: 00000013 | rs1_d: 00000000 | rs2_d: 00000000 | alu_res: 00000000 | mem_w: 0 | reg_w: 1 | csr_w: 0 | csr_op: 00 | csr_addr: 000 | csr_wdata: 00000000 | mscratch: 00000000
PC: 80006c30 | Instr: 00000013 | rs1_d: 00000000 | rs2_d: 00000000 | alu_res: 00000000 | mem_w: 0 | reg_w: 1 | csr_w: 0 | csr_op: 00 | csr_addr: 000 | csr_wdata: 00000000 | mscratch: 00000000
PC: 80006c34 | Instr: 00000013 | rs1_d: 00000000 | rs2_d: 00000000 | alu_res: 00000000 | mem_w: 0 | reg_w: 1 | csr_w: 0 | csr_op: 00 | csr_addr: 000 | csr_wdata: 00000000 | mscratch: 00000000
PC: 80006c38 | Instr: 00000013 | rs1_d: 00000000 | rs2_d: 00000000 | alu_res: 00000000 | mem_w: 0 | reg_w: 1 | csr_w: 0 | csr_op: 00 | csr_addr: 000 | csr_wdata: 00000000 | mscratch: 00000000
PC: 80006c3c | Instr: 00000013 | rs1_d: 00000000 | rs2_d: 00000000 | alu_res: 00000000 | mem_w: 0 | reg_w: 1 | csr_w: 0 | csr_op: 00 | csr_addr: 000 | csr_wdata: 00000000 | mscratch: 00000000
PC: 80006c40 | Instr: 00001097 | rs1_d: 00000000 | rs2_d: 00000000 | alu_res: 80007c40 | mem_w: 0 | reg_w: 1 | csr_w: 0 | csr_op: 00 | csr_addr: 000 | csr_wdata: 00000000 | mscratch: 00000000
PC: 80006c44 | Instr: 904080e7 | rs1_d: 80007c40 | rs2_d: 800424a0 | alu_res: 80007544 | mem_w: 0 | reg_w: 1 | csr_w: 0 | csr_op: 00 | csr_addr: 904 | csr_wdata: 80007c40 | mscratch: 00000000
PC: 80007544 | Instr: 00008067 | rs1_d: 80006c48 | rs2_d: 00000000 | alu_res: 80006c48 | mem_w: 0 | reg_w: 1 | csr_w: 0 | csr_op: 00 | csr_addr: 000 | csr_wdata: 80006c48 | mscratch: 00000000
PC: 80006c48 | Instr: 0003c517 | rs1_d: 420009d3 | rs2_d: 00000000 | alu_res: 80042c48 | mem_w: 0 | reg_w: 1 | csr_w: 0 | csr_op: 00 | csr_addr: 000 | csr_wdata: 420009d3 | mscratch: 00000000
PC: 80006c4c | Instr: 95852503 | rs1_d: 80042c48 | rs2_d: 5bfddb7d | alu_res: 800425a0 | mem_w: 0 | reg_w: 1 | csr_w: 0 | csr_op: 00 | csr_addr: 958 | csr_wdata: 80042c48 | mscratch: 00000000
PC: 80006c50 | Instr: 02000593 | rs1_d: 00000000 | rs2_d: 00000000 | alu_res: 00000020 | mem_w: 0 | reg_w: 1 | csr_w: 0 | csr_op: 00 | csr_addr: 020 | csr_wdata: 00000000 | mscratch: 00000000
PC: 80006c54 | Instr: 00357613 | rs1_d: 420009d3 | rs2_d: 80040118 | alu_res: 00000003 | mem_w: 0 | reg_w: 1 | csr_w: 0 | csr_op: 00 | csr_addr: 003 | csr_wdata: 420009d3 | mscratch: 00000000
PC: 80006c58 | Instr: 00300693 | rs1_d: 00000000 | rs2_d: 80040118 | alu_res: 00000003 | mem_w: 0 | reg_w: 1 | csr_w: 0 | csr_op: 00 | csr_addr: 003 | csr_wdata: 00000000 | mscratch: 00000000
PC: 80006c5c | Instr: 00d60463 | rs1_d: 00000003 | rs2_d: 00000003 | alu_res: 00000000 | mem_w: 0 | reg_w: 0 | csr_w: 0 | csr_op: 00 | csr_addr: 00d | csr_wdata: 00000003 | mscratch: 00000000
PC: 80006c64 | Instr: 52c000ef | rs1_d: 00000000 | rs2_d: 00000003 | alu_res: 00000003 | mem_w: 0 | reg_w: 1 | csr_w: 0 | csr_op: 00 | csr_addr: 52c | csr_wdata: 00000000 | mscratch: 00000000
PC: 80007190 | Instr: 00000013 | rs1_d: 00000000 | rs2_d: 00000000 | alu_res: 00000000 | mem_w: 0 | reg_w: 1 | csr_w: 0 | csr_op: 00 | csr_addr: 000 | csr_wdata: 00000000 | mscratch: 00000000
PC: 80007194 | Instr: 00000013 | rs1_d: 00000000 | rs2_d: 00000000 | alu_res: 00000000 | mem_w: 0 | reg_w: 1 | csr_w: 0 | csr_op: 00 | csr_addr: 000 | csr_wdata: 00000000 | mscratch: 00000000
PC: 80007198 | Instr: 00000013 | rs1_d: 00000000 | rs2_d: 00000000 | alu_res: 00000000 | mem_w: 0 | reg_w: 1 | csr_w: 0 | csr_op: 00 | csr_addr: 000 | csr_wdata: 00000000 | mscratch: 00000000
PC: 8000719c | Instr: 00000013 | rs1_d: 00000000 | rs2_d: 00000000 | alu_res: 00000000 | mem_w: 0 | reg_w: 1 | csr_w: 0 | csr_op: 00 | csr_addr: 000 | csr_wdata: 00000000 | mscratch: 00000000
PC: 800071a0 | Instr: 0003b617 | rs1_d: 420009d3 | rs2_d: 00000000 | alu_res: 800421a0 | mem_w: 0 | reg_w: 1 | csr_w: 0 | csr_op: 00 | csr_addr: 000 | csr_wdata: 420009d3 | mscratch: 00000000
PC: 800071a4 | Instr: 43860613 | rs1_d: 800421a0 | rs2_d: 5bfddb7d | alu_res: 800425d8 | mem_w: 0 | reg_w: 1 | csr_w: 0 | csr_op: 00 | csr_addr: 438 | csr_wdata: 800421a0 | mscratch: 00000000
PC: 800071a8 | Instr: 00000013 | rs1_d: 00000000 | rs2_d: 00000000 | alu_res: 00000000 | mem_w: 0 | reg_w: 1 | csr_w: 0 | csr_op: 00 | csr_addr: 000 | csr_wdata: 00000000 | mscratch: 00000000
PC: 800071ac | Instr: 00000013 | rs1_d: 00000000 | rs2_d: 00000000 | alu_res: 00000000 | mem_w: 0 | reg_w: 1 | csr_w: 0 | csr_op: 00 | csr_addr: 000 | csr_wdata: 00000000 | mscratch: 00000000
PC: 800071b0 | Instr: 00000013 | rs1_d: 00000000 | rs2_d: 00000000 | alu_res: 00000000 | mem_w: 0 | reg_w: 1 | csr_w: 0 | csr_op: 00 | csr_addr: 000 | csr_wdata: 00000000 | mscratch: 00000000
PC: 800071b4 | Instr: 00000013 | rs1_d: 00000000 | rs2_d: 00000000 | alu_res: 00000000 | mem_w: 0 | reg_w: 1 | csr_w: 0 | csr_op: 00 | csr_addr: 000 | csr_wdata: 00000000 | mscratch: 00000000
PC: 800071b8 | Instr: 00000013 | rs1_d: 00000000 | rs2_d: 00000000 | alu_res: 00000000 | mem_w: 0 | reg_w: 1 | csr_w: 0 | csr_op: 00 | csr_addr: 000 | csr_wdata: 00000000 | mscratch: 00000000
PC: 800071bc | Instr: 00000013 | rs1_d: 00000000 | rs2_d: 00000000 | alu_res: 00000000 | mem_w: 0 | reg_w: 1 | csr_w: 0 | csr_op: 00 | csr_addr: 000 | csr_wdata: 00000000 | mscratch: 00000000
PC: 800071c0 | Instr: 03000693 | rs1_d: 00000000 | rs2_d: 7d5bfddb | alu_res: 00000030 | mem_w: 0 | reg_w: 1 | csr_w: 0 | csr_op: 00 | csr_addr: 030 | csr_wdata: 00000000 | mscratch: 00000000
PC: 800071c4 | Instr: 00d60023 | rs1_d: 800425d8 | rs2_d: 00000030 | alu_res: 800425d8 | mem_w: 1 | reg_w: 0 | csr_w: 0 | csr_op: 00 | csr_addr: 00d | csr_wdata: 800425d8 | mscratch: 00000000
PC: 800071c8 | Instr: 07800693 | rs1_d: 00000000 | rs2_d: 5bfddb7d | alu_res: 00000078 | mem_w: 0 | reg_w: 1 | csr_w: 0 | csr_op: 00 | csr_addr: 078 | csr_wdata: 00000000 | mscratch: 00000000
PC: 800071cc | Instr: 00d600a3 | rs1_d: 800425d8 | rs2_d: 00000078 | alu_res: 800425d9 | mem_w: 1 | reg_w: 0 | csr_w: 0 | csr_op: 00 | csr_addr: 00d | csr_wdata: 800425d8 | mscratch: 00000000
PC: 800071d0 | Instr: 00260613 | rs1_d: 800425d8 | rs2_d: 800431d8 | alu_res: 800425da | mem_w: 0 | reg_w: 1 | csr_w: 0 | csr_op: 00 | csr_addr: 002 | csr_wdata: 800425d8 | mscratch: 00000000
PC: 800071d4 | Instr: 00058693 | rs1_d: 00000020 | rs2_d: 00000000 | alu_res: 00000020 | mem_w: 0 | reg_w: 1 | csr_w: 0 | csr_op: 00 | csr_addr: 000 | csr_wdata: 00000020 | mscratch: 00000000
PC: 800071d8 | Instr: ffc68693 | rs1_d: 00000020 | rs2_d: bfddb7d5 | alu_res: 0000001c | mem_w: 0 | reg_w: 1 | csr_w: 0 | csr_op: 00 | csr_addr: ffc | csr_wdata: 00000020 | mscratch: 00000000
PC: 800071dc | Instr: 00d55733 | rs1_d: 420009d3 | rs2_d: 0000001c | alu_res: 00000004 | mem_w: 0 | reg_w: 1 | csr_w: 0 | csr_op: 00 | csr_addr: 00d | csr_wdata: 420009d3 | mscratch: 00000000
PC: 800071e0 | Instr: 00f77713 | rs1_d: 00000004 | rs2_d: fab7fbb6 | alu_res: 00000004 | mem_w: 0 | reg_w: 1 | csr_w: 0 | csr_op: 00 | csr_addr: 00f | csr_wdata: 00000004 | mscratch: 00000000
PC: 800071e4 | Instr: 00a00793 | rs1_d: 00000000 | rs2_d: 420009d3 | alu_res: 0000000a | mem_w: 0 | reg_w: 1 | csr_w: 0 | csr_op: 00 | csr_addr: 00a | csr_wdata: 00000000 | mscratch: 00000000
PC: 800071e8 | Instr: 00f74663 | rs1_d: 00000004 | rs2_d: 0000000a | alu_res: 00000001 | mem_w: 0 | reg_w: 0 | csr_w: 0 | csr_op: 00 | csr_addr: 00f | csr_wdata: 00000004 | mscratch: 00000000
PC: 800071f4 | Instr: 03070713 | rs1_d: 00000004 | rs2_d: 7d5bfddb | alu_res: 00000034 | mem_w: 0 | reg_w: 1 | csr_w: 0 | csr_op: 00 | csr_addr: 030 | csr_wdata: 00000004 | mscratch: 00000000
PC: 800071f8 | Instr: 00e60023 | rs1_d: 800425da | rs2_d: 00000034 | alu_res: 800425da | mem_w: 1 | reg_w: 0 | csr_w: 0 | csr_op: 00 | csr_addr: 00e | csr_wdata: 800425da | mscratch: 00000000
PC: 800071fc | Instr: 00160613 | rs1_d: 800425da | rs2_d: 80006c68 | alu_res: 800425db | mem_w: 0 | reg_w: 1 | csr_w: 0 | csr_op: 00 | csr_addr: 001 | csr_wdata: 800425da | mscratch: 00000000
PC: 80007200 | Instr: fc069ce3 | rs1_d: 0000001c | rs2_d: 00000000 | alu_res: 0000001c | mem_w: 0 | reg_w: 0 | csr_w: 0 | csr_op: 00 | csr_addr: fc0 | csr_wdata: 0000001c | mscratch: 00000000
PC: 800071d8 | Instr: ffc68693 | rs1_d: 0000001c | rs2_d: bfddb7d5 | alu_res: 00000018 | mem_w: 0 | reg_w: 1 | csr_w: 0 | csr_op: 00 | csr_addr: ffc | csr_wdata: 0000001c | mscratch: 00000000
PC: 800071dc | Instr: 00d55733 | rs1_d: 420009d3 | rs2_d: 00000018 | alu_res: 00000042 | mem_w: 0 | reg_w: 1 | csr_w: 0 | csr_op: 00 | csr_addr: 00d | csr_wdata: 420009d3 | mscratch: 00000000
PC: 800071e0 | Instr: 00f77713 | rs1_d: 00000042 | rs2_d: 0000000a | alu_res: 00000002 | mem_w: 0 | reg_w: 1 | csr_w: 0 | csr_op: 00 | csr_addr: 00f | csr_wdata: 00000042 | mscratch: 00000000
PC: 800071e4 | Instr: 00a00793 | rs1_d: 00000000 | rs2_d: 420009d3 | alu_res: 0000000a | mem_w: 0 | reg_w: 1 | csr_w: 0 | csr_op: 00 | csr_addr: 00a | csr_wdata: 00000000 | mscratch: 00000000
PC: 800071e8 | Instr: 00f74663 | rs1_d: 00000002 | rs2_d: 0000000a | alu_res: 00000001 | mem_w: 0 | reg_w: 0 | csr_w: 0 | csr_op: 00 | csr_addr: 00f | csr_wdata: 00000002 | mscratch: 00000000
PC: 800071f4 | Instr: 03070713 | rs1_d: 00000002 | rs2_d: 7d5bfddb | alu_res: 00000032 | mem_w: 0 | reg_w: 1 | csr_w: 0 | csr_op: 00 | csr_addr: 030 | csr_wdata: 00000002 | mscratch: 00000000
PC: 800071f8 | Instr: 00e60023 | rs1_d: 800425db | rs2_d: 00000032 | alu_res: 800425db | mem_w: 1 | reg_w: 0 | csr_w: 0 | csr_op: 00 | csr_addr: 00e | csr_wdata: 800425db | mscratch: 00000000
PC: 800071fc | Instr: 00160613 | rs1_d: 800425db | rs2_d: 80006c68 | alu_res: 800425dc | mem_w: 0 | reg_w: 1 | csr_w: 0 | csr_op: 00 | csr_addr: 001 | csr_wdata: 800425db | mscratch: 00000000
PC: 80007200 | Instr: fc069ce3 | rs1_d: 00000018 | rs2_d: 00000000 | alu_res: 00000018 | mem_w: 0 | reg_w: 0 | csr_w: 0 | csr_op: 00 | csr_addr: fc0 | csr_wdata: 00000018 | mscratch: 00000000
PC: 800071d8 | Instr: ffc68693 | rs1_d: 00000018 | rs2_d: bfddb7d5 | alu_res: 00000014 | mem_w: 0 | reg_w: 1 | csr_w: 0 | csr_op: 00 | csr_addr: ffc | csr_wdata: 00000018 | mscratch: 00000000
PC: 800071dc | Instr: 00d55733 | rs1_d: 420009d3 | rs2_d: 00000014 | alu_res: 00000420 | mem_w: 0 | reg_w: 1 | csr_w: 0 | csr_op: 00 | csr_addr: 00d | csr_wdata: 420009d3 | mscratch: 00000000
PC: 800071e0 | Instr: 00f77713 | rs1_d: 00000420 | rs2_d: 0000000a | alu_res: 00000000 | mem_w: 0 | reg_w: 1 | csr_w: 0 | csr_op: 00 | csr_addr: 00f | csr_wdata: 00000420 | mscratch: 00000000
PC: 800071e4 | Instr: 00a00793 | rs1_d: 00000000 | rs2_d: 420009d3 | alu_res: 0000000a | mem_w: 0 | reg_w: 1 | csr_w: 0 | csr_op: 00 | csr_addr: 00a | csr_wdata: 00000000 | mscratch: 00000000
PC: 800071e8 | Instr: 00f74663 | rs1_d: 00000000 | rs2_d: 0000000a | alu_res: 00000001 | mem_w: 0 | reg_w: 0 | csr_w: 0 | csr_op: 00 | csr_addr: 00f | csr_wdata: 00000000 | mscratch: 00000000
PC: 800071f4 | Instr: 03070713 | rs1_d: 00000000 | rs2_d: 7d5bfddb | alu_res: 00000030 | mem_w: 0 | reg_w: 1 | csr_w: 0 | csr_op: 00 | csr_addr: 030 | csr_wdata: 00000000 | mscratch: 00000000
PC: 800071f8 | Instr: 00e60023 | rs1_d: 800425dc | rs2_d: 00000030 | alu_res: 800425dc | mem_w: 1 | reg_w: 0 | csr_w: 0 | csr_op: 00 | csr_addr: 00e | csr_wdata: 800425dc | mscratch: 00000000
PC: 800071fc | Instr: 00160613 | rs1_d: 800425dc | rs2_d: 80006c68 | alu_res: 800425dd | mem_w: 0 | reg_w: 1 | csr_w: 0 | csr_op: 00 | csr_addr: 001 | csr_wdata: 800425dc | mscratch: 00000000
PC: 80007200 | Instr: fc069ce3 | rs1_d: 00000014 | rs2_d: 00000000 | alu_res: 00000014 | mem_w: 0 | reg_w: 0 | csr_w: 0 | csr_op: 00 | csr_addr: fc0 | csr_wdata: 00000014 | mscratch: 00000000
PC: 800071d8 | Instr: ffc68693 | rs1_d: 00000014 | rs2_d: bfddb7d5 | alu_res: 00000010 | mem_w: 0 | reg_w: 1 | csr_w: 0 | csr_op: 00 | csr_addr: ffc | csr_wdata: 00000014 | mscratch: 00000000
PC: 800071dc | Instr: 00d55733 | rs1_d: 420009d3 | rs2_d: 00000010 | alu_res: 00004200 | mem_w: 0 | reg_w: 1 | csr_w: 0 | csr_op: 00 | csr_addr: 00d | csr_wdata: 420009d3 | mscratch: 00000000
PC: 800071e0 | Instr: 00f77713 | rs1_d: 00004200 | rs2_d: 0000000a | alu_res: 00000000 | mem_w: 0 | reg_w: 1 | csr_w: 0 | csr_op: 00 | csr_addr: 00f | csr_wdata: 00004200 | mscratch: 00000000
PC: 800071e4 | Instr: 00a00793 | rs1_d: 00000000 | rs2_d: 420009d3 | alu_res: 0000000a | mem_w: 0 | reg_w: 1 | csr_w: 0 | csr_op: 00 | csr_addr: 00a | csr_wdata: 00000000 | mscratch: 00000000
PC: 800071e8 | Instr: 00f74663 | rs1_d: 00000000 | rs2_d: 0000000a | alu_res: 00000001 | mem_w: 0 | reg_w: 0 | csr_w: 0 | csr_op: 00 | csr_addr: 00f | csr_wdata: 00000000 | mscratch: 00000000
PC: 800071f4 | Instr: 03070713 | rs1_d: 00000000 | rs2_d: 7d5bfddb | alu_res: 00000030 | mem_w: 0 | reg_w: 1 | csr_w: 0 | csr_op: 00 | csr_addr: 030 | csr_wdata: 00000000 | mscratch: 00000000
PC: 800071f8 | Instr: 00e60023 | rs1_d: 800425dd | rs2_d: 00000030 | alu_res: 800425dd | mem_w: 1 | reg_w: 0 | csr_w: 0 | csr_op: 00 | csr_addr: 00e | csr_wdata: 800425dd | mscratch: 00000000
PC: 800071fc | Instr: 00160613 | rs1_d: 800425dd | rs2_d: 80006c68 | alu_res: 800425de | mem_w: 0 | reg_w: 1 | csr_w: 0 | csr_op: 00 | csr_addr: 001 | csr_wdata: 800425dd | mscratch: 00000000
PC: 80007200 | Instr: fc069ce3 | rs1_d: 00000010 | rs2_d: 00000000 | alu_res: 00000010 | mem_w: 0 | reg_w: 0 | csr_w: 0 | csr_op: 00 | csr_addr: fc0 | csr_wdata: 00000010 | mscratch: 00000000
PC: 800071d8 | Instr: ffc68693 | rs1_d: 00000010 | rs2_d: bfddb7d5 | alu_res: 0000000c | mem_w: 0 | reg_w: 1 | csr_w: 0 | csr_op: 00 | csr_addr: ffc | csr_wdata: 00000010 | mscratch: 00000000
PC: 800071dc | Instr: 00d55733 | rs1_d: 420009d3 | rs2_d: 0000000c | alu_res: 00042000 | mem_w: 0 | reg_w: 1 | csr_w: 0 | csr_op: 00 | csr_addr: 00d | csr_wdata: 420009d3 | mscratch: 00000000
PC: 800071e0 | Instr: 00f77713 | rs1_d: 00042000 | rs2_d: 0000000a | alu_res: 00000000 | mem_w: 0 | reg_w: 1 | csr_w: 0 | csr_op: 00 | csr_addr: 00f | csr_wdata: 00042000 | mscratch: 00000000
PC: 800071e4 | Instr: 00a00793 | rs1_d: 00000000 | rs2_d: 420009d3 | alu_res: 0000000a | mem_w: 0 | reg_w: 1 | csr_w: 0 | csr_op: 00 | csr_addr: 00a | csr_wdata: 00000000 | mscratch: 00000000
PC: 800071e8 | Instr: 00f74663 | rs1_d: 00000000 | rs2_d: 0000000a | alu_res: 00000001 | mem_w: 0 | reg_w: 0 | csr_w: 0 | csr_op: 00 | csr_addr: 00f | csr_wdata: 00000000 | mscratch: 00000000
PC: 800071f4 | Instr: 03070713 | rs1_d: 00000000 | rs2_d: 7d5bfddb | alu_res: 00000030 | mem_w: 0 | reg_w: 1 | csr_w: 0 | csr_op: 00 | csr_addr: 030 | csr_wdata: 00000000 | mscratch: 00000000
PC: 800071f8 | Instr: 00e60023 | rs1_d: 800425de | rs2_d: 00000030 | alu_res: 800425de | mem_w: 1 | reg_w: 0 | csr_w: 0 | csr_op: 00 | csr_addr: 00e | csr_wdata: 800425de | mscratch: 00000000
PC: 800071fc | Instr: 00160613 | rs1_d: 800425de | rs2_d: 80006c68 | alu_res: 800425df | mem_w: 0 | reg_w: 1 | csr_w: 0 | csr_op: 00 | csr_addr: 001 | csr_wdata: 800425de | mscratch: 00000000
PC: 80007200 | Instr: fc069ce3 | rs1_d: 0000000c | rs2_d: 00000000 | alu_res: 0000000c | mem_w: 0 | reg_w: 0 | csr_w: 0 | csr_op: 00 | csr_addr: fc0 | csr_wdata: 0000000c | mscratch: 00000000
PC: 800071d8 | Instr: ffc68693 | rs1_d: 0000000c | rs2_d: bfddb7d5 | alu_res: 00000008 | mem_w: 0 | reg_w: 1 | csr_w: 0 | csr_op: 00 | csr_addr: ffc | csr_wdata: 0000000c | mscratch: 00000000
PC: 800071dc | Instr: 00d55733 | rs1_d: 420009d3 | rs2_d: 00000008 | alu_res: 00420009 | mem_w: 0 | reg_w: 1 | csr_w: 0 | csr_op: 00 | csr_addr: 00d | csr_wdata: 420009d3 | mscratch: 00000000
PC: 800071e0 | Instr: 00f77713 | rs1_d: 00420009 | rs2_d: 0000000a | alu_res: 00000009 | mem_w: 0 | reg_w: 1 | csr_w: 0 | csr_op: 00 | csr_addr: 00f | csr_wdata: 00420009 | mscratch: 00000000
PC: 800071e4 | Instr: 00a00793 | rs1_d: 00000000 | rs2_d: 420009d3 | alu_res: 0000000a | mem_w: 0 | reg_w: 1 | csr_w: 0 | csr_op: 00 | csr_addr: 00a | csr_wdata: 00000000 | mscratch: 00000000
PC: 800071e8 | Instr: 00f74663 | rs1_d: 00000009 | rs2_d: 0000000a | alu_res: 00000001 | mem_w: 0 | reg_w: 0 | csr_w: 0 | csr_op: 00 | csr_addr: 00f | csr_wdata: 00000009 | mscratch: 00000000
PC: 800071f4 | Instr: 03070713 | rs1_d: 00000009 | rs2_d: 7d5bfddb | alu_res: 00000039 | mem_w: 0 | reg_w: 1 | csr_w: 0 | csr_op: 00 | csr_addr: 030 | csr_wdata: 00000009 | mscratch: 00000000
PC: 800071f8 | Instr: 00e60023 | rs1_d: 800425df | rs2_d: 00000039 | alu_res: 800425df | mem_w: 1 | reg_w: 0 | csr_w: 0 | csr_op: 00 | csr_addr: 00e | csr_wdata: 800425df | mscratch: 00000000
PC: 800071fc | Instr: 00160613 | rs1_d: 800425df | rs2_d: 80006c68 | alu_res: 800425e0 | mem_w: 0 | reg_w: 1 | csr_w: 0 | csr_op: 00 | csr_addr: 001 | csr_wdata: 800425df | mscratch: 00000000
PC: 80007200 | Instr: fc069ce3 | rs1_d: 00000008 | rs2_d: 00000000 | alu_res: 00000008 | mem_w: 0 | reg_w: 0 | csr_w: 0 | csr_op: 00 | csr_addr: fc0 | csr_wdata: 00000008 | mscratch: 00000000
PC: 800071d8 | Instr: ffc68693 | rs1_d: 00000008 | rs2_d: bfddb7d5 | alu_res: 00000004 | mem_w: 0 | reg_w: 1 | csr_w: 0 | csr_op: 00 | csr_addr: ffc | csr_wdata: 00000008 | mscratch: 00000000
PC: 800071dc | Instr: 00d55733 | rs1_d: 420009d3 | rs2_d: 00000004 | alu_res: 0420009d | mem_w: 0 | reg_w: 1 | csr_w: 0 | csr_op: 00 | csr_addr: 00d | csr_wdata: 420009d3 | mscratch: 00000000
PC: 800071e0 | Instr: 00f77713 | rs1_d: 0420009d | rs2_d: 0000000a | alu_res: 0000000d | mem_w: 0 | reg_w: 1 | csr_w: 0 | csr_op: 00 | csr_addr: 00f | csr_wdata: 0420009d | mscratch: 00000000
PC: 800071e4 | Instr: 00a00793 | rs1_d: 00000000 | rs2_d: 420009d3 | alu_res: 0000000a | mem_w: 0 | reg_w: 1 | csr_w: 0 | csr_op: 00 | csr_addr: 00a | csr_wdata: 00000000 | mscratch: 00000000
PC: 800071e8 | Instr: 00f74663 | rs1_d: 0000000d | rs2_d: 0000000a | alu_res: 00000000 | mem_w: 0 | reg_w: 0 | csr_w: 0 | csr_op: 00 | csr_addr: 00f | csr_wdata: 0000000d | mscratch: 00000000
PC: 800071ec | Instr: 05770713 | rs1_d: 0000000d | rs2_d: feedbead | alu_res: 00000064 | mem_w: 0 | reg_w: 1 | csr_w: 0 | csr_op: 00 | csr_addr: 057 | csr_wdata: 0000000d | mscratch: 00000000
PC: 800071f0 | Instr: 0080006f | rs1_d: 00000000 | rs2_d: 42000000 | alu_res: 42000000 | mem_w: 0 | reg_w: 1 | csr_w: 0 | csr_op: 00 | csr_addr: 008 | csr_wdata: 00000000 | mscratch: 00000000
PC: 800071f8 | Instr: 00e60023 | rs1_d: 800425e0 | rs2_d: 00000064 | alu_res: 800425e0 | mem_w: 1 | reg_w: 0 | csr_w: 0 | csr_op: 00 | csr_addr: 00e | csr_wdata: 800425e0 | mscratch: 00000000
PC: 800071fc | Instr: 00160613 | rs1_d: 800425e0 | rs2_d: 80006c68 | alu_res: 800425e1 | mem_w: 0 | reg_w: 1 | csr_w: 0 | csr_op: 00 | csr_addr: 001 | csr_wdata: 800425e0 | mscratch: 00000000
PC: 80007200 | Instr: fc069ce3 | rs1_d: 00000004 | rs2_d: 00000000 | alu_res: 00000004 | mem_w: 0 | reg_w: 0 | csr_w: 0 | csr_op: 00 | csr_addr: fc0 | csr_wdata: 00000004 | mscratch: 00000000
PC: 800071d8 | Instr: ffc68693 | rs1_d: 00000004 | rs2_d: bfddb7d5 | alu_res: 00000000 | mem_w: 0 | reg_w: 1 | csr_w: 0 | csr_op: 00 | csr_addr: ffc | csr_wdata: 00000004 | mscratch: 00000000
PC: 800071dc | Instr: 00d55733 | rs1_d: 420009d3 | rs2_d: 00000000 | alu_res: 420009d3 | mem_w: 0 | reg_w: 1 | csr_w: 0 | csr_op: 00 | csr_addr: 00d | csr_wdata: 420009d3 | mscratch: 00000000
PC: 800071e0 | Instr: 00f77713 | rs1_d: 420009d3 | rs2_d: 0000000a | alu_res: 00000003 | mem_w: 0 | reg_w: 1 | csr_w: 0 | csr_op: 00 | csr_addr: 00f | csr_wdata: 420009d3 | mscratch: 00000000
PC: 800071e4 | Instr: 00a00793 | rs1_d: 00000000 | rs2_d: 420009d3 | alu_res: 0000000a | mem_w: 0 | reg_w: 1 | csr_w: 0 | csr_op: 00 | csr_addr: 00a | csr_wdata: 00000000 | mscratch: 00000000
PC: 800071e8 | Instr: 00f74663 | rs1_d: 00000003 | rs2_d: 0000000a | alu_res: 00000001 | mem_w: 0 | reg_w: 0 | csr_w: 0 | csr_op: 00 | csr_addr: 00f | csr_wdata: 00000003 | mscratch: 00000000
PC: 800071f4 | Instr: 03070713 | rs1_d: 00000003 | rs2_d: 7d5bfddb | alu_res: 00000033 | mem_w: 0 | reg_w: 1 | csr_w: 0 | csr_op: 00 | csr_addr: 030 | csr_wdata: 00000003 | mscratch: 00000000
PC: 800071f8 | Instr: 00e60023 | rs1_d: 800425e1 | rs2_d: 00000033 | alu_res: 800425e1 | mem_w: 1 | reg_w: 0 | csr_w: 0 | csr_op: 00 | csr_addr: 00e | csr_wdata: 800425e1 | mscratch: 00000000
PC: 800071fc | Instr: 00160613 | rs1_d: 800425e1 | rs2_d: 80006c68 | alu_res: 800425e2 | mem_w: 0 | reg_w: 1 | csr_w: 0 | csr_op: 00 | csr_addr: 001 | csr_wdata: 800425e1 | mscratch: 00000000
PC: 80007200 | Instr: fc069ce3 | rs1_d: 00000000 | rs2_d: 00000000 | alu_res: 00000000 | mem_w: 0 | reg_w: 0 | csr_w: 0 | csr_op: 00 | csr_addr: fc0 | csr_wdata: 00000000 | mscratch: 00000000
PC: 80007204 | Instr: 00a00693 | rs1_d: 00000000 | rs2_d: 420009d3 | alu_res: 0000000a | mem_w: 0 | reg_w: 1 | csr_w: 0 | csr_op: 00 | csr_addr: 00a | csr_wdata: 00000000 | mscratch: 00000000
PC: 80007208 | Instr: 00d60023 | rs1_d: 800425e2 | rs2_d: 0000000a | alu_res: 800425e2 | mem_w: 1 | reg_w: 0 | csr_w: 0 | csr_op: 00 | csr_addr: 00d | csr_wdata: 800425e2 | mscratch: 00000000
PC: 8000720c | Instr: 000600a3 | rs1_d: 800425e2 | rs2_d: 00000000 | alu_res: 800425e3 | mem_w: 1 | reg_w: 0 | csr_w: 0 | csr_op: 00 | csr_addr: 000 | csr_wdata: 800425e2 | mscratch: 00000000
PC: 80007210 | Instr: 00008067 | rs1_d: 80006c68 | rs2_d: 00000000 | alu_res: 80006c68 | mem_w: 0 | reg_w: 1 | csr_w: 0 | csr_op: 00 | csr_addr: 000 | csr_wdata: 80006c68 | mscratch: 00000000
PC: 80006c68 | Instr: 00000013 | rs1_d: 00000000 | rs2_d: 00000000 | alu_res: 00000000 | mem_w: 0 | reg_w: 1 | csr_w: 0 | csr_op: 00 | csr_addr: 000 | csr_wdata: 00000000 | mscratch: 00000000
PC: 80006c6c | Instr: 00000013 | rs1_d: 00000000 | rs2_d: 00000000 | alu_res: 00000000 | mem_w: 0 | reg_w: 1 | csr_w: 0 | csr_op: 00 | csr_addr: 000 | csr_wdata: 00000000 | mscratch: 00000000
PC: 80006c70 | Instr: 00000013 | rs1_d: 00000000 | rs2_d: 00000000 | alu_res: 00000000 | mem_w: 0 | reg_w: 1 | csr_w: 0 | csr_op: 00 | csr_addr: 000 | csr_wdata: 00000000 | mscratch: 00000000
PC: 80006c74 | Instr: 00000013 | rs1_d: 00000000 | rs2_d: 00000000 | alu_res: 00000000 | mem_w: 0 | reg_w: 1 | csr_w: 0 | csr_op: 00 | csr_addr: 000 | csr_wdata: 00000000 | mscratch: 00000000
PC: 80006c78 | Instr: 00000013 | rs1_d: 00000000 | rs2_d: 00000000 | alu_res: 00000000 | mem_w: 0 | reg_w: 1 | csr_w: 0 | csr_op: 00 | csr_addr: 000 | csr_wdata: 00000000 | mscratch: 00000000
PC: 80006c7c | Instr: 00000013 | rs1_d: 00000000 | rs2_d: 00000000 | alu_res: 00000000 | mem_w: 0 | reg_w: 1 | csr_w: 0 | csr_op: 00 | csr_addr: 000 | csr_wdata: 00000000 | mscratch: 00000000
PC: 80006c80 | Instr: 0003c517 | rs1_d: 420009d3 | rs2_d: 00000000 | alu_res: 80042c80 | mem_w: 0 | reg_w: 1 | csr_w: 0 | csr_op: 00 | csr_addr: 000 | csr_wdata: 420009d3 | mscratch: 00000000
PC: 80006c84 | Instr: 95850513 | rs1_d: 80042c80 | rs2_d: 5bfddb7d | alu_res: 800425d8 | mem_w: 0 | reg_w: 1 | csr_w: 0 | csr_op: 00 | csr_addr: 958 | csr_wdata: 80042c80 | mscratch: 00000000
PC: 80006c88 | Instr: 00000013 | rs1_d: 00000000 | rs2_d: 00000000 | alu_res: 00000000 | mem_w: 0 | reg_w: 1 | csr_w: 0 | csr_op: 00 | csr_addr: 000 | csr_wdata: 00000000 | mscratch: 00000000
PC: 80006c8c | Instr: 00000013 | rs1_d: 00000000 | rs2_d: 00000000 | alu_res: 00000000 | mem_w: 0 | reg_w: 1 | csr_w: 0 | csr_op: 00 | csr_addr: 000 | csr_wdata: 00000000 | mscratch: 00000000
PC: 80006c90 | Instr: 00000013 | rs1_d: 00000000 | rs2_d: 00000000 | alu_res: 00000000 | mem_w: 0 | reg_w: 1 | csr_w: 0 | csr_op: 00 | csr_addr: 000 | csr_wdata: 00000000 | mscratch: 00000000
PC: 80006c94 | Instr: 00000013 | rs1_d: 00000000 | rs2_d: 00000000 | alu_res: 00000000 | mem_w: 0 | reg_w: 1 | csr_w: 0 | csr_op: 00 | csr_addr: 000 | csr_wdata: 00000000 | mscratch: 00000000
PC: 80006c98 | Instr: 00000013 | rs1_d: 00000000 | rs2_d: 00000000 | alu_res: 00000000 | mem_w: 0 | reg_w: 1 | csr_w: 0 | csr_op: 00 | csr_addr: 000 | csr_wdata: 00000000 | mscratch: 00000000
PC: 80006c9c | Instr: 00000013 | rs1_d: 00000000 | rs2_d: 00000000 | alu_res: 00000000 | mem_w: 0 | reg_w: 1 | csr_w: 0 | csr_op: 00 | csr_addr: 000 | csr_wdata: 00000000 | mscratch: 00000000
PC: 80006ca0 | Instr: 00001097 | rs1_d: 00000000 | rs2_d: 00000000 | alu_res: 80007ca0 | mem_w: 0 | reg_w: 1 | csr_w: 0 | csr_op: 00 | csr_addr: 000 | csr_wdata: 00000000 | mscratch: 00000000
PC: 80006ca4 | Instr: 8a4080e7 | rs1_d: 80007ca0 | rs2_d: 800424a0 | alu_res: 80007544 | mem_w: 0 | reg_w: 1 | csr_w: 0 | csr_op: 00 | csr_addr: 8a4 | csr_wdata: 80007ca0 | mscratch: 00000000
PC: 80007544 | Instr: 00008067 | rs1_d: 80006ca8 | rs2_d: 00000000 | alu_res: 80006ca8 | mem_w: 0 | reg_w: 1 | csr_w: 0 | csr_op: 00 | csr_addr: 000 | csr_wdata: 80006ca8 | mscratch: 00000000
PC: 80006ca8 | Instr: 00000013 | rs1_d: 00000000 | rs2_d: 00000000 | alu_res: 00000000 | mem_w: 0 | reg_w: 1 | csr_w: 0 | csr_op: 00 | csr_addr: 000 | csr_wdata: 00000000 | mscratch: 00000000
PC: 80006cac | Instr: 00000013 | rs1_d: 00000000 | rs2_d: 00000000 | alu_res: 00000000 | mem_w: 0 | reg_w: 1 | csr_w: 0 | csr_op: 00 | csr_addr: 000 | csr_wdata: 00000000 | mscratch: 00000000
PC: 80006cb0 | Instr: 00000013 | rs1_d: 00000000 | rs2_d: 00000000 | alu_res: 00000000 | mem_w: 0 | reg_w: 1 | csr_w: 0 | csr_op: 00 | csr_addr: 000 | csr_wdata: 00000000 | mscratch: 00000000
PC: 80006cb4 | Instr: 00000013 | rs1_d: 00000000 | rs2_d: 00000000 | alu_res: 00000000 | mem_w: 0 | reg_w: 1 | csr_w: 0 | csr_op: 00 | csr_addr: 000 | csr_wdata: 00000000 | mscratch: 00000000
PC: 80006cb8 | Instr: 00000013 | rs1_d: 00000000 | rs2_d: 00000000 | alu_res: 00000000 | mem_w: 0 | reg_w: 1 | csr_w: 0 | csr_op: 00 | csr_addr: 000 | csr_wdata: 00000000 | mscratch: 00000000
PC: 80006cbc | Instr: 00000013 | rs1_d: 00000000 | rs2_d: 00000000 | alu_res: 00000000 | mem_w: 0 | reg_w: 1 | csr_w: 0 | csr_op: 00 | csr_addr: 000 | csr_wdata: 00000000 | mscratch: 00000000
PC: 80006cc0 | Instr: 0003c517 | rs1_d: 420009d3 | rs2_d: 00000000 | alu_res: 80042cc0 | mem_w: 0 | reg_w: 1 | csr_w: 0 | csr_op: 00 | csr_addr: 000 | csr_wdata: 420009d3 | mscratch: 00000000
PC: 80006cc4 | Instr: a3b50513 | rs1_d: 80042cc0 | rs2_d: eedbeadf | alu_res: 800426fb | mem_w: 0 | reg_w: 1 | csr_w: 0 | csr_op: 00 | csr_addr: a3b | csr_wdata: 80042cc0 | mscratch: 00000000
PC: 80006cc8 | Instr: 00000013 | rs1_d: 00000000 | rs2_d: 00000000 | alu_res: 00000000 | mem_w: 0 | reg_w: 1 | csr_w: 0 | csr_op: 00 | csr_addr: 000 | csr_wdata: 00000000 | mscratch: 00000000
PC: 80006ccc | Instr: 00000013 | rs1_d: 00000000 | rs2_d: 00000000 | alu_res: 00000000 | mem_w: 0 | reg_w: 1 | csr_w: 0 | csr_op: 00 | csr_addr: 000 | csr_wdata: 00000000 | mscratch: 00000000
PC: 80006cd0 | Instr: 00000013 | rs1_d: 00000000 | rs2_d: 00000000 | alu_res: 00000000 | mem_w: 0 | reg_w: 1 | csr_w: 0 | csr_op: 00 | csr_addr: 000 | csr_wdata: 00000000 | mscratch: 00000000
PC: 80006cd4 | Instr: 00000013 | rs1_d: 00000000 | rs2_d: 00000000 | alu_res: 00000000 | mem_w: 0 | reg_w: 1 | csr_w: 0 | csr_op: 00 | csr_addr: 000 | csr_wdata: 00000000 | mscratch: 00000000
PC: 80006cd8 | Instr: 00000013 | rs1_d: 00000000 | rs2_d: 00000000 | alu_res: 00000000 | mem_w: 0 | reg_w: 1 | csr_w: 0 | csr_op: 00 | csr_addr: 000 | csr_wdata: 00000000 | mscratch: 00000000
PC: 80006cdc | Instr: 00000013 | rs1_d: 00000000 | rs2_d: 00000000 | alu_res: 00000000 | mem_w: 0 | reg_w: 1 | csr_w: 0 | csr_op: 00 | csr_addr: 000 | csr_wdata: 00000000 | mscratch: 00000000
PC: 80006ce0 | Instr: 00001097 | rs1_d: 00000000 | rs2_d: 00000000 | alu_res: 80007ce0 | mem_w: 0 | reg_w: 1 | csr_w: 0 | csr_op: 00 | csr_addr: 000 | csr_wdata: 00000000 | mscratch: 00000000
PC: 80006ce4 | Instr: 864080e7 | rs1_d: 80007ce0 | rs2_d: 800424a0 | alu_res: 80007544 | mem_w: 0 | reg_w: 1 | csr_w: 0 | csr_op: 00 | csr_addr: 864 | csr_wdata: 80007ce0 | mscratch: 00000000
PC: 80007544 | Instr: 00008067 | rs1_d: 80006ce8 | rs2_d: 00000000 | alu_res: 80006ce8 | mem_w: 0 | reg_w: 1 | csr_w: 0 | csr_op: 00 | csr_addr: 000 | csr_wdata: 80006ce8 | mscratch: 00000000
PC: 80006ce8 | Instr: 0003c517 | rs1_d: 420009d3 | rs2_d: 00000000 | alu_res: 80042ce8 | mem_w: 0 | reg_w: 1 | csr_w: 0 | csr_op: 00 | csr_addr: 000 | csr_wdata: 420009d3 | mscratch: 00000000
PC: 80006cec | Instr: 8c052503 | rs1_d: 80042ce8 | rs2_d: 00000000 | alu_res: 800425a8 | mem_w: 0 | reg_w: 1 | csr_w: 0 | csr_op: 00 | csr_addr: 8c0 | csr_wdata: 80042ce8 | mscratch: 00000000
PC: 80006cf0 | Instr: 02000593 | rs1_d: 00000000 | rs2_d: 00000000 | alu_res: 00000020 | mem_w: 0 | reg_w: 1 | csr_w: 0 | csr_op: 00 | csr_addr: 020 | csr_wdata: 00000000 | mscratch: 00000000
PC: 80006cf4 | Instr: 49c000ef | rs1_d: 00000000 | rs2_d: bfddb7d5 | alu_res: bfddb7d5 | mem_w: 0 | reg_w: 1 | csr_w: 0 | csr_op: 00 | csr_addr: 49c | csr_wdata: 00000000 | mscratch: 00000000
PC: 80007190 | Instr: 00000013 | rs1_d: 00000000 | rs2_d: 00000000 | alu_res: 00000000 | mem_w: 0 | reg_w: 1 | csr_w: 0 | csr_op: 00 | csr_addr: 000 | csr_wdata: 00000000 | mscratch: 00000000
PC: 80007194 | Instr: 00000013 | rs1_d: 00000000 | rs2_d: 00000000 | alu_res: 00000000 | mem_w: 0 | reg_w: 1 | csr_w: 0 | csr_op: 00 | csr_addr: 000 | csr_wdata: 00000000 | mscratch: 00000000
PC: 80007198 | Instr: 00000013 | rs1_d: 00000000 | rs2_d: 00000000 | alu_res: 00000000 | mem_w: 0 | reg_w: 1 | csr_w: 0 | csr_op: 00 | csr_addr: 000 | csr_wdata: 00000000 | mscratch: 00000000
PC: 8000719c | Instr: 00000013 | rs1_d: 00000000 | rs2_d: 00000000 | alu_res: 00000000 | mem_w: 0 | reg_w: 1 | csr_w: 0 | csr_op: 00 | csr_addr: 000 | csr_wdata: 00000000 | mscratch: 00000000
PC: 800071a0 | Instr: 0003b617 | rs1_d: 420009d3 | rs2_d: 00000000 | alu_res: 800421a0 | mem_w: 0 | reg_w: 1 | csr_w: 0 | csr_op: 00 | csr_addr: 000 | csr_wdata: 420009d3 | mscratch: 00000000
PC: 800071a4 | Instr: 43860613 | rs1_d: 800421a0 | rs2_d: 5bfddb7d | alu_res: 800425d8 | mem_w: 0 | reg_w: 1 | csr_w: 0 | csr_op: 00 | csr_addr: 438 | csr_wdata: 800421a0 | mscratch: 00000000
PC: 800071a8 | Instr: 00000013 | rs1_d: 00000000 | rs2_d: 00000000 | alu_res: 00000000 | mem_w: 0 | reg_w: 1 | csr_w: 0 | csr_op: 00 | csr_addr: 000 | csr_wdata: 00000000 | mscratch: 00000000
PC: 800071ac | Instr: 00000013 | rs1_d: 00000000 | rs2_d: 00000000 | alu_res: 00000000 | mem_w: 0 | reg_w: 1 | csr_w: 0 | csr_op: 00 | csr_addr: 000 | csr_wdata: 00000000 | mscratch: 00000000
PC: 800071b0 | Instr: 00000013 | rs1_d: 00000000 | rs2_d: 00000000 | alu_res: 00000000 | mem_w: 0 | reg_w: 1 | csr_w: 0 | csr_op: 00 | csr_addr: 000 | csr_wdata: 00000000 | mscratch: 00000000
PC: 800071b4 | Instr: 00000013 | rs1_d: 00000000 | rs2_d: 00000000 | alu_res: 00000000 | mem_w: 0 | reg_w: 1 | csr_w: 0 | csr_op: 00 | csr_addr: 000 | csr_wdata: 00000000 | mscratch: 00000000
PC: 800071b8 | Instr: 00000013 | rs1_d: 00000000 | rs2_d: 00000000 | alu_res: 00000000 | mem_w: 0 | reg_w: 1 | csr_w: 0 | csr_op: 00 | csr_addr: 000 | csr_wdata: 00000000 | mscratch: 00000000
PC: 800071bc | Instr: 00000013 | rs1_d: 00000000 | rs2_d: 00000000 | alu_res: 00000000 | mem_w: 0 | reg_w: 1 | csr_w: 0 | csr_op: 00 | csr_addr: 000 | csr_wdata: 00000000 | mscratch: 00000000
PC: 800071c0 | Instr: 03000693 | rs1_d: 00000000 | rs2_d: 7d5bfddb | alu_res: 00000030 | mem_w: 0 | reg_w: 1 | csr_w: 0 | csr_op: 00 | csr_addr: 030 | csr_wdata: 00000000 | mscratch: 00000000
PC: 800071c4 | Instr: 00d60023 | rs1_d: 800425d8 | rs2_d: 00000030 | alu_res: 800425d8 | mem_w: 1 | reg_w: 0 | csr_w: 0 | csr_op: 00 | csr_addr: 00d | csr_wdata: 800425d8 | mscratch: 00000000
PC: 800071c8 | Instr: 07800693 | rs1_d: 00000000 | rs2_d: 5bfddb7d | alu_res: 00000078 | mem_w: 0 | reg_w: 1 | csr_w: 0 | csr_op: 00 | csr_addr: 078 | csr_wdata: 00000000 | mscratch: 00000000
PC: 800071cc | Instr: 00d600a3 | rs1_d: 800425d8 | rs2_d: 00000078 | alu_res: 800425d9 | mem_w: 1 | reg_w: 0 | csr_w: 0 | csr_op: 00 | csr_addr: 00d | csr_wdata: 800425d8 | mscratch: 00000000
PC: 800071d0 | Instr: 00260613 | rs1_d: 800425d8 | rs2_d: 800431d8 | alu_res: 800425da | mem_w: 0 | reg_w: 1 | csr_w: 0 | csr_op: 00 | csr_addr: 002 | csr_wdata: 800425d8 | mscratch: 00000000
PC: 800071d4 | Instr: 00058693 | rs1_d: 00000020 | rs2_d: 00000000 | alu_res: 00000020 | mem_w: 0 | reg_w: 1 | csr_w: 0 | csr_op: 00 | csr_addr: 000 | csr_wdata: 00000020 | mscratch: 00000000
PC: 800071d8 | Instr: ffc68693 | rs1_d: 00000020 | rs2_d: bfddb7d5 | alu_res: 0000001c | mem_w: 0 | reg_w: 1 | csr_w: 0 | csr_op: 00 | csr_addr: ffc | csr_wdata: 00000020 | mscratch: 00000000
PC: 800071dc | Instr: 00d55733 | rs1_d: 8000004c | rs2_d: 0000001c | alu_res: 00000008 | mem_w: 0 | reg_w: 1 | csr_w: 0 | csr_op: 00 | csr_addr: 00d | csr_wdata: 8000004c | mscratch: 00000000
PC: 800071e0 | Instr: 00f77713 | rs1_d: 00000008 | rs2_d: 0000000a | alu_res: 00000008 | mem_w: 0 | reg_w: 1 | csr_w: 0 | csr_op: 00 | csr_addr: 00f | csr_wdata: 00000008 | mscratch: 00000000
PC: 800071e4 | Instr: 00a00793 | rs1_d: 00000000 | rs2_d: 8000004c | alu_res: 0000000a | mem_w: 0 | reg_w: 1 | csr_w: 0 | csr_op: 00 | csr_addr: 00a | csr_wdata: 00000000 | mscratch: 00000000
PC: 800071e8 | Instr: 00f74663 | rs1_d: 00000008 | rs2_d: 0000000a | alu_res: 00000001 | mem_w: 0 | reg_w: 0 | csr_w: 0 | csr_op: 00 | csr_addr: 00f | csr_wdata: 00000008 | mscratch: 00000000
PC: 800071f4 | Instr: 03070713 | rs1_d: 00000008 | rs2_d: 7d5bfddb | alu_res: 00000038 | mem_w: 0 | reg_w: 1 | csr_w: 0 | csr_op: 00 | csr_addr: 030 | csr_wdata: 00000008 | mscratch: 00000000
PC: 800071f8 | Instr: 00e60023 | rs1_d: 800425da | rs2_d: 00000038 | alu_res: 800425da | mem_w: 1 | reg_w: 0 | csr_w: 0 | csr_op: 00 | csr_addr: 00e | csr_wdata: 800425da | mscratch: 00000000
PC: 800071fc | Instr: 00160613 | rs1_d: 800425da | rs2_d: 80006cf8 | alu_res: 800425db | mem_w: 0 | reg_w: 1 | csr_w: 0 | csr_op: 00 | csr_addr: 001 | csr_wdata: 800425da | mscratch: 00000000
PC: 80007200 | Instr: fc069ce3 | rs1_d: 0000001c | rs2_d: 00000000 | alu_res: 0000001c | mem_w: 0 | reg_w: 0 | csr_w: 0 | csr_op: 00 | csr_addr: fc0 | csr_wdata: 0000001c | mscratch: 00000000
PC: 800071d8 | Instr: ffc68693 | rs1_d: 0000001c | rs2_d: bfddb7d5 | alu_res: 00000018 | mem_w: 0 | reg_w: 1 | csr_w: 0 | csr_op: 00 | csr_addr: ffc | csr_wdata: 0000001c | mscratch: 00000000
PC: 800071dc | Instr: 00d55733 | rs1_d: 8000004c | rs2_d: 00000018 | alu_res: 00000080 | mem_w: 0 | reg_w: 1 | csr_w: 0 | csr_op: 00 | csr_addr: 00d | csr_wdata: 8000004c | mscratch: 00000000
PC: 800071e0 | Instr: 00f77713 | rs1_d: 00000080 | rs2_d: 0000000a | alu_res: 00000000 | mem_w: 0 | reg_w: 1 | csr_w: 0 | csr_op: 00 | csr_addr: 00f | csr_wdata: 00000080 | mscratch: 00000000
PC: 800071e4 | Instr: 00a00793 | rs1_d: 00000000 | rs2_d: 8000004c | alu_res: 0000000a | mem_w: 0 | reg_w: 1 | csr_w: 0 | csr_op: 00 | csr_addr: 00a | csr_wdata: 00000000 | mscratch: 00000000
PC: 800071e8 | Instr: 00f74663 | rs1_d: 00000000 | rs2_d: 0000000a | alu_res: 00000001 | mem_w: 0 | reg_w: 0 | csr_w: 0 | csr_op: 00 | csr_addr: 00f | csr_wdata: 00000000 | mscratch: 00000000
PC: 800071f4 | Instr: 03070713 | rs1_d: 00000000 | rs2_d: 7d5bfddb | alu_res: 00000030 | mem_w: 0 | reg_w: 1 | csr_w: 0 | csr_op: 00 | csr_addr: 030 | csr_wdata: 00000000 | mscratch: 00000000
PC: 800071f8 | Instr: 00e60023 | rs1_d: 800425db | rs2_d: 00000030 | alu_res: 800425db | mem_w: 1 | reg_w: 0 | csr_w: 0 | csr_op: 00 | csr_addr: 00e | csr_wdata: 800425db | mscratch: 00000000
PC: 800071fc | Instr: 00160613 | rs1_d: 800425db | rs2_d: 80006cf8 | alu_res: 800425dc | mem_w: 0 | reg_w: 1 | csr_w: 0 | csr_op: 00 | csr_addr: 001 | csr_wdata: 800425db | mscratch: 00000000
PC: 80007200 | Instr: fc069ce3 | rs1_d: 00000018 | rs2_d: 00000000 | alu_res: 00000018 | mem_w: 0 | reg_w: 0 | csr_w: 0 | csr_op: 00 | csr_addr: fc0 | csr_wdata: 00000018 | mscratch: 00000000
PC: 800071d8 | Instr: ffc68693 | rs1_d: 00000018 | rs2_d: bfddb7d5 | alu_res: 00000014 | mem_w: 0 | reg_w: 1 | csr_w: 0 | csr_op: 00 | csr_addr: ffc | csr_wdata: 00000018 | mscratch: 00000000
PC: 800071dc | Instr: 00d55733 | rs1_d: 8000004c | rs2_d: 00000014 | alu_res: 00000800 | mem_w: 0 | reg_w: 1 | csr_w: 0 | csr_op: 00 | csr_addr: 00d | csr_wdata: 8000004c | mscratch: 00000000
PC: 800071e0 | Instr: 00f77713 | rs1_d: 00000800 | rs2_d: 0000000a | alu_res: 00000000 | mem_w: 0 | reg_w: 1 | csr_w: 0 | csr_op: 00 | csr_addr: 00f | csr_wdata: 00000800 | mscratch: 00000000
PC: 800071e4 | Instr: 00a00793 | rs1_d: 00000000 | rs2_d: 8000004c | alu_res: 0000000a | mem_w: 0 | reg_w: 1 | csr_w: 0 | csr_op: 00 | csr_addr: 00a | csr_wdata: 00000000 | mscratch: 00000000
PC: 800071e8 | Instr: 00f74663 | rs1_d: 00000000 | rs2_d: 0000000a | alu_res: 00000001 | mem_w: 0 | reg_w: 0 | csr_w: 0 | csr_op: 00 | csr_addr: 00f | csr_wdata: 00000000 | mscratch: 00000000
PC: 800071f4 | Instr: 03070713 | rs1_d: 00000000 | rs2_d: 7d5bfddb | alu_res: 00000030 | mem_w: 0 | reg_w: 1 | csr_w: 0 | csr_op: 00 | csr_addr: 030 | csr_wdata: 00000000 | mscratch: 00000000
PC: 800071f8 | Instr: 00e60023 | rs1_d: 800425dc | rs2_d: 00000030 | alu_res: 800425dc | mem_w: 1 | reg_w: 0 | csr_w: 0 | csr_op: 00 | csr_addr: 00e | csr_wdata: 800425dc | mscratch: 00000000
PC: 800071fc | Instr: 00160613 | rs1_d: 800425dc | rs2_d: 80006cf8 | alu_res: 800425dd | mem_w: 0 | reg_w: 1 | csr_w: 0 | csr_op: 00 | csr_addr: 001 | csr_wdata: 800425dc | mscratch: 00000000
PC: 80007200 | Instr: fc069ce3 | rs1_d: 00000014 | rs2_d: 00000000 | alu_res: 00000014 | mem_w: 0 | reg_w: 0 | csr_w: 0 | csr_op: 00 | csr_addr: fc0 | csr_wdata: 00000014 | mscratch: 00000000
PC: 800071d8 | Instr: ffc68693 | rs1_d: 00000014 | rs2_d: bfddb7d5 | alu_res: 00000010 | mem_w: 0 | reg_w: 1 | csr_w: 0 | csr_op: 00 | csr_addr: ffc | csr_wdata: 00000014 | mscratch: 00000000
PC: 800071dc | Instr: 00d55733 | rs1_d: 8000004c | rs2_d: 00000010 | alu_res: 00008000 | mem_w: 0 | reg_w: 1 | csr_w: 0 | csr_op: 00 | csr_addr: 00d | csr_wdata: 8000004c | mscratch: 00000000
PC: 800071e0 | Instr: 00f77713 | rs1_d: 00008000 | rs2_d: 0000000a | alu_res: 00000000 | mem_w: 0 | reg_w: 1 | csr_w: 0 | csr_op: 00 | csr_addr: 00f | csr_wdata: 00008000 | mscratch: 00000000
PC: 800071e4 | Instr: 00a00793 | rs1_d: 00000000 | rs2_d: 8000004c | alu_res: 0000000a | mem_w: 0 | reg_w: 1 | csr_w: 0 | csr_op: 00 | csr_addr: 00a | csr_wdata: 00000000 | mscratch: 00000000
PC: 800071e8 | Instr: 00f74663 | rs1_d: 00000000 | rs2_d: 0000000a | alu_res: 00000001 | mem_w: 0 | reg_w: 0 | csr_w: 0 | csr_op: 00 | csr_addr: 00f | csr_wdata: 00000000 | mscratch: 00000000
PC: 800071f4 | Instr: 03070713 | rs1_d: 00000000 | rs2_d: 7d5bfddb | alu_res: 00000030 | mem_w: 0 | reg_w: 1 | csr_w: 0 | csr_op: 00 | csr_addr: 030 | csr_wdata: 00000000 | mscratch: 00000000
PC: 800071f8 | Instr: 00e60023 | rs1_d: 800425dd | rs2_d: 00000030 | alu_res: 800425dd | mem_w: 1 | reg_w: 0 | csr_w: 0 | csr_op: 00 | csr_addr: 00e | csr_wdata: 800425dd | mscratch: 00000000
PC: 800071fc | Instr: 00160613 | rs1_d: 800425dd | rs2_d: 80006cf8 | alu_res: 800425de | mem_w: 0 | reg_w: 1 | csr_w: 0 | csr_op: 00 | csr_addr: 001 | csr_wdata: 800425dd | mscratch: 00000000
PC: 80007200 | Instr: fc069ce3 | rs1_d: 00000010 | rs2_d: 00000000 | alu_res: 00000010 | mem_w: 0 | reg_w: 0 | csr_w: 0 | csr_op: 00 | csr_addr: fc0 | csr_wdata: 00000010 | mscratch: 00000000
PC: 800071d8 | Instr: ffc68693 | rs1_d: 00000010 | rs2_d: bfddb7d5 | alu_res: 0000000c | mem_w: 0 | reg_w: 1 | csr_w: 0 | csr_op: 00 | csr_addr: ffc | csr_wdata: 00000010 | mscratch: 00000000
PC: 800071dc | Instr: 00d55733 | rs1_d: 8000004c | rs2_d: 0000000c | alu_res: 00080000 | mem_w: 0 | reg_w: 1 | csr_w: 0 | csr_op: 00 | csr_addr: 00d | csr_wdata: 8000004c | mscratch: 00000000
PC: 800071e0 | Instr: 00f77713 | rs1_d: 00080000 | rs2_d: 0000000a | alu_res: 00000000 | mem_w: 0 | reg_w: 1 | csr_w: 0 | csr_op: 00 | csr_addr: 00f | csr_wdata: 00080000 | mscratch: 00000000
PC: 800071e4 | Instr: 00a00793 | rs1_d: 00000000 | rs2_d: 8000004c | alu_res: 0000000a | mem_w: 0 | reg_w: 1 | csr_w: 0 | csr_op: 00 | csr_addr: 00a | csr_wdata: 00000000 | mscratch: 00000000
PC: 800071e8 | Instr: 00f74663 | rs1_d: 00000000 | rs2_d: 0000000a | alu_res: 00000001 | mem_w: 0 | reg_w: 0 | csr_w: 0 | csr_op: 00 | csr_addr: 00f | csr_wdata: 00000000 | mscratch: 00000000
PC: 800071f4 | Instr: 03070713 | rs1_d: 00000000 | rs2_d: 7d5bfddb | alu_res: 00000030 | mem_w: 0 | reg_w: 1 | csr_w: 0 | csr_op: 00 | csr_addr: 030 | csr_wdata: 00000000 | mscratch: 00000000
PC: 800071f8 | Instr: 00e60023 | rs1_d: 800425de | rs2_d: 00000030 | alu_res: 800425de | mem_w: 1 | reg_w: 0 | csr_w: 0 | csr_op: 00 | csr_addr: 00e | csr_wdata: 800425de | mscratch: 00000000
PC: 800071fc | Instr: 00160613 | rs1_d: 800425de | rs2_d: 80006cf8 | alu_res: 800425df | mem_w: 0 | reg_w: 1 | csr_w: 0 | csr_op: 00 | csr_addr: 001 | csr_wdata: 800425de | mscratch: 00000000
PC: 80007200 | Instr: fc069ce3 | rs1_d: 0000000c | rs2_d: 00000000 | alu_res: 0000000c | mem_w: 0 | reg_w: 0 | csr_w: 0 | csr_op: 00 | csr_addr: fc0 | csr_wdata: 0000000c | mscratch: 00000000
PC: 800071d8 | Instr: ffc68693 | rs1_d: 0000000c | rs2_d: bfddb7d5 | alu_res: 00000008 | mem_w: 0 | reg_w: 1 | csr_w: 0 | csr_op: 00 | csr_addr: ffc | csr_wdata: 0000000c | mscratch: 00000000
PC: 800071dc | Instr: 00d55733 | rs1_d: 8000004c | rs2_d: 00000008 | alu_res: 00800000 | mem_w: 0 | reg_w: 1 | csr_w: 0 | csr_op: 00 | csr_addr: 00d | csr_wdata: 8000004c | mscratch: 00000000
PC: 800071e0 | Instr: 00f77713 | rs1_d: 00800000 | rs2_d: 0000000a | alu_res: 00000000 | mem_w: 0 | reg_w: 1 | csr_w: 0 | csr_op: 00 | csr_addr: 00f | csr_wdata: 00800000 | mscratch: 00000000
PC: 800071e4 | Instr: 00a00793 | rs1_d: 00000000 | rs2_d: 8000004c | alu_res: 0000000a | mem_w: 0 | reg_w: 1 | csr_w: 0 | csr_op: 00 | csr_addr: 00a | csr_wdata: 00000000 | mscratch: 00000000
PC: 800071e8 | Instr: 00f74663 | rs1_d: 00000000 | rs2_d: 0000000a | alu_res: 00000001 | mem_w: 0 | reg_w: 0 | csr_w: 0 | csr_op: 00 | csr_addr: 00f | csr_wdata: 00000000 | mscratch: 00000000
PC: 800071f4 | Instr: 03070713 | rs1_d: 00000000 | rs2_d: 7d5bfddb | alu_res: 00000030 | mem_w: 0 | reg_w: 1 | csr_w: 0 | csr_op: 00 | csr_addr: 030 | csr_wdata: 00000000 | mscratch: 00000000
PC: 800071f8 | Instr: 00e60023 | rs1_d: 800425df | rs2_d: 00000030 | alu_res: 800425df | mem_w: 1 | reg_w: 0 | csr_w: 0 | csr_op: 00 | csr_addr: 00e | csr_wdata: 800425df | mscratch: 00000000
PC: 800071fc | Instr: 00160613 | rs1_d: 800425df | rs2_d: 80006cf8 | alu_res: 800425e0 | mem_w: 0 | reg_w: 1 | csr_w: 0 | csr_op: 00 | csr_addr: 001 | csr_wdata: 800425df | mscratch: 00000000
PC: 80007200 | Instr: fc069ce3 | rs1_d: 00000008 | rs2_d: 00000000 | alu_res: 00000008 | mem_w: 0 | reg_w: 0 | csr_w: 0 | csr_op: 00 | csr_addr: fc0 | csr_wdata: 00000008 | mscratch: 00000000
PC: 800071d8 | Instr: ffc68693 | rs1_d: 00000008 | rs2_d: bfddb7d5 | alu_res: 00000004 | mem_w: 0 | reg_w: 1 | csr_w: 0 | csr_op: 00 | csr_addr: ffc | csr_wdata: 00000008 | mscratch: 00000000
PC: 800071dc | Instr: 00d55733 | rs1_d: 8000004c | rs2_d: 00000004 | alu_res: 08000004 | mem_w: 0 | reg_w: 1 | csr_w: 0 | csr_op: 00 | csr_addr: 00d | csr_wdata: 8000004c | mscratch: 00000000
PC: 800071e0 | Instr: 00f77713 | rs1_d: 08000004 | rs2_d: 0000000a | alu_res: 00000004 | mem_w: 0 | reg_w: 1 | csr_w: 0 | csr_op: 00 | csr_addr: 00f | csr_wdata: 08000004 | mscratch: 00000000
PC: 800071e4 | Instr: 00a00793 | rs1_d: 00000000 | rs2_d: 8000004c | alu_res: 0000000a | mem_w: 0 | reg_w: 1 | csr_w: 0 | csr_op: 00 | csr_addr: 00a | csr_wdata: 00000000 | mscratch: 00000000
PC: 800071e8 | Instr: 00f74663 | rs1_d: 00000004 | rs2_d: 0000000a | alu_res: 00000001 | mem_w: 0 | reg_w: 0 | csr_w: 0 | csr_op: 00 | csr_addr: 00f | csr_wdata: 00000004 | mscratch: 00000000
PC: 800071f4 | Instr: 03070713 | rs1_d: 00000004 | rs2_d: 7d5bfddb | alu_res: 00000034 | mem_w: 0 | reg_w: 1 | csr_w: 0 | csr_op: 00 | csr_addr: 030 | csr_wdata: 00000004 | mscratch: 00000000
PC: 800071f8 | Instr: 00e60023 | rs1_d: 800425e0 | rs2_d: 00000034 | alu_res: 800425e0 | mem_w: 1 | reg_w: 0 | csr_w: 0 | csr_op: 00 | csr_addr: 00e | csr_wdata: 800425e0 | mscratch: 00000000
PC: 800071fc | Instr: 00160613 | rs1_d: 800425e0 | rs2_d: 80006cf8 | alu_res: 800425e1 | mem_w: 0 | reg_w: 1 | csr_w: 0 | csr_op: 00 | csr_addr: 001 | csr_wdata: 800425e0 | mscratch: 00000000
PC: 80007200 | Instr: fc069ce3 | rs1_d: 00000004 | rs2_d: 00000000 | alu_res: 00000004 | mem_w: 0 | reg_w: 0 | csr_w: 0 | csr_op: 00 | csr_addr: fc0 | csr_wdata: 00000004 | mscratch: 00000000
PC: 800071d8 | Instr: ffc68693 | rs1_d: 00000004 | rs2_d: bfddb7d5 | alu_res: 00000000 | mem_w: 0 | reg_w: 1 | csr_w: 0 | csr_op: 00 | csr_addr: ffc | csr_wdata: 00000004 | mscratch: 00000000
PC: 800071dc | Instr: 00d55733 | rs1_d: 8000004c | rs2_d: 00000000 | alu_res: 8000004c | mem_w: 0 | reg_w: 1 | csr_w: 0 | csr_op: 00 | csr_addr: 00d | csr_wdata: 8000004c | mscratch: 00000000
PC: 800071e0 | Instr: 00f77713 | rs1_d: 8000004c | rs2_d: 0000000a | alu_res: 0000000c | mem_w: 0 | reg_w: 1 | csr_w: 0 | csr_op: 00 | csr_addr: 00f | csr_wdata: 8000004c | mscratch: 00000000
PC: 800071e4 | Instr: 00a00793 | rs1_d: 00000000 | rs2_d: 8000004c | alu_res: 0000000a | mem_w: 0 | reg_w: 1 | csr_w: 0 | csr_op: 00 | csr_addr: 00a | csr_wdata: 00000000 | mscratch: 00000000
PC: 800071e8 | Instr: 00f74663 | rs1_d: 0000000c | rs2_d: 0000000a | alu_res: 00000000 | mem_w: 0 | reg_w: 0 | csr_w: 0 | csr_op: 00 | csr_addr: 00f | csr_wdata: 0000000c | mscratch: 00000000
PC: 800071ec | Instr: 05770713 | rs1_d: 0000000c | rs2_d: feedbead | alu_res: 00000063 | mem_w: 0 | reg_w: 1 | csr_w: 0 | csr_op: 00 | csr_addr: 057 | csr_wdata: 0000000c | mscratch: 00000000
PC: 800071f0 | Instr: 0080006f | rs1_d: 00000000 | rs2_d: 42000000 | alu_res: 42000000 | mem_w: 0 | reg_w: 1 | csr_w: 0 | csr_op: 00 | csr_addr: 008 | csr_wdata: 00000000 | mscratch: 00000000
PC: 800071f8 | Instr: 00e60023 | rs1_d: 800425e1 | rs2_d: 00000063 | alu_res: 800425e1 | mem_w: 1 | reg_w: 0 | csr_w: 0 | csr_op: 00 | csr_addr: 00e | csr_wdata: 800425e1 | mscratch: 00000000
PC: 800071fc | Instr: 00160613 | rs1_d: 800425e1 | rs2_d: 80006cf8 | alu_res: 800425e2 | mem_w: 0 | reg_w: 1 | csr_w: 0 | csr_op: 00 | csr_addr: 001 | csr_wdata: 800425e1 | mscratch: 00000000
PC: 80007200 | Instr: fc069ce3 | rs1_d: 00000000 | rs2_d: 00000000 | alu_res: 00000000 | mem_w: 0 | reg_w: 0 | csr_w: 0 | csr_op: 00 | csr_addr: fc0 | csr_wdata: 00000000 | mscratch: 00000000
PC: 80007204 | Instr: 00a00693 | rs1_d: 00000000 | rs2_d: 8000004c | alu_res: 0000000a | mem_w: 0 | reg_w: 1 | csr_w: 0 | csr_op: 00 | csr_addr: 00a | csr_wdata: 00000000 | mscratch: 00000000
PC: 80007208 | Instr: 00d60023 | rs1_d: 800425e2 | rs2_d: 0000000a | alu_res: 800425e2 | mem_w: 1 | reg_w: 0 | csr_w: 0 | csr_op: 00 | csr_addr: 00d | csr_wdata: 800425e2 | mscratch: 00000000
PC: 8000720c | Instr: 000600a3 | rs1_d: 800425e2 | rs2_d: 00000000 | alu_res: 800425e3 | mem_w: 1 | reg_w: 0 | csr_w: 0 | csr_op: 00 | csr_addr: 000 | csr_wdata: 800425e2 | mscratch: 00000000
PC: 80007210 | Instr: 00008067 | rs1_d: 80006cf8 | rs2_d: 00000000 | alu_res: 80006cf8 | mem_w: 0 | reg_w: 1 | csr_w: 0 | csr_op: 00 | csr_addr: 000 | csr_wdata: 80006cf8 | mscratch: 00000000
PC: 80006cf8 | Instr: 00000013 | rs1_d: 00000000 | rs2_d: 00000000 | alu_res: 00000000 | mem_w: 0 | reg_w: 1 | csr_w: 0 | csr_op: 00 | csr_addr: 000 | csr_wdata: 00000000 | mscratch: 00000000
PC: 80006cfc | Instr: 00000013 | rs1_d: 00000000 | rs2_d: 00000000 | alu_res: 00000000 | mem_w: 0 | reg_w: 1 | csr_w: 0 | csr_op: 00 | csr_addr: 000 | csr_wdata: 00000000 | mscratch: 00000000
PC: 80006d00 | Instr: 0003c517 | rs1_d: 420009d3 | rs2_d: 00000000 | alu_res: 80042d00 | mem_w: 0 | reg_w: 1 | csr_w: 0 | csr_op: 00 | csr_addr: 000 | csr_wdata: 420009d3 | mscratch: 00000000
PC: 80006d04 | Instr: 8d850513 | rs1_d: 80042d00 | rs2_d: 5bfddb7d | alu_res: 800425d8 | mem_w: 0 | reg_w: 1 | csr_w: 0 | csr_op: 00 | csr_addr: 8d8 | csr_wdata: 80042d00 | mscratch: 00000000
PC: 80006d08 | Instr: 00000013 | rs1_d: 00000000 | rs2_d: 00000000 | alu_res: 00000000 | mem_w: 0 | reg_w: 1 | csr_w: 0 | csr_op: 00 | csr_addr: 000 | csr_wdata: 00000000 | mscratch: 00000000
PC: 80006d0c | Instr: 00000013 | rs1_d: 00000000 | rs2_d: 00000000 | alu_res: 00000000 | mem_w: 0 | reg_w: 1 | csr_w: 0 | csr_op: 00 | csr_addr: 000 | csr_wdata: 00000000 | mscratch: 00000000
PC: 80006d10 | Instr: 00000013 | rs1_d: 00000000 | rs2_d: 00000000 | alu_res: 00000000 | mem_w: 0 | reg_w: 1 | csr_w: 0 | csr_op: 00 | csr_addr: 000 | csr_wdata: 00000000 | mscratch: 00000000
PC: 80006d14 | Instr: 00000013 | rs1_d: 00000000 | rs2_d: 00000000 | alu_res: 00000000 | mem_w: 0 | reg_w: 1 | csr_w: 0 | csr_op: 00 | csr_addr: 000 | csr_wdata: 00000000 | mscratch: 00000000
PC: 80006d18 | Instr: 00000013 | rs1_d: 00000000 | rs2_d: 00000000 | alu_res: 00000000 | mem_w: 0 | reg_w: 1 | csr_w: 0 | csr_op: 00 | csr_addr: 000 | csr_wdata: 00000000 | mscratch: 00000000
PC: 80006d1c | Instr: 00000013 | rs1_d: 00000000 | rs2_d: 00000000 | alu_res: 00000000 | mem_w: 0 | reg_w: 1 | csr_w: 0 | csr_op: 00 | csr_addr: 000 | csr_wdata: 00000000 | mscratch: 00000000
PC: 80006d20 | Instr: 00001097 | rs1_d: 00000000 | rs2_d: 00000000 | alu_res: 80007d20 | mem_w: 0 | reg_w: 1 | csr_w: 0 | csr_op: 00 | csr_addr: 000 | csr_wdata: 00000000 | mscratch: 00000000
PC: 80006d24 | Instr: 824080e7 | rs1_d: 80007d20 | rs2_d: 800424a0 | alu_res: 80007544 | mem_w: 0 | reg_w: 1 | csr_w: 0 | csr_op: 00 | csr_addr: 824 | csr_wdata: 80007d20 | mscratch: 00000000
PC: 80007544 | Instr: 00008067 | rs1_d: 80006d28 | rs2_d: 00000000 | alu_res: 80006d28 | mem_w: 0 | reg_w: 1 | csr_w: 0 | csr_op: 00 | csr_addr: 000 | csr_wdata: 80006d28 | mscratch: 00000000
PC: 80006d28 | Instr: 00000013 | rs1_d: 00000000 | rs2_d: 00000000 | alu_res: 00000000 | mem_w: 0 | reg_w: 1 | csr_w: 0 | csr_op: 00 | csr_addr: 000 | csr_wdata: 00000000 | mscratch: 00000000
PC: 80006d2c | Instr: 00000013 | rs1_d: 00000000 | rs2_d: 00000000 | alu_res: 00000000 | mem_w: 0 | reg_w: 1 | csr_w: 0 | csr_op: 00 | csr_addr: 000 | csr_wdata: 00000000 | mscratch: 00000000
PC: 80006d30 | Instr: 00000013 | rs1_d: 00000000 | rs2_d: 00000000 | alu_res: 00000000 | mem_w: 0 | reg_w: 1 | csr_w: 0 | csr_op: 00 | csr_addr: 000 | csr_wdata: 00000000 | mscratch: 00000000
PC: 80006d34 | Instr: 00000013 | rs1_d: 00000000 | rs2_d: 00000000 | alu_res: 00000000 | mem_w: 0 | reg_w: 1 | csr_w: 0 | csr_op: 00 | csr_addr: 000 | csr_wdata: 00000000 | mscratch: 00000000
PC: 80006d38 | Instr: 00000013 | rs1_d: 00000000 | rs2_d: 00000000 | alu_res: 00000000 | mem_w: 0 | reg_w: 1 | csr_w: 0 | csr_op: 00 | csr_addr: 000 | csr_wdata: 00000000 | mscratch: 00000000
PC: 80006d3c | Instr: 00000013 | rs1_d: 00000000 | rs2_d: 00000000 | alu_res: 00000000 | mem_w: 0 | reg_w: 1 | csr_w: 0 | csr_op: 00 | csr_addr: 000 | csr_wdata: 00000000 | mscratch: 00000000
PC: 80006d40 | Instr: 0003c517 | rs1_d: 420009d3 | rs2_d: 00000000 | alu_res: 80042d40 | mem_w: 0 | reg_w: 1 | csr_w: 0 | csr_op: 00 | csr_addr: 000 | csr_wdata: 420009d3 | mscratch: 00000000
PC: 80006d44 | Instr: 3f850513 | rs1_d: 80042d40 | rs2_d: 5bfddb7d | alu_res: 80043138 | mem_w: 0 | reg_w: 1 | csr_w: 0 | csr_op: 00 | csr_addr: 3f8 | csr_wdata: 80042d40 | mscratch: 00000000
PC: 80006d48 | Instr: 00000013 | rs1_d: 00000000 | rs2_d: 00000000 | alu_res: 00000000 | mem_w: 0 | reg_w: 1 | csr_w: 0 | csr_op: 00 | csr_addr: 000 | csr_wdata: 00000000 | mscratch: 00000000
PC: 80006d4c | Instr: 00000013 | rs1_d: 00000000 | rs2_d: 00000000 | alu_res: 00000000 | mem_w: 0 | reg_w: 1 | csr_w: 0 | csr_op: 00 | csr_addr: 000 | csr_wdata: 00000000 | mscratch: 00000000
PC: 80006d50 | Instr: 00000013 | rs1_d: 00000000 | rs2_d: 00000000 | alu_res: 00000000 | mem_w: 0 | reg_w: 1 | csr_w: 0 | csr_op: 00 | csr_addr: 000 | csr_wdata: 00000000 | mscratch: 00000000
PC: 80006d54 | Instr: 00000013 | rs1_d: 00000000 | rs2_d: 00000000 | alu_res: 00000000 | mem_w: 0 | reg_w: 1 | csr_w: 0 | csr_op: 00 | csr_addr: 000 | csr_wdata: 00000000 | mscratch: 00000000
PC: 80006d58 | Instr: 00000013 | rs1_d: 00000000 | rs2_d: 00000000 | alu_res: 00000000 | mem_w: 0 | reg_w: 1 | csr_w: 0 | csr_op: 00 | csr_addr: 000 | csr_wdata: 00000000 | mscratch: 00000000
PC: 80006d5c | Instr: 00000013 | rs1_d: 00000000 | rs2_d: 00000000 | alu_res: 00000000 | mem_w: 0 | reg_w: 1 | csr_w: 0 | csr_op: 00 | csr_addr: 000 | csr_wdata: 00000000 | mscratch: 00000000
PC: 80006d60 | Instr: 00000097 | rs1_d: 00000000 | rs2_d: 00000000 | alu_res: 80006d60 | mem_w: 0 | reg_w: 1 | csr_w: 0 | csr_op: 00 | csr_addr: 000 | csr_wdata: 00000000 | mscratch: 00000000
PC: 80006d64 | Instr: 7e4080e7 | rs1_d: 80006d60 | rs2_d: 800424a0 | alu_res: 80007544 | mem_w: 0 | reg_w: 1 | csr_w: 0 | csr_op: 00 | csr_addr: 7e4 | csr_wdata: 80006d60 | mscratch: 00000000
PC: 80007544 | Instr: 00008067 | rs1_d: 80006d68 | rs2_d: 00000000 | alu_res: 80006d68 | mem_w: 0 | reg_w: 1 | csr_w: 0 | csr_op: 00 | csr_addr: 000 | csr_wdata: 80006d68 | mscratch: 00000000
PC: 80006d68 | Instr: 0003b517 | rs1_d: 420009d3 | rs2_d: 00000000 | alu_res: 80041d68 | mem_w: 0 | reg_w: 1 | csr_w: 0 | csr_op: 00 | csr_addr: 000 | csr_wdata: 420009d3 | mscratch: 00000000
PC: 80006d6c | Instr: 73852503 | rs1_d: 80041d68 | rs2_d: 5bfddb7d | alu_res: 800424a0 | mem_w: 0 | reg_w: 1 | csr_w: 0 | csr_op: 00 | csr_addr: 738 | csr_wdata: 80041d68 | mscratch: 00000000
PC: 80006d70 | Instr: 00050663 | rs1_d: 00000001 | rs2_d: 00000000 | alu_res: 00000001 | mem_w: 0 | reg_w: 0 | csr_w: 0 | csr_op: 00 | csr_addr: 000 | csr_wdata: 00000001 | mscratch: 00000000
PC: 80006d74 | Instr: 00300593 | rs1_d: 00000000 | rs2_d: 80040118 | alu_res: 00000003 | mem_w: 0 | reg_w: 1 | csr_w: 0 | csr_op: 00 | csr_addr: 003 | csr_wdata: 00000000 | mscratch: 00000000
PC: 80006d78 | Instr: 04b51063 | rs1_d: 00000001 | rs2_d: 00000003 | alu_res: fffffffe | mem_w: 0 | reg_w: 0 | csr_w: 0 | csr_op: 00 | csr_addr: 04b | csr_wdata: 00000001 | mscratch: 00000000
PC: 80006db8 | Instr: 00100593 | rs1_d: 00000000 | rs2_d: 80006d68 | alu_res: 00000001 | mem_w: 0 | reg_w: 1 | csr_w: 0 | csr_op: 00 | csr_addr: 001 | csr_wdata: 00000000 | mscratch: 00000000
PC: 80006dbc | Instr: 04b50863 | rs1_d: 00000001 | rs2_d: 00000001 | alu_res: 00000000 | mem_w: 0 | reg_w: 0 | csr_w: 0 | csr_op: 00 | csr_addr: 04b | csr_wdata: 00000001 | mscratch: 00000000
PC: 80006e0c | Instr: 06600593 | rs1_d: 00000000 | rs2_d: 80040560 | alu_res: 00000066 | mem_w: 0 | reg_w: 1 | csr_w: 0 | csr_op: 00 | csr_addr: 066 | csr_wdata: 00000000 | mscratch: 00000000
PC: 80006e10 | Instr: 00000013 | rs1_d: 00000000 | rs2_d: 00000000 | alu_res: 00000000 | mem_w: 0 | reg_w: 1 | csr_w: 0 | csr_op: 00 | csr_addr: 000 | csr_wdata: 00000000 | mscratch: 00000000
PC: 80006e14 | Instr: 00000013 | rs1_d: 00000000 | rs2_d: 00000000 | alu_res: 00000000 | mem_w: 0 | reg_w: 1 | csr_w: 0 | csr_op: 00 | csr_addr: 000 | csr_wdata: 00000000 | mscratch: 00000000
PC: 80006e18 | Instr: 00000013 | rs1_d: 00000000 | rs2_d: 00000000 | alu_res: 00000000 | mem_w: 0 | reg_w: 1 | csr_w: 0 | csr_op: 00 | csr_addr: 000 | csr_wdata: 00000000 | mscratch: 00000000
PC: 80006e1c | Instr: 00000013 | rs1_d: 00000000 | rs2_d: 00000000 | alu_res: 00000000 | mem_w: 0 | reg_w: 1 | csr_w: 0 | csr_op: 00 | csr_addr: 000 | csr_wdata: 00000000 | mscratch: 00000000
PC: 80006e20 | Instr: 0003b617 | rs1_d: 420009d3 | rs2_d: 00000000 | alu_res: 80041e20 | mem_w: 0 | reg_w: 1 | csr_w: 0 | csr_op: 00 | csr_addr: 000 | csr_wdata: 420009d3 | mscratch: 00000000
PC: 80006e24 | Instr: 7b860613 | rs1_d: 80041e20 | rs2_d: 5bfddb7d | alu_res: 800425d8 | mem_w: 0 | reg_w: 1 | csr_w: 0 | csr_op: 00 | csr_addr: 7b8 | csr_wdata: 80041e20 | mscratch: 00000000
PC: 80006e28 | Instr: 00000013 | rs1_d: 00000000 | rs2_d: 00000000 | alu_res: 00000000 | mem_w: 0 | reg_w: 1 | csr_w: 0 | csr_op: 00 | csr_addr: 000 | csr_wdata: 00000000 | mscratch: 00000000
PC: 80006e2c | Instr: 00000013 | rs1_d: 00000000 | rs2_d: 00000000 | alu_res: 00000000 | mem_w: 0 | reg_w: 1 | csr_w: 0 | csr_op: 00 | csr_addr: 000 | csr_wdata: 00000000 | mscratch: 00000000
PC: 80006e30 | Instr: 00000013 | rs1_d: 00000000 | rs2_d: 00000000 | alu_res: 00000000 | mem_w: 0 | reg_w: 1 | csr_w: 0 | csr_op: 00 | csr_addr: 000 | csr_wdata: 00000000 | mscratch: 00000000
PC: 80006e34 | Instr: 00000013 | rs1_d: 00000000 | rs2_d: 00000000 | alu_res: 00000000 | mem_w: 0 | reg_w: 1 | csr_w: 0 | csr_op: 00 | csr_addr: 000 | csr_wdata: 00000000 | mscratch: 00000000
PC: 80006e38 | Instr: 00000013 | rs1_d: 00000000 | rs2_d: 00000000 | alu_res: 00000000 | mem_w: 0 | reg_w: 1 | csr_w: 0 | csr_op: 00 | csr_addr: 000 | csr_wdata: 00000000 | mscratch: 00000000
PC: 80006e3c | Instr: 00000013 | rs1_d: 00000000 | rs2_d: 00000000 | alu_res: 00000000 | mem_w: 0 | reg_w: 1 | csr_w: 0 | csr_op: 00 | csr_addr: 000 | csr_wdata: 00000000 | mscratch: 00000000
PC: 80006e40 | Instr: 00b60023 | rs1_d: 800425d8 | rs2_d: 00000066 | alu_res: 800425d8 | mem_w: 1 | reg_w: 0 | csr_w: 0 | csr_op: 00 | csr_addr: 00b | csr_wdata: 800425d8 | mscratch: 00000000
PC: 80006e44 | Instr: 00160613 | rs1_d: 800425d8 | rs2_d: 80006d68 | alu_res: 800425d9 | mem_w: 0 | reg_w: 1 | csr_w: 0 | csr_op: 00 | csr_addr: 001 | csr_wdata: 800425d8 | mscratch: 00000000
PC: 80006e48 | Instr: 0003b517 | rs1_d: 420009d3 | rs2_d: 00000000 | alu_res: 80041e48 | mem_w: 0 | reg_w: 1 | csr_w: 0 | csr_op: 00 | csr_addr: 000 | csr_wdata: 420009d3 | mscratch: 00000000
PC: 80006e4c | Instr: 75c52503 | rs1_d: 80041e48 | rs2_d: bfddb7d5 | alu_res: 800425a4 | mem_w: 0 | reg_w: 1 | csr_w: 0 | csr_op: 00 | csr_addr: 75c | csr_wdata: 80041e48 | mscratch: 00000000
PC: 80006e50 | Instr: 3c4000ef | rs1_d: 00000000 | rs2_d: 800424a0 | alu_res: 800424a0 | mem_w: 0 | reg_w: 1 | csr_w: 0 | csr_op: 00 | csr_addr: 3c4 | csr_wdata: 00000000 | mscratch: 00000000
PC: 80007214 | Instr: 00a00693 | rs1_d: 00000000 | rs2_d: 00000013 | alu_res: 0000000a | mem_w: 0 | reg_w: 1 | csr_w: 0 | csr_op: 00 | csr_addr: 00a | csr_wdata: 00000000 | mscratch: 00000000
PC: 80007218 | Instr: 02d54663 | rs1_d: 00000013 | rs2_d: 0000000a | alu_res: 00000000 | mem_w: 0 | reg_w: 0 | csr_w: 0 | csr_op: 00 | csr_addr: 02d | csr_wdata: 00000013 | mscratch: 00000000
PC: 8000721c | Instr: ff650513 | rs1_d: 00000013 | rs2_d: 76df56ff | alu_res: 00000009 | mem_w: 0 | reg_w: 1 | csr_w: 0 | csr_op: 00 | csr_addr: ff6 | csr_wdata: 00000013 | mscratch: 00000000
PC: 80007220 | Instr: 03100713 | rs1_d: 00000000 | rs2_d: b6fab7fb | alu_res: 00000031 | mem_w: 0 | reg_w: 1 | csr_w: 0 | csr_op: 00 | csr_addr: 031 | csr_wdata: 00000000 | mscratch: 00000000
PC: 80007224 | Instr: 00d54c63 | rs1_d: 00000009 | rs2_d: 0000000a | alu_res: 00000001 | mem_w: 0 | reg_w: 0 | csr_w: 0 | csr_op: 00 | csr_addr: 00d | csr_wdata: 00000009 | mscratch: 00000000
PC: 8000723c | Instr: 00e60023 | rs1_d: 800425d9 | rs2_d: 00000031 | alu_res: 800425d9 | mem_w: 1 | reg_w: 0 | csr_w: 0 | csr_op: 00 | csr_addr: 00e | csr_wdata: 800425d9 | mscratch: 00000000
PC: 80007240 | Instr: 00160613 | rs1_d: 800425d9 | rs2_d: 80006e54 | alu_res: 800425da | mem_w: 0 | reg_w: 1 | csr_w: 0 | csr_op: 00 | csr_addr: 001 | csr_wdata: 800425d9 | mscratch: 00000000
PC: 80007244 | Instr: 03050513 | rs1_d: 00000009 | rs2_d: 7d5bfddb | alu_res: 00000039 | mem_w: 0 | reg_w: 1 | csr_w: 0 | csr_op: 00 | csr_addr: 030 | csr_wdata: 00000009 | mscratch: 00000000
PC: 80007248 | Instr: 00a60023 | rs1_d: 800425da | rs2_d: 00000039 | alu_res: 800425da | mem_w: 1 | reg_w: 0 | csr_w: 0 | csr_op: 00 | csr_addr: 00a | csr_wdata: 800425da | mscratch: 00000000
PC: 8000724c | Instr: 00a00693 | rs1_d: 00000000 | rs2_d: 00000039 | alu_res: 0000000a | mem_w: 0 | reg_w: 1 | csr_w: 0 | csr_op: 00 | csr_addr: 00a | csr_wdata: 00000000 | mscratch: 00000000
PC: 80007250 | Instr: 00d600a3 | rs1_d: 800425da | rs2_d: 0000000a | alu_res: 800425db | mem_w: 1 | reg_w: 0 | csr_w: 0 | csr_op: 00 | csr_addr: 00d | csr_wdata: 800425da | mscratch: 00000000
PC: 80007254 | Instr: 00060123 | rs1_d: 800425da | rs2_d: 00000000 | alu_res: 800425dc | mem_w: 1 | reg_w: 0 | csr_w: 0 | csr_op: 00 | csr_addr: 000 | csr_wdata: 800425da | mscratch: 00000000
PC: 80007258 | Instr: 00008067 | rs1_d: 80006e54 | rs2_d: 00000000 | alu_res: 80006e54 | mem_w: 0 | reg_w: 1 | csr_w: 0 | csr_op: 00 | csr_addr: 000 | csr_wdata: 80006e54 | mscratch: 00000000
PC: 80006e54 | Instr: 0400006f | rs1_d: 00000000 | rs2_d: 00000000 | alu_res: 00000000 | mem_w: 0 | reg_w: 1 | csr_w: 0 | csr_op: 00 | csr_addr: 040 | csr_wdata: 00000000 | mscratch: 00000000
PC: 80006e94 | Instr: 00000013 | rs1_d: 00000000 | rs2_d: 00000000 | alu_res: 00000000 | mem_w: 0 | reg_w: 1 | csr_w: 0 | csr_op: 00 | csr_addr: 000 | csr_wdata: 00000000 | mscratch: 00000000
PC: 80006e98 | Instr: 00000013 | rs1_d: 00000000 | rs2_d: 00000000 | alu_res: 00000000 | mem_w: 0 | reg_w: 1 | csr_w: 0 | csr_op: 00 | csr_addr: 000 | csr_wdata: 00000000 | mscratch: 00000000
PC: 80006e9c | Instr: 00000013 | rs1_d: 00000000 | rs2_d: 00000000 | alu_res: 00000000 | mem_w: 0 | reg_w: 1 | csr_w: 0 | csr_op: 00 | csr_addr: 000 | csr_wdata: 00000000 | mscratch: 00000000
PC: 80006ea0 | Instr: 0003b517 | rs1_d: 420009d3 | rs2_d: 00000000 | alu_res: 80041ea0 | mem_w: 0 | reg_w: 1 | csr_w: 0 | csr_op: 00 | csr_addr: 000 | csr_wdata: 420009d3 | mscratch: 00000000
PC: 80006ea4 | Instr: 73850513 | rs1_d: 80041ea0 | rs2_d: 5bfddb7d | alu_res: 800425d8 | mem_w: 0 | reg_w: 1 | csr_w: 0 | csr_op: 00 | csr_addr: 738 | csr_wdata: 80041ea0 | mscratch: 00000000
PC: 80006ea8 | Instr: 00000013 | rs1_d: 00000000 | rs2_d: 00000000 | alu_res: 00000000 | mem_w: 0 | reg_w: 1 | csr_w: 0 | csr_op: 00 | csr_addr: 000 | csr_wdata: 00000000 | mscratch: 00000000
PC: 80006eac | Instr: 00000013 | rs1_d: 00000000 | rs2_d: 00000000 | alu_res: 00000000 | mem_w: 0 | reg_w: 1 | csr_w: 0 | csr_op: 00 | csr_addr: 000 | csr_wdata: 00000000 | mscratch: 00000000
PC: 80006eb0 | Instr: 00000013 | rs1_d: 00000000 | rs2_d: 00000000 | alu_res: 00000000 | mem_w: 0 | reg_w: 1 | csr_w: 0 | csr_op: 00 | csr_addr: 000 | csr_wdata: 00000000 | mscratch: 00000000
PC: 80006eb4 | Instr: 00000013 | rs1_d: 00000000 | rs2_d: 00000000 | alu_res: 00000000 | mem_w: 0 | reg_w: 1 | csr_w: 0 | csr_op: 00 | csr_addr: 000 | csr_wdata: 00000000 | mscratch: 00000000
PC: 80006eb8 | Instr: 00000013 | rs1_d: 00000000 | rs2_d: 00000000 | alu_res: 00000000 | mem_w: 0 | reg_w: 1 | csr_w: 0 | csr_op: 00 | csr_addr: 000 | csr_wdata: 00000000 | mscratch: 00000000
PC: 80006ebc | Instr: 00000013 | rs1_d: 00000000 | rs2_d: 00000000 | alu_res: 00000000 | mem_w: 0 | reg_w: 1 | csr_w: 0 | csr_op: 00 | csr_addr: 000 | csr_wdata: 00000000 | mscratch: 00000000
PC: 80006ec0 | Instr: 00000097 | rs1_d: 00000000 | rs2_d: 00000000 | alu_res: 80006ec0 | mem_w: 0 | reg_w: 1 | csr_w: 0 | csr_op: 00 | csr_addr: 000 | csr_wdata: 00000000 | mscratch: 00000000
PC: 80006ec4 | Instr: 684080e7 | rs1_d: 80006ec0 | rs2_d: 800424a0 | alu_res: 80007544 | mem_w: 0 | reg_w: 1 | csr_w: 0 | csr_op: 00 | csr_addr: 684 | csr_wdata: 80006ec0 | mscratch: 00000000
PC: 80007544 | Instr: 00008067 | rs1_d: 80006ec8 | rs2_d: 00000000 | alu_res: 80006ec8 | mem_w: 0 | reg_w: 1 | csr_w: 0 | csr_op: 00 | csr_addr: 000 | csr_wdata: 80006ec8 | mscratch: 00000000
PC: 80006ec8 | Instr: 00000013 | rs1_d: 00000000 | rs2_d: 00000000 | alu_res: 00000000 | mem_w: 0 | reg_w: 1 | csr_w: 0 | csr_op: 00 | csr_addr: 000 | csr_wdata: 00000000 | mscratch: 00000000
PC: 80006ecc | Instr: 00000013 | rs1_d: 00000000 | rs2_d: 00000000 | alu_res: 00000000 | mem_w: 0 | reg_w: 1 | csr_w: 0 | csr_op: 00 | csr_addr: 000 | csr_wdata: 00000000 | mscratch: 00000000
PC: 80006ed0 | Instr: 00000013 | rs1_d: 00000000 | rs2_d: 00000000 | alu_res: 00000000 | mem_w: 0 | reg_w: 1 | csr_w: 0 | csr_op: 00 | csr_addr: 000 | csr_wdata: 00000000 | mscratch: 00000000
PC: 80006ed4 | Instr: 00000013 | rs1_d: 00000000 | rs2_d: 00000000 | alu_res: 00000000 | mem_w: 0 | reg_w: 1 | csr_w: 0 | csr_op: 00 | csr_addr: 000 | csr_wdata: 00000000 | mscratch: 00000000
PC: 80006ed8 | Instr: 00000013 | rs1_d: 00000000 | rs2_d: 00000000 | alu_res: 00000000 | mem_w: 0 | reg_w: 1 | csr_w: 0 | csr_op: 00 | csr_addr: 000 | csr_wdata: 00000000 | mscratch: 00000000
PC: 80006edc | Instr: 00000013 | rs1_d: 00000000 | rs2_d: 00000000 | alu_res: 00000000 | mem_w: 0 | reg_w: 1 | csr_w: 0 | csr_op: 00 | csr_addr: 000 | csr_wdata: 00000000 | mscratch: 00000000
PC: 80006ee0 | Instr: 0003c517 | rs1_d: 420009d3 | rs2_d: 00000000 | alu_res: 80042ee0 | mem_w: 0 | reg_w: 1 | csr_w: 0 | csr_op: 00 | csr_addr: 000 | csr_wdata: 420009d3 | mscratch: 00000000
PC: 80006ee4 | Instr: 26950513 | rs1_d: 80042ee0 | rs2_d: 00000003 | alu_res: 80043149 | mem_w: 0 | reg_w: 1 | csr_w: 0 | csr_op: 00 | csr_addr: 269 | csr_wdata: 80042ee0 | mscratch: 00000000
PC: 80006ee8 | Instr: 00000013 | rs1_d: 00000000 | rs2_d: 00000000 | alu_res: 00000000 | mem_w: 0 | reg_w: 1 | csr_w: 0 | csr_op: 00 | csr_addr: 000 | csr_wdata: 00000000 | mscratch: 00000000
PC: 80006eec | Instr: 00000013 | rs1_d: 00000000 | rs2_d: 00000000 | alu_res: 00000000 | mem_w: 0 | reg_w: 1 | csr_w: 0 | csr_op: 00 | csr_addr: 000 | csr_wdata: 00000000 | mscratch: 00000000
PC: 80006ef0 | Instr: 00000013 | rs1_d: 00000000 | rs2_d: 00000000 | alu_res: 00000000 | mem_w: 0 | reg_w: 1 | csr_w: 0 | csr_op: 00 | csr_addr: 000 | csr_wdata: 00000000 | mscratch: 00000000
PC: 80006ef4 | Instr: 00000013 | rs1_d: 00000000 | rs2_d: 00000000 | alu_res: 00000000 | mem_w: 0 | reg_w: 1 | csr_w: 0 | csr_op: 00 | csr_addr: 000 | csr_wdata: 00000000 | mscratch: 00000000
PC: 80006ef8 | Instr: 00000013 | rs1_d: 00000000 | rs2_d: 00000000 | alu_res: 00000000 | mem_w: 0 | reg_w: 1 | csr_w: 0 | csr_op: 00 | csr_addr: 000 | csr_wdata: 00000000 | mscratch: 00000000
PC: 80006efc | Instr: 00000013 | rs1_d: 00000000 | rs2_d: 00000000 | alu_res: 00000000 | mem_w: 0 | reg_w: 1 | csr_w: 0 | csr_op: 00 | csr_addr: 000 | csr_wdata: 00000000 | mscratch: 00000000
PC: 80006f00 | Instr: 00000097 | rs1_d: 00000000 | rs2_d: 00000000 | alu_res: 80006f00 | mem_w: 0 | reg_w: 1 | csr_w: 0 | csr_op: 00 | csr_addr: 000 | csr_wdata: 00000000 | mscratch: 00000000
PC: 80006f04 | Instr: 644080e7 | rs1_d: 80006f00 | rs2_d: 800424a0 | alu_res: 80007544 | mem_w: 0 | reg_w: 1 | csr_w: 0 | csr_op: 00 | csr_addr: 644 | csr_wdata: 80006f00 | mscratch: 00000000
PC: 80007544 | Instr: 00008067 | rs1_d: 80006f08 | rs2_d: 00000000 | alu_res: 80006f08 | mem_w: 0 | reg_w: 1 | csr_w: 0 | csr_op: 00 | csr_addr: 000 | csr_wdata: 80006f08 | mscratch: 00000000
PC: 80006f08 | Instr: 0003b517 | rs1_d: 420009d3 | rs2_d: 00000000 | alu_res: 80041f08 | mem_w: 0 | reg_w: 1 | csr_w: 0 | csr_op: 00 | csr_addr: 000 | csr_wdata: 420009d3 | mscratch: 00000000
PC: 80006f0c | Instr: 59852503 | rs1_d: 80041f08 | rs2_d: 5bfddb7d | alu_res: 800424a0 | mem_w: 0 | reg_w: 1 | csr_w: 0 | csr_op: 00 | csr_addr: 598 | csr_wdata: 80041f08 | mscratch: 00000000
PC: 80006f10 | Instr: 00100593 | rs1_d: 00000000 | rs2_d: 80006f08 | alu_res: 00000001 | mem_w: 0 | reg_w: 1 | csr_w: 0 | csr_op: 00 | csr_addr: 001 | csr_wdata: 00000000 | mscratch: 00000000
PC: 80006f14 | Instr: 00b51e63 | rs1_d: 00000001 | rs2_d: 00000001 | alu_res: 00000000 | mem_w: 0 | reg_w: 0 | csr_w: 0 | csr_op: 00 | csr_addr: 00b | csr_wdata: 00000001 | mscratch: 00000000
PC: 80006f18 | Instr: 0003b517 | rs1_d: 420009d3 | rs2_d: 00000000 | alu_res: 80041f18 | mem_w: 0 | reg_w: 1 | csr_w: 0 | csr_op: 00 | csr_addr: 000 | csr_wdata: 420009d3 | mscratch: 00000000
PC: 80006f1c | Instr: 6b052503 | rs1_d: 80041f18 | rs2_d: 7d5bfddb | alu_res: 800425c8 | mem_w: 0 | reg_w: 1 | csr_w: 0 | csr_op: 00 | csr_addr: 6b0 | csr_wdata: 80041f18 | mscratch: 00000000
PC: 80006f20 | Instr: 0003b597 | rs1_d: 420009d3 | rs2_d: 00000000 | alu_res: 80041f20 | mem_w: 0 | reg_w: 1 | csr_w: 0 | csr_op: 00 | csr_addr: 000 | csr_wdata: 420009d3 | mscratch: 00000000
PC: 80006f24 | Instr: 6905a583 | rs1_d: 80041f20 | rs2_d: 7d5bfddb | alu_res: 800425b0 | mem_w: 0 | reg_w: 1 | csr_w: 0 | csr_op: 00 | csr_addr: 690 | csr_wdata: 80041f20 | mscratch: 00000000
PC: 80006f28 | Instr: 334000ef | rs1_d: 00000000 | rs2_d: d5bfddb7 | alu_res: d5bfddb7 | mem_w: 0 | reg_w: 1 | csr_w: 0 | csr_op: 00 | csr_addr: 334 | csr_wdata: 00000000 | mscratch: 00000000
PC: 8000725c | Instr: 00000013 | rs1_d: 00000000 | rs2_d: 00000000 | alu_res: 00000000 | mem_w: 0 | reg_w: 1 | csr_w: 0 | csr_op: 00 | csr_addr: 000 | csr_wdata: 00000000 | mscratch: 00000000
PC: 80007260 | Instr: 0003b617 | rs1_d: 420009d3 | rs2_d: 00000000 | alu_res: 80042260 | mem_w: 0 | reg_w: 1 | csr_w: 0 | csr_op: 00 | csr_addr: 000 | csr_wdata: 420009d3 | mscratch: 00000000
PC: 80007264 | Instr: 37860613 | rs1_d: 80042260 | rs2_d: 5bfddb7d | alu_res: 800425d8 | mem_w: 0 | reg_w: 1 | csr_w: 0 | csr_op: 00 | csr_addr: 378 | csr_wdata: 80042260 | mscratch: 00000000
PC: 80007268 | Instr: 00000013 | rs1_d: 00000000 | rs2_d: 00000000 | alu_res: 00000000 | mem_w: 0 | reg_w: 1 | csr_w: 0 | csr_op: 00 | csr_addr: 000 | csr_wdata: 00000000 | mscratch: 00000000
PC: 8000726c | Instr: 00000013 | rs1_d: 00000000 | rs2_d: 00000000 | alu_res: 00000000 | mem_w: 0 | reg_w: 1 | csr_w: 0 | csr_op: 00 | csr_addr: 000 | csr_wdata: 00000000 | mscratch: 00000000
PC: 80007270 | Instr: 00000013 | rs1_d: 00000000 | rs2_d: 00000000 | alu_res: 00000000 | mem_w: 0 | reg_w: 1 | csr_w: 0 | csr_op: 00 | csr_addr: 000 | csr_wdata: 00000000 | mscratch: 00000000
PC: 80007274 | Instr: 00000013 | rs1_d: 00000000 | rs2_d: 00000000 | alu_res: 00000000 | mem_w: 0 | reg_w: 1 | csr_w: 0 | csr_op: 00 | csr_addr: 000 | csr_wdata: 00000000 | mscratch: 00000000
PC: 80007278 | Instr: 00000013 | rs1_d: 00000000 | rs2_d: 00000000 | alu_res: 00000000 | mem_w: 0 | reg_w: 1 | csr_w: 0 | csr_op: 00 | csr_addr: 000 | csr_wdata: 00000000 | mscratch: 00000000
PC: 8000727c | Instr: 00000013 | rs1_d: 00000000 | rs2_d: 00000000 | alu_res: 00000000 | mem_w: 0 | reg_w: 1 | csr_w: 0 | csr_op: 00 | csr_addr: 000 | csr_wdata: 00000000 | mscratch: 00000000
PC: 80007280 | Instr: 03000693 | rs1_d: 00000000 | rs2_d: 7d5bfddb | alu_res: 00000030 | mem_w: 0 | reg_w: 1 | csr_w: 0 | csr_op: 00 | csr_addr: 030 | csr_wdata: 00000000 | mscratch: 00000000
PC: 80007284 | Instr: 00d60023 | rs1_d: 800425d8 | rs2_d: 00000030 | alu_res: 800425d8 | mem_w: 1 | reg_w: 0 | csr_w: 0 | csr_op: 00 | csr_addr: 00d | csr_wdata: 800425d8 | mscratch: 00000000
PC: 80007288 | Instr: 07800693 | rs1_d: 00000000 | rs2_d: 5bfddb7d | alu_res: 00000078 | mem_w: 0 | reg_w: 1 | csr_w: 0 | csr_op: 00 | csr_addr: 078 | csr_wdata: 00000000 | mscratch: 00000000
PC: 8000728c | Instr: 00d600a3 | rs1_d: 800425d8 | rs2_d: 00000078 | alu_res: 800425d9 | mem_w: 1 | reg_w: 0 | csr_w: 0 | csr_op: 00 | csr_addr: 00d | csr_wdata: 800425d8 | mscratch: 00000000
PC: 80007290 | Instr: 00260613 | rs1_d: 800425d8 | rs2_d: 800431d8 | alu_res: 800425da | mem_w: 0 | reg_w: 1 | csr_w: 0 | csr_op: 00 | csr_addr: 002 | csr_wdata: 800425d8 | mscratch: 00000000
PC: 80007294 | Instr: 02000693 | rs1_d: 00000000 | rs2_d: 00000000 | alu_res: 00000020 | mem_w: 0 | reg_w: 1 | csr_w: 0 | csr_op: 00 | csr_addr: 020 | csr_wdata: 00000000 | mscratch: 00000000
PC: 80007298 | Instr: ffc68693 | rs1_d: 00000020 | rs2_d: bfddb7d5 | alu_res: 0000001c | mem_w: 0 | reg_w: 1 | csr_w: 0 | csr_op: 00 | csr_addr: ffc | csr_wdata: 00000020 | mscratch: 00000000
PC: 8000729c | Instr: 00d55733 | rs1_d: 7ff80000 | rs2_d: 0000001c | alu_res: 00000007 | mem_w: 0 | reg_w: 1 | csr_w: 0 | csr_op: 00 | csr_addr: 00d | csr_wdata: 7ff80000 | mscratch: 00000000
PC: 800072a0 | Instr: 00f77713 | rs1_d: 00000007 | rs2_d: 0000000a | alu_res: 00000007 | mem_w: 0 | reg_w: 1 | csr_w: 0 | csr_op: 00 | csr_addr: 00f | csr_wdata: 00000007 | mscratch: 00000000
PC: 800072a4 | Instr: 00a00793 | rs1_d: 00000000 | rs2_d: 7ff80000 | alu_res: 0000000a | mem_w: 0 | reg_w: 1 | csr_w: 0 | csr_op: 00 | csr_addr: 00a | csr_wdata: 00000000 | mscratch: 00000000
PC: 800072a8 | Instr: 00f74663 | rs1_d: 00000007 | rs2_d: 0000000a | alu_res: 00000001 | mem_w: 0 | reg_w: 0 | csr_w: 0 | csr_op: 00 | csr_addr: 00f | csr_wdata: 00000007 | mscratch: 00000000
PC: 800072b4 | Instr: 03070713 | rs1_d: 00000007 | rs2_d: 7d5bfddb | alu_res: 00000037 | mem_w: 0 | reg_w: 1 | csr_w: 0 | csr_op: 00 | csr_addr: 030 | csr_wdata: 00000007 | mscratch: 00000000
PC: 800072b8 | Instr: 00e60023 | rs1_d: 800425da | rs2_d: 00000037 | alu_res: 800425da | mem_w: 1 | reg_w: 0 | csr_w: 0 | csr_op: 00 | csr_addr: 00e | csr_wdata: 800425da | mscratch: 00000000
PC: 800072bc | Instr: 00160613 | rs1_d: 800425da | rs2_d: 80006f2c | alu_res: 800425db | mem_w: 0 | reg_w: 1 | csr_w: 0 | csr_op: 00 | csr_addr: 001 | csr_wdata: 800425da | mscratch: 00000000
PC: 800072c0 | Instr: fc069ce3 | rs1_d: 0000001c | rs2_d: 00000000 | alu_res: 0000001c | mem_w: 0 | reg_w: 0 | csr_w: 0 | csr_op: 00 | csr_addr: fc0 | csr_wdata: 0000001c | mscratch: 00000000
PC: 80007298 | Instr: ffc68693 | rs1_d: 0000001c | rs2_d: bfddb7d5 | alu_res: 00000018 | mem_w: 0 | reg_w: 1 | csr_w: 0 | csr_op: 00 | csr_addr: ffc | csr_wdata: 0000001c | mscratch: 00000000
PC: 8000729c | Instr: 00d55733 | rs1_d: 7ff80000 | rs2_d: 00000018 | alu_res: 0000007f | mem_w: 0 | reg_w: 1 | csr_w: 0 | csr_op: 00 | csr_addr: 00d | csr_wdata: 7ff80000 | mscratch: 00000000
PC: 800072a0 | Instr: 00f77713 | rs1_d: 0000007f | rs2_d: 0000000a | alu_res: 0000000f | mem_w: 0 | reg_w: 1 | csr_w: 0 | csr_op: 00 | csr_addr: 00f | csr_wdata: 0000007f | mscratch: 00000000
PC: 800072a4 | Instr: 00a00793 | rs1_d: 00000000 | rs2_d: 7ff80000 | alu_res: 0000000a | mem_w: 0 | reg_w: 1 | csr_w: 0 | csr_op: 00 | csr_addr: 00a | csr_wdata: 00000000 | mscratch: 00000000
PC: 800072a8 | Instr: 00f74663 | rs1_d: 0000000f | rs2_d: 0000000a | alu_res: 00000000 | mem_w: 0 | reg_w: 0 | csr_w: 0 | csr_op: 00 | csr_addr: 00f | csr_wdata: 0000000f | mscratch: 00000000
PC: 800072ac | Instr: 05770713 | rs1_d: 0000000f | rs2_d: feedbead | alu_res: 00000066 | mem_w: 0 | reg_w: 1 | csr_w: 0 | csr_op: 00 | csr_addr: 057 | csr_wdata: 0000000f | mscratch: 00000000
PC: 800072b0 | Instr: 0080006f | rs1_d: 00000000 | rs2_d: 42000000 | alu_res: 42000000 | mem_w: 0 | reg_w: 1 | csr_w: 0 | csr_op: 00 | csr_addr: 008 | csr_wdata: 00000000 | mscratch: 00000000
PC: 800072b8 | Instr: 00e60023 | rs1_d: 800425db | rs2_d: 00000066 | alu_res: 800425db | mem_w: 1 | reg_w: 0 | csr_w: 0 | csr_op: 00 | csr_addr: 00e | csr_wdata: 800425db | mscratch: 00000000
PC: 800072bc | Instr: 00160613 | rs1_d: 800425db | rs2_d: 80006f2c | alu_res: 800425dc | mem_w: 0 | reg_w: 1 | csr_w: 0 | csr_op: 00 | csr_addr: 001 | csr_wdata: 800425db | mscratch: 00000000
PC: 800072c0 | Instr: fc069ce3 | rs1_d: 00000018 | rs2_d: 00000000 | alu_res: 00000018 | mem_w: 0 | reg_w: 0 | csr_w: 0 | csr_op: 00 | csr_addr: fc0 | csr_wdata: 00000018 | mscratch: 00000000
PC: 80007298 | Instr: ffc68693 | rs1_d: 00000018 | rs2_d: bfddb7d5 | alu_res: 00000014 | mem_w: 0 | reg_w: 1 | csr_w: 0 | csr_op: 00 | csr_addr: ffc | csr_wdata: 00000018 | mscratch: 00000000
PC: 8000729c | Instr: 00d55733 | rs1_d: 7ff80000 | rs2_d: 00000014 | alu_res: 000007ff | mem_w: 0 | reg_w: 1 | csr_w: 0 | csr_op: 00 | csr_addr: 00d | csr_wdata: 7ff80000 | mscratch: 00000000
PC: 800072a0 | Instr: 00f77713 | rs1_d: 000007ff | rs2_d: 0000000a | alu_res: 0000000f | mem_w: 0 | reg_w: 1 | csr_w: 0 | csr_op: 00 | csr_addr: 00f | csr_wdata: 000007ff | mscratch: 00000000
PC: 800072a4 | Instr: 00a00793 | rs1_d: 00000000 | rs2_d: 7ff80000 | alu_res: 0000000a | mem_w: 0 | reg_w: 1 | csr_w: 0 | csr_op: 00 | csr_addr: 00a | csr_wdata: 00000000 | mscratch: 00000000
PC: 800072a8 | Instr: 00f74663 | rs1_d: 0000000f | rs2_d: 0000000a | alu_res: 00000000 | mem_w: 0 | reg_w: 0 | csr_w: 0 | csr_op: 00 | csr_addr: 00f | csr_wdata: 0000000f | mscratch: 00000000
PC: 800072ac | Instr: 05770713 | rs1_d: 0000000f | rs2_d: feedbead | alu_res: 00000066 | mem_w: 0 | reg_w: 1 | csr_w: 0 | csr_op: 00 | csr_addr: 057 | csr_wdata: 0000000f | mscratch: 00000000
PC: 800072b0 | Instr: 0080006f | rs1_d: 00000000 | rs2_d: 42000000 | alu_res: 42000000 | mem_w: 0 | reg_w: 1 | csr_w: 0 | csr_op: 00 | csr_addr: 008 | csr_wdata: 00000000 | mscratch: 00000000
PC: 800072b8 | Instr: 00e60023 | rs1_d: 800425dc | rs2_d: 00000066 | alu_res: 800425dc | mem_w: 1 | reg_w: 0 | csr_w: 0 | csr_op: 00 | csr_addr: 00e | csr_wdata: 800425dc | mscratch: 00000000
PC: 800072bc | Instr: 00160613 | rs1_d: 800425dc | rs2_d: 80006f2c | alu_res: 800425dd | mem_w: 0 | reg_w: 1 | csr_w: 0 | csr_op: 00 | csr_addr: 001 | csr_wdata: 800425dc | mscratch: 00000000
PC: 800072c0 | Instr: fc069ce3 | rs1_d: 00000014 | rs2_d: 00000000 | alu_res: 00000014 | mem_w: 0 | reg_w: 0 | csr_w: 0 | csr_op: 00 | csr_addr: fc0 | csr_wdata: 00000014 | mscratch: 00000000
PC: 80007298 | Instr: ffc68693 | rs1_d: 00000014 | rs2_d: bfddb7d5 | alu_res: 00000010 | mem_w: 0 | reg_w: 1 | csr_w: 0 | csr_op: 00 | csr_addr: ffc | csr_wdata: 00000014 | mscratch: 00000000
PC: 8000729c | Instr: 00d55733 | rs1_d: 7ff80000 | rs2_d: 00000010 | alu_res: 00007ff8 | mem_w: 0 | reg_w: 1 | csr_w: 0 | csr_op: 00 | csr_addr: 00d | csr_wdata: 7ff80000 | mscratch: 00000000
PC: 800072a0 | Instr: 00f77713 | rs1_d: 00007ff8 | rs2_d: 0000000a | alu_res: 00000008 | mem_w: 0 | reg_w: 1 | csr_w: 0 | csr_op: 00 | csr_addr: 00f | csr_wdata: 00007ff8 | mscratch: 00000000
PC: 800072a4 | Instr: 00a00793 | rs1_d: 00000000 | rs2_d: 7ff80000 | alu_res: 0000000a | mem_w: 0 | reg_w: 1 | csr_w: 0 | csr_op: 00 | csr_addr: 00a | csr_wdata: 00000000 | mscratch: 00000000
PC: 800072a8 | Instr: 00f74663 | rs1_d: 00000008 | rs2_d: 0000000a | alu_res: 00000001 | mem_w: 0 | reg_w: 0 | csr_w: 0 | csr_op: 00 | csr_addr: 00f | csr_wdata: 00000008 | mscratch: 00000000
PC: 800072b4 | Instr: 03070713 | rs1_d: 00000008 | rs2_d: 7d5bfddb | alu_res: 00000038 | mem_w: 0 | reg_w: 1 | csr_w: 0 | csr_op: 00 | csr_addr: 030 | csr_wdata: 00000008 | mscratch: 00000000
PC: 800072b8 | Instr: 00e60023 | rs1_d: 800425dd | rs2_d: 00000038 | alu_res: 800425dd | mem_w: 1 | reg_w: 0 | csr_w: 0 | csr_op: 00 | csr_addr: 00e | csr_wdata: 800425dd | mscratch: 00000000
PC: 800072bc | Instr: 00160613 | rs1_d: 800425dd | rs2_d: 80006f2c | alu_res: 800425de | mem_w: 0 | reg_w: 1 | csr_w: 0 | csr_op: 00 | csr_addr: 001 | csr_wdata: 800425dd | mscratch: 00000000
PC: 800072c0 | Instr: fc069ce3 | rs1_d: 00000010 | rs2_d: 00000000 | alu_res: 00000010 | mem_w: 0 | reg_w: 0 | csr_w: 0 | csr_op: 00 | csr_addr: fc0 | csr_wdata: 00000010 | mscratch: 00000000
PC: 80007298 | Instr: ffc68693 | rs1_d: 00000010 | rs2_d: bfddb7d5 | alu_res: 0000000c | mem_w: 0 | reg_w: 1 | csr_w: 0 | csr_op: 00 | csr_addr: ffc | csr_wdata: 00000010 | mscratch: 00000000
PC: 8000729c | Instr: 00d55733 | rs1_d: 7ff80000 | rs2_d: 0000000c | alu_res: 0007ff80 | mem_w: 0 | reg_w: 1 | csr_w: 0 | csr_op: 00 | csr_addr: 00d | csr_wdata: 7ff80000 | mscratch: 00000000
PC: 800072a0 | Instr: 00f77713 | rs1_d: 0007ff80 | rs2_d: 0000000a | alu_res: 00000000 | mem_w: 0 | reg_w: 1 | csr_w: 0 | csr_op: 00 | csr_addr: 00f | csr_wdata: 0007ff80 | mscratch: 00000000
PC: 800072a4 | Instr: 00a00793 | rs1_d: 00000000 | rs2_d: 7ff80000 | alu_res: 0000000a | mem_w: 0 | reg_w: 1 | csr_w: 0 | csr_op: 00 | csr_addr: 00a | csr_wdata: 00000000 | mscratch: 00000000
PC: 800072a8 | Instr: 00f74663 | rs1_d: 00000000 | rs2_d: 0000000a | alu_res: 00000001 | mem_w: 0 | reg_w: 0 | csr_w: 0 | csr_op: 00 | csr_addr: 00f | csr_wdata: 00000000 | mscratch: 00000000
PC: 800072b4 | Instr: 03070713 | rs1_d: 00000000 | rs2_d: 7d5bfddb | alu_res: 00000030 | mem_w: 0 | reg_w: 1 | csr_w: 0 | csr_op: 00 | csr_addr: 030 | csr_wdata: 00000000 | mscratch: 00000000
PC: 800072b8 | Instr: 00e60023 | rs1_d: 800425de | rs2_d: 00000030 | alu_res: 800425de | mem_w: 1 | reg_w: 0 | csr_w: 0 | csr_op: 00 | csr_addr: 00e | csr_wdata: 800425de | mscratch: 00000000
PC: 800072bc | Instr: 00160613 | rs1_d: 800425de | rs2_d: 80006f2c | alu_res: 800425df | mem_w: 0 | reg_w: 1 | csr_w: 0 | csr_op: 00 | csr_addr: 001 | csr_wdata: 800425de | mscratch: 00000000
PC: 800072c0 | Instr: fc069ce3 | rs1_d: 0000000c | rs2_d: 00000000 | alu_res: 0000000c | mem_w: 0 | reg_w: 0 | csr_w: 0 | csr_op: 00 | csr_addr: fc0 | csr_wdata: 0000000c | mscratch: 00000000
PC: 80007298 | Instr: ffc68693 | rs1_d: 0000000c | rs2_d: bfddb7d5 | alu_res: 00000008 | mem_w: 0 | reg_w: 1 | csr_w: 0 | csr_op: 00 | csr_addr: ffc | csr_wdata: 0000000c | mscratch: 00000000
PC: 8000729c | Instr: 00d55733 | rs1_d: 7ff80000 | rs2_d: 00000008 | alu_res: 007ff800 | mem_w: 0 | reg_w: 1 | csr_w: 0 | csr_op: 00 | csr_addr: 00d | csr_wdata: 7ff80000 | mscratch: 00000000
PC: 800072a0 | Instr: 00f77713 | rs1_d: 007ff800 | rs2_d: 0000000a | alu_res: 00000000 | mem_w: 0 | reg_w: 1 | csr_w: 0 | csr_op: 00 | csr_addr: 00f | csr_wdata: 007ff800 | mscratch: 00000000
PC: 800072a4 | Instr: 00a00793 | rs1_d: 00000000 | rs2_d: 7ff80000 | alu_res: 0000000a | mem_w: 0 | reg_w: 1 | csr_w: 0 | csr_op: 00 | csr_addr: 00a | csr_wdata: 00000000 | mscratch: 00000000
PC: 800072a8 | Instr: 00f74663 | rs1_d: 00000000 | rs2_d: 0000000a | alu_res: 00000001 | mem_w: 0 | reg_w: 0 | csr_w: 0 | csr_op: 00 | csr_addr: 00f | csr_wdata: 00000000 | mscratch: 00000000
PC: 800072b4 | Instr: 03070713 | rs1_d: 00000000 | rs2_d: 7d5bfddb | alu_res: 00000030 | mem_w: 0 | reg_w: 1 | csr_w: 0 | csr_op: 00 | csr_addr: 030 | csr_wdata: 00000000 | mscratch: 00000000
PC: 800072b8 | Instr: 00e60023 | rs1_d: 800425df | rs2_d: 00000030 | alu_res: 800425df | mem_w: 1 | reg_w: 0 | csr_w: 0 | csr_op: 00 | csr_addr: 00e | csr_wdata: 800425df | mscratch: 00000000
PC: 800072bc | Instr: 00160613 | rs1_d: 800425df | rs2_d: 80006f2c | alu_res: 800425e0 | mem_w: 0 | reg_w: 1 | csr_w: 0 | csr_op: 00 | csr_addr: 001 | csr_wdata: 800425df | mscratch: 00000000
PC: 800072c0 | Instr: fc069ce3 | rs1_d: 00000008 | rs2_d: 00000000 | alu_res: 00000008 | mem_w: 0 | reg_w: 0 | csr_w: 0 | csr_op: 00 | csr_addr: fc0 | csr_wdata: 00000008 | mscratch: 00000000
PC: 80007298 | Instr: ffc68693 | rs1_d: 00000008 | rs2_d: bfddb7d5 | alu_res: 00000004 | mem_w: 0 | reg_w: 1 | csr_w: 0 | csr_op: 00 | csr_addr: ffc | csr_wdata: 00000008 | mscratch: 00000000
PC: 8000729c | Instr: 00d55733 | rs1_d: 7ff80000 | rs2_d: 00000004 | alu_res: 07ff8000 | mem_w: 0 | reg_w: 1 | csr_w: 0 | csr_op: 00 | csr_addr: 00d | csr_wdata: 7ff80000 | mscratch: 00000000
PC: 800072a0 | Instr: 00f77713 | rs1_d: 07ff8000 | rs2_d: 0000000a | alu_res: 00000000 | mem_w: 0 | reg_w: 1 | csr_w: 0 | csr_op: 00 | csr_addr: 00f | csr_wdata: 07ff8000 | mscratch: 00000000
PC: 800072a4 | Instr: 00a00793 | rs1_d: 00000000 | rs2_d: 7ff80000 | alu_res: 0000000a | mem_w: 0 | reg_w: 1 | csr_w: 0 | csr_op: 00 | csr_addr: 00a | csr_wdata: 00000000 | mscratch: 00000000
PC: 800072a8 | Instr: 00f74663 | rs1_d: 00000000 | rs2_d: 0000000a | alu_res: 00000001 | mem_w: 0 | reg_w: 0 | csr_w: 0 | csr_op: 00 | csr_addr: 00f | csr_wdata: 00000000 | mscratch: 00000000
PC: 800072b4 | Instr: 03070713 | rs1_d: 00000000 | rs2_d: 7d5bfddb | alu_res: 00000030 | mem_w: 0 | reg_w: 1 | csr_w: 0 | csr_op: 00 | csr_addr: 030 | csr_wdata: 00000000 | mscratch: 00000000
PC: 800072b8 | Instr: 00e60023 | rs1_d: 800425e0 | rs2_d: 00000030 | alu_res: 800425e0 | mem_w: 1 | reg_w: 0 | csr_w: 0 | csr_op: 00 | csr_addr: 00e | csr_wdata: 800425e0 | mscratch: 00000000
PC: 800072bc | Instr: 00160613 | rs1_d: 800425e0 | rs2_d: 80006f2c | alu_res: 800425e1 | mem_w: 0 | reg_w: 1 | csr_w: 0 | csr_op: 00 | csr_addr: 001 | csr_wdata: 800425e0 | mscratch: 00000000
PC: 800072c0 | Instr: fc069ce3 | rs1_d: 00000004 | rs2_d: 00000000 | alu_res: 00000004 | mem_w: 0 | reg_w: 0 | csr_w: 0 | csr_op: 00 | csr_addr: fc0 | csr_wdata: 00000004 | mscratch: 00000000
PC: 80007298 | Instr: ffc68693 | rs1_d: 00000004 | rs2_d: bfddb7d5 | alu_res: 00000000 | mem_w: 0 | reg_w: 1 | csr_w: 0 | csr_op: 00 | csr_addr: ffc | csr_wdata: 00000004 | mscratch: 00000000
PC: 8000729c | Instr: 00d55733 | rs1_d: 7ff80000 | rs2_d: 00000000 | alu_res: 7ff80000 | mem_w: 0 | reg_w: 1 | csr_w: 0 | csr_op: 00 | csr_addr: 00d | csr_wdata: 7ff80000 | mscratch: 00000000
PC: 800072a0 | Instr: 00f77713 | rs1_d: 7ff80000 | rs2_d: 0000000a | alu_res: 00000000 | mem_w: 0 | reg_w: 1 | csr_w: 0 | csr_op: 00 | csr_addr: 00f | csr_wdata: 7ff80000 | mscratch: 00000000
PC: 800072a4 | Instr: 00a00793 | rs1_d: 00000000 | rs2_d: 7ff80000 | alu_res: 0000000a | mem_w: 0 | reg_w: 1 | csr_w: 0 | csr_op: 00 | csr_addr: 00a | csr_wdata: 00000000 | mscratch: 00000000
PC: 800072a8 | Instr: 00f74663 | rs1_d: 00000000 | rs2_d: 0000000a | alu_res: 00000001 | mem_w: 0 | reg_w: 0 | csr_w: 0 | csr_op: 00 | csr_addr: 00f | csr_wdata: 00000000 | mscratch: 00000000
PC: 800072b4 | Instr: 03070713 | rs1_d: 00000000 | rs2_d: 7d5bfddb | alu_res: 00000030 | mem_w: 0 | reg_w: 1 | csr_w: 0 | csr_op: 00 | csr_addr: 030 | csr_wdata: 00000000 | mscratch: 00000000
PC: 800072b8 | Instr: 00e60023 | rs1_d: 800425e1 | rs2_d: 00000030 | alu_res: 800425e1 | mem_w: 1 | reg_w: 0 | csr_w: 0 | csr_op: 00 | csr_addr: 00e | csr_wdata: 800425e1 | mscratch: 00000000
PC: 800072bc | Instr: 00160613 | rs1_d: 800425e1 | rs2_d: 80006f2c | alu_res: 800425e2 | mem_w: 0 | reg_w: 1 | csr_w: 0 | csr_op: 00 | csr_addr: 001 | csr_wdata: 800425e1 | mscratch: 00000000
PC: 800072c0 | Instr: fc069ce3 | rs1_d: 00000000 | rs2_d: 00000000 | alu_res: 00000000 | mem_w: 0 | reg_w: 0 | csr_w: 0 | csr_op: 00 | csr_addr: fc0 | csr_wdata: 00000000 | mscratch: 00000000
PC: 800072c4 | Instr: 00058513 | rs1_d: 00000000 | rs2_d: 00000000 | alu_res: 00000000 | mem_w: 0 | reg_w: 1 | csr_w: 0 | csr_op: 00 | csr_addr: 000 | csr_wdata: 00000000 | mscratch: 00000000
PC: 800072c8 | Instr: 02000693 | rs1_d: 00000000 | rs2_d: 00000000 | alu_res: 00000020 | mem_w: 0 | reg_w: 1 | csr_w: 0 | csr_op: 00 | csr_addr: 020 | csr_wdata: 00000000 | mscratch: 00000000
PC: 800072cc | Instr: ffc68693 | rs1_d: 00000020 | rs2_d: bfddb7d5 | alu_res: 0000001c | mem_w: 0 | reg_w: 1 | csr_w: 0 | csr_op: 00 | csr_addr: ffc | csr_wdata: 00000020 | mscratch: 00000000
PC: 800072d0 | Instr: 00d55733 | rs1_d: 00000000 | rs2_d: 0000001c | alu_res: 00000000 | mem_w: 0 | reg_w: 1 | csr_w: 0 | csr_op: 00 | csr_addr: 00d | csr_wdata: 00000000 | mscratch: 00000000
PC: 800072d4 | Instr: 00f77713 | rs1_d: 00000000 | rs2_d: 0000000a | alu_res: 00000000 | mem_w: 0 | reg_w: 1 | csr_w: 0 | csr_op: 00 | csr_addr: 00f | csr_wdata: 00000000 | mscratch: 00000000
PC: 800072d8 | Instr: 00a00793 | rs1_d: 00000000 | rs2_d: 00000000 | alu_res: 0000000a | mem_w: 0 | reg_w: 1 | csr_w: 0 | csr_op: 00 | csr_addr: 00a | csr_wdata: 00000000 | mscratch: 00000000
PC: 800072dc | Instr: 00f74663 | rs1_d: 00000000 | rs2_d: 0000000a | alu_res: 00000001 | mem_w: 0 | reg_w: 0 | csr_w: 0 | csr_op: 00 | csr_addr: 00f | csr_wdata: 00000000 | mscratch: 00000000
PC: 800072e8 | Instr: 03070713 | rs1_d: 00000000 | rs2_d: 7d5bfddb | alu_res: 00000030 | mem_w: 0 | reg_w: 1 | csr_w: 0 | csr_op: 00 | csr_addr: 030 | csr_wdata: 00000000 | mscratch: 00000000
PC: 800072ec | Instr: 00e60023 | rs1_d: 800425e2 | rs2_d: 00000030 | alu_res: 800425e2 | mem_w: 1 | reg_w: 0 | csr_w: 0 | csr_op: 00 | csr_addr: 00e | csr_wdata: 800425e2 | mscratch: 00000000
PC: 800072f0 | Instr: 00160613 | rs1_d: 800425e2 | rs2_d: 80006f2c | alu_res: 800425e3 | mem_w: 0 | reg_w: 1 | csr_w: 0 | csr_op: 00 | csr_addr: 001 | csr_wdata: 800425e2 | mscratch: 00000000
PC: 800072f4 | Instr: fc069ce3 | rs1_d: 0000001c | rs2_d: 00000000 | alu_res: 0000001c | mem_w: 0 | reg_w: 0 | csr_w: 0 | csr_op: 00 | csr_addr: fc0 | csr_wdata: 0000001c | mscratch: 00000000
PC: 800072cc | Instr: ffc68693 | rs1_d: 0000001c | rs2_d: bfddb7d5 | alu_res: 00000018 | mem_w: 0 | reg_w: 1 | csr_w: 0 | csr_op: 00 | csr_addr: ffc | csr_wdata: 0000001c | mscratch: 00000000
PC: 800072d0 | Instr: 00d55733 | rs1_d: 00000000 | rs2_d: 00000018 | alu_res: 00000000 | mem_w: 0 | reg_w: 1 | csr_w: 0 | csr_op: 00 | csr_addr: 00d | csr_wdata: 00000000 | mscratch: 00000000
PC: 800072d4 | Instr: 00f77713 | rs1_d: 00000000 | rs2_d: 0000000a | alu_res: 00000000 | mem_w: 0 | reg_w: 1 | csr_w: 0 | csr_op: 00 | csr_addr: 00f | csr_wdata: 00000000 | mscratch: 00000000
PC: 800072d8 | Instr: 00a00793 | rs1_d: 00000000 | rs2_d: 00000000 | alu_res: 0000000a | mem_w: 0 | reg_w: 1 | csr_w: 0 | csr_op: 00 | csr_addr: 00a | csr_wdata: 00000000 | mscratch: 00000000
PC: 800072dc | Instr: 00f74663 | rs1_d: 00000000 | rs2_d: 0000000a | alu_res: 00000001 | mem_w: 0 | reg_w: 0 | csr_w: 0 | csr_op: 00 | csr_addr: 00f | csr_wdata: 00000000 | mscratch: 00000000
PC: 800072e8 | Instr: 03070713 | rs1_d: 00000000 | rs2_d: 7d5bfddb | alu_res: 00000030 | mem_w: 0 | reg_w: 1 | csr_w: 0 | csr_op: 00 | csr_addr: 030 | csr_wdata: 00000000 | mscratch: 00000000
PC: 800072ec | Instr: 00e60023 | rs1_d: 800425e3 | rs2_d: 00000030 | alu_res: 800425e3 | mem_w: 1 | reg_w: 0 | csr_w: 0 | csr_op: 00 | csr_addr: 00e | csr_wdata: 800425e3 | mscratch: 00000000
PC: 800072f0 | Instr: 00160613 | rs1_d: 800425e3 | rs2_d: 80006f2c | alu_res: 800425e4 | mem_w: 0 | reg_w: 1 | csr_w: 0 | csr_op: 00 | csr_addr: 001 | csr_wdata: 800425e3 | mscratch: 00000000
PC: 800072f4 | Instr: fc069ce3 | rs1_d: 00000018 | rs2_d: 00000000 | alu_res: 00000018 | mem_w: 0 | reg_w: 0 | csr_w: 0 | csr_op: 00 | csr_addr: fc0 | csr_wdata: 00000018 | mscratch: 00000000
PC: 800072cc | Instr: ffc68693 | rs1_d: 00000018 | rs2_d: bfddb7d5 | alu_res: 00000014 | mem_w: 0 | reg_w: 1 | csr_w: 0 | csr_op: 00 | csr_addr: ffc | csr_wdata: 00000018 | mscratch: 00000000
PC: 800072d0 | Instr: 00d55733 | rs1_d: 00000000 | rs2_d: 00000014 | alu_res: 00000000 | mem_w: 0 | reg_w: 1 | csr_w: 0 | csr_op: 00 | csr_addr: 00d | csr_wdata: 00000000 | mscratch: 00000000
PC: 800072d4 | Instr: 00f77713 | rs1_d: 00000000 | rs2_d: 0000000a | alu_res: 00000000 | mem_w: 0 | reg_w: 1 | csr_w: 0 | csr_op: 00 | csr_addr: 00f | csr_wdata: 00000000 | mscratch: 00000000
PC: 800072d8 | Instr: 00a00793 | rs1_d: 00000000 | rs2_d: 00000000 | alu_res: 0000000a | mem_w: 0 | reg_w: 1 | csr_w: 0 | csr_op: 00 | csr_addr: 00a | csr_wdata: 00000000 | mscratch: 00000000
PC: 800072dc | Instr: 00f74663 | rs1_d: 00000000 | rs2_d: 0000000a | alu_res: 00000001 | mem_w: 0 | reg_w: 0 | csr_w: 0 | csr_op: 00 | csr_addr: 00f | csr_wdata: 00000000 | mscratch: 00000000
PC: 800072e8 | Instr: 03070713 | rs1_d: 00000000 | rs2_d: 7d5bfddb | alu_res: 00000030 | mem_w: 0 | reg_w: 1 | csr_w: 0 | csr_op: 00 | csr_addr: 030 | csr_wdata: 00000000 | mscratch: 00000000
PC: 800072ec | Instr: 00e60023 | rs1_d: 800425e4 | rs2_d: 00000030 | alu_res: 800425e4 | mem_w: 1 | reg_w: 0 | csr_w: 0 | csr_op: 00 | csr_addr: 00e | csr_wdata: 800425e4 | mscratch: 00000000
PC: 800072f0 | Instr: 00160613 | rs1_d: 800425e4 | rs2_d: 80006f2c | alu_res: 800425e5 | mem_w: 0 | reg_w: 1 | csr_w: 0 | csr_op: 00 | csr_addr: 001 | csr_wdata: 800425e4 | mscratch: 00000000
PC: 800072f4 | Instr: fc069ce3 | rs1_d: 00000014 | rs2_d: 00000000 | alu_res: 00000014 | mem_w: 0 | reg_w: 0 | csr_w: 0 | csr_op: 00 | csr_addr: fc0 | csr_wdata: 00000014 | mscratch: 00000000
PC: 800072cc | Instr: ffc68693 | rs1_d: 00000014 | rs2_d: bfddb7d5 | alu_res: 00000010 | mem_w: 0 | reg_w: 1 | csr_w: 0 | csr_op: 00 | csr_addr: ffc | csr_wdata: 00000014 | mscratch: 00000000
PC: 800072d0 | Instr: 00d55733 | rs1_d: 00000000 | rs2_d: 00000010 | alu_res: 00000000 | mem_w: 0 | reg_w: 1 | csr_w: 0 | csr_op: 00 | csr_addr: 00d | csr_wdata: 00000000 | mscratch: 00000000
PC: 800072d4 | Instr: 00f77713 | rs1_d: 00000000 | rs2_d: 0000000a | alu_res: 00000000 | mem_w: 0 | reg_w: 1 | csr_w: 0 | csr_op: 00 | csr_addr: 00f | csr_wdata: 00000000 | mscratch: 00000000
PC: 800072d8 | Instr: 00a00793 | rs1_d: 00000000 | rs2_d: 00000000 | alu_res: 0000000a | mem_w: 0 | reg_w: 1 | csr_w: 0 | csr_op: 00 | csr_addr: 00a | csr_wdata: 00000000 | mscratch: 00000000
PC: 800072dc | Instr: 00f74663 | rs1_d: 00000000 | rs2_d: 0000000a | alu_res: 00000001 | mem_w: 0 | reg_w: 0 | csr_w: 0 | csr_op: 00 | csr_addr: 00f | csr_wdata: 00000000 | mscratch: 00000000
PC: 800072e8 | Instr: 03070713 | rs1_d: 00000000 | rs2_d: 7d5bfddb | alu_res: 00000030 | mem_w: 0 | reg_w: 1 | csr_w: 0 | csr_op: 00 | csr_addr: 030 | csr_wdata: 00000000 | mscratch: 00000000
PC: 800072ec | Instr: 00e60023 | rs1_d: 800425e5 | rs2_d: 00000030 | alu_res: 800425e5 | mem_w: 1 | reg_w: 0 | csr_w: 0 | csr_op: 00 | csr_addr: 00e | csr_wdata: 800425e5 | mscratch: 00000000
PC: 800072f0 | Instr: 00160613 | rs1_d: 800425e5 | rs2_d: 80006f2c | alu_res: 800425e6 | mem_w: 0 | reg_w: 1 | csr_w: 0 | csr_op: 00 | csr_addr: 001 | csr_wdata: 800425e5 | mscratch: 00000000
PC: 800072f4 | Instr: fc069ce3 | rs1_d: 00000010 | rs2_d: 00000000 | alu_res: 00000010 | mem_w: 0 | reg_w: 0 | csr_w: 0 | csr_op: 00 | csr_addr: fc0 | csr_wdata: 00000010 | mscratch: 00000000
PC: 800072cc | Instr: ffc68693 | rs1_d: 00000010 | rs2_d: bfddb7d5 | alu_res: 0000000c | mem_w: 0 | reg_w: 1 | csr_w: 0 | csr_op: 00 | csr_addr: ffc | csr_wdata: 00000010 | mscratch: 00000000
PC: 800072d0 | Instr: 00d55733 | rs1_d: 00000000 | rs2_d: 0000000c | alu_res: 00000000 | mem_w: 0 | reg_w: 1 | csr_w: 0 | csr_op: 00 | csr_addr: 00d | csr_wdata: 00000000 | mscratch: 00000000
PC: 800072d4 | Instr: 00f77713 | rs1_d: 00000000 | rs2_d: 0000000a | alu_res: 00000000 | mem_w: 0 | reg_w: 1 | csr_w: 0 | csr_op: 00 | csr_addr: 00f | csr_wdata: 00000000 | mscratch: 00000000
PC: 800072d8 | Instr: 00a00793 | rs1_d: 00000000 | rs2_d: 00000000 | alu_res: 0000000a | mem_w: 0 | reg_w: 1 | csr_w: 0 | csr_op: 00 | csr_addr: 00a | csr_wdata: 00000000 | mscratch: 00000000
PC: 800072dc | Instr: 00f74663 | rs1_d: 00000000 | rs2_d: 0000000a | alu_res: 00000001 | mem_w: 0 | reg_w: 0 | csr_w: 0 | csr_op: 00 | csr_addr: 00f | csr_wdata: 00000000 | mscratch: 00000000
PC: 800072e8 | Instr: 03070713 | rs1_d: 00000000 | rs2_d: 7d5bfddb | alu_res: 00000030 | mem_w: 0 | reg_w: 1 | csr_w: 0 | csr_op: 00 | csr_addr: 030 | csr_wdata: 00000000 | mscratch: 00000000
PC: 800072ec | Instr: 00e60023 | rs1_d: 800425e6 | rs2_d: 00000030 | alu_res: 800425e6 | mem_w: 1 | reg_w: 0 | csr_w: 0 | csr_op: 00 | csr_addr: 00e | csr_wdata: 800425e6 | mscratch: 00000000
PC: 800072f0 | Instr: 00160613 | rs1_d: 800425e6 | rs2_d: 80006f2c | alu_res: 800425e7 | mem_w: 0 | reg_w: 1 | csr_w: 0 | csr_op: 00 | csr_addr: 001 | csr_wdata: 800425e6 | mscratch: 00000000
PC: 800072f4 | Instr: fc069ce3 | rs1_d: 0000000c | rs2_d: 00000000 | alu_res: 0000000c | mem_w: 0 | reg_w: 0 | csr_w: 0 | csr_op: 00 | csr_addr: fc0 | csr_wdata: 0000000c | mscratch: 00000000
PC: 800072cc | Instr: ffc68693 | rs1_d: 0000000c | rs2_d: bfddb7d5 | alu_res: 00000008 | mem_w: 0 | reg_w: 1 | csr_w: 0 | csr_op: 00 | csr_addr: ffc | csr_wdata: 0000000c | mscratch: 00000000
PC: 800072d0 | Instr: 00d55733 | rs1_d: 00000000 | rs2_d: 00000008 | alu_res: 00000000 | mem_w: 0 | reg_w: 1 | csr_w: 0 | csr_op: 00 | csr_addr: 00d | csr_wdata: 00000000 | mscratch: 00000000
PC: 800072d4 | Instr: 00f77713 | rs1_d: 00000000 | rs2_d: 0000000a | alu_res: 00000000 | mem_w: 0 | reg_w: 1 | csr_w: 0 | csr_op: 00 | csr_addr: 00f | csr_wdata: 00000000 | mscratch: 00000000
PC: 800072d8 | Instr: 00a00793 | rs1_d: 00000000 | rs2_d: 00000000 | alu_res: 0000000a | mem_w: 0 | reg_w: 1 | csr_w: 0 | csr_op: 00 | csr_addr: 00a | csr_wdata: 00000000 | mscratch: 00000000
PC: 800072dc | Instr: 00f74663 | rs1_d: 00000000 | rs2_d: 0000000a | alu_res: 00000001 | mem_w: 0 | reg_w: 0 | csr_w: 0 | csr_op: 00 | csr_addr: 00f | csr_wdata: 00000000 | mscratch: 00000000
PC: 800072e8 | Instr: 03070713 | rs1_d: 00000000 | rs2_d: 7d5bfddb | alu_res: 00000030 | mem_w: 0 | reg_w: 1 | csr_w: 0 | csr_op: 00 | csr_addr: 030 | csr_wdata: 00000000 | mscratch: 00000000
PC: 800072ec | Instr: 00e60023 | rs1_d: 800425e7 | rs2_d: 00000030 | alu_res: 800425e7 | mem_w: 1 | reg_w: 0 | csr_w: 0 | csr_op: 00 | csr_addr: 00e | csr_wdata: 800425e7 | mscratch: 00000000
PC: 800072f0 | Instr: 00160613 | rs1_d: 800425e7 | rs2_d: 80006f2c | alu_res: 800425e8 | mem_w: 0 | reg_w: 1 | csr_w: 0 | csr_op: 00 | csr_addr: 001 | csr_wdata: 800425e7 | mscratch: 00000000
PC: 800072f4 | Instr: fc069ce3 | rs1_d: 00000008 | rs2_d: 00000000 | alu_res: 00000008 | mem_w: 0 | reg_w: 0 | csr_w: 0 | csr_op: 00 | csr_addr: fc0 | csr_wdata: 00000008 | mscratch: 00000000
PC: 800072cc | Instr: ffc68693 | rs1_d: 00000008 | rs2_d: bfddb7d5 | alu_res: 00000004 | mem_w: 0 | reg_w: 1 | csr_w: 0 | csr_op: 00 | csr_addr: ffc | csr_wdata: 00000008 | mscratch: 00000000
PC: 800072d0 | Instr: 00d55733 | rs1_d: 00000000 | rs2_d: 00000004 | alu_res: 00000000 | mem_w: 0 | reg_w: 1 | csr_w: 0 | csr_op: 00 | csr_addr: 00d | csr_wdata: 00000000 | mscratch: 00000000
PC: 800072d4 | Instr: 00f77713 | rs1_d: 00000000 | rs2_d: 0000000a | alu_res: 00000000 | mem_w: 0 | reg_w: 1 | csr_w: 0 | csr_op: 00 | csr_addr: 00f | csr_wdata: 00000000 | mscratch: 00000000
PC: 800072d8 | Instr: 00a00793 | rs1_d: 00000000 | rs2_d: 00000000 | alu_res: 0000000a | mem_w: 0 | reg_w: 1 | csr_w: 0 | csr_op: 00 | csr_addr: 00a | csr_wdata: 00000000 | mscratch: 00000000
PC: 800072dc | Instr: 00f74663 | rs1_d: 00000000 | rs2_d: 0000000a | alu_res: 00000001 | mem_w: 0 | reg_w: 0 | csr_w: 0 | csr_op: 00 | csr_addr: 00f | csr_wdata: 00000000 | mscratch: 00000000
PC: 800072e8 | Instr: 03070713 | rs1_d: 00000000 | rs2_d: 7d5bfddb | alu_res: 00000030 | mem_w: 0 | reg_w: 1 | csr_w: 0 | csr_op: 00 | csr_addr: 030 | csr_wdata: 00000000 | mscratch: 00000000
PC: 800072ec | Instr: 00e60023 | rs1_d: 800425e8 | rs2_d: 00000030 | alu_res: 800425e8 | mem_w: 1 | reg_w: 0 | csr_w: 0 | csr_op: 00 | csr_addr: 00e | csr_wdata: 800425e8 | mscratch: 00000000
PC: 800072f0 | Instr: 00160613 | rs1_d: 800425e8 | rs2_d: 80006f2c | alu_res: 800425e9 | mem_w: 0 | reg_w: 1 | csr_w: 0 | csr_op: 00 | csr_addr: 001 | csr_wdata: 800425e8 | mscratch: 00000000
PC: 800072f4 | Instr: fc069ce3 | rs1_d: 00000004 | rs2_d: 00000000 | alu_res: 00000004 | mem_w: 0 | reg_w: 0 | csr_w: 0 | csr_op: 00 | csr_addr: fc0 | csr_wdata: 00000004 | mscratch: 00000000
PC: 800072cc | Instr: ffc68693 | rs1_d: 00000004 | rs2_d: bfddb7d5 | alu_res: 00000000 | mem_w: 0 | reg_w: 1 | csr_w: 0 | csr_op: 00 | csr_addr: ffc | csr_wdata: 00000004 | mscratch: 00000000
PC: 800072d0 | Instr: 00d55733 | rs1_d: 00000000 | rs2_d: 00000000 | alu_res: 00000000 | mem_w: 0 | reg_w: 1 | csr_w: 0 | csr_op: 00 | csr_addr: 00d | csr_wdata: 00000000 | mscratch: 00000000
PC: 800072d4 | Instr: 00f77713 | rs1_d: 00000000 | rs2_d: 0000000a | alu_res: 00000000 | mem_w: 0 | reg_w: 1 | csr_w: 0 | csr_op: 00 | csr_addr: 00f | csr_wdata: 00000000 | mscratch: 00000000
PC: 800072d8 | Instr: 00a00793 | rs1_d: 00000000 | rs2_d: 00000000 | alu_res: 0000000a | mem_w: 0 | reg_w: 1 | csr_w: 0 | csr_op: 00 | csr_addr: 00a | csr_wdata: 00000000 | mscratch: 00000000
PC: 800072dc | Instr: 00f74663 | rs1_d: 00000000 | rs2_d: 0000000a | alu_res: 00000001 | mem_w: 0 | reg_w: 0 | csr_w: 0 | csr_op: 00 | csr_addr: 00f | csr_wdata: 00000000 | mscratch: 00000000
PC: 800072e8 | Instr: 03070713 | rs1_d: 00000000 | rs2_d: 7d5bfddb | alu_res: 00000030 | mem_w: 0 | reg_w: 1 | csr_w: 0 | csr_op: 00 | csr_addr: 030 | csr_wdata: 00000000 | mscratch: 00000000
PC: 800072ec | Instr: 00e60023 | rs1_d: 800425e9 | rs2_d: 00000030 | alu_res: 800425e9 | mem_w: 1 | reg_w: 0 | csr_w: 0 | csr_op: 00 | csr_addr: 00e | csr_wdata: 800425e9 | mscratch: 00000000
PC: 800072f0 | Instr: 00160613 | rs1_d: 800425e9 | rs2_d: 80006f2c | alu_res: 800425ea | mem_w: 0 | reg_w: 1 | csr_w: 0 | csr_op: 00 | csr_addr: 001 | csr_wdata: 800425e9 | mscratch: 00000000
PC: 800072f4 | Instr: fc069ce3 | rs1_d: 00000000 | rs2_d: 00000000 | alu_res: 00000000 | mem_w: 0 | reg_w: 0 | csr_w: 0 | csr_op: 00 | csr_addr: fc0 | csr_wdata: 00000000 | mscratch: 00000000
PC: 800072f8 | Instr: 00a00693 | rs1_d: 00000000 | rs2_d: 00000000 | alu_res: 0000000a | mem_w: 0 | reg_w: 1 | csr_w: 0 | csr_op: 00 | csr_addr: 00a | csr_wdata: 00000000 | mscratch: 00000000
PC: 800072fc | Instr: 00d60023 | rs1_d: 800425ea | rs2_d: 0000000a | alu_res: 800425ea | mem_w: 1 | reg_w: 0 | csr_w: 0 | csr_op: 00 | csr_addr: 00d | csr_wdata: 800425ea | mscratch: 00000000
PC: 80007300 | Instr: 000600a3 | rs1_d: 800425ea | rs2_d: 00000000 | alu_res: 800425eb | mem_w: 1 | reg_w: 0 | csr_w: 0 | csr_op: 00 | csr_addr: 000 | csr_wdata: 800425ea | mscratch: 00000000
PC: 80007304 | Instr: 00008067 | rs1_d: 80006f2c | rs2_d: 00000000 | alu_res: 80006f2c | mem_w: 0 | reg_w: 1 | csr_w: 0 | csr_op: 00 | csr_addr: 000 | csr_wdata: 80006f2c | mscratch: 00000000
PC: 80006f2c | Instr: 0140006f | rs1_d: 00000000 | rs2_d: d5bfddb7 | alu_res: d5bfddb7 | mem_w: 0 | reg_w: 1 | csr_w: 0 | csr_op: 00 | csr_addr: 014 | csr_wdata: 00000000 | mscratch: 00000000
PC: 80006f40 | Instr: 0003b517 | rs1_d: 420009d3 | rs2_d: 00000000 | alu_res: 80041f40 | mem_w: 0 | reg_w: 1 | csr_w: 0 | csr_op: 00 | csr_addr: 000 | csr_wdata: 420009d3 | mscratch: 00000000
PC: 80006f44 | Instr: 69850513 | rs1_d: 80041f40 | rs2_d: 5bfddb7d | alu_res: 800425d8 | mem_w: 0 | reg_w: 1 | csr_w: 0 | csr_op: 00 | csr_addr: 698 | csr_wdata: 80041f40 | mscratch: 00000000
PC: 80006f48 | Instr: 00000013 | rs1_d: 00000000 | rs2_d: 00000000 | alu_res: 00000000 | mem_w: 0 | reg_w: 1 | csr_w: 0 | csr_op: 00 | csr_addr: 000 | csr_wdata: 00000000 | mscratch: 00000000
PC: 80006f4c | Instr: 00000013 | rs1_d: 00000000 | rs2_d: 00000000 | alu_res: 00000000 | mem_w: 0 | reg_w: 1 | csr_w: 0 | csr_op: 00 | csr_addr: 000 | csr_wdata: 00000000 | mscratch: 00000000
PC: 80006f50 | Instr: 00000013 | rs1_d: 00000000 | rs2_d: 00000000 | alu_res: 00000000 | mem_w: 0 | reg_w: 1 | csr_w: 0 | csr_op: 00 | csr_addr: 000 | csr_wdata: 00000000 | mscratch: 00000000
PC: 80006f54 | Instr: 00000013 | rs1_d: 00000000 | rs2_d: 00000000 | alu_res: 00000000 | mem_w: 0 | reg_w: 1 | csr_w: 0 | csr_op: 00 | csr_addr: 000 | csr_wdata: 00000000 | mscratch: 00000000
PC: 80006f58 | Instr: 00000013 | rs1_d: 00000000 | rs2_d: 00000000 | alu_res: 00000000 | mem_w: 0 | reg_w: 1 | csr_w: 0 | csr_op: 00 | csr_addr: 000 | csr_wdata: 00000000 | mscratch: 00000000
PC: 80006f5c | Instr: 00000013 | rs1_d: 00000000 | rs2_d: 00000000 | alu_res: 00000000 | mem_w: 0 | reg_w: 1 | csr_w: 0 | csr_op: 00 | csr_addr: 000 | csr_wdata: 00000000 | mscratch: 00000000
PC: 80006f60 | Instr: 00000097 | rs1_d: 00000000 | rs2_d: 00000000 | alu_res: 80006f60 | mem_w: 0 | reg_w: 1 | csr_w: 0 | csr_op: 00 | csr_addr: 000 | csr_wdata: 00000000 | mscratch: 00000000
PC: 80006f64 | Instr: 5e4080e7 | rs1_d: 80006f60 | rs2_d: 800424a0 | alu_res: 80007544 | mem_w: 0 | reg_w: 1 | csr_w: 0 | csr_op: 00 | csr_addr: 5e4 | csr_wdata: 80006f60 | mscratch: 00000000
PC: 80007544 | Instr: 00008067 | rs1_d: 80006f68 | rs2_d: 00000000 | alu_res: 80006f68 | mem_w: 0 | reg_w: 1 | csr_w: 0 | csr_op: 00 | csr_addr: 000 | csr_wdata: 80006f68 | mscratch: 00000000
PC: 80006f68 | Instr: 00000013 | rs1_d: 00000000 | rs2_d: 00000000 | alu_res: 00000000 | mem_w: 0 | reg_w: 1 | csr_w: 0 | csr_op: 00 | csr_addr: 000 | csr_wdata: 00000000 | mscratch: 00000000
PC: 80006f6c | Instr: 00000013 | rs1_d: 00000000 | rs2_d: 00000000 | alu_res: 00000000 | mem_w: 0 | reg_w: 1 | csr_w: 0 | csr_op: 00 | csr_addr: 000 | csr_wdata: 00000000 | mscratch: 00000000
PC: 80006f70 | Instr: 00000013 | rs1_d: 00000000 | rs2_d: 00000000 | alu_res: 00000000 | mem_w: 0 | reg_w: 1 | csr_w: 0 | csr_op: 00 | csr_addr: 000 | csr_wdata: 00000000 | mscratch: 00000000
PC: 80006f74 | Instr: 00000013 | rs1_d: 00000000 | rs2_d: 00000000 | alu_res: 00000000 | mem_w: 0 | reg_w: 1 | csr_w: 0 | csr_op: 00 | csr_addr: 000 | csr_wdata: 00000000 | mscratch: 00000000
PC: 80006f78 | Instr: 00000013 | rs1_d: 00000000 | rs2_d: 00000000 | alu_res: 00000000 | mem_w: 0 | reg_w: 1 | csr_w: 0 | csr_op: 00 | csr_addr: 000 | csr_wdata: 00000000 | mscratch: 00000000
PC: 80006f7c | Instr: 00000013 | rs1_d: 00000000 | rs2_d: 00000000 | alu_res: 00000000 | mem_w: 0 | reg_w: 1 | csr_w: 0 | csr_op: 00 | csr_addr: 000 | csr_wdata: 00000000 | mscratch: 00000000
PC: 80006f80 | Instr: 0003c517 | rs1_d: 420009d3 | rs2_d: 00000000 | alu_res: 80042f80 | mem_w: 0 | reg_w: 1 | csr_w: 0 | csr_op: 00 | csr_addr: 000 | csr_wdata: 420009d3 | mscratch: 00000000
PC: 80006f84 | Instr: 1e050513 | rs1_d: 80042f80 | rs2_d: 00000000 | alu_res: 80043160 | mem_w: 0 | reg_w: 1 | csr_w: 0 | csr_op: 00 | csr_addr: 1e0 | csr_wdata: 80042f80 | mscratch: 00000000
PC: 80006f88 | Instr: 00000013 | rs1_d: 00000000 | rs2_d: 00000000 | alu_res: 00000000 | mem_w: 0 | reg_w: 1 | csr_w: 0 | csr_op: 00 | csr_addr: 000 | csr_wdata: 00000000 | mscratch: 00000000
PC: 80006f8c | Instr: 00000013 | rs1_d: 00000000 | rs2_d: 00000000 | alu_res: 00000000 | mem_w: 0 | reg_w: 1 | csr_w: 0 | csr_op: 00 | csr_addr: 000 | csr_wdata: 00000000 | mscratch: 00000000
PC: 80006f90 | Instr: 00000013 | rs1_d: 00000000 | rs2_d: 00000000 | alu_res: 00000000 | mem_w: 0 | reg_w: 1 | csr_w: 0 | csr_op: 00 | csr_addr: 000 | csr_wdata: 00000000 | mscratch: 00000000
PC: 80006f94 | Instr: 00000013 | rs1_d: 00000000 | rs2_d: 00000000 | alu_res: 00000000 | mem_w: 0 | reg_w: 1 | csr_w: 0 | csr_op: 00 | csr_addr: 000 | csr_wdata: 00000000 | mscratch: 00000000
PC: 80006f98 | Instr: 00000013 | rs1_d: 00000000 | rs2_d: 00000000 | alu_res: 00000000 | mem_w: 0 | reg_w: 1 | csr_w: 0 | csr_op: 00 | csr_addr: 000 | csr_wdata: 00000000 | mscratch: 00000000
PC: 80006f9c | Instr: 00000013 | rs1_d: 00000000 | rs2_d: 00000000 | alu_res: 00000000 | mem_w: 0 | reg_w: 1 | csr_w: 0 | csr_op: 00 | csr_addr: 000 | csr_wdata: 00000000 | mscratch: 00000000
PC: 80006fa0 | Instr: 00000097 | rs1_d: 00000000 | rs2_d: 00000000 | alu_res: 80006fa0 | mem_w: 0 | reg_w: 1 | csr_w: 0 | csr_op: 00 | csr_addr: 000 | csr_wdata: 00000000 | mscratch: 00000000
PC: 80006fa4 | Instr: 5a4080e7 | rs1_d: 80006fa0 | rs2_d: 800424a0 | alu_res: 80007544 | mem_w: 0 | reg_w: 1 | csr_w: 0 | csr_op: 00 | csr_addr: 5a4 | csr_wdata: 80006fa0 | mscratch: 00000000
PC: 80007544 | Instr: 00008067 | rs1_d: 80006fa8 | rs2_d: 00000000 | alu_res: 80006fa8 | mem_w: 0 | reg_w: 1 | csr_w: 0 | csr_op: 00 | csr_addr: 000 | csr_wdata: 80006fa8 | mscratch: 00000000
PC: 80006fa8 | Instr: 0003b517 | rs1_d: 420009d3 | rs2_d: 00000000 | alu_res: 80041fa8 | mem_w: 0 | reg_w: 1 | csr_w: 0 | csr_op: 00 | csr_addr: 000 | csr_wdata: 420009d3 | mscratch: 00000000
PC: 80006fac | Instr: 4f852503 | rs1_d: 80041fa8 | rs2_d: 5bfddb7d | alu_res: 800424a0 | mem_w: 0 | reg_w: 1 | csr_w: 0 | csr_op: 00 | csr_addr: 4f8 | csr_wdata: 80041fa8 | mscratch: 00000000
PC: 80006fb0 | Instr: 00100593 | rs1_d: 00000000 | rs2_d: 80006fa8 | alu_res: 00000001 | mem_w: 0 | reg_w: 1 | csr_w: 0 | csr_op: 00 | csr_addr: 001 | csr_wdata: 00000000 | mscratch: 00000000
PC: 80006fb4 | Instr: 00b51e63 | rs1_d: 00000001 | rs2_d: 00000001 | alu_res: 00000000 | mem_w: 0 | reg_w: 0 | csr_w: 0 | csr_op: 00 | csr_addr: 00b | csr_wdata: 00000001 | mscratch: 00000000
PC: 80006fb8 | Instr: 0003b517 | rs1_d: 420009d3 | rs2_d: 00000000 | alu_res: 80041fb8 | mem_w: 0 | reg_w: 1 | csr_w: 0 | csr_op: 00 | csr_addr: 000 | csr_wdata: 420009d3 | mscratch: 00000000
PC: 80006fbc | Instr: 61852503 | rs1_d: 80041fb8 | rs2_d: 5bfddb7d | alu_res: 800425d0 | mem_w: 0 | reg_w: 1 | csr_w: 0 | csr_op: 00 | csr_addr: 618 | csr_wdata: 80041fb8 | mscratch: 00000000
PC: 80006fc0 | Instr: 0003b597 | rs1_d: 420009d3 | rs2_d: 00000000 | alu_res: 80041fc0 | mem_w: 0 | reg_w: 1 | csr_w: 0 | csr_op: 00 | csr_addr: 000 | csr_wdata: 420009d3 | mscratch: 00000000
PC: 80006fc4 | Instr: 5f85a583 | rs1_d: 80041fc0 | rs2_d: 5bfddb7d | alu_res: 800425b8 | mem_w: 0 | reg_w: 1 | csr_w: 0 | csr_op: 00 | csr_addr: 5f8 | csr_wdata: 80041fc0 | mscratch: 00000000
PC: 80006fc8 | Instr: 294000ef | rs1_d: 00000000 | rs2_d: d5bfddb7 | alu_res: d5bfddb7 | mem_w: 0 | reg_w: 1 | csr_w: 0 | csr_op: 00 | csr_addr: 294 | csr_wdata: 00000000 | mscratch: 00000000
PC: 8000725c | Instr: 00000013 | rs1_d: 00000000 | rs2_d: 00000000 | alu_res: 00000000 | mem_w: 0 | reg_w: 1 | csr_w: 0 | csr_op: 00 | csr_addr: 000 | csr_wdata: 00000000 | mscratch: 00000000
PC: 80007260 | Instr: 0003b617 | rs1_d: 420009d3 | rs2_d: 00000000 | alu_res: 80042260 | mem_w: 0 | reg_w: 1 | csr_w: 0 | csr_op: 00 | csr_addr: 000 | csr_wdata: 420009d3 | mscratch: 00000000
PC: 80007264 | Instr: 37860613 | rs1_d: 80042260 | rs2_d: 5bfddb7d | alu_res: 800425d8 | mem_w: 0 | reg_w: 1 | csr_w: 0 | csr_op: 00 | csr_addr: 378 | csr_wdata: 80042260 | mscratch: 00000000
PC: 80007268 | Instr: 00000013 | rs1_d: 00000000 | rs2_d: 00000000 | alu_res: 00000000 | mem_w: 0 | reg_w: 1 | csr_w: 0 | csr_op: 00 | csr_addr: 000 | csr_wdata: 00000000 | mscratch: 00000000
PC: 8000726c | Instr: 00000013 | rs1_d: 00000000 | rs2_d: 00000000 | alu_res: 00000000 | mem_w: 0 | reg_w: 1 | csr_w: 0 | csr_op: 00 | csr_addr: 000 | csr_wdata: 00000000 | mscratch: 00000000
PC: 80007270 | Instr: 00000013 | rs1_d: 00000000 | rs2_d: 00000000 | alu_res: 00000000 | mem_w: 0 | reg_w: 1 | csr_w: 0 | csr_op: 00 | csr_addr: 000 | csr_wdata: 00000000 | mscratch: 00000000
PC: 80007274 | Instr: 00000013 | rs1_d: 00000000 | rs2_d: 00000000 | alu_res: 00000000 | mem_w: 0 | reg_w: 1 | csr_w: 0 | csr_op: 00 | csr_addr: 000 | csr_wdata: 00000000 | mscratch: 00000000
PC: 80007278 | Instr: 00000013 | rs1_d: 00000000 | rs2_d: 00000000 | alu_res: 00000000 | mem_w: 0 | reg_w: 1 | csr_w: 0 | csr_op: 00 | csr_addr: 000 | csr_wdata: 00000000 | mscratch: 00000000
PC: 8000727c | Instr: 00000013 | rs1_d: 00000000 | rs2_d: 00000000 | alu_res: 00000000 | mem_w: 0 | reg_w: 1 | csr_w: 0 | csr_op: 00 | csr_addr: 000 | csr_wdata: 00000000 | mscratch: 00000000
PC: 80007280 | Instr: 03000693 | rs1_d: 00000000 | rs2_d: 7d5bfddb | alu_res: 00000030 | mem_w: 0 | reg_w: 1 | csr_w: 0 | csr_op: 00 | csr_addr: 030 | csr_wdata: 00000000 | mscratch: 00000000
PC: 80007284 | Instr: 00d60023 | rs1_d: 800425d8 | rs2_d: 00000030 | alu_res: 800425d8 | mem_w: 1 | reg_w: 0 | csr_w: 0 | csr_op: 00 | csr_addr: 00d | csr_wdata: 800425d8 | mscratch: 00000000
PC: 80007288 | Instr: 07800693 | rs1_d: 00000000 | rs2_d: 5bfddb7d | alu_res: 00000078 | mem_w: 0 | reg_w: 1 | csr_w: 0 | csr_op: 00 | csr_addr: 078 | csr_wdata: 00000000 | mscratch: 00000000
PC: 8000728c | Instr: 00d600a3 | rs1_d: 800425d8 | rs2_d: 00000078 | alu_res: 800425d9 | mem_w: 1 | reg_w: 0 | csr_w: 0 | csr_op: 00 | csr_addr: 00d | csr_wdata: 800425d8 | mscratch: 00000000
PC: 80007290 | Instr: 00260613 | rs1_d: 800425d8 | rs2_d: 800431d8 | alu_res: 800425da | mem_w: 0 | reg_w: 1 | csr_w: 0 | csr_op: 00 | csr_addr: 002 | csr_wdata: 800425d8 | mscratch: 00000000
PC: 80007294 | Instr: 02000693 | rs1_d: 00000000 | rs2_d: 00000000 | alu_res: 00000020 | mem_w: 0 | reg_w: 1 | csr_w: 0 | csr_op: 00 | csr_addr: 020 | csr_wdata: 00000000 | mscratch: 00000000
PC: 80007298 | Instr: ffc68693 | rs1_d: 00000020 | rs2_d: bfddb7d5 | alu_res: 0000001c | mem_w: 0 | reg_w: 1 | csr_w: 0 | csr_op: 00 | csr_addr: ffc | csr_wdata: 00000020 | mscratch: 00000000
PC: 8000729c | Instr: 00d55733 | rs1_d: c47cf17d | rs2_d: 0000001c | alu_res: 0000000c | mem_w: 0 | reg_w: 1 | csr_w: 0 | csr_op: 00 | csr_addr: 00d | csr_wdata: c47cf17d | mscratch: 00000000
PC: 800072a0 | Instr: 00f77713 | rs1_d: 0000000c | rs2_d: 0000000a | alu_res: 0000000c | mem_w: 0 | reg_w: 1 | csr_w: 0 | csr_op: 00 | csr_addr: 00f | csr_wdata: 0000000c | mscratch: 00000000
PC: 800072a4 | Instr: 00a00793 | rs1_d: 00000000 | rs2_d: c47cf17d | alu_res: 0000000a | mem_w: 0 | reg_w: 1 | csr_w: 0 | csr_op: 00 | csr_addr: 00a | csr_wdata: 00000000 | mscratch: 00000000
PC: 800072a8 | Instr: 00f74663 | rs1_d: 0000000c | rs2_d: 0000000a | alu_res: 00000000 | mem_w: 0 | reg_w: 0 | csr_w: 0 | csr_op: 00 | csr_addr: 00f | csr_wdata: 0000000c | mscratch: 00000000
PC: 800072ac | Instr: 05770713 | rs1_d: 0000000c | rs2_d: feedbead | alu_res: 00000063 | mem_w: 0 | reg_w: 1 | csr_w: 0 | csr_op: 00 | csr_addr: 057 | csr_wdata: 0000000c | mscratch: 00000000
PC: 800072b0 | Instr: 0080006f | rs1_d: 00000000 | rs2_d: 42000000 | alu_res: 42000000 | mem_w: 0 | reg_w: 1 | csr_w: 0 | csr_op: 00 | csr_addr: 008 | csr_wdata: 00000000 | mscratch: 00000000
PC: 800072b8 | Instr: 00e60023 | rs1_d: 800425da | rs2_d: 00000063 | alu_res: 800425da | mem_w: 1 | reg_w: 0 | csr_w: 0 | csr_op: 00 | csr_addr: 00e | csr_wdata: 800425da | mscratch: 00000000
PC: 800072bc | Instr: 00160613 | rs1_d: 800425da | rs2_d: 80006fcc | alu_res: 800425db | mem_w: 0 | reg_w: 1 | csr_w: 0 | csr_op: 00 | csr_addr: 001 | csr_wdata: 800425da | mscratch: 00000000
PC: 800072c0 | Instr: fc069ce3 | rs1_d: 0000001c | rs2_d: 00000000 | alu_res: 0000001c | mem_w: 0 | reg_w: 0 | csr_w: 0 | csr_op: 00 | csr_addr: fc0 | csr_wdata: 0000001c | mscratch: 00000000
PC: 80007298 | Instr: ffc68693 | rs1_d: 0000001c | rs2_d: bfddb7d5 | alu_res: 00000018 | mem_w: 0 | reg_w: 1 | csr_w: 0 | csr_op: 00 | csr_addr: ffc | csr_wdata: 0000001c | mscratch: 00000000
PC: 8000729c | Instr: 00d55733 | rs1_d: c47cf17d | rs2_d: 00000018 | alu_res: 000000c4 | mem_w: 0 | reg_w: 1 | csr_w: 0 | csr_op: 00 | csr_addr: 00d | csr_wdata: c47cf17d | mscratch: 00000000
PC: 800072a0 | Instr: 00f77713 | rs1_d: 000000c4 | rs2_d: 0000000a | alu_res: 00000004 | mem_w: 0 | reg_w: 1 | csr_w: 0 | csr_op: 00 | csr_addr: 00f | csr_wdata: 000000c4 | mscratch: 00000000
PC: 800072a4 | Instr: 00a00793 | rs1_d: 00000000 | rs2_d: c47cf17d | alu_res: 0000000a | mem_w: 0 | reg_w: 1 | csr_w: 0 | csr_op: 00 | csr_addr: 00a | csr_wdata: 00000000 | mscratch: 00000000
PC: 800072a8 | Instr: 00f74663 | rs1_d: 00000004 | rs2_d: 0000000a | alu_res: 00000001 | mem_w: 0 | reg_w: 0 | csr_w: 0 | csr_op: 00 | csr_addr: 00f | csr_wdata: 00000004 | mscratch: 00000000
PC: 800072b4 | Instr: 03070713 | rs1_d: 00000004 | rs2_d: 7d5bfddb | alu_res: 00000034 | mem_w: 0 | reg_w: 1 | csr_w: 0 | csr_op: 00 | csr_addr: 030 | csr_wdata: 00000004 | mscratch: 00000000
PC: 800072b8 | Instr: 00e60023 | rs1_d: 800425db | rs2_d: 00000034 | alu_res: 800425db | mem_w: 1 | reg_w: 0 | csr_w: 0 | csr_op: 00 | csr_addr: 00e | csr_wdata: 800425db | mscratch: 00000000
PC: 800072bc | Instr: 00160613 | rs1_d: 800425db | rs2_d: 80006fcc | alu_res: 800425dc | mem_w: 0 | reg_w: 1 | csr_w: 0 | csr_op: 00 | csr_addr: 001 | csr_wdata: 800425db | mscratch: 00000000
PC: 800072c0 | Instr: fc069ce3 | rs1_d: 00000018 | rs2_d: 00000000 | alu_res: 00000018 | mem_w: 0 | reg_w: 0 | csr_w: 0 | csr_op: 00 | csr_addr: fc0 | csr_wdata: 00000018 | mscratch: 00000000
PC: 80007298 | Instr: ffc68693 | rs1_d: 00000018 | rs2_d: bfddb7d5 | alu_res: 00000014 | mem_w: 0 | reg_w: 1 | csr_w: 0 | csr_op: 00 | csr_addr: ffc | csr_wdata: 00000018 | mscratch: 00000000
PC: 8000729c | Instr: 00d55733 | rs1_d: c47cf17d | rs2_d: 00000014 | alu_res: 00000c47 | mem_w: 0 | reg_w: 1 | csr_w: 0 | csr_op: 00 | csr_addr: 00d | csr_wdata: c47cf17d | mscratch: 00000000
PC: 800072a0 | Instr: 00f77713 | rs1_d: 00000c47 | rs2_d: 0000000a | alu_res: 00000007 | mem_w: 0 | reg_w: 1 | csr_w: 0 | csr_op: 00 | csr_addr: 00f | csr_wdata: 00000c47 | mscratch: 00000000
PC: 800072a4 | Instr: 00a00793 | rs1_d: 00000000 | rs2_d: c47cf17d | alu_res: 0000000a | mem_w: 0 | reg_w: 1 | csr_w: 0 | csr_op: 00 | csr_addr: 00a | csr_wdata: 00000000 | mscratch: 00000000
PC: 800072a8 | Instr: 00f74663 | rs1_d: 00000007 | rs2_d: 0000000a | alu_res: 00000001 | mem_w: 0 | reg_w: 0 | csr_w: 0 | csr_op: 00 | csr_addr: 00f | csr_wdata: 00000007 | mscratch: 00000000
PC: 800072b4 | Instr: 03070713 | rs1_d: 00000007 | rs2_d: 7d5bfddb | alu_res: 00000037 | mem_w: 0 | reg_w: 1 | csr_w: 0 | csr_op: 00 | csr_addr: 030 | csr_wdata: 00000007 | mscratch: 00000000
PC: 800072b8 | Instr: 00e60023 | rs1_d: 800425dc | rs2_d: 00000037 | alu_res: 800425dc | mem_w: 1 | reg_w: 0 | csr_w: 0 | csr_op: 00 | csr_addr: 00e | csr_wdata: 800425dc | mscratch: 00000000
PC: 800072bc | Instr: 00160613 | rs1_d: 800425dc | rs2_d: 80006fcc | alu_res: 800425dd | mem_w: 0 | reg_w: 1 | csr_w: 0 | csr_op: 00 | csr_addr: 001 | csr_wdata: 800425dc | mscratch: 00000000
PC: 800072c0 | Instr: fc069ce3 | rs1_d: 00000014 | rs2_d: 00000000 | alu_res: 00000014 | mem_w: 0 | reg_w: 0 | csr_w: 0 | csr_op: 00 | csr_addr: fc0 | csr_wdata: 00000014 | mscratch: 00000000
PC: 80007298 | Instr: ffc68693 | rs1_d: 00000014 | rs2_d: bfddb7d5 | alu_res: 00000010 | mem_w: 0 | reg_w: 1 | csr_w: 0 | csr_op: 00 | csr_addr: ffc | csr_wdata: 00000014 | mscratch: 00000000
PC: 8000729c | Instr: 00d55733 | rs1_d: c47cf17d | rs2_d: 00000010 | alu_res: 0000c47c | mem_w: 0 | reg_w: 1 | csr_w: 0 | csr_op: 00 | csr_addr: 00d | csr_wdata: c47cf17d | mscratch: 00000000
PC: 800072a0 | Instr: 00f77713 | rs1_d: 0000c47c | rs2_d: 0000000a | alu_res: 0000000c | mem_w: 0 | reg_w: 1 | csr_w: 0 | csr_op: 00 | csr_addr: 00f | csr_wdata: 0000c47c | mscratch: 00000000
PC: 800072a4 | Instr: 00a00793 | rs1_d: 00000000 | rs2_d: c47cf17d | alu_res: 0000000a | mem_w: 0 | reg_w: 1 | csr_w: 0 | csr_op: 00 | csr_addr: 00a | csr_wdata: 00000000 | mscratch: 00000000
PC: 800072a8 | Instr: 00f74663 | rs1_d: 0000000c | rs2_d: 0000000a | alu_res: 00000000 | mem_w: 0 | reg_w: 0 | csr_w: 0 | csr_op: 00 | csr_addr: 00f | csr_wdata: 0000000c | mscratch: 00000000
PC: 800072ac | Instr: 05770713 | rs1_d: 0000000c | rs2_d: feedbead | alu_res: 00000063 | mem_w: 0 | reg_w: 1 | csr_w: 0 | csr_op: 00 | csr_addr: 057 | csr_wdata: 0000000c | mscratch: 00000000
PC: 800072b0 | Instr: 0080006f | rs1_d: 00000000 | rs2_d: 42000000 | alu_res: 42000000 | mem_w: 0 | reg_w: 1 | csr_w: 0 | csr_op: 00 | csr_addr: 008 | csr_wdata: 00000000 | mscratch: 00000000
PC: 800072b8 | Instr: 00e60023 | rs1_d: 800425dd | rs2_d: 00000063 | alu_res: 800425dd | mem_w: 1 | reg_w: 0 | csr_w: 0 | csr_op: 00 | csr_addr: 00e | csr_wdata: 800425dd | mscratch: 00000000
PC: 800072bc | Instr: 00160613 | rs1_d: 800425dd | rs2_d: 80006fcc | alu_res: 800425de | mem_w: 0 | reg_w: 1 | csr_w: 0 | csr_op: 00 | csr_addr: 001 | csr_wdata: 800425dd | mscratch: 00000000
PC: 800072c0 | Instr: fc069ce3 | rs1_d: 00000010 | rs2_d: 00000000 | alu_res: 00000010 | mem_w: 0 | reg_w: 0 | csr_w: 0 | csr_op: 00 | csr_addr: fc0 | csr_wdata: 00000010 | mscratch: 00000000
PC: 80007298 | Instr: ffc68693 | rs1_d: 00000010 | rs2_d: bfddb7d5 | alu_res: 0000000c | mem_w: 0 | reg_w: 1 | csr_w: 0 | csr_op: 00 | csr_addr: ffc | csr_wdata: 00000010 | mscratch: 00000000
PC: 8000729c | Instr: 00d55733 | rs1_d: c47cf17d | rs2_d: 0000000c | alu_res: 000c47cf | mem_w: 0 | reg_w: 1 | csr_w: 0 | csr_op: 00 | csr_addr: 00d | csr_wdata: c47cf17d | mscratch: 00000000
PC: 800072a0 | Instr: 00f77713 | rs1_d: 000c47cf | rs2_d: 0000000a | alu_res: 0000000f | mem_w: 0 | reg_w: 1 | csr_w: 0 | csr_op: 00 | csr_addr: 00f | csr_wdata: 000c47cf | mscratch: 00000000
PC: 800072a4 | Instr: 00a00793 | rs1_d: 00000000 | rs2_d: c47cf17d | alu_res: 0000000a | mem_w: 0 | reg_w: 1 | csr_w: 0 | csr_op: 00 | csr_addr: 00a | csr_wdata: 00000000 | mscratch: 00000000
PC: 800072a8 | Instr: 00f74663 | rs1_d: 0000000f | rs2_d: 0000000a | alu_res: 00000000 | mem_w: 0 | reg_w: 0 | csr_w: 0 | csr_op: 00 | csr_addr: 00f | csr_wdata: 0000000f | mscratch: 00000000
PC: 800072ac | Instr: 05770713 | rs1_d: 0000000f | rs2_d: feedbead | alu_res: 00000066 | mem_w: 0 | reg_w: 1 | csr_w: 0 | csr_op: 00 | csr_addr: 057 | csr_wdata: 0000000f | mscratch: 00000000
PC: 800072b0 | Instr: 0080006f | rs1_d: 00000000 | rs2_d: 42000000 | alu_res: 42000000 | mem_w: 0 | reg_w: 1 | csr_w: 0 | csr_op: 00 | csr_addr: 008 | csr_wdata: 00000000 | mscratch: 00000000
PC: 800072b8 | Instr: 00e60023 | rs1_d: 800425de | rs2_d: 00000066 | alu_res: 800425de | mem_w: 1 | reg_w: 0 | csr_w: 0 | csr_op: 00 | csr_addr: 00e | csr_wdata: 800425de | mscratch: 00000000
PC: 800072bc | Instr: 00160613 | rs1_d: 800425de | rs2_d: 80006fcc | alu_res: 800425df | mem_w: 0 | reg_w: 1 | csr_w: 0 | csr_op: 00 | csr_addr: 001 | csr_wdata: 800425de | mscratch: 00000000
PC: 800072c0 | Instr: fc069ce3 | rs1_d: 0000000c | rs2_d: 00000000 | alu_res: 0000000c | mem_w: 0 | reg_w: 0 | csr_w: 0 | csr_op: 00 | csr_addr: fc0 | csr_wdata: 0000000c | mscratch: 00000000
PC: 80007298 | Instr: ffc68693 | rs1_d: 0000000c | rs2_d: bfddb7d5 | alu_res: 00000008 | mem_w: 0 | reg_w: 1 | csr_w: 0 | csr_op: 00 | csr_addr: ffc | csr_wdata: 0000000c | mscratch: 00000000
PC: 8000729c | Instr: 00d55733 | rs1_d: c47cf17d | rs2_d: 00000008 | alu_res: 00c47cf1 | mem_w: 0 | reg_w: 1 | csr_w: 0 | csr_op: 00 | csr_addr: 00d | csr_wdata: c47cf17d | mscratch: 00000000
PC: 800072a0 | Instr: 00f77713 | rs1_d: 00c47cf1 | rs2_d: 0000000a | alu_res: 00000001 | mem_w: 0 | reg_w: 1 | csr_w: 0 | csr_op: 00 | csr_addr: 00f | csr_wdata: 00c47cf1 | mscratch: 00000000
PC: 800072a4 | Instr: 00a00793 | rs1_d: 00000000 | rs2_d: c47cf17d | alu_res: 0000000a | mem_w: 0 | reg_w: 1 | csr_w: 0 | csr_op: 00 | csr_addr: 00a | csr_wdata: 00000000 | mscratch: 00000000
PC: 800072a8 | Instr: 00f74663 | rs1_d: 00000001 | rs2_d: 0000000a | alu_res: 00000001 | mem_w: 0 | reg_w: 0 | csr_w: 0 | csr_op: 00 | csr_addr: 00f | csr_wdata: 00000001 | mscratch: 00000000
PC: 800072b4 | Instr: 03070713 | rs1_d: 00000001 | rs2_d: 7d5bfddb | alu_res: 00000031 | mem_w: 0 | reg_w: 1 | csr_w: 0 | csr_op: 00 | csr_addr: 030 | csr_wdata: 00000001 | mscratch: 00000000
PC: 800072b8 | Instr: 00e60023 | rs1_d: 800425df | rs2_d: 00000031 | alu_res: 800425df | mem_w: 1 | reg_w: 0 | csr_w: 0 | csr_op: 00 | csr_addr: 00e | csr_wdata: 800425df | mscratch: 00000000
PC: 800072bc | Instr: 00160613 | rs1_d: 800425df | rs2_d: 80006fcc | alu_res: 800425e0 | mem_w: 0 | reg_w: 1 | csr_w: 0 | csr_op: 00 | csr_addr: 001 | csr_wdata: 800425df | mscratch: 00000000
PC: 800072c0 | Instr: fc069ce3 | rs1_d: 00000008 | rs2_d: 00000000 | alu_res: 00000008 | mem_w: 0 | reg_w: 0 | csr_w: 0 | csr_op: 00 | csr_addr: fc0 | csr_wdata: 00000008 | mscratch: 00000000
PC: 80007298 | Instr: ffc68693 | rs1_d: 00000008 | rs2_d: bfddb7d5 | alu_res: 00000004 | mem_w: 0 | reg_w: 1 | csr_w: 0 | csr_op: 00 | csr_addr: ffc | csr_wdata: 00000008 | mscratch: 00000000
PC: 8000729c | Instr: 00d55733 | rs1_d: c47cf17d | rs2_d: 00000004 | alu_res: 0c47cf17 | mem_w: 0 | reg_w: 1 | csr_w: 0 | csr_op: 00 | csr_addr: 00d | csr_wdata: c47cf17d | mscratch: 00000000
PC: 800072a0 | Instr: 00f77713 | rs1_d: 0c47cf17 | rs2_d: 0000000a | alu_res: 00000007 | mem_w: 0 | reg_w: 1 | csr_w: 0 | csr_op: 00 | csr_addr: 00f | csr_wdata: 0c47cf17 | mscratch: 00000000
PC: 800072a4 | Instr: 00a00793 | rs1_d: 00000000 | rs2_d: c47cf17d | alu_res: 0000000a | mem_w: 0 | reg_w: 1 | csr_w: 0 | csr_op: 00 | csr_addr: 00a | csr_wdata: 00000000 | mscratch: 00000000
PC: 800072a8 | Instr: 00f74663 | rs1_d: 00000007 | rs2_d: 0000000a | alu_res: 00000001 | mem_w: 0 | reg_w: 0 | csr_w: 0 | csr_op: 00 | csr_addr: 00f | csr_wdata: 00000007 | mscratch: 00000000
PC: 800072b4 | Instr: 03070713 | rs1_d: 00000007 | rs2_d: 7d5bfddb | alu_res: 00000037 | mem_w: 0 | reg_w: 1 | csr_w: 0 | csr_op: 00 | csr_addr: 030 | csr_wdata: 00000007 | mscratch: 00000000
PC: 800072b8 | Instr: 00e60023 | rs1_d: 800425e0 | rs2_d: 00000037 | alu_res: 800425e0 | mem_w: 1 | reg_w: 0 | csr_w: 0 | csr_op: 00 | csr_addr: 00e | csr_wdata: 800425e0 | mscratch: 00000000
PC: 800072bc | Instr: 00160613 | rs1_d: 800425e0 | rs2_d: 80006fcc | alu_res: 800425e1 | mem_w: 0 | reg_w: 1 | csr_w: 0 | csr_op: 00 | csr_addr: 001 | csr_wdata: 800425e0 | mscratch: 00000000
PC: 800072c0 | Instr: fc069ce3 | rs1_d: 00000004 | rs2_d: 00000000 | alu_res: 00000004 | mem_w: 0 | reg_w: 0 | csr_w: 0 | csr_op: 00 | csr_addr: fc0 | csr_wdata: 00000004 | mscratch: 00000000
PC: 80007298 | Instr: ffc68693 | rs1_d: 00000004 | rs2_d: bfddb7d5 | alu_res: 00000000 | mem_w: 0 | reg_w: 1 | csr_w: 0 | csr_op: 00 | csr_addr: ffc | csr_wdata: 00000004 | mscratch: 00000000
PC: 8000729c | Instr: 00d55733 | rs1_d: c47cf17d | rs2_d: 00000000 | alu_res: c47cf17d | mem_w: 0 | reg_w: 1 | csr_w: 0 | csr_op: 00 | csr_addr: 00d | csr_wdata: c47cf17d | mscratch: 00000000
PC: 800072a0 | Instr: 00f77713 | rs1_d: c47cf17d | rs2_d: 0000000a | alu_res: 0000000d | mem_w: 0 | reg_w: 1 | csr_w: 0 | csr_op: 00 | csr_addr: 00f | csr_wdata: c47cf17d | mscratch: 00000000
PC: 800072a4 | Instr: 00a00793 | rs1_d: 00000000 | rs2_d: c47cf17d | alu_res: 0000000a | mem_w: 0 | reg_w: 1 | csr_w: 0 | csr_op: 00 | csr_addr: 00a | csr_wdata: 00000000 | mscratch: 00000000
PC: 800072a8 | Instr: 00f74663 | rs1_d: 0000000d | rs2_d: 0000000a | alu_res: 00000000 | mem_w: 0 | reg_w: 0 | csr_w: 0 | csr_op: 00 | csr_addr: 00f | csr_wdata: 0000000d | mscratch: 00000000
PC: 800072ac | Instr: 05770713 | rs1_d: 0000000d | rs2_d: feedbead | alu_res: 00000064 | mem_w: 0 | reg_w: 1 | csr_w: 0 | csr_op: 00 | csr_addr: 057 | csr_wdata: 0000000d | mscratch: 00000000
PC: 800072b0 | Instr: 0080006f | rs1_d: 00000000 | rs2_d: 42000000 | alu_res: 42000000 | mem_w: 0 | reg_w: 1 | csr_w: 0 | csr_op: 00 | csr_addr: 008 | csr_wdata: 00000000 | mscratch: 00000000
PC: 800072b8 | Instr: 00e60023 | rs1_d: 800425e1 | rs2_d: 00000064 | alu_res: 800425e1 | mem_w: 1 | reg_w: 0 | csr_w: 0 | csr_op: 00 | csr_addr: 00e | csr_wdata: 800425e1 | mscratch: 00000000
PC: 800072bc | Instr: 00160613 | rs1_d: 800425e1 | rs2_d: 80006fcc | alu_res: 800425e2 | mem_w: 0 | reg_w: 1 | csr_w: 0 | csr_op: 00 | csr_addr: 001 | csr_wdata: 800425e1 | mscratch: 00000000
PC: 800072c0 | Instr: fc069ce3 | rs1_d: 00000000 | rs2_d: 00000000 | alu_res: 00000000 | mem_w: 0 | reg_w: 0 | csr_w: 0 | csr_op: 00 | csr_addr: fc0 | csr_wdata: 00000000 | mscratch: 00000000
PC: 800072c4 | Instr: 00058513 | rs1_d: 60000000 | rs2_d: 00000000 | alu_res: 60000000 | mem_w: 0 | reg_w: 1 | csr_w: 0 | csr_op: 00 | csr_addr: 000 | csr_wdata: 60000000 | mscratch: 00000000
PC: 800072c8 | Instr: 02000693 | rs1_d: 00000000 | rs2_d: 00000000 | alu_res: 00000020 | mem_w: 0 | reg_w: 1 | csr_w: 0 | csr_op: 00 | csr_addr: 020 | csr_wdata: 00000000 | mscratch: 00000000
PC: 800072cc | Instr: ffc68693 | rs1_d: 00000020 | rs2_d: bfddb7d5 | alu_res: 0000001c | mem_w: 0 | reg_w: 1 | csr_w: 0 | csr_op: 00 | csr_addr: ffc | csr_wdata: 00000020 | mscratch: 00000000
PC: 800072d0 | Instr: 00d55733 | rs1_d: 60000000 | rs2_d: 0000001c | alu_res: 00000006 | mem_w: 0 | reg_w: 1 | csr_w: 0 | csr_op: 00 | csr_addr: 00d | csr_wdata: 60000000 | mscratch: 00000000
PC: 800072d4 | Instr: 00f77713 | rs1_d: 00000006 | rs2_d: 0000000a | alu_res: 00000006 | mem_w: 0 | reg_w: 1 | csr_w: 0 | csr_op: 00 | csr_addr: 00f | csr_wdata: 00000006 | mscratch: 00000000
PC: 800072d8 | Instr: 00a00793 | rs1_d: 00000000 | rs2_d: 60000000 | alu_res: 0000000a | mem_w: 0 | reg_w: 1 | csr_w: 0 | csr_op: 00 | csr_addr: 00a | csr_wdata: 00000000 | mscratch: 00000000
PC: 800072dc | Instr: 00f74663 | rs1_d: 00000006 | rs2_d: 0000000a | alu_res: 00000001 | mem_w: 0 | reg_w: 0 | csr_w: 0 | csr_op: 00 | csr_addr: 00f | csr_wdata: 00000006 | mscratch: 00000000
PC: 800072e8 | Instr: 03070713 | rs1_d: 00000006 | rs2_d: 7d5bfddb | alu_res: 00000036 | mem_w: 0 | reg_w: 1 | csr_w: 0 | csr_op: 00 | csr_addr: 030 | csr_wdata: 00000006 | mscratch: 00000000
PC: 800072ec | Instr: 00e60023 | rs1_d: 800425e2 | rs2_d: 00000036 | alu_res: 800425e2 | mem_w: 1 | reg_w: 0 | csr_w: 0 | csr_op: 00 | csr_addr: 00e | csr_wdata: 800425e2 | mscratch: 00000000
PC: 800072f0 | Instr: 00160613 | rs1_d: 800425e2 | rs2_d: 80006fcc | alu_res: 800425e3 | mem_w: 0 | reg_w: 1 | csr_w: 0 | csr_op: 00 | csr_addr: 001 | csr_wdata: 800425e2 | mscratch: 00000000
PC: 800072f4 | Instr: fc069ce3 | rs1_d: 0000001c | rs2_d: 00000000 | alu_res: 0000001c | mem_w: 0 | reg_w: 0 | csr_w: 0 | csr_op: 00 | csr_addr: fc0 | csr_wdata: 0000001c | mscratch: 00000000
PC: 800072cc | Instr: ffc68693 | rs1_d: 0000001c | rs2_d: bfddb7d5 | alu_res: 00000018 | mem_w: 0 | reg_w: 1 | csr_w: 0 | csr_op: 00 | csr_addr: ffc | csr_wdata: 0000001c | mscratch: 00000000
PC: 800072d0 | Instr: 00d55733 | rs1_d: 60000000 | rs2_d: 00000018 | alu_res: 00000060 | mem_w: 0 | reg_w: 1 | csr_w: 0 | csr_op: 00 | csr_addr: 00d | csr_wdata: 60000000 | mscratch: 00000000
PC: 800072d4 | Instr: 00f77713 | rs1_d: 00000060 | rs2_d: 0000000a | alu_res: 00000000 | mem_w: 0 | reg_w: 1 | csr_w: 0 | csr_op: 00 | csr_addr: 00f | csr_wdata: 00000060 | mscratch: 00000000
PC: 800072d8 | Instr: 00a00793 | rs1_d: 00000000 | rs2_d: 60000000 | alu_res: 0000000a | mem_w: 0 | reg_w: 1 | csr_w: 0 | csr_op: 00 | csr_addr: 00a | csr_wdata: 00000000 | mscratch: 00000000
PC: 800072dc | Instr: 00f74663 | rs1_d: 00000000 | rs2_d: 0000000a | alu_res: 00000001 | mem_w: 0 | reg_w: 0 | csr_w: 0 | csr_op: 00 | csr_addr: 00f | csr_wdata: 00000000 | mscratch: 00000000
PC: 800072e8 | Instr: 03070713 | rs1_d: 00000000 | rs2_d: 7d5bfddb | alu_res: 00000030 | mem_w: 0 | reg_w: 1 | csr_w: 0 | csr_op: 00 | csr_addr: 030 | csr_wdata: 00000000 | mscratch: 00000000
PC: 800072ec | Instr: 00e60023 | rs1_d: 800425e3 | rs2_d: 00000030 | alu_res: 800425e3 | mem_w: 1 | reg_w: 0 | csr_w: 0 | csr_op: 00 | csr_addr: 00e | csr_wdata: 800425e3 | mscratch: 00000000
PC: 800072f0 | Instr: 00160613 | rs1_d: 800425e3 | rs2_d: 80006fcc | alu_res: 800425e4 | mem_w: 0 | reg_w: 1 | csr_w: 0 | csr_op: 00 | csr_addr: 001 | csr_wdata: 800425e3 | mscratch: 00000000
PC: 800072f4 | Instr: fc069ce3 | rs1_d: 00000018 | rs2_d: 00000000 | alu_res: 00000018 | mem_w: 0 | reg_w: 0 | csr_w: 0 | csr_op: 00 | csr_addr: fc0 | csr_wdata: 00000018 | mscratch: 00000000
PC: 800072cc | Instr: ffc68693 | rs1_d: 00000018 | rs2_d: bfddb7d5 | alu_res: 00000014 | mem_w: 0 | reg_w: 1 | csr_w: 0 | csr_op: 00 | csr_addr: ffc | csr_wdata: 00000018 | mscratch: 00000000
PC: 800072d0 | Instr: 00d55733 | rs1_d: 60000000 | rs2_d: 00000014 | alu_res: 00000600 | mem_w: 0 | reg_w: 1 | csr_w: 0 | csr_op: 00 | csr_addr: 00d | csr_wdata: 60000000 | mscratch: 00000000
PC: 800072d4 | Instr: 00f77713 | rs1_d: 00000600 | rs2_d: 0000000a | alu_res: 00000000 | mem_w: 0 | reg_w: 1 | csr_w: 0 | csr_op: 00 | csr_addr: 00f | csr_wdata: 00000600 | mscratch: 00000000
PC: 800072d8 | Instr: 00a00793 | rs1_d: 00000000 | rs2_d: 60000000 | alu_res: 0000000a | mem_w: 0 | reg_w: 1 | csr_w: 0 | csr_op: 00 | csr_addr: 00a | csr_wdata: 00000000 | mscratch: 00000000
PC: 800072dc | Instr: 00f74663 | rs1_d: 00000000 | rs2_d: 0000000a | alu_res: 00000001 | mem_w: 0 | reg_w: 0 | csr_w: 0 | csr_op: 00 | csr_addr: 00f | csr_wdata: 00000000 | mscratch: 00000000
PC: 800072e8 | Instr: 03070713 | rs1_d: 00000000 | rs2_d: 7d5bfddb | alu_res: 00000030 | mem_w: 0 | reg_w: 1 | csr_w: 0 | csr_op: 00 | csr_addr: 030 | csr_wdata: 00000000 | mscratch: 00000000
PC: 800072ec | Instr: 00e60023 | rs1_d: 800425e4 | rs2_d: 00000030 | alu_res: 800425e4 | mem_w: 1 | reg_w: 0 | csr_w: 0 | csr_op: 00 | csr_addr: 00e | csr_wdata: 800425e4 | mscratch: 00000000
PC: 800072f0 | Instr: 00160613 | rs1_d: 800425e4 | rs2_d: 80006fcc | alu_res: 800425e5 | mem_w: 0 | reg_w: 1 | csr_w: 0 | csr_op: 00 | csr_addr: 001 | csr_wdata: 800425e4 | mscratch: 00000000
PC: 800072f4 | Instr: fc069ce3 | rs1_d: 00000014 | rs2_d: 00000000 | alu_res: 00000014 | mem_w: 0 | reg_w: 0 | csr_w: 0 | csr_op: 00 | csr_addr: fc0 | csr_wdata: 00000014 | mscratch: 00000000
PC: 800072cc | Instr: ffc68693 | rs1_d: 00000014 | rs2_d: bfddb7d5 | alu_res: 00000010 | mem_w: 0 | reg_w: 1 | csr_w: 0 | csr_op: 00 | csr_addr: ffc | csr_wdata: 00000014 | mscratch: 00000000
PC: 800072d0 | Instr: 00d55733 | rs1_d: 60000000 | rs2_d: 00000010 | alu_res: 00006000 | mem_w: 0 | reg_w: 1 | csr_w: 0 | csr_op: 00 | csr_addr: 00d | csr_wdata: 60000000 | mscratch: 00000000
PC: 800072d4 | Instr: 00f77713 | rs1_d: 00006000 | rs2_d: 0000000a | alu_res: 00000000 | mem_w: 0 | reg_w: 1 | csr_w: 0 | csr_op: 00 | csr_addr: 00f | csr_wdata: 00006000 | mscratch: 00000000
PC: 800072d8 | Instr: 00a00793 | rs1_d: 00000000 | rs2_d: 60000000 | alu_res: 0000000a | mem_w: 0 | reg_w: 1 | csr_w: 0 | csr_op: 00 | csr_addr: 00a | csr_wdata: 00000000 | mscratch: 00000000
PC: 800072dc | Instr: 00f74663 | rs1_d: 00000000 | rs2_d: 0000000a | alu_res: 00000001 | mem_w: 0 | reg_w: 0 | csr_w: 0 | csr_op: 00 | csr_addr: 00f | csr_wdata: 00000000 | mscratch: 00000000
PC: 800072e8 | Instr: 03070713 | rs1_d: 00000000 | rs2_d: 7d5bfddb | alu_res: 00000030 | mem_w: 0 | reg_w: 1 | csr_w: 0 | csr_op: 00 | csr_addr: 030 | csr_wdata: 00000000 | mscratch: 00000000
PC: 800072ec | Instr: 00e60023 | rs1_d: 800425e5 | rs2_d: 00000030 | alu_res: 800425e5 | mem_w: 1 | reg_w: 0 | csr_w: 0 | csr_op: 00 | csr_addr: 00e | csr_wdata: 800425e5 | mscratch: 00000000
PC: 800072f0 | Instr: 00160613 | rs1_d: 800425e5 | rs2_d: 80006fcc | alu_res: 800425e6 | mem_w: 0 | reg_w: 1 | csr_w: 0 | csr_op: 00 | csr_addr: 001 | csr_wdata: 800425e5 | mscratch: 00000000
PC: 800072f4 | Instr: fc069ce3 | rs1_d: 00000010 | rs2_d: 00000000 | alu_res: 00000010 | mem_w: 0 | reg_w: 0 | csr_w: 0 | csr_op: 00 | csr_addr: fc0 | csr_wdata: 00000010 | mscratch: 00000000
PC: 800072cc | Instr: ffc68693 | rs1_d: 00000010 | rs2_d: bfddb7d5 | alu_res: 0000000c | mem_w: 0 | reg_w: 1 | csr_w: 0 | csr_op: 00 | csr_addr: ffc | csr_wdata: 00000010 | mscratch: 00000000
PC: 800072d0 | Instr: 00d55733 | rs1_d: 60000000 | rs2_d: 0000000c | alu_res: 00060000 | mem_w: 0 | reg_w: 1 | csr_w: 0 | csr_op: 00 | csr_addr: 00d | csr_wdata: 60000000 | mscratch: 00000000
PC: 800072d4 | Instr: 00f77713 | rs1_d: 00060000 | rs2_d: 0000000a | alu_res: 00000000 | mem_w: 0 | reg_w: 1 | csr_w: 0 | csr_op: 00 | csr_addr: 00f | csr_wdata: 00060000 | mscratch: 00000000
PC: 800072d8 | Instr: 00a00793 | rs1_d: 00000000 | rs2_d: 60000000 | alu_res: 0000000a | mem_w: 0 | reg_w: 1 | csr_w: 0 | csr_op: 00 | csr_addr: 00a | csr_wdata: 00000000 | mscratch: 00000000
PC: 800072dc | Instr: 00f74663 | rs1_d: 00000000 | rs2_d: 0000000a | alu_res: 00000001 | mem_w: 0 | reg_w: 0 | csr_w: 0 | csr_op: 00 | csr_addr: 00f | csr_wdata: 00000000 | mscratch: 00000000
PC: 800072e8 | Instr: 03070713 | rs1_d: 00000000 | rs2_d: 7d5bfddb | alu_res: 00000030 | mem_w: 0 | reg_w: 1 | csr_w: 0 | csr_op: 00 | csr_addr: 030 | csr_wdata: 00000000 | mscratch: 00000000
PC: 800072ec | Instr: 00e60023 | rs1_d: 800425e6 | rs2_d: 00000030 | alu_res: 800425e6 | mem_w: 1 | reg_w: 0 | csr_w: 0 | csr_op: 00 | csr_addr: 00e | csr_wdata: 800425e6 | mscratch: 00000000
PC: 800072f0 | Instr: 00160613 | rs1_d: 800425e6 | rs2_d: 80006fcc | alu_res: 800425e7 | mem_w: 0 | reg_w: 1 | csr_w: 0 | csr_op: 00 | csr_addr: 001 | csr_wdata: 800425e6 | mscratch: 00000000
PC: 800072f4 | Instr: fc069ce3 | rs1_d: 0000000c | rs2_d: 00000000 | alu_res: 0000000c | mem_w: 0 | reg_w: 0 | csr_w: 0 | csr_op: 00 | csr_addr: fc0 | csr_wdata: 0000000c | mscratch: 00000000
PC: 800072cc | Instr: ffc68693 | rs1_d: 0000000c | rs2_d: bfddb7d5 | alu_res: 00000008 | mem_w: 0 | reg_w: 1 | csr_w: 0 | csr_op: 00 | csr_addr: ffc | csr_wdata: 0000000c | mscratch: 00000000
PC: 800072d0 | Instr: 00d55733 | rs1_d: 60000000 | rs2_d: 00000008 | alu_res: 00600000 | mem_w: 0 | reg_w: 1 | csr_w: 0 | csr_op: 00 | csr_addr: 00d | csr_wdata: 60000000 | mscratch: 00000000
PC: 800072d4 | Instr: 00f77713 | rs1_d: 00600000 | rs2_d: 0000000a | alu_res: 00000000 | mem_w: 0 | reg_w: 1 | csr_w: 0 | csr_op: 00 | csr_addr: 00f | csr_wdata: 00600000 | mscratch: 00000000
PC: 800072d8 | Instr: 00a00793 | rs1_d: 00000000 | rs2_d: 60000000 | alu_res: 0000000a | mem_w: 0 | reg_w: 1 | csr_w: 0 | csr_op: 00 | csr_addr: 00a | csr_wdata: 00000000 | mscratch: 00000000
PC: 800072dc | Instr: 00f74663 | rs1_d: 00000000 | rs2_d: 0000000a | alu_res: 00000001 | mem_w: 0 | reg_w: 0 | csr_w: 0 | csr_op: 00 | csr_addr: 00f | csr_wdata: 00000000 | mscratch: 00000000
PC: 800072e8 | Instr: 03070713 | rs1_d: 00000000 | rs2_d: 7d5bfddb | alu_res: 00000030 | mem_w: 0 | reg_w: 1 | csr_w: 0 | csr_op: 00 | csr_addr: 030 | csr_wdata: 00000000 | mscratch: 00000000
PC: 800072ec | Instr: 00e60023 | rs1_d: 800425e7 | rs2_d: 00000030 | alu_res: 800425e7 | mem_w: 1 | reg_w: 0 | csr_w: 0 | csr_op: 00 | csr_addr: 00e | csr_wdata: 800425e7 | mscratch: 00000000
PC: 800072f0 | Instr: 00160613 | rs1_d: 800425e7 | rs2_d: 80006fcc | alu_res: 800425e8 | mem_w: 0 | reg_w: 1 | csr_w: 0 | csr_op: 00 | csr_addr: 001 | csr_wdata: 800425e7 | mscratch: 00000000
PC: 800072f4 | Instr: fc069ce3 | rs1_d: 00000008 | rs2_d: 00000000 | alu_res: 00000008 | mem_w: 0 | reg_w: 0 | csr_w: 0 | csr_op: 00 | csr_addr: fc0 | csr_wdata: 00000008 | mscratch: 00000000
PC: 800072cc | Instr: ffc68693 | rs1_d: 00000008 | rs2_d: bfddb7d5 | alu_res: 00000004 | mem_w: 0 | reg_w: 1 | csr_w: 0 | csr_op: 00 | csr_addr: ffc | csr_wdata: 00000008 | mscratch: 00000000
PC: 800072d0 | Instr: 00d55733 | rs1_d: 60000000 | rs2_d: 00000004 | alu_res: 06000000 | mem_w: 0 | reg_w: 1 | csr_w: 0 | csr_op: 00 | csr_addr: 00d | csr_wdata: 60000000 | mscratch: 00000000
PC: 800072d4 | Instr: 00f77713 | rs1_d: 06000000 | rs2_d: 0000000a | alu_res: 00000000 | mem_w: 0 | reg_w: 1 | csr_w: 0 | csr_op: 00 | csr_addr: 00f | csr_wdata: 06000000 | mscratch: 00000000
PC: 800072d8 | Instr: 00a00793 | rs1_d: 00000000 | rs2_d: 60000000 | alu_res: 0000000a | mem_w: 0 | reg_w: 1 | csr_w: 0 | csr_op: 00 | csr_addr: 00a | csr_wdata: 00000000 | mscratch: 00000000
PC: 800072dc | Instr: 00f74663 | rs1_d: 00000000 | rs2_d: 0000000a | alu_res: 00000001 | mem_w: 0 | reg_w: 0 | csr_w: 0 | csr_op: 00 | csr_addr: 00f | csr_wdata: 00000000 | mscratch: 00000000
PC: 800072e8 | Instr: 03070713 | rs1_d: 00000000 | rs2_d: 7d5bfddb | alu_res: 00000030 | mem_w: 0 | reg_w: 1 | csr_w: 0 | csr_op: 00 | csr_addr: 030 | csr_wdata: 00000000 | mscratch: 00000000
PC: 800072ec | Instr: 00e60023 | rs1_d: 800425e8 | rs2_d: 00000030 | alu_res: 800425e8 | mem_w: 1 | reg_w: 0 | csr_w: 0 | csr_op: 00 | csr_addr: 00e | csr_wdata: 800425e8 | mscratch: 00000000
PC: 800072f0 | Instr: 00160613 | rs1_d: 800425e8 | rs2_d: 80006fcc | alu_res: 800425e9 | mem_w: 0 | reg_w: 1 | csr_w: 0 | csr_op: 00 | csr_addr: 001 | csr_wdata: 800425e8 | mscratch: 00000000
PC: 800072f4 | Instr: fc069ce3 | rs1_d: 00000004 | rs2_d: 00000000 | alu_res: 00000004 | mem_w: 0 | reg_w: 0 | csr_w: 0 | csr_op: 00 | csr_addr: fc0 | csr_wdata: 00000004 | mscratch: 00000000
PC: 800072cc | Instr: ffc68693 | rs1_d: 00000004 | rs2_d: bfddb7d5 | alu_res: 00000000 | mem_w: 0 | reg_w: 1 | csr_w: 0 | csr_op: 00 | csr_addr: ffc | csr_wdata: 00000004 | mscratch: 00000000
PC: 800072d0 | Instr: 00d55733 | rs1_d: 60000000 | rs2_d: 00000000 | alu_res: 60000000 | mem_w: 0 | reg_w: 1 | csr_w: 0 | csr_op: 00 | csr_addr: 00d | csr_wdata: 60000000 | mscratch: 00000000
PC: 800072d4 | Instr: 00f77713 | rs1_d: 60000000 | rs2_d: 0000000a | alu_res: 00000000 | mem_w: 0 | reg_w: 1 | csr_w: 0 | csr_op: 00 | csr_addr: 00f | csr_wdata: 60000000 | mscratch: 00000000
PC: 800072d8 | Instr: 00a00793 | rs1_d: 00000000 | rs2_d: 60000000 | alu_res: 0000000a | mem_w: 0 | reg_w: 1 | csr_w: 0 | csr_op: 00 | csr_addr: 00a | csr_wdata: 00000000 | mscratch: 00000000
PC: 800072dc | Instr: 00f74663 | rs1_d: 00000000 | rs2_d: 0000000a | alu_res: 00000001 | mem_w: 0 | reg_w: 0 | csr_w: 0 | csr_op: 00 | csr_addr: 00f | csr_wdata: 00000000 | mscratch: 00000000
PC: 800072e8 | Instr: 03070713 | rs1_d: 00000000 | rs2_d: 7d5bfddb | alu_res: 00000030 | mem_w: 0 | reg_w: 1 | csr_w: 0 | csr_op: 00 | csr_addr: 030 | csr_wdata: 00000000 | mscratch: 00000000
PC: 800072ec | Instr: 00e60023 | rs1_d: 800425e9 | rs2_d: 00000030 | alu_res: 800425e9 | mem_w: 1 | reg_w: 0 | csr_w: 0 | csr_op: 00 | csr_addr: 00e | csr_wdata: 800425e9 | mscratch: 00000000
PC: 800072f0 | Instr: 00160613 | rs1_d: 800425e9 | rs2_d: 80006fcc | alu_res: 800425ea | mem_w: 0 | reg_w: 1 | csr_w: 0 | csr_op: 00 | csr_addr: 001 | csr_wdata: 800425e9 | mscratch: 00000000
PC: 800072f4 | Instr: fc069ce3 | rs1_d: 00000000 | rs2_d: 00000000 | alu_res: 00000000 | mem_w: 0 | reg_w: 0 | csr_w: 0 | csr_op: 00 | csr_addr: fc0 | csr_wdata: 00000000 | mscratch: 00000000
PC: 800072f8 | Instr: 00a00693 | rs1_d: 00000000 | rs2_d: 60000000 | alu_res: 0000000a | mem_w: 0 | reg_w: 1 | csr_w: 0 | csr_op: 00 | csr_addr: 00a | csr_wdata: 00000000 | mscratch: 00000000
PC: 800072fc | Instr: 00d60023 | rs1_d: 800425ea | rs2_d: 0000000a | alu_res: 800425ea | mem_w: 1 | reg_w: 0 | csr_w: 0 | csr_op: 00 | csr_addr: 00d | csr_wdata: 800425ea | mscratch: 00000000
PC: 80007300 | Instr: 000600a3 | rs1_d: 800425ea | rs2_d: 00000000 | alu_res: 800425eb | mem_w: 1 | reg_w: 0 | csr_w: 0 | csr_op: 00 | csr_addr: 000 | csr_wdata: 800425ea | mscratch: 00000000
PC: 80007304 | Instr: 00008067 | rs1_d: 80006fcc | rs2_d: 00000000 | alu_res: 80006fcc | mem_w: 0 | reg_w: 1 | csr_w: 0 | csr_op: 00 | csr_addr: 000 | csr_wdata: 80006fcc | mscratch: 00000000
PC: 80006fcc | Instr: 0140006f | rs1_d: 00000000 | rs2_d: d5bfddb7 | alu_res: d5bfddb7 | mem_w: 0 | reg_w: 1 | csr_w: 0 | csr_op: 00 | csr_addr: 014 | csr_wdata: 00000000 | mscratch: 00000000
PC: 80006fe0 | Instr: 0003b517 | rs1_d: 420009d3 | rs2_d: 00000000 | alu_res: 80041fe0 | mem_w: 0 | reg_w: 1 | csr_w: 0 | csr_op: 00 | csr_addr: 000 | csr_wdata: 420009d3 | mscratch: 00000000
PC: 80006fe4 | Instr: 5f850513 | rs1_d: 80041fe0 | rs2_d: 5bfddb7d | alu_res: 800425d8 | mem_w: 0 | reg_w: 1 | csr_w: 0 | csr_op: 00 | csr_addr: 5f8 | csr_wdata: 80041fe0 | mscratch: 00000000
PC: 80006fe8 | Instr: 00000013 | rs1_d: 00000000 | rs2_d: 00000000 | alu_res: 00000000 | mem_w: 0 | reg_w: 1 | csr_w: 0 | csr_op: 00 | csr_addr: 000 | csr_wdata: 00000000 | mscratch: 00000000
PC: 80006fec | Instr: 00000013 | rs1_d: 00000000 | rs2_d: 00000000 | alu_res: 00000000 | mem_w: 0 | reg_w: 1 | csr_w: 0 | csr_op: 00 | csr_addr: 000 | csr_wdata: 00000000 | mscratch: 00000000
PC: 80006ff0 | Instr: 00000013 | rs1_d: 00000000 | rs2_d: 00000000 | alu_res: 00000000 | mem_w: 0 | reg_w: 1 | csr_w: 0 | csr_op: 00 | csr_addr: 000 | csr_wdata: 00000000 | mscratch: 00000000
PC: 80006ff4 | Instr: 00000013 | rs1_d: 00000000 | rs2_d: 00000000 | alu_res: 00000000 | mem_w: 0 | reg_w: 1 | csr_w: 0 | csr_op: 00 | csr_addr: 000 | csr_wdata: 00000000 | mscratch: 00000000
PC: 80006ff8 | Instr: 00000013 | rs1_d: 00000000 | rs2_d: 00000000 | alu_res: 00000000 | mem_w: 0 | reg_w: 1 | csr_w: 0 | csr_op: 00 | csr_addr: 000 | csr_wdata: 00000000 | mscratch: 00000000
PC: 80006ffc | Instr: 00000013 | rs1_d: 00000000 | rs2_d: 00000000 | alu_res: 00000000 | mem_w: 0 | reg_w: 1 | csr_w: 0 | csr_op: 00 | csr_addr: 000 | csr_wdata: 00000000 | mscratch: 00000000
PC: 80007000 | Instr: 00000097 | rs1_d: 00000000 | rs2_d: 00000000 | alu_res: 80007000 | mem_w: 0 | reg_w: 1 | csr_w: 0 | csr_op: 00 | csr_addr: 000 | csr_wdata: 00000000 | mscratch: 00000000
PC: 80007004 | Instr: 544080e7 | rs1_d: 80007000 | rs2_d: 800424a0 | alu_res: 80007544 | mem_w: 0 | reg_w: 1 | csr_w: 0 | csr_op: 00 | csr_addr: 544 | csr_wdata: 80007000 | mscratch: 00000000
PC: 80007544 | Instr: 00008067 | rs1_d: 80007008 | rs2_d: 00000000 | alu_res: 80007008 | mem_w: 0 | reg_w: 1 | csr_w: 0 | csr_op: 00 | csr_addr: 000 | csr_wdata: 80007008 | mscratch: 00000000
PC: 80007008 | Instr: 0003b517 | rs1_d: 420009d3 | rs2_d: 00000000 | alu_res: 80042008 | mem_w: 0 | reg_w: 1 | csr_w: 0 | csr_op: 00 | csr_addr: 000 | csr_wdata: 420009d3 | mscratch: 00000000
PC: 8000700c | Instr: 49852503 | rs1_d: 80042008 | rs2_d: 5bfddb7d | alu_res: 800424a0 | mem_w: 0 | reg_w: 1 | csr_w: 0 | csr_op: 00 | csr_addr: 498 | csr_wdata: 80042008 | mscratch: 00000000
PC: 80007010 | Instr: 00300593 | rs1_d: 00000000 | rs2_d: 80040118 | alu_res: 00000003 | mem_w: 0 | reg_w: 1 | csr_w: 0 | csr_op: 00 | csr_addr: 003 | csr_wdata: 00000000 | mscratch: 00000000
PC: 80007014 | Instr: 12b51a63 | rs1_d: 00000001 | rs2_d: 00000003 | alu_res: fffffffe | mem_w: 0 | reg_w: 0 | csr_w: 0 | csr_op: 00 | csr_addr: 12b | csr_wdata: 00000001 | mscratch: 00000000
PC: 80007148 | Instr: 00000013 | rs1_d: 00000000 | rs2_d: 00000000 | alu_res: 00000000 | mem_w: 0 | reg_w: 1 | csr_w: 0 | csr_op: 00 | csr_addr: 000 | csr_wdata: 00000000 | mscratch: 00000000
PC: 8000714c | Instr: 00000013 | rs1_d: 00000000 | rs2_d: 00000000 | alu_res: 00000000 | mem_w: 0 | reg_w: 1 | csr_w: 0 | csr_op: 00 | csr_addr: 000 | csr_wdata: 00000000 | mscratch: 00000000
PC: 80007150 | Instr: 00000013 | rs1_d: 00000000 | rs2_d: 00000000 | alu_res: 00000000 | mem_w: 0 | reg_w: 1 | csr_w: 0 | csr_op: 00 | csr_addr: 000 | csr_wdata: 00000000 | mscratch: 00000000
PC: 80007154 | Instr: 00000013 | rs1_d: 00000000 | rs2_d: 00000000 | alu_res: 00000000 | mem_w: 0 | reg_w: 1 | csr_w: 0 | csr_op: 00 | csr_addr: 000 | csr_wdata: 00000000 | mscratch: 00000000
PC: 80007158 | Instr: 00000013 | rs1_d: 00000000 | rs2_d: 00000000 | alu_res: 00000000 | mem_w: 0 | reg_w: 1 | csr_w: 0 | csr_op: 00 | csr_addr: 000 | csr_wdata: 00000000 | mscratch: 00000000
PC: 8000715c | Instr: 00000013 | rs1_d: 00000000 | rs2_d: 00000000 | alu_res: 00000000 | mem_w: 0 | reg_w: 1 | csr_w: 0 | csr_op: 00 | csr_addr: 000 | csr_wdata: 00000000 | mscratch: 00000000
PC: 80007160 | Instr: 0003c517 | rs1_d: 420009d3 | rs2_d: 00000000 | alu_res: 80043160 | mem_w: 0 | reg_w: 1 | csr_w: 0 | csr_op: 00 | csr_addr: 000 | csr_wdata: 420009d3 | mscratch: 00000000
PC: 80007164 | Instr: 01750513 | rs1_d: 80043160 | rs2_d: feedbead | alu_res: 80043177 | mem_w: 0 | reg_w: 1 | csr_w: 0 | csr_op: 00 | csr_addr: 017 | csr_wdata: 80043160 | mscratch: 00000000
PC: 80007168 | Instr: 00000013 | rs1_d: 00000000 | rs2_d: 00000000 | alu_res: 00000000 | mem_w: 0 | reg_w: 1 | csr_w: 0 | csr_op: 00 | csr_addr: 000 | csr_wdata: 00000000 | mscratch: 00000000
PC: 8000716c | Instr: 00000013 | rs1_d: 00000000 | rs2_d: 00000000 | alu_res: 00000000 | mem_w: 0 | reg_w: 1 | csr_w: 0 | csr_op: 00 | csr_addr: 000 | csr_wdata: 00000000 | mscratch: 00000000
PC: 80007170 | Instr: 00000013 | rs1_d: 00000000 | rs2_d: 00000000 | alu_res: 00000000 | mem_w: 0 | reg_w: 1 | csr_w: 0 | csr_op: 00 | csr_addr: 000 | csr_wdata: 00000000 | mscratch: 00000000
PC: 80007174 | Instr: 00000013 | rs1_d: 00000000 | rs2_d: 00000000 | alu_res: 00000000 | mem_w: 0 | reg_w: 1 | csr_w: 0 | csr_op: 00 | csr_addr: 000 | csr_wdata: 00000000 | mscratch: 00000000
PC: 80007178 | Instr: 00000013 | rs1_d: 00000000 | rs2_d: 00000000 | alu_res: 00000000 | mem_w: 0 | reg_w: 1 | csr_w: 0 | csr_op: 00 | csr_addr: 000 | csr_wdata: 00000000 | mscratch: 00000000
PC: 8000717c | Instr: 00000013 | rs1_d: 00000000 | rs2_d: 00000000 | alu_res: 00000000 | mem_w: 0 | reg_w: 1 | csr_w: 0 | csr_op: 00 | csr_addr: 000 | csr_wdata: 00000000 | mscratch: 00000000
PC: 80007180 | Instr: 00000097 | rs1_d: 00000000 | rs2_d: 00000000 | alu_res: 80007180 | mem_w: 0 | reg_w: 1 | csr_w: 0 | csr_op: 00 | csr_addr: 000 | csr_wdata: 00000000 | mscratch: 00000000
PC: 80007184 | Instr: 3c4080e7 | rs1_d: 80007180 | rs2_d: 800424a0 | alu_res: 80007544 | mem_w: 0 | reg_w: 1 | csr_w: 0 | csr_op: 00 | csr_addr: 3c4 | csr_wdata: 80007180 | mscratch: 00000000
PC: 80007544 | Instr: 00008067 | rs1_d: 80007188 | rs2_d: 00000000 | alu_res: 80007188 | mem_w: 0 | reg_w: 1 | csr_w: 0 | csr_op: 00 | csr_addr: 000 | csr_wdata: 80007188 | mscratch: 00000000
PC: 80007188 | Instr: 00000097 | rs1_d: 00000000 | rs2_d: 00000000 | alu_res: 80007188 | mem_w: 0 | reg_w: 1 | csr_w: 0 | csr_op: 00 | csr_addr: 000 | csr_wdata: 00000000 | mscratch: 00000000
PC: 8000718c | Instr: 3dc080e7 | rs1_d: 80007188 | rs2_d: bfddb7d5 | alu_res: 80007564 | mem_w: 0 | reg_w: 1 | csr_w: 0 | csr_op: 00 | csr_addr: 3dc | csr_wdata: 80007188 | mscratch: 00000000
PC: 80007564 | Instr: 00300093 | rs1_d: 00000000 | rs2_d: 80040118 | alu_res: 00000003 | mem_w: 0 | reg_w: 1 | csr_w: 0 | csr_op: 00 | csr_addr: 003 | csr_wdata: 00000000 | mscratch: 00000000
PC: 80007568 | Instr: 0005a297 | rs1_d: 00000003 | rs2_d: 00000000 | alu_res: 80061568 | mem_w: 0 | reg_w: 1 | csr_w: 0 | csr_op: 00 | csr_addr: 000 | csr_wdata: 00000003 | mscratch: 00000000
PC: 8000756c | Instr: e9828293 | rs1_d: 80061568 | rs2_d: 5bfddb7d | alu_res: 80061400 | mem_w: 0 | reg_w: 1 | csr_w: 0 | csr_op: 00 | csr_addr: e98 | csr_wdata: 80061568 | mscratch: 00000000
